STRUCTURE,STRUCTURE_ID,STRUCTURE_NAME,freq,Time frequency,nace_r2,Statistical classification of economic activities in the European Community (NACE Rev. 2),unit,Unit of measure,sex,Sex,geo,Geopolitical entity (reporting),TIME_PERIOD,Time,OBS_VALUE,Observation value,OBS_FLAG,Observation status (Flag) V2 structure,CONF_STATUS,Confidentiality status (flag)
dataflow,ESTAT:HTEC_EMP_REG2(1.0),Employed persons in technology and knowledge-intensive sectors by NACE Rev. 2 activity and NUTS 2 region (2008-2026),A,Annual,HTC,High-technology sectors (high-technology manufacturing and knowledge-intensive high-technology services),PC_EMP,Percentage of total employment,T,Total,AT,Austria,2010,,3.7,,,,,
dataflow,ESTAT:HTEC_EMP_REG2(1.0),Employed persons in technology and knowledge-intensive sectors by NACE Rev. 2 activity and NUTS 2 region (2008-2026),A,Annual,HTC,High-technology sectors (high-technology manufacturing and knowledge-intensive high-technology services),PC_EMP,Percentage of total employment,T,Total,AT,Austria,2011,,3.5,,,,,
dataflow,ESTAT:HTEC_EMP_REG2(1.0),Employed persons in technology and knowledge-intensive sectors by NACE Rev. 2 activity and NUTS 2 region (2008-2026),A,Annual,HTC,High-technology sectors (high-technology manufacturing and knowledge-intensive high-technology services),PC_EMP,Percentage of total employment,T,Total,AT,Austria,2012,,3.5,,,,,
dataflow,ESTAT:HTEC_EMP_REG2(1.0),Employed persons in technology and knowledge-intensive sectors by NACE Rev. 2 activity and NUTS 2 region (2008-2026),A,Annual,HTC,High-technology sectors (high-technology manufacturing and knowledge-intensive high-technology services),PC_EMP,Percentage of total employment,T,Total,AT,Austria,2013,,3.8,,,,,
dataflow,ESTAT:HTEC_EMP_REG2(1.0),Employed persons in technology and knowledge-intensive sectors by NACE Rev. 2 activity and NUTS 2 region (2008-2026),A,Annual,HTC,High-technology sectors (high-technology manufacturing and knowledge-intensive high-technology services),PC_EMP,Percentage of total employment,T,Total,AT,Austria,2014,,4.1,,,,,
dataflow,ESTAT:HTEC_EMP_REG2(1.0),Employed persons in technology and knowledge-intensive sectors by NACE Rev. 2 activity and NUTS 2 region (2008-2026),A,Annual,HTC,High-technology sectors (high-technology manufacturing and knowledge-intensive high-technology services),PC_EMP,Percentage of total employment,T,Total,AT,Austria,2015,,4.0,,,,,
dataflow,ESTAT:HTEC_EMP_REG2(1.0),Employed persons in technology and knowledge-intensive sectors by NACE Rev. 2 activity and NUTS 2 region (2008-2026),A,Annual,HTC,High-technology sectors (high-technology manufacturing and knowledge-intensive high-technology services),PC_EMP,Percentage of total employment,T,Total,AT,Austria,2016,,4.3,,,,,
dataflow,ESTAT:HTEC_EMP_REG2(1.0),Employed persons in technology and knowledge-intensive sectors by NACE Rev. 2 activity and NUTS 2 region (2008-2026),A,Annual,HTC,High-technology sectors (high-technology manufacturing and knowledge-intensive high-technology services),PC_EMP,Percentage of total employment,T,Total,AT,Austria,2017,,4.4,,,,,
dataflow,ESTAT:HTEC_EMP_REG2(1.0),Employed persons in technology and knowledge-intensive sectors by NACE Rev. 2 activity and NUTS 2 region (2008-2026),A,Annual,HTC,High-technology sectors (high-technology manufacturing and knowledge-intensive high-technology services),PC_EMP,Percentage of total employment,T,Total,AT,Austria,2018,,4.2,,,,,
dataflow,ESTAT:HTEC_EMP_REG2(1.0),Employed persons in technology and knowledge-intensive sectors by NACE Rev. 2 activity and NUTS 2 region (2008-2026),A,Annual,HTC,High-technology sectors (high-technology manufacturing and knowledge-intensive high-technology services),PC_EMP,Percentage of total employment,T,Total,AT,Austria,2019,,4.0,,,,,
dataflow,ESTAT:HTEC_EMP_REG2(1.0),Employed persons in technology and knowledge-intensive sectors by NACE Rev. 2 activity and NUTS 2 region (2008-2026),A,Annual,HTC,High-technology sectors (high-technology manufacturing and knowledge-intensive high-technology services),PC_EMP,Percentage of total employment,T,Total,AT,Austria,2020,,4.1,,,,,
dataflow,ESTAT:HTEC_EMP_REG2(1.0),Employed persons in technology and knowledge-intensive sectors by NACE Rev. 2 activity and NUTS 2 region (2008-2026),A,Annual,HTC,High-technology sectors (high-technology manufacturing and knowledge-intensive high-technology services),PC_EMP,Percentage of total employment,T,Total,AT,Austria,2021,,4.5,,b,break in time series,,
dataflow,ESTAT:HTEC_EMP_REG2(1.0),Employed persons in technology and knowledge-intensive sectors by NACE Rev. 2 activity and NUTS 2 region (2008-2026),A,Annual,HTC,High-technology sectors (high-technology manufacturing and knowledge-intensive high-technology services),PC_EMP,Percentage of total employment,T,Total,AT,Austria,2022,,5.0,,,,,
dataflow,ESTAT:HTEC_EMP_REG2(1.0),Employed persons in technology and knowledge-intensive sectors by NACE Rev. 2 activity and NUTS 2 region (2008-2026),A,Annual,HTC,High-technology sectors (high-technology manufacturing and knowledge-intensive high-technology services),PC_EMP,Percentage of total employment,T,Total,AT,Austria,2023,,5.1,,,,,
dataflow,ESTAT:HTEC_EMP_REG2(1.0),Employed persons in technology and knowledge-intensive sectors by NACE Rev. 2 activity and NUTS 2 region (2008-2026),A,Annual,HTC,High-technology sectors (high-technology manufacturing and knowledge-intensive high-technology services),PC_EMP,Percentage of total employment,T,Total,AT,Austria,2024,,5.2,,,,,
dataflow,ESTAT:HTEC_EMP_REG2(1.0),Employed persons in technology and knowledge-intensive sectors by NACE Rev. 2 activity and NUTS 2 region (2008-2026),A,Annual,HTC,High-technology sectors (high-technology manufacturing and knowledge-intensive high-technology services),PC_EMP,Percentage of total employment,T,Total,AT,Austria,2025,,5.4,,,,,
dataflow,ESTAT:HTEC_EMP_REG2(1.0),Employed persons in technology and knowledge-intensive sectors by NACE Rev. 2 activity and NUTS 2 region (2008-2026),A,Annual,HTC,High-technology sectors (high-technology manufacturing and knowledge-intensive high-technology services),PC_EMP,Percentage of total employment,T,Total,BA,Bosnia and Herzegovina,2021,,2.2,,b,break in time series,,
dataflow,ESTAT:HTEC_EMP_REG2(1.0),Employed persons in technology and knowledge-intensive sectors by NACE Rev. 2 activity and NUTS 2 region (2008-2026),A,Annual,HTC,High-technology sectors (high-technology manufacturing and knowledge-intensive high-technology services),PC_EMP,Percentage of total employment,T,Total,BA,Bosnia and Herzegovina,2022,,2.7,,,,,
dataflow,ESTAT:HTEC_EMP_REG2(1.0),Employed persons in technology and knowledge-intensive sectors by NACE Rev. 2 activity and NUTS 2 region (2008-2026),A,Annual,HTC,High-technology sectors (high-technology manufacturing and knowledge-intensive high-technology services),PC_EMP,Percentage of total employment,T,Total,BA,Bosnia and Herzegovina,2023,,3.1,,,,,
dataflow,ESTAT:HTEC_EMP_REG2(1.0),Employed persons in technology and knowledge-intensive sectors by NACE Rev. 2 activity and NUTS 2 region (2008-2026),A,Annual,HTC,High-technology sectors (high-technology manufacturing and knowledge-intensive high-technology services),PC_EMP,Percentage of total employment,T,Total,BA,Bosnia and Herzegovina,2024,,3.0,,,,,
dataflow,ESTAT:HTEC_EMP_REG2(1.0),Employed persons in technology and knowledge-intensive sectors by NACE Rev. 2 activity and NUTS 2 region (2008-2026),A,Annual,HTC,High-technology sectors (high-technology manufacturing and knowledge-intensive high-technology services),PC_EMP,Percentage of total employment,T,Total,BA,Bosnia and Herzegovina,2025,,2.8,,,,,
dataflow,ESTAT:HTEC_EMP_REG2(1.0),Employed persons in technology and knowledge-intensive sectors by NACE Rev. 2 activity and NUTS 2 region (2008-2026),A,Annual,HTC,High-technology sectors (high-technology manufacturing and knowledge-intensive high-technology services),PC_EMP,Percentage of total employment,T,Total,BE,Belgium,2010,,4.7,,,,,
dataflow,ESTAT:HTEC_EMP_REG2(1.0),Employed persons in technology and knowledge-intensive sectors by NACE Rev. 2 activity and NUTS 2 region (2008-2026),A,Annual,HTC,High-technology sectors (high-technology manufacturing and knowledge-intensive high-technology services),PC_EMP,Percentage of total employment,T,Total,BE,Belgium,2011,,4.6,,b,break in time series,,
dataflow,ESTAT:HTEC_EMP_REG2(1.0),Employed persons in technology and knowledge-intensive sectors by NACE Rev. 2 activity and NUTS 2 region (2008-2026),A,Annual,HTC,High-technology sectors (high-technology manufacturing and knowledge-intensive high-technology services),PC_EMP,Percentage of total employment,T,Total,BE,Belgium,2012,,4.7,,,,,
dataflow,ESTAT:HTEC_EMP_REG2(1.0),Employed persons in technology and knowledge-intensive sectors by NACE Rev. 2 activity and NUTS 2 region (2008-2026),A,Annual,HTC,High-technology sectors (high-technology manufacturing and knowledge-intensive high-technology services),PC_EMP,Percentage of total employment,T,Total,BE,Belgium,2013,,4.4,,,,,
dataflow,ESTAT:HTEC_EMP_REG2(1.0),Employed persons in technology and knowledge-intensive sectors by NACE Rev. 2 activity and NUTS 2 region (2008-2026),A,Annual,HTC,High-technology sectors (high-technology manufacturing and knowledge-intensive high-technology services),PC_EMP,Percentage of total employment,T,Total,BE,Belgium,2014,,4.4,,,,,
dataflow,ESTAT:HTEC_EMP_REG2(1.0),Employed persons in technology and knowledge-intensive sectors by NACE Rev. 2 activity and NUTS 2 region (2008-2026),A,Annual,HTC,High-technology sectors (high-technology manufacturing and knowledge-intensive high-technology services),PC_EMP,Percentage of total employment,T,Total,BE,Belgium,2015,,4.4,,,,,
dataflow,ESTAT:HTEC_EMP_REG2(1.0),Employed persons in technology and knowledge-intensive sectors by NACE Rev. 2 activity and NUTS 2 region (2008-2026),A,Annual,HTC,High-technology sectors (high-technology manufacturing and knowledge-intensive high-technology services),PC_EMP,Percentage of total employment,T,Total,BE,Belgium,2016,,4.3,,,,,
dataflow,ESTAT:HTEC_EMP_REG2(1.0),Employed persons in technology and knowledge-intensive sectors by NACE Rev. 2 activity and NUTS 2 region (2008-2026),A,Annual,HTC,High-technology sectors (high-technology manufacturing and knowledge-intensive high-technology services),PC_EMP,Percentage of total employment,T,Total,BE,Belgium,2017,,4.6,,b,break in time series,,
dataflow,ESTAT:HTEC_EMP_REG2(1.0),Employed persons in technology and knowledge-intensive sectors by NACE Rev. 2 activity and NUTS 2 region (2008-2026),A,Annual,HTC,High-technology sectors (high-technology manufacturing and knowledge-intensive high-technology services),PC_EMP,Percentage of total employment,T,Total,BE,Belgium,2018,,4.9,,,,,
dataflow,ESTAT:HTEC_EMP_REG2(1.0),Employed persons in technology and knowledge-intensive sectors by NACE Rev. 2 activity and NUTS 2 region (2008-2026),A,Annual,HTC,High-technology sectors (high-technology manufacturing and knowledge-intensive high-technology services),PC_EMP,Percentage of total employment,T,Total,BE,Belgium,2019,,5.1,,,,,
dataflow,ESTAT:HTEC_EMP_REG2(1.0),Employed persons in technology and knowledge-intensive sectors by NACE Rev. 2 activity and NUTS 2 region (2008-2026),A,Annual,HTC,High-technology sectors (high-technology manufacturing and knowledge-intensive high-technology services),PC_EMP,Percentage of total employment,T,Total,BE,Belgium,2020,,5.1,,,,,
dataflow,ESTAT:HTEC_EMP_REG2(1.0),Employed persons in technology and knowledge-intensive sectors by NACE Rev. 2 activity and NUTS 2 region (2008-2026),A,Annual,HTC,High-technology sectors (high-technology manufacturing and knowledge-intensive high-technology services),PC_EMP,Percentage of total employment,T,Total,BE,Belgium,2021,,5.7,,b,break in time series,,
dataflow,ESTAT:HTEC_EMP_REG2(1.0),Employed persons in technology and knowledge-intensive sectors by NACE Rev. 2 activity and NUTS 2 region (2008-2026),A,Annual,HTC,High-technology sectors (high-technology manufacturing and knowledge-intensive high-technology services),PC_EMP,Percentage of total employment,T,Total,BE,Belgium,2022,,5.8,,,,,
dataflow,ESTAT:HTEC_EMP_REG2(1.0),Employed persons in technology and knowledge-intensive sectors by NACE Rev. 2 activity and NUTS 2 region (2008-2026),A,Annual,HTC,High-technology sectors (high-technology manufacturing and knowledge-intensive high-technology services),PC_EMP,Percentage of total employment,T,Total,BE,Belgium,2023,,5.5,,,,,
dataflow,ESTAT:HTEC_EMP_REG2(1.0),Employed persons in technology and knowledge-intensive sectors by NACE Rev. 2 activity and NUTS 2 region (2008-2026),A,Annual,HTC,High-technology sectors (high-technology manufacturing and knowledge-intensive high-technology services),PC_EMP,Percentage of total employment,T,Total,BE,Belgium,2024,,5.6,,,,,
dataflow,ESTAT:HTEC_EMP_REG2(1.0),Employed persons in technology and knowledge-intensive sectors by NACE Rev. 2 activity and NUTS 2 region (2008-2026),A,Annual,HTC,High-technology sectors (high-technology manufacturing and knowledge-intensive high-technology services),PC_EMP,Percentage of total employment,T,Total,BE,Belgium,2025,,5.9,,,,,
dataflow,ESTAT:HTEC_EMP_REG2(1.0),Employed persons in technology and knowledge-intensive sectors by NACE Rev. 2 activity and NUTS 2 region (2008-2026),A,Annual,HTC,High-technology sectors (high-technology manufacturing and knowledge-intensive high-technology services),PC_EMP,Percentage of total employment,T,Total,BG,Bulgaria,2010,,3.0,,b,break in time series,,
dataflow,ESTAT:HTEC_EMP_REG2(1.0),Employed persons in technology and knowledge-intensive sectors by NACE Rev. 2 activity and NUTS 2 region (2008-2026),A,Annual,HTC,High-technology sectors (high-technology manufacturing and knowledge-intensive high-technology services),PC_EMP,Percentage of total employment,T,Total,BG,Bulgaria,2011,,3.1,,b,break in time series,,
dataflow,ESTAT:HTEC_EMP_REG2(1.0),Employed persons in technology and knowledge-intensive sectors by NACE Rev. 2 activity and NUTS 2 region (2008-2026),A,Annual,HTC,High-technology sectors (high-technology manufacturing and knowledge-intensive high-technology services),PC_EMP,Percentage of total employment,T,Total,BG,Bulgaria,2012,,3.2,,,,,
dataflow,ESTAT:HTEC_EMP_REG2(1.0),Employed persons in technology and knowledge-intensive sectors by NACE Rev. 2 activity and NUTS 2 region (2008-2026),A,Annual,HTC,High-technology sectors (high-technology manufacturing and knowledge-intensive high-technology services),PC_EMP,Percentage of total employment,T,Total,BG,Bulgaria,2013,,3.4,,,,,
dataflow,ESTAT:HTEC_EMP_REG2(1.0),Employed persons in technology and knowledge-intensive sectors by NACE Rev. 2 activity and NUTS 2 region (2008-2026),A,Annual,HTC,High-technology sectors (high-technology manufacturing and knowledge-intensive high-technology services),PC_EMP,Percentage of total employment,T,Total,BG,Bulgaria,2014,,3.3,,,,,
dataflow,ESTAT:HTEC_EMP_REG2(1.0),Employed persons in technology and knowledge-intensive sectors by NACE Rev. 2 activity and NUTS 2 region (2008-2026),A,Annual,HTC,High-technology sectors (high-technology manufacturing and knowledge-intensive high-technology services),PC_EMP,Percentage of total employment,T,Total,BG,Bulgaria,2015,,3.7,,,,,
dataflow,ESTAT:HTEC_EMP_REG2(1.0),Employed persons in technology and knowledge-intensive sectors by NACE Rev. 2 activity and NUTS 2 region (2008-2026),A,Annual,HTC,High-technology sectors (high-technology manufacturing and knowledge-intensive high-technology services),PC_EMP,Percentage of total employment,T,Total,BG,Bulgaria,2016,,3.9,,,,,
dataflow,ESTAT:HTEC_EMP_REG2(1.0),Employed persons in technology and knowledge-intensive sectors by NACE Rev. 2 activity and NUTS 2 region (2008-2026),A,Annual,HTC,High-technology sectors (high-technology manufacturing and knowledge-intensive high-technology services),PC_EMP,Percentage of total employment,T,Total,BG,Bulgaria,2017,,3.6,,,,,
dataflow,ESTAT:HTEC_EMP_REG2(1.0),Employed persons in technology and knowledge-intensive sectors by NACE Rev. 2 activity and NUTS 2 region (2008-2026),A,Annual,HTC,High-technology sectors (high-technology manufacturing and knowledge-intensive high-technology services),PC_EMP,Percentage of total employment,T,Total,BG,Bulgaria,2018,,3.9,,,,,
dataflow,ESTAT:HTEC_EMP_REG2(1.0),Employed persons in technology and knowledge-intensive sectors by NACE Rev. 2 activity and NUTS 2 region (2008-2026),A,Annual,HTC,High-technology sectors (high-technology manufacturing and knowledge-intensive high-technology services),PC_EMP,Percentage of total employment,T,Total,BG,Bulgaria,2019,,3.9,,b,break in time series,,
dataflow,ESTAT:HTEC_EMP_REG2(1.0),Employed persons in technology and knowledge-intensive sectors by NACE Rev. 2 activity and NUTS 2 region (2008-2026),A,Annual,HTC,High-technology sectors (high-technology manufacturing and knowledge-intensive high-technology services),PC_EMP,Percentage of total employment,T,Total,BG,Bulgaria,2020,,4.2,,,,,
dataflow,ESTAT:HTEC_EMP_REG2(1.0),Employed persons in technology and knowledge-intensive sectors by NACE Rev. 2 activity and NUTS 2 region (2008-2026),A,Annual,HTC,High-technology sectors (high-technology manufacturing and knowledge-intensive high-technology services),PC_EMP,Percentage of total employment,T,Total,BG,Bulgaria,2021,,4.5,,b,break in time series,,
dataflow,ESTAT:HTEC_EMP_REG2(1.0),Employed persons in technology and knowledge-intensive sectors by NACE Rev. 2 activity and NUTS 2 region (2008-2026),A,Annual,HTC,High-technology sectors (high-technology manufacturing and knowledge-intensive high-technology services),PC_EMP,Percentage of total employment,T,Total,BG,Bulgaria,2022,,4.8,,,,,
dataflow,ESTAT:HTEC_EMP_REG2(1.0),Employed persons in technology and knowledge-intensive sectors by NACE Rev. 2 activity and NUTS 2 region (2008-2026),A,Annual,HTC,High-technology sectors (high-technology manufacturing and knowledge-intensive high-technology services),PC_EMP,Percentage of total employment,T,Total,BG,Bulgaria,2023,,5.1,,,,,
dataflow,ESTAT:HTEC_EMP_REG2(1.0),Employed persons in technology and knowledge-intensive sectors by NACE Rev. 2 activity and NUTS 2 region (2008-2026),A,Annual,HTC,High-technology sectors (high-technology manufacturing and knowledge-intensive high-technology services),PC_EMP,Percentage of total employment,T,Total,BG,Bulgaria,2024,,5.1,,b,break in time series,,
dataflow,ESTAT:HTEC_EMP_REG2(1.0),Employed persons in technology and knowledge-intensive sectors by NACE Rev. 2 activity and NUTS 2 region (2008-2026),A,Annual,HTC,High-technology sectors (high-technology manufacturing and knowledge-intensive high-technology services),PC_EMP,Percentage of total employment,T,Total,BG,Bulgaria,2025,,5.3,,,,,
dataflow,ESTAT:HTEC_EMP_REG2(1.0),Employed persons in technology and knowledge-intensive sectors by NACE Rev. 2 activity and NUTS 2 region (2008-2026),A,Annual,HTC,High-technology sectors (high-technology manufacturing and knowledge-intensive high-technology services),PC_EMP,Percentage of total employment,T,Total,CH,Switzerland,2010,,5.5,,b,break in time series,,
dataflow,ESTAT:HTEC_EMP_REG2(1.0),Employed persons in technology and knowledge-intensive sectors by NACE Rev. 2 activity and NUTS 2 region (2008-2026),A,Annual,HTC,High-technology sectors (high-technology manufacturing and knowledge-intensive high-technology services),PC_EMP,Percentage of total employment,T,Total,CH,Switzerland,2011,,5.5,,,,,
dataflow,ESTAT:HTEC_EMP_REG2(1.0),Employed persons in technology and knowledge-intensive sectors by NACE Rev. 2 activity and NUTS 2 region (2008-2026),A,Annual,HTC,High-technology sectors (high-technology manufacturing and knowledge-intensive high-technology services),PC_EMP,Percentage of total employment,T,Total,CH,Switzerland,2012,,5.6,,,,,
dataflow,ESTAT:HTEC_EMP_REG2(1.0),Employed persons in technology and knowledge-intensive sectors by NACE Rev. 2 activity and NUTS 2 region (2008-2026),A,Annual,HTC,High-technology sectors (high-technology manufacturing and knowledge-intensive high-technology services),PC_EMP,Percentage of total employment,T,Total,CH,Switzerland,2013,,5.6,,,,,
dataflow,ESTAT:HTEC_EMP_REG2(1.0),Employed persons in technology and knowledge-intensive sectors by NACE Rev. 2 activity and NUTS 2 region (2008-2026),A,Annual,HTC,High-technology sectors (high-technology manufacturing and knowledge-intensive high-technology services),PC_EMP,Percentage of total employment,T,Total,CH,Switzerland,2014,,6.1,,,,,
dataflow,ESTAT:HTEC_EMP_REG2(1.0),Employed persons in technology and knowledge-intensive sectors by NACE Rev. 2 activity and NUTS 2 region (2008-2026),A,Annual,HTC,High-technology sectors (high-technology manufacturing and knowledge-intensive high-technology services),PC_EMP,Percentage of total employment,T,Total,CH,Switzerland,2015,,5.8,,,,,
dataflow,ESTAT:HTEC_EMP_REG2(1.0),Employed persons in technology and knowledge-intensive sectors by NACE Rev. 2 activity and NUTS 2 region (2008-2026),A,Annual,HTC,High-technology sectors (high-technology manufacturing and knowledge-intensive high-technology services),PC_EMP,Percentage of total employment,T,Total,CH,Switzerland,2016,,6.1,,,,,
dataflow,ESTAT:HTEC_EMP_REG2(1.0),Employed persons in technology and knowledge-intensive sectors by NACE Rev. 2 activity and NUTS 2 region (2008-2026),A,Annual,HTC,High-technology sectors (high-technology manufacturing and knowledge-intensive high-technology services),PC_EMP,Percentage of total employment,T,Total,CH,Switzerland,2017,,6.3,,,,,
dataflow,ESTAT:HTEC_EMP_REG2(1.0),Employed persons in technology and knowledge-intensive sectors by NACE Rev. 2 activity and NUTS 2 region (2008-2026),A,Annual,HTC,High-technology sectors (high-technology manufacturing and knowledge-intensive high-technology services),PC_EMP,Percentage of total employment,T,Total,CH,Switzerland,2018,,6.3,,,,,
dataflow,ESTAT:HTEC_EMP_REG2(1.0),Employed persons in technology and knowledge-intensive sectors by NACE Rev. 2 activity and NUTS 2 region (2008-2026),A,Annual,HTC,High-technology sectors (high-technology manufacturing and knowledge-intensive high-technology services),PC_EMP,Percentage of total employment,T,Total,CH,Switzerland,2019,,6.6,,,,,
dataflow,ESTAT:HTEC_EMP_REG2(1.0),Employed persons in technology and knowledge-intensive sectors by NACE Rev. 2 activity and NUTS 2 region (2008-2026),A,Annual,HTC,High-technology sectors (high-technology manufacturing and knowledge-intensive high-technology services),PC_EMP,Percentage of total employment,T,Total,CH,Switzerland,2020,,6.9,,,,,
dataflow,ESTAT:HTEC_EMP_REG2(1.0),Employed persons in technology and knowledge-intensive sectors by NACE Rev. 2 activity and NUTS 2 region (2008-2026),A,Annual,HTC,High-technology sectors (high-technology manufacturing and knowledge-intensive high-technology services),PC_EMP,Percentage of total employment,T,Total,CH,Switzerland,2021,,6.4,,b,break in time series,,
dataflow,ESTAT:HTEC_EMP_REG2(1.0),Employed persons in technology and knowledge-intensive sectors by NACE Rev. 2 activity and NUTS 2 region (2008-2026),A,Annual,HTC,High-technology sectors (high-technology manufacturing and knowledge-intensive high-technology services),PC_EMP,Percentage of total employment,T,Total,CH,Switzerland,2022,,6.6,,,,,
dataflow,ESTAT:HTEC_EMP_REG2(1.0),Employed persons in technology and knowledge-intensive sectors by NACE Rev. 2 activity and NUTS 2 region (2008-2026),A,Annual,HTC,High-technology sectors (high-technology manufacturing and knowledge-intensive high-technology services),PC_EMP,Percentage of total employment,T,Total,CH,Switzerland,2023,,6.7,,,,,
dataflow,ESTAT:HTEC_EMP_REG2(1.0),Employed persons in technology and knowledge-intensive sectors by NACE Rev. 2 activity and NUTS 2 region (2008-2026),A,Annual,HTC,High-technology sectors (high-technology manufacturing and knowledge-intensive high-technology services),PC_EMP,Percentage of total employment,T,Total,CH,Switzerland,2024,,6.8,,,,,
dataflow,ESTAT:HTEC_EMP_REG2(1.0),Employed persons in technology and knowledge-intensive sectors by NACE Rev. 2 activity and NUTS 2 region (2008-2026),A,Annual,HTC,High-technology sectors (high-technology manufacturing and knowledge-intensive high-technology services),PC_EMP,Percentage of total employment,T,Total,CH,Switzerland,2025,,6.9,,,,,
dataflow,ESTAT:HTEC_EMP_REG2(1.0),Employed persons in technology and knowledge-intensive sectors by NACE Rev. 2 activity and NUTS 2 region (2008-2026),A,Annual,HTC,High-technology sectors (high-technology manufacturing and knowledge-intensive high-technology services),PC_EMP,Percentage of total employment,T,Total,CY,Cyprus,2010,,2.2,,,,,
dataflow,ESTAT:HTEC_EMP_REG2(1.0),Employed persons in technology and knowledge-intensive sectors by NACE Rev. 2 activity and NUTS 2 region (2008-2026),A,Annual,HTC,High-technology sectors (high-technology manufacturing and knowledge-intensive high-technology services),PC_EMP,Percentage of total employment,T,Total,CY,Cyprus,2011,,2.5,,,,,
dataflow,ESTAT:HTEC_EMP_REG2(1.0),Employed persons in technology and knowledge-intensive sectors by NACE Rev. 2 activity and NUTS 2 region (2008-2026),A,Annual,HTC,High-technology sectors (high-technology manufacturing and knowledge-intensive high-technology services),PC_EMP,Percentage of total employment,T,Total,CY,Cyprus,2012,,2.9,,,,,
dataflow,ESTAT:HTEC_EMP_REG2(1.0),Employed persons in technology and knowledge-intensive sectors by NACE Rev. 2 activity and NUTS 2 region (2008-2026),A,Annual,HTC,High-technology sectors (high-technology manufacturing and knowledge-intensive high-technology services),PC_EMP,Percentage of total employment,T,Total,CY,Cyprus,2013,,2.6,,,,,
dataflow,ESTAT:HTEC_EMP_REG2(1.0),Employed persons in technology and knowledge-intensive sectors by NACE Rev. 2 activity and NUTS 2 region (2008-2026),A,Annual,HTC,High-technology sectors (high-technology manufacturing and knowledge-intensive high-technology services),PC_EMP,Percentage of total employment,T,Total,CY,Cyprus,2014,,2.9,,,,,
dataflow,ESTAT:HTEC_EMP_REG2(1.0),Employed persons in technology and knowledge-intensive sectors by NACE Rev. 2 activity and NUTS 2 region (2008-2026),A,Annual,HTC,High-technology sectors (high-technology manufacturing and knowledge-intensive high-technology services),PC_EMP,Percentage of total employment,T,Total,CY,Cyprus,2015,,3.0,,,,,
dataflow,ESTAT:HTEC_EMP_REG2(1.0),Employed persons in technology and knowledge-intensive sectors by NACE Rev. 2 activity and NUTS 2 region (2008-2026),A,Annual,HTC,High-technology sectors (high-technology manufacturing and knowledge-intensive high-technology services),PC_EMP,Percentage of total employment,T,Total,CY,Cyprus,2016,,3.0,,,,,
dataflow,ESTAT:HTEC_EMP_REG2(1.0),Employed persons in technology and knowledge-intensive sectors by NACE Rev. 2 activity and NUTS 2 region (2008-2026),A,Annual,HTC,High-technology sectors (high-technology manufacturing and knowledge-intensive high-technology services),PC_EMP,Percentage of total employment,T,Total,CY,Cyprus,2017,,3.1,,,,,
dataflow,ESTAT:HTEC_EMP_REG2(1.0),Employed persons in technology and knowledge-intensive sectors by NACE Rev. 2 activity and NUTS 2 region (2008-2026),A,Annual,HTC,High-technology sectors (high-technology manufacturing and knowledge-intensive high-technology services),PC_EMP,Percentage of total employment,T,Total,CY,Cyprus,2018,,3.2,,,,,
dataflow,ESTAT:HTEC_EMP_REG2(1.0),Employed persons in technology and knowledge-intensive sectors by NACE Rev. 2 activity and NUTS 2 region (2008-2026),A,Annual,HTC,High-technology sectors (high-technology manufacturing and knowledge-intensive high-technology services),PC_EMP,Percentage of total employment,T,Total,CY,Cyprus,2019,,2.9,,,,,
dataflow,ESTAT:HTEC_EMP_REG2(1.0),Employed persons in technology and knowledge-intensive sectors by NACE Rev. 2 activity and NUTS 2 region (2008-2026),A,Annual,HTC,High-technology sectors (high-technology manufacturing and knowledge-intensive high-technology services),PC_EMP,Percentage of total employment,T,Total,CY,Cyprus,2020,,3.3,,,,,
dataflow,ESTAT:HTEC_EMP_REG2(1.0),Employed persons in technology and knowledge-intensive sectors by NACE Rev. 2 activity and NUTS 2 region (2008-2026),A,Annual,HTC,High-technology sectors (high-technology manufacturing and knowledge-intensive high-technology services),PC_EMP,Percentage of total employment,T,Total,CY,Cyprus,2021,,3.9,,b,break in time series,,
dataflow,ESTAT:HTEC_EMP_REG2(1.0),Employed persons in technology and knowledge-intensive sectors by NACE Rev. 2 activity and NUTS 2 region (2008-2026),A,Annual,HTC,High-technology sectors (high-technology manufacturing and knowledge-intensive high-technology services),PC_EMP,Percentage of total employment,T,Total,CY,Cyprus,2022,,4.7,,,,,
dataflow,ESTAT:HTEC_EMP_REG2(1.0),Employed persons in technology and knowledge-intensive sectors by NACE Rev. 2 activity and NUTS 2 region (2008-2026),A,Annual,HTC,High-technology sectors (high-technology manufacturing and knowledge-intensive high-technology services),PC_EMP,Percentage of total employment,T,Total,CY,Cyprus,2023,,6.1,,,,,
dataflow,ESTAT:HTEC_EMP_REG2(1.0),Employed persons in technology and knowledge-intensive sectors by NACE Rev. 2 activity and NUTS 2 region (2008-2026),A,Annual,HTC,High-technology sectors (high-technology manufacturing and knowledge-intensive high-technology services),PC_EMP,Percentage of total employment,T,Total,CY,Cyprus,2024,,5.5,,,,,
dataflow,ESTAT:HTEC_EMP_REG2(1.0),Employed persons in technology and knowledge-intensive sectors by NACE Rev. 2 activity and NUTS 2 region (2008-2026),A,Annual,HTC,High-technology sectors (high-technology manufacturing and knowledge-intensive high-technology services),PC_EMP,Percentage of total employment,T,Total,CY,Cyprus,2025,,5.2,,,,,
dataflow,ESTAT:HTEC_EMP_REG2(1.0),Employed persons in technology and knowledge-intensive sectors by NACE Rev. 2 activity and NUTS 2 region (2008-2026),A,Annual,HTC,High-technology sectors (high-technology manufacturing and knowledge-intensive high-technology services),PC_EMP,Percentage of total employment,T,Total,CZ,Czechia,2010,,4.3,,,,,
dataflow,ESTAT:HTEC_EMP_REG2(1.0),Employed persons in technology and knowledge-intensive sectors by NACE Rev. 2 activity and NUTS 2 region (2008-2026),A,Annual,HTC,High-technology sectors (high-technology manufacturing and knowledge-intensive high-technology services),PC_EMP,Percentage of total employment,T,Total,CZ,Czechia,2011,,4.5,,b,break in time series,,
dataflow,ESTAT:HTEC_EMP_REG2(1.0),Employed persons in technology and knowledge-intensive sectors by NACE Rev. 2 activity and NUTS 2 region (2008-2026),A,Annual,HTC,High-technology sectors (high-technology manufacturing and knowledge-intensive high-technology services),PC_EMP,Percentage of total employment,T,Total,CZ,Czechia,2012,,4.4,,,,,
dataflow,ESTAT:HTEC_EMP_REG2(1.0),Employed persons in technology and knowledge-intensive sectors by NACE Rev. 2 activity and NUTS 2 region (2008-2026),A,Annual,HTC,High-technology sectors (high-technology manufacturing and knowledge-intensive high-technology services),PC_EMP,Percentage of total employment,T,Total,CZ,Czechia,2013,,4.6,,,,,
dataflow,ESTAT:HTEC_EMP_REG2(1.0),Employed persons in technology and knowledge-intensive sectors by NACE Rev. 2 activity and NUTS 2 region (2008-2026),A,Annual,HTC,High-technology sectors (high-technology manufacturing and knowledge-intensive high-technology services),PC_EMP,Percentage of total employment,T,Total,CZ,Czechia,2014,,4.8,,,,,
dataflow,ESTAT:HTEC_EMP_REG2(1.0),Employed persons in technology and knowledge-intensive sectors by NACE Rev. 2 activity and NUTS 2 region (2008-2026),A,Annual,HTC,High-technology sectors (high-technology manufacturing and knowledge-intensive high-technology services),PC_EMP,Percentage of total employment,T,Total,CZ,Czechia,2015,,4.6,,,,,
dataflow,ESTAT:HTEC_EMP_REG2(1.0),Employed persons in technology and knowledge-intensive sectors by NACE Rev. 2 activity and NUTS 2 region (2008-2026),A,Annual,HTC,High-technology sectors (high-technology manufacturing and knowledge-intensive high-technology services),PC_EMP,Percentage of total employment,T,Total,CZ,Czechia,2016,,4.7,,,,,
dataflow,ESTAT:HTEC_EMP_REG2(1.0),Employed persons in technology and knowledge-intensive sectors by NACE Rev. 2 activity and NUTS 2 region (2008-2026),A,Annual,HTC,High-technology sectors (high-technology manufacturing and knowledge-intensive high-technology services),PC_EMP,Percentage of total employment,T,Total,CZ,Czechia,2017,,4.7,,,,,
dataflow,ESTAT:HTEC_EMP_REG2(1.0),Employed persons in technology and knowledge-intensive sectors by NACE Rev. 2 activity and NUTS 2 region (2008-2026),A,Annual,HTC,High-technology sectors (high-technology manufacturing and knowledge-intensive high-technology services),PC_EMP,Percentage of total employment,T,Total,CZ,Czechia,2018,,5.0,,,,,
dataflow,ESTAT:HTEC_EMP_REG2(1.0),Employed persons in technology and knowledge-intensive sectors by NACE Rev. 2 activity and NUTS 2 region (2008-2026),A,Annual,HTC,High-technology sectors (high-technology manufacturing and knowledge-intensive high-technology services),PC_EMP,Percentage of total employment,T,Total,CZ,Czechia,2019,,4.9,,,,,
dataflow,ESTAT:HTEC_EMP_REG2(1.0),Employed persons in technology and knowledge-intensive sectors by NACE Rev. 2 activity and NUTS 2 region (2008-2026),A,Annual,HTC,High-technology sectors (high-technology manufacturing and knowledge-intensive high-technology services),PC_EMP,Percentage of total employment,T,Total,CZ,Czechia,2020,,5.1,,,,,
dataflow,ESTAT:HTEC_EMP_REG2(1.0),Employed persons in technology and knowledge-intensive sectors by NACE Rev. 2 activity and NUTS 2 region (2008-2026),A,Annual,HTC,High-technology sectors (high-technology manufacturing and knowledge-intensive high-technology services),PC_EMP,Percentage of total employment,T,Total,CZ,Czechia,2021,,5.7,,b,break in time series,,
dataflow,ESTAT:HTEC_EMP_REG2(1.0),Employed persons in technology and knowledge-intensive sectors by NACE Rev. 2 activity and NUTS 2 region (2008-2026),A,Annual,HTC,High-technology sectors (high-technology manufacturing and knowledge-intensive high-technology services),PC_EMP,Percentage of total employment,T,Total,CZ,Czechia,2022,,5.4,,,,,
dataflow,ESTAT:HTEC_EMP_REG2(1.0),Employed persons in technology and knowledge-intensive sectors by NACE Rev. 2 activity and NUTS 2 region (2008-2026),A,Annual,HTC,High-technology sectors (high-technology manufacturing and knowledge-intensive high-technology services),PC_EMP,Percentage of total employment,T,Total,CZ,Czechia,2023,,5.4,,,,,
dataflow,ESTAT:HTEC_EMP_REG2(1.0),Employed persons in technology and knowledge-intensive sectors by NACE Rev. 2 activity and NUTS 2 region (2008-2026),A,Annual,HTC,High-technology sectors (high-technology manufacturing and knowledge-intensive high-technology services),PC_EMP,Percentage of total employment,T,Total,CZ,Czechia,2024,,5.4,,,,,
dataflow,ESTAT:HTEC_EMP_REG2(1.0),Employed persons in technology and knowledge-intensive sectors by NACE Rev. 2 activity and NUTS 2 region (2008-2026),A,Annual,HTC,High-technology sectors (high-technology manufacturing and knowledge-intensive high-technology services),PC_EMP,Percentage of total employment,T,Total,CZ,Czechia,2025,,5.7,,,,,
dataflow,ESTAT:HTEC_EMP_REG2(1.0),Employed persons in technology and knowledge-intensive sectors by NACE Rev. 2 activity and NUTS 2 region (2008-2026),A,Annual,HTC,High-technology sectors (high-technology manufacturing and knowledge-intensive high-technology services),PC_EMP,Percentage of total employment,T,Total,DE,Germany,2010,,4.3,,b,break in time series,,
dataflow,ESTAT:HTEC_EMP_REG2(1.0),Employed persons in technology and knowledge-intensive sectors by NACE Rev. 2 activity and NUTS 2 region (2008-2026),A,Annual,HTC,High-technology sectors (high-technology manufacturing and knowledge-intensive high-technology services),PC_EMP,Percentage of total employment,T,Total,DE,Germany,2011,,4.3,,b,break in time series,,
dataflow,ESTAT:HTEC_EMP_REG2(1.0),Employed persons in technology and knowledge-intensive sectors by NACE Rev. 2 activity and NUTS 2 region (2008-2026),A,Annual,HTC,High-technology sectors (high-technology manufacturing and knowledge-intensive high-technology services),PC_EMP,Percentage of total employment,T,Total,DE,Germany,2012,,4.3,,b,break in time series,,
dataflow,ESTAT:HTEC_EMP_REG2(1.0),Employed persons in technology and knowledge-intensive sectors by NACE Rev. 2 activity and NUTS 2 region (2008-2026),A,Annual,HTC,High-technology sectors (high-technology manufacturing and knowledge-intensive high-technology services),PC_EMP,Percentage of total employment,T,Total,DE,Germany,2013,,4.1,,,,,
dataflow,ESTAT:HTEC_EMP_REG2(1.0),Employed persons in technology and knowledge-intensive sectors by NACE Rev. 2 activity and NUTS 2 region (2008-2026),A,Annual,HTC,High-technology sectors (high-technology manufacturing and knowledge-intensive high-technology services),PC_EMP,Percentage of total employment,T,Total,DE,Germany,2014,,4.1,,,,,
dataflow,ESTAT:HTEC_EMP_REG2(1.0),Employed persons in technology and knowledge-intensive sectors by NACE Rev. 2 activity and NUTS 2 region (2008-2026),A,Annual,HTC,High-technology sectors (high-technology manufacturing and knowledge-intensive high-technology services),PC_EMP,Percentage of total employment,T,Total,DE,Germany,2015,,4.1,,,,,
dataflow,ESTAT:HTEC_EMP_REG2(1.0),Employed persons in technology and knowledge-intensive sectors by NACE Rev. 2 activity and NUTS 2 region (2008-2026),A,Annual,HTC,High-technology sectors (high-technology manufacturing and knowledge-intensive high-technology services),PC_EMP,Percentage of total employment,T,Total,DE,Germany,2016,,4.1,,,,,
dataflow,ESTAT:HTEC_EMP_REG2(1.0),Employed persons in technology and knowledge-intensive sectors by NACE Rev. 2 activity and NUTS 2 region (2008-2026),A,Annual,HTC,High-technology sectors (high-technology manufacturing and knowledge-intensive high-technology services),PC_EMP,Percentage of total employment,T,Total,DE,Germany,2017,,4.1,,,,,
dataflow,ESTAT:HTEC_EMP_REG2(1.0),Employed persons in technology and knowledge-intensive sectors by NACE Rev. 2 activity and NUTS 2 region (2008-2026),A,Annual,HTC,High-technology sectors (high-technology manufacturing and knowledge-intensive high-technology services),PC_EMP,Percentage of total employment,T,Total,DE,Germany,2018,,4.2,,,,,
dataflow,ESTAT:HTEC_EMP_REG2(1.0),Employed persons in technology and knowledge-intensive sectors by NACE Rev. 2 activity and NUTS 2 region (2008-2026),A,Annual,HTC,High-technology sectors (high-technology manufacturing and knowledge-intensive high-technology services),PC_EMP,Percentage of total employment,T,Total,DE,Germany,2019,,4.2,,,,,
dataflow,ESTAT:HTEC_EMP_REG2(1.0),Employed persons in technology and knowledge-intensive sectors by NACE Rev. 2 activity and NUTS 2 region (2008-2026),A,Annual,HTC,High-technology sectors (high-technology manufacturing and knowledge-intensive high-technology services),PC_EMP,Percentage of total employment,T,Total,DE,Germany,2020,,5.4,,b,break in time series,,
dataflow,ESTAT:HTEC_EMP_REG2(1.0),Employed persons in technology and knowledge-intensive sectors by NACE Rev. 2 activity and NUTS 2 region (2008-2026),A,Annual,HTC,High-technology sectors (high-technology manufacturing and knowledge-intensive high-technology services),PC_EMP,Percentage of total employment,T,Total,DE,Germany,2021,,5.4,,b,break in time series,,
dataflow,ESTAT:HTEC_EMP_REG2(1.0),Employed persons in technology and knowledge-intensive sectors by NACE Rev. 2 activity and NUTS 2 region (2008-2026),A,Annual,HTC,High-technology sectors (high-technology manufacturing and knowledge-intensive high-technology services),PC_EMP,Percentage of total employment,T,Total,DE,Germany,2022,,5.4,,,,,
dataflow,ESTAT:HTEC_EMP_REG2(1.0),Employed persons in technology and knowledge-intensive sectors by NACE Rev. 2 activity and NUTS 2 region (2008-2026),A,Annual,HTC,High-technology sectors (high-technology manufacturing and knowledge-intensive high-technology services),PC_EMP,Percentage of total employment,T,Total,DE,Germany,2023,,5.7,,,,,
dataflow,ESTAT:HTEC_EMP_REG2(1.0),Employed persons in technology and knowledge-intensive sectors by NACE Rev. 2 activity and NUTS 2 region (2008-2026),A,Annual,HTC,High-technology sectors (high-technology manufacturing and knowledge-intensive high-technology services),PC_EMP,Percentage of total employment,T,Total,DE,Germany,2024,,5.7,,,,,
dataflow,ESTAT:HTEC_EMP_REG2(1.0),Employed persons in technology and knowledge-intensive sectors by NACE Rev. 2 activity and NUTS 2 region (2008-2026),A,Annual,HTC,High-technology sectors (high-technology manufacturing and knowledge-intensive high-technology services),PC_EMP,Percentage of total employment,T,Total,DE,Germany,2025,,5.6,,,,,
dataflow,ESTAT:HTEC_EMP_REG2(1.0),Employed persons in technology and knowledge-intensive sectors by NACE Rev. 2 activity and NUTS 2 region (2008-2026),A,Annual,HTC,High-technology sectors (high-technology manufacturing and knowledge-intensive high-technology services),PC_EMP,Percentage of total employment,T,Total,DK,Denmark,2010,,5.4,,,,,
dataflow,ESTAT:HTEC_EMP_REG2(1.0),Employed persons in technology and knowledge-intensive sectors by NACE Rev. 2 activity and NUTS 2 region (2008-2026),A,Annual,HTC,High-technology sectors (high-technology manufacturing and knowledge-intensive high-technology services),PC_EMP,Percentage of total employment,T,Total,DK,Denmark,2011,,5.5,,,,,
dataflow,ESTAT:HTEC_EMP_REG2(1.0),Employed persons in technology and knowledge-intensive sectors by NACE Rev. 2 activity and NUTS 2 region (2008-2026),A,Annual,HTC,High-technology sectors (high-technology manufacturing and knowledge-intensive high-technology services),PC_EMP,Percentage of total employment,T,Total,DK,Denmark,2012,,5.5,,,,,
dataflow,ESTAT:HTEC_EMP_REG2(1.0),Employed persons in technology and knowledge-intensive sectors by NACE Rev. 2 activity and NUTS 2 region (2008-2026),A,Annual,HTC,High-technology sectors (high-technology manufacturing and knowledge-intensive high-technology services),PC_EMP,Percentage of total employment,T,Total,DK,Denmark,2013,,5.5,,,,,
dataflow,ESTAT:HTEC_EMP_REG2(1.0),Employed persons in technology and knowledge-intensive sectors by NACE Rev. 2 activity and NUTS 2 region (2008-2026),A,Annual,HTC,High-technology sectors (high-technology manufacturing and knowledge-intensive high-technology services),PC_EMP,Percentage of total employment,T,Total,DK,Denmark,2014,,5.6,,,,,
dataflow,ESTAT:HTEC_EMP_REG2(1.0),Employed persons in technology and knowledge-intensive sectors by NACE Rev. 2 activity and NUTS 2 region (2008-2026),A,Annual,HTC,High-technology sectors (high-technology manufacturing and knowledge-intensive high-technology services),PC_EMP,Percentage of total employment,T,Total,DK,Denmark,2015,,5.7,,,,,
dataflow,ESTAT:HTEC_EMP_REG2(1.0),Employed persons in technology and knowledge-intensive sectors by NACE Rev. 2 activity and NUTS 2 region (2008-2026),A,Annual,HTC,High-technology sectors (high-technology manufacturing and knowledge-intensive high-technology services),PC_EMP,Percentage of total employment,T,Total,DK,Denmark,2016,,5.6,,b,break in time series,,
dataflow,ESTAT:HTEC_EMP_REG2(1.0),Employed persons in technology and knowledge-intensive sectors by NACE Rev. 2 activity and NUTS 2 region (2008-2026),A,Annual,HTC,High-technology sectors (high-technology manufacturing and knowledge-intensive high-technology services),PC_EMP,Percentage of total employment,T,Total,DK,Denmark,2017,,5.1,,b,break in time series,,
dataflow,ESTAT:HTEC_EMP_REG2(1.0),Employed persons in technology and knowledge-intensive sectors by NACE Rev. 2 activity and NUTS 2 region (2008-2026),A,Annual,HTC,High-technology sectors (high-technology manufacturing and knowledge-intensive high-technology services),PC_EMP,Percentage of total employment,T,Total,DK,Denmark,2018,,5.2,,,,,
dataflow,ESTAT:HTEC_EMP_REG2(1.0),Employed persons in technology and knowledge-intensive sectors by NACE Rev. 2 activity and NUTS 2 region (2008-2026),A,Annual,HTC,High-technology sectors (high-technology manufacturing and knowledge-intensive high-technology services),PC_EMP,Percentage of total employment,T,Total,DK,Denmark,2019,,5.5,,,,,
dataflow,ESTAT:HTEC_EMP_REG2(1.0),Employed persons in technology and knowledge-intensive sectors by NACE Rev. 2 activity and NUTS 2 region (2008-2026),A,Annual,HTC,High-technology sectors (high-technology manufacturing and knowledge-intensive high-technology services),PC_EMP,Percentage of total employment,T,Total,DK,Denmark,2020,,5.7,,,,,
dataflow,ESTAT:HTEC_EMP_REG2(1.0),Employed persons in technology and knowledge-intensive sectors by NACE Rev. 2 activity and NUTS 2 region (2008-2026),A,Annual,HTC,High-technology sectors (high-technology manufacturing and knowledge-intensive high-technology services),PC_EMP,Percentage of total employment,T,Total,DK,Denmark,2021,,5.8,,b,break in time series,,
dataflow,ESTAT:HTEC_EMP_REG2(1.0),Employed persons in technology and knowledge-intensive sectors by NACE Rev. 2 activity and NUTS 2 region (2008-2026),A,Annual,HTC,High-technology sectors (high-technology manufacturing and knowledge-intensive high-technology services),PC_EMP,Percentage of total employment,T,Total,DK,Denmark,2022,,6.1,,,,,
dataflow,ESTAT:HTEC_EMP_REG2(1.0),Employed persons in technology and knowledge-intensive sectors by NACE Rev. 2 activity and NUTS 2 region (2008-2026),A,Annual,HTC,High-technology sectors (high-technology manufacturing and knowledge-intensive high-technology services),PC_EMP,Percentage of total employment,T,Total,DK,Denmark,2023,,6.4,,b,break in time series,,
dataflow,ESTAT:HTEC_EMP_REG2(1.0),Employed persons in technology and knowledge-intensive sectors by NACE Rev. 2 activity and NUTS 2 region (2008-2026),A,Annual,HTC,High-technology sectors (high-technology manufacturing and knowledge-intensive high-technology services),PC_EMP,Percentage of total employment,T,Total,DK,Denmark,2024,,6.4,,,,,
dataflow,ESTAT:HTEC_EMP_REG2(1.0),Employed persons in technology and knowledge-intensive sectors by NACE Rev. 2 activity and NUTS 2 region (2008-2026),A,Annual,HTC,High-technology sectors (high-technology manufacturing and knowledge-intensive high-technology services),PC_EMP,Percentage of total employment,T,Total,DK,Denmark,2025,,6.4,,,,,
dataflow,ESTAT:HTEC_EMP_REG2(1.0),Employed persons in technology and knowledge-intensive sectors by NACE Rev. 2 activity and NUTS 2 region (2008-2026),A,Annual,HTC,High-technology sectors (high-technology manufacturing and knowledge-intensive high-technology services),PC_EMP,Percentage of total employment,T,Total,EE,Estonia,2010,,3.4,,,,,
dataflow,ESTAT:HTEC_EMP_REG2(1.0),Employed persons in technology and knowledge-intensive sectors by NACE Rev. 2 activity and NUTS 2 region (2008-2026),A,Annual,HTC,High-technology sectors (high-technology manufacturing and knowledge-intensive high-technology services),PC_EMP,Percentage of total employment,T,Total,EE,Estonia,2011,,4.1,,,,,
dataflow,ESTAT:HTEC_EMP_REG2(1.0),Employed persons in technology and knowledge-intensive sectors by NACE Rev. 2 activity and NUTS 2 region (2008-2026),A,Annual,HTC,High-technology sectors (high-technology manufacturing and knowledge-intensive high-technology services),PC_EMP,Percentage of total employment,T,Total,EE,Estonia,2012,,3.7,,,,,
dataflow,ESTAT:HTEC_EMP_REG2(1.0),Employed persons in technology and knowledge-intensive sectors by NACE Rev. 2 activity and NUTS 2 region (2008-2026),A,Annual,HTC,High-technology sectors (high-technology manufacturing and knowledge-intensive high-technology services),PC_EMP,Percentage of total employment,T,Total,EE,Estonia,2013,,4.1,,,,,
dataflow,ESTAT:HTEC_EMP_REG2(1.0),Employed persons in technology and knowledge-intensive sectors by NACE Rev. 2 activity and NUTS 2 region (2008-2026),A,Annual,HTC,High-technology sectors (high-technology manufacturing and knowledge-intensive high-technology services),PC_EMP,Percentage of total employment,T,Total,EE,Estonia,2014,,4.5,,,,,
dataflow,ESTAT:HTEC_EMP_REG2(1.0),Employed persons in technology and knowledge-intensive sectors by NACE Rev. 2 activity and NUTS 2 region (2008-2026),A,Annual,HTC,High-technology sectors (high-technology manufacturing and knowledge-intensive high-technology services),PC_EMP,Percentage of total employment,T,Total,EE,Estonia,2015,,4.8,,,,,
dataflow,ESTAT:HTEC_EMP_REG2(1.0),Employed persons in technology and knowledge-intensive sectors by NACE Rev. 2 activity and NUTS 2 region (2008-2026),A,Annual,HTC,High-technology sectors (high-technology manufacturing and knowledge-intensive high-technology services),PC_EMP,Percentage of total employment,T,Total,EE,Estonia,2016,,5.3,,,,,
dataflow,ESTAT:HTEC_EMP_REG2(1.0),Employed persons in technology and knowledge-intensive sectors by NACE Rev. 2 activity and NUTS 2 region (2008-2026),A,Annual,HTC,High-technology sectors (high-technology manufacturing and knowledge-intensive high-technology services),PC_EMP,Percentage of total employment,T,Total,EE,Estonia,2017,,5.2,,,,,
dataflow,ESTAT:HTEC_EMP_REG2(1.0),Employed persons in technology and knowledge-intensive sectors by NACE Rev. 2 activity and NUTS 2 region (2008-2026),A,Annual,HTC,High-technology sectors (high-technology manufacturing and knowledge-intensive high-technology services),PC_EMP,Percentage of total employment,T,Total,EE,Estonia,2018,,5.3,,,,,
dataflow,ESTAT:HTEC_EMP_REG2(1.0),Employed persons in technology and knowledge-intensive sectors by NACE Rev. 2 activity and NUTS 2 region (2008-2026),A,Annual,HTC,High-technology sectors (high-technology manufacturing and knowledge-intensive high-technology services),PC_EMP,Percentage of total employment,T,Total,EE,Estonia,2019,,5.6,,,,,
dataflow,ESTAT:HTEC_EMP_REG2(1.0),Employed persons in technology and knowledge-intensive sectors by NACE Rev. 2 activity and NUTS 2 region (2008-2026),A,Annual,HTC,High-technology sectors (high-technology manufacturing and knowledge-intensive high-technology services),PC_EMP,Percentage of total employment,T,Total,EE,Estonia,2020,,5.6,,,,,
dataflow,ESTAT:HTEC_EMP_REG2(1.0),Employed persons in technology and knowledge-intensive sectors by NACE Rev. 2 activity and NUTS 2 region (2008-2026),A,Annual,HTC,High-technology sectors (high-technology manufacturing and knowledge-intensive high-technology services),PC_EMP,Percentage of total employment,T,Total,EE,Estonia,2021,,6.5,,b,break in time series,,
dataflow,ESTAT:HTEC_EMP_REG2(1.0),Employed persons in technology and knowledge-intensive sectors by NACE Rev. 2 activity and NUTS 2 region (2008-2026),A,Annual,HTC,High-technology sectors (high-technology manufacturing and knowledge-intensive high-technology services),PC_EMP,Percentage of total employment,T,Total,EE,Estonia,2022,,6.8,,,,,
dataflow,ESTAT:HTEC_EMP_REG2(1.0),Employed persons in technology and knowledge-intensive sectors by NACE Rev. 2 activity and NUTS 2 region (2008-2026),A,Annual,HTC,High-technology sectors (high-technology manufacturing and knowledge-intensive high-technology services),PC_EMP,Percentage of total employment,T,Total,EE,Estonia,2023,,6.5,,,,,
dataflow,ESTAT:HTEC_EMP_REG2(1.0),Employed persons in technology and knowledge-intensive sectors by NACE Rev. 2 activity and NUTS 2 region (2008-2026),A,Annual,HTC,High-technology sectors (high-technology manufacturing and knowledge-intensive high-technology services),PC_EMP,Percentage of total employment,T,Total,EE,Estonia,2024,,6.6,,,,,
dataflow,ESTAT:HTEC_EMP_REG2(1.0),Employed persons in technology and knowledge-intensive sectors by NACE Rev. 2 activity and NUTS 2 region (2008-2026),A,Annual,HTC,High-technology sectors (high-technology manufacturing and knowledge-intensive high-technology services),PC_EMP,Percentage of total employment,T,Total,EE,Estonia,2025,,7.3,,,,,
dataflow,ESTAT:HTEC_EMP_REG2(1.0),Employed persons in technology and knowledge-intensive sectors by NACE Rev. 2 activity and NUTS 2 region (2008-2026),A,Annual,HTC,High-technology sectors (high-technology manufacturing and knowledge-intensive high-technology services),PC_EMP,Percentage of total employment,T,Total,EL,Greece,2010,,2.3,,,,,
dataflow,ESTAT:HTEC_EMP_REG2(1.0),Employed persons in technology and knowledge-intensive sectors by NACE Rev. 2 activity and NUTS 2 region (2008-2026),A,Annual,HTC,High-technology sectors (high-technology manufacturing and knowledge-intensive high-technology services),PC_EMP,Percentage of total employment,T,Total,EL,Greece,2011,,2.1,,,,,
dataflow,ESTAT:HTEC_EMP_REG2(1.0),Employed persons in technology and knowledge-intensive sectors by NACE Rev. 2 activity and NUTS 2 region (2008-2026),A,Annual,HTC,High-technology sectors (high-technology manufacturing and knowledge-intensive high-technology services),PC_EMP,Percentage of total employment,T,Total,EL,Greece,2012,,2.2,,,,,
dataflow,ESTAT:HTEC_EMP_REG2(1.0),Employed persons in technology and knowledge-intensive sectors by NACE Rev. 2 activity and NUTS 2 region (2008-2026),A,Annual,HTC,High-technology sectors (high-technology manufacturing and knowledge-intensive high-technology services),PC_EMP,Percentage of total employment,T,Total,EL,Greece,2013,,2.4,,,,,
dataflow,ESTAT:HTEC_EMP_REG2(1.0),Employed persons in technology and knowledge-intensive sectors by NACE Rev. 2 activity and NUTS 2 region (2008-2026),A,Annual,HTC,High-technology sectors (high-technology manufacturing and knowledge-intensive high-technology services),PC_EMP,Percentage of total employment,T,Total,EL,Greece,2014,,2.5,,,,,
dataflow,ESTAT:HTEC_EMP_REG2(1.0),Employed persons in technology and knowledge-intensive sectors by NACE Rev. 2 activity and NUTS 2 region (2008-2026),A,Annual,HTC,High-technology sectors (high-technology manufacturing and knowledge-intensive high-technology services),PC_EMP,Percentage of total employment,T,Total,EL,Greece,2015,,2.4,,,,,
dataflow,ESTAT:HTEC_EMP_REG2(1.0),Employed persons in technology and knowledge-intensive sectors by NACE Rev. 2 activity and NUTS 2 region (2008-2026),A,Annual,HTC,High-technology sectors (high-technology manufacturing and knowledge-intensive high-technology services),PC_EMP,Percentage of total employment,T,Total,EL,Greece,2016,,2.5,,,,,
dataflow,ESTAT:HTEC_EMP_REG2(1.0),Employed persons in technology and knowledge-intensive sectors by NACE Rev. 2 activity and NUTS 2 region (2008-2026),A,Annual,HTC,High-technology sectors (high-technology manufacturing and knowledge-intensive high-technology services),PC_EMP,Percentage of total employment,T,Total,EL,Greece,2017,,2.5,,,,,
dataflow,ESTAT:HTEC_EMP_REG2(1.0),Employed persons in technology and knowledge-intensive sectors by NACE Rev. 2 activity and NUTS 2 region (2008-2026),A,Annual,HTC,High-technology sectors (high-technology manufacturing and knowledge-intensive high-technology services),PC_EMP,Percentage of total employment,T,Total,EL,Greece,2018,,2.8,,,,,
dataflow,ESTAT:HTEC_EMP_REG2(1.0),Employed persons in technology and knowledge-intensive sectors by NACE Rev. 2 activity and NUTS 2 region (2008-2026),A,Annual,HTC,High-technology sectors (high-technology manufacturing and knowledge-intensive high-technology services),PC_EMP,Percentage of total employment,T,Total,EL,Greece,2019,,3.0,,,,,
dataflow,ESTAT:HTEC_EMP_REG2(1.0),Employed persons in technology and knowledge-intensive sectors by NACE Rev. 2 activity and NUTS 2 region (2008-2026),A,Annual,HTC,High-technology sectors (high-technology manufacturing and knowledge-intensive high-technology services),PC_EMP,Percentage of total employment,T,Total,EL,Greece,2020,,3.1,,,,,
dataflow,ESTAT:HTEC_EMP_REG2(1.0),Employed persons in technology and knowledge-intensive sectors by NACE Rev. 2 activity and NUTS 2 region (2008-2026),A,Annual,HTC,High-technology sectors (high-technology manufacturing and knowledge-intensive high-technology services),PC_EMP,Percentage of total employment,T,Total,EL,Greece,2021,,3.2,,b,break in time series,,
dataflow,ESTAT:HTEC_EMP_REG2(1.0),Employed persons in technology and knowledge-intensive sectors by NACE Rev. 2 activity and NUTS 2 region (2008-2026),A,Annual,HTC,High-technology sectors (high-technology manufacturing and knowledge-intensive high-technology services),PC_EMP,Percentage of total employment,T,Total,EL,Greece,2022,,3.4,,,,,
dataflow,ESTAT:HTEC_EMP_REG2(1.0),Employed persons in technology and knowledge-intensive sectors by NACE Rev. 2 activity and NUTS 2 region (2008-2026),A,Annual,HTC,High-technology sectors (high-technology manufacturing and knowledge-intensive high-technology services),PC_EMP,Percentage of total employment,T,Total,EL,Greece,2023,,3.4,,,,,
dataflow,ESTAT:HTEC_EMP_REG2(1.0),Employed persons in technology and knowledge-intensive sectors by NACE Rev. 2 activity and NUTS 2 region (2008-2026),A,Annual,HTC,High-technology sectors (high-technology manufacturing and knowledge-intensive high-technology services),PC_EMP,Percentage of total employment,T,Total,EL,Greece,2024,,3.2,,,,,
dataflow,ESTAT:HTEC_EMP_REG2(1.0),Employed persons in technology and knowledge-intensive sectors by NACE Rev. 2 activity and NUTS 2 region (2008-2026),A,Annual,HTC,High-technology sectors (high-technology manufacturing and knowledge-intensive high-technology services),PC_EMP,Percentage of total employment,T,Total,EL,Greece,2025,,3.4,,,,,
dataflow,ESTAT:HTEC_EMP_REG2(1.0),Employed persons in technology and knowledge-intensive sectors by NACE Rev. 2 activity and NUTS 2 region (2008-2026),A,Annual,HTC,High-technology sectors (high-technology manufacturing and knowledge-intensive high-technology services),PC_EMP,Percentage of total employment,T,Total,ES,Spain,2010,,3.4,,,,,
dataflow,ESTAT:HTEC_EMP_REG2(1.0),Employed persons in technology and knowledge-intensive sectors by NACE Rev. 2 activity and NUTS 2 region (2008-2026),A,Annual,HTC,High-technology sectors (high-technology manufacturing and knowledge-intensive high-technology services),PC_EMP,Percentage of total employment,T,Total,ES,Spain,2011,,3.6,,,,,
dataflow,ESTAT:HTEC_EMP_REG2(1.0),Employed persons in technology and knowledge-intensive sectors by NACE Rev. 2 activity and NUTS 2 region (2008-2026),A,Annual,HTC,High-technology sectors (high-technology manufacturing and knowledge-intensive high-technology services),PC_EMP,Percentage of total employment,T,Total,ES,Spain,2012,,3.7,,,,,
dataflow,ESTAT:HTEC_EMP_REG2(1.0),Employed persons in technology and knowledge-intensive sectors by NACE Rev. 2 activity and NUTS 2 region (2008-2026),A,Annual,HTC,High-technology sectors (high-technology manufacturing and knowledge-intensive high-technology services),PC_EMP,Percentage of total employment,T,Total,ES,Spain,2013,,3.7,,,,,
dataflow,ESTAT:HTEC_EMP_REG2(1.0),Employed persons in technology and knowledge-intensive sectors by NACE Rev. 2 activity and NUTS 2 region (2008-2026),A,Annual,HTC,High-technology sectors (high-technology manufacturing and knowledge-intensive high-technology services),PC_EMP,Percentage of total employment,T,Total,ES,Spain,2014,,3.6,,,,,
dataflow,ESTAT:HTEC_EMP_REG2(1.0),Employed persons in technology and knowledge-intensive sectors by NACE Rev. 2 activity and NUTS 2 region (2008-2026),A,Annual,HTC,High-technology sectors (high-technology manufacturing and knowledge-intensive high-technology services),PC_EMP,Percentage of total employment,T,Total,ES,Spain,2015,,3.7,,,,,
dataflow,ESTAT:HTEC_EMP_REG2(1.0),Employed persons in technology and knowledge-intensive sectors by NACE Rev. 2 activity and NUTS 2 region (2008-2026),A,Annual,HTC,High-technology sectors (high-technology manufacturing and knowledge-intensive high-technology services),PC_EMP,Percentage of total employment,T,Total,ES,Spain,2016,,3.6,,,,,
dataflow,ESTAT:HTEC_EMP_REG2(1.0),Employed persons in technology and knowledge-intensive sectors by NACE Rev. 2 activity and NUTS 2 region (2008-2026),A,Annual,HTC,High-technology sectors (high-technology manufacturing and knowledge-intensive high-technology services),PC_EMP,Percentage of total employment,T,Total,ES,Spain,2017,,3.8,,,,,
dataflow,ESTAT:HTEC_EMP_REG2(1.0),Employed persons in technology and knowledge-intensive sectors by NACE Rev. 2 activity and NUTS 2 region (2008-2026),A,Annual,HTC,High-technology sectors (high-technology manufacturing and knowledge-intensive high-technology services),PC_EMP,Percentage of total employment,T,Total,ES,Spain,2018,,3.6,,,,,
dataflow,ESTAT:HTEC_EMP_REG2(1.0),Employed persons in technology and knowledge-intensive sectors by NACE Rev. 2 activity and NUTS 2 region (2008-2026),A,Annual,HTC,High-technology sectors (high-technology manufacturing and knowledge-intensive high-technology services),PC_EMP,Percentage of total employment,T,Total,ES,Spain,2019,,3.7,,,,,
dataflow,ESTAT:HTEC_EMP_REG2(1.0),Employed persons in technology and knowledge-intensive sectors by NACE Rev. 2 activity and NUTS 2 region (2008-2026),A,Annual,HTC,High-technology sectors (high-technology manufacturing and knowledge-intensive high-technology services),PC_EMP,Percentage of total employment,T,Total,ES,Spain,2020,,3.9,,,,,
dataflow,ESTAT:HTEC_EMP_REG2(1.0),Employed persons in technology and knowledge-intensive sectors by NACE Rev. 2 activity and NUTS 2 region (2008-2026),A,Annual,HTC,High-technology sectors (high-technology manufacturing and knowledge-intensive high-technology services),PC_EMP,Percentage of total employment,T,Total,ES,Spain,2021,,4.1,,bd,"break in time series, definition differs (see metadata)",,
dataflow,ESTAT:HTEC_EMP_REG2(1.0),Employed persons in technology and knowledge-intensive sectors by NACE Rev. 2 activity and NUTS 2 region (2008-2026),A,Annual,HTC,High-technology sectors (high-technology manufacturing and knowledge-intensive high-technology services),PC_EMP,Percentage of total employment,T,Total,ES,Spain,2022,,4.4,,d,definition differs (see metadata),,
dataflow,ESTAT:HTEC_EMP_REG2(1.0),Employed persons in technology and knowledge-intensive sectors by NACE Rev. 2 activity and NUTS 2 region (2008-2026),A,Annual,HTC,High-technology sectors (high-technology manufacturing and knowledge-intensive high-technology services),PC_EMP,Percentage of total employment,T,Total,ES,Spain,2023,,4.4,,d,definition differs (see metadata),,
dataflow,ESTAT:HTEC_EMP_REG2(1.0),Employed persons in technology and knowledge-intensive sectors by NACE Rev. 2 activity and NUTS 2 region (2008-2026),A,Annual,HTC,High-technology sectors (high-technology manufacturing and knowledge-intensive high-technology services),PC_EMP,Percentage of total employment,T,Total,ES,Spain,2024,,4.7,,d,definition differs (see metadata),,
dataflow,ESTAT:HTEC_EMP_REG2(1.0),Employed persons in technology and knowledge-intensive sectors by NACE Rev. 2 activity and NUTS 2 region (2008-2026),A,Annual,HTC,High-technology sectors (high-technology manufacturing and knowledge-intensive high-technology services),PC_EMP,Percentage of total employment,T,Total,ES,Spain,2025,,4.6,,d,definition differs (see metadata),,
dataflow,ESTAT:HTEC_EMP_REG2(1.0),Employed persons in technology and knowledge-intensive sectors by NACE Rev. 2 activity and NUTS 2 region (2008-2026),A,Annual,HTC,High-technology sectors (high-technology manufacturing and knowledge-intensive high-technology services),PC_EMP,Percentage of total employment,T,Total,FI,Finland,2010,,5.9,,,,,
dataflow,ESTAT:HTEC_EMP_REG2(1.0),Employed persons in technology and knowledge-intensive sectors by NACE Rev. 2 activity and NUTS 2 region (2008-2026),A,Annual,HTC,High-technology sectors (high-technology manufacturing and knowledge-intensive high-technology services),PC_EMP,Percentage of total employment,T,Total,FI,Finland,2011,,5.8,,,,,
dataflow,ESTAT:HTEC_EMP_REG2(1.0),Employed persons in technology and knowledge-intensive sectors by NACE Rev. 2 activity and NUTS 2 region (2008-2026),A,Annual,HTC,High-technology sectors (high-technology manufacturing and knowledge-intensive high-technology services),PC_EMP,Percentage of total employment,T,Total,FI,Finland,2012,,5.8,,,,,
dataflow,ESTAT:HTEC_EMP_REG2(1.0),Employed persons in technology and knowledge-intensive sectors by NACE Rev. 2 activity and NUTS 2 region (2008-2026),A,Annual,HTC,High-technology sectors (high-technology manufacturing and knowledge-intensive high-technology services),PC_EMP,Percentage of total employment,T,Total,FI,Finland,2013,,5.9,,,,,
dataflow,ESTAT:HTEC_EMP_REG2(1.0),Employed persons in technology and knowledge-intensive sectors by NACE Rev. 2 activity and NUTS 2 region (2008-2026),A,Annual,HTC,High-technology sectors (high-technology manufacturing and knowledge-intensive high-technology services),PC_EMP,Percentage of total employment,T,Total,FI,Finland,2014,,5.9,,,,,
dataflow,ESTAT:HTEC_EMP_REG2(1.0),Employed persons in technology and knowledge-intensive sectors by NACE Rev. 2 activity and NUTS 2 region (2008-2026),A,Annual,HTC,High-technology sectors (high-technology manufacturing and knowledge-intensive high-technology services),PC_EMP,Percentage of total employment,T,Total,FI,Finland,2015,,5.9,,,,,
dataflow,ESTAT:HTEC_EMP_REG2(1.0),Employed persons in technology and knowledge-intensive sectors by NACE Rev. 2 activity and NUTS 2 region (2008-2026),A,Annual,HTC,High-technology sectors (high-technology manufacturing and knowledge-intensive high-technology services),PC_EMP,Percentage of total employment,T,Total,FI,Finland,2016,,5.6,,,,,
dataflow,ESTAT:HTEC_EMP_REG2(1.0),Employed persons in technology and knowledge-intensive sectors by NACE Rev. 2 activity and NUTS 2 region (2008-2026),A,Annual,HTC,High-technology sectors (high-technology manufacturing and knowledge-intensive high-technology services),PC_EMP,Percentage of total employment,T,Total,FI,Finland,2017,,5.7,,,,,
dataflow,ESTAT:HTEC_EMP_REG2(1.0),Employed persons in technology and knowledge-intensive sectors by NACE Rev. 2 activity and NUTS 2 region (2008-2026),A,Annual,HTC,High-technology sectors (high-technology manufacturing and knowledge-intensive high-technology services),PC_EMP,Percentage of total employment,T,Total,FI,Finland,2018,,5.8,,,,,
dataflow,ESTAT:HTEC_EMP_REG2(1.0),Employed persons in technology and knowledge-intensive sectors by NACE Rev. 2 activity and NUTS 2 region (2008-2026),A,Annual,HTC,High-technology sectors (high-technology manufacturing and knowledge-intensive high-technology services),PC_EMP,Percentage of total employment,T,Total,FI,Finland,2019,,6.1,,,,,
dataflow,ESTAT:HTEC_EMP_REG2(1.0),Employed persons in technology and knowledge-intensive sectors by NACE Rev. 2 activity and NUTS 2 region (2008-2026),A,Annual,HTC,High-technology sectors (high-technology manufacturing and knowledge-intensive high-technology services),PC_EMP,Percentage of total employment,T,Total,FI,Finland,2020,,6.6,,,,,
dataflow,ESTAT:HTEC_EMP_REG2(1.0),Employed persons in technology and knowledge-intensive sectors by NACE Rev. 2 activity and NUTS 2 region (2008-2026),A,Annual,HTC,High-technology sectors (high-technology manufacturing and knowledge-intensive high-technology services),PC_EMP,Percentage of total employment,T,Total,FI,Finland,2021,,6.3,,b,break in time series,,
dataflow,ESTAT:HTEC_EMP_REG2(1.0),Employed persons in technology and knowledge-intensive sectors by NACE Rev. 2 activity and NUTS 2 region (2008-2026),A,Annual,HTC,High-technology sectors (high-technology manufacturing and knowledge-intensive high-technology services),PC_EMP,Percentage of total employment,T,Total,FI,Finland,2022,,6.5,,,,,
dataflow,ESTAT:HTEC_EMP_REG2(1.0),Employed persons in technology and knowledge-intensive sectors by NACE Rev. 2 activity and NUTS 2 region (2008-2026),A,Annual,HTC,High-technology sectors (high-technology manufacturing and knowledge-intensive high-technology services),PC_EMP,Percentage of total employment,T,Total,FI,Finland,2023,,6.7,,,,,
dataflow,ESTAT:HTEC_EMP_REG2(1.0),Employed persons in technology and knowledge-intensive sectors by NACE Rev. 2 activity and NUTS 2 region (2008-2026),A,Annual,HTC,High-technology sectors (high-technology manufacturing and knowledge-intensive high-technology services),PC_EMP,Percentage of total employment,T,Total,FI,Finland,2024,,6.8,,,,,
dataflow,ESTAT:HTEC_EMP_REG2(1.0),Employed persons in technology and knowledge-intensive sectors by NACE Rev. 2 activity and NUTS 2 region (2008-2026),A,Annual,HTC,High-technology sectors (high-technology manufacturing and knowledge-intensive high-technology services),PC_EMP,Percentage of total employment,T,Total,FI,Finland,2025,,6.5,,,,,
dataflow,ESTAT:HTEC_EMP_REG2(1.0),Employed persons in technology and knowledge-intensive sectors by NACE Rev. 2 activity and NUTS 2 region (2008-2026),A,Annual,HTC,High-technology sectors (high-technology manufacturing and knowledge-intensive high-technology services),PC_EMP,Percentage of total employment,T,Total,FR,France,2010,,3.9,,,,,
dataflow,ESTAT:HTEC_EMP_REG2(1.0),Employed persons in technology and knowledge-intensive sectors by NACE Rev. 2 activity and NUTS 2 region (2008-2026),A,Annual,HTC,High-technology sectors (high-technology manufacturing and knowledge-intensive high-technology services),PC_EMP,Percentage of total employment,T,Total,FR,France,2011,,4.1,,,,,
dataflow,ESTAT:HTEC_EMP_REG2(1.0),Employed persons in technology and knowledge-intensive sectors by NACE Rev. 2 activity and NUTS 2 region (2008-2026),A,Annual,HTC,High-technology sectors (high-technology manufacturing and knowledge-intensive high-technology services),PC_EMP,Percentage of total employment,T,Total,FR,France,2012,,1.7,,,,,
dataflow,ESTAT:HTEC_EMP_REG2(1.0),Employed persons in technology and knowledge-intensive sectors by NACE Rev. 2 activity and NUTS 2 region (2008-2026),A,Annual,HTC,High-technology sectors (high-technology manufacturing and knowledge-intensive high-technology services),PC_EMP,Percentage of total employment,T,Total,FR,France,2013,,3.9,,,,,
dataflow,ESTAT:HTEC_EMP_REG2(1.0),Employed persons in technology and knowledge-intensive sectors by NACE Rev. 2 activity and NUTS 2 region (2008-2026),A,Annual,HTC,High-technology sectors (high-technology manufacturing and knowledge-intensive high-technology services),PC_EMP,Percentage of total employment,T,Total,FR,France,2014,,3.9,,,,,
dataflow,ESTAT:HTEC_EMP_REG2(1.0),Employed persons in technology and knowledge-intensive sectors by NACE Rev. 2 activity and NUTS 2 region (2008-2026),A,Annual,HTC,High-technology sectors (high-technology manufacturing and knowledge-intensive high-technology services),PC_EMP,Percentage of total employment,T,Total,FR,France,2015,,4.0,,,,,
dataflow,ESTAT:HTEC_EMP_REG2(1.0),Employed persons in technology and knowledge-intensive sectors by NACE Rev. 2 activity and NUTS 2 region (2008-2026),A,Annual,HTC,High-technology sectors (high-technology manufacturing and knowledge-intensive high-technology services),PC_EMP,Percentage of total employment,T,Total,FR,France,2016,,4.0,,,,,
dataflow,ESTAT:HTEC_EMP_REG2(1.0),Employed persons in technology and knowledge-intensive sectors by NACE Rev. 2 activity and NUTS 2 region (2008-2026),A,Annual,HTC,High-technology sectors (high-technology manufacturing and knowledge-intensive high-technology services),PC_EMP,Percentage of total employment,T,Total,FR,France,2017,,4.0,,,,,
dataflow,ESTAT:HTEC_EMP_REG2(1.0),Employed persons in technology and knowledge-intensive sectors by NACE Rev. 2 activity and NUTS 2 region (2008-2026),A,Annual,HTC,High-technology sectors (high-technology manufacturing and knowledge-intensive high-technology services),PC_EMP,Percentage of total employment,T,Total,FR,France,2018,,4.1,,,,,
dataflow,ESTAT:HTEC_EMP_REG2(1.0),Employed persons in technology and knowledge-intensive sectors by NACE Rev. 2 activity and NUTS 2 region (2008-2026),A,Annual,HTC,High-technology sectors (high-technology manufacturing and knowledge-intensive high-technology services),PC_EMP,Percentage of total employment,T,Total,FR,France,2019,,4.4,,,,,
dataflow,ESTAT:HTEC_EMP_REG2(1.0),Employed persons in technology and knowledge-intensive sectors by NACE Rev. 2 activity and NUTS 2 region (2008-2026),A,Annual,HTC,High-technology sectors (high-technology manufacturing and knowledge-intensive high-technology services),PC_EMP,Percentage of total employment,T,Total,FR,France,2020,,4.5,,,,,
dataflow,ESTAT:HTEC_EMP_REG2(1.0),Employed persons in technology and knowledge-intensive sectors by NACE Rev. 2 activity and NUTS 2 region (2008-2026),A,Annual,HTC,High-technology sectors (high-technology manufacturing and knowledge-intensive high-technology services),PC_EMP,Percentage of total employment,T,Total,FR,France,2021,,4.6,,bd,"break in time series, definition differs (see metadata)",,
dataflow,ESTAT:HTEC_EMP_REG2(1.0),Employed persons in technology and knowledge-intensive sectors by NACE Rev. 2 activity and NUTS 2 region (2008-2026),A,Annual,HTC,High-technology sectors (high-technology manufacturing and knowledge-intensive high-technology services),PC_EMP,Percentage of total employment,T,Total,FR,France,2022,,4.4,,d,definition differs (see metadata),,
dataflow,ESTAT:HTEC_EMP_REG2(1.0),Employed persons in technology and knowledge-intensive sectors by NACE Rev. 2 activity and NUTS 2 region (2008-2026),A,Annual,HTC,High-technology sectors (high-technology manufacturing and knowledge-intensive high-technology services),PC_EMP,Percentage of total employment,T,Total,FR,France,2023,,4.6,,d,definition differs (see metadata),,
dataflow,ESTAT:HTEC_EMP_REG2(1.0),Employed persons in technology and knowledge-intensive sectors by NACE Rev. 2 activity and NUTS 2 region (2008-2026),A,Annual,HTC,High-technology sectors (high-technology manufacturing and knowledge-intensive high-technology services),PC_EMP,Percentage of total employment,T,Total,FR,France,2024,,4.7,,d,definition differs (see metadata),,
dataflow,ESTAT:HTEC_EMP_REG2(1.0),Employed persons in technology and knowledge-intensive sectors by NACE Rev. 2 activity and NUTS 2 region (2008-2026),A,Annual,HTC,High-technology sectors (high-technology manufacturing and knowledge-intensive high-technology services),PC_EMP,Percentage of total employment,T,Total,FR,France,2025,,5.0,,d,definition differs (see metadata),,
dataflow,ESTAT:HTEC_EMP_REG2(1.0),Employed persons in technology and knowledge-intensive sectors by NACE Rev. 2 activity and NUTS 2 region (2008-2026),A,Annual,HTC,High-technology sectors (high-technology manufacturing and knowledge-intensive high-technology services),PC_EMP,Percentage of total employment,T,Total,HR,Croatia,2010,,2.7,,,,,
dataflow,ESTAT:HTEC_EMP_REG2(1.0),Employed persons in technology and knowledge-intensive sectors by NACE Rev. 2 activity and NUTS 2 region (2008-2026),A,Annual,HTC,High-technology sectors (high-technology manufacturing and knowledge-intensive high-technology services),PC_EMP,Percentage of total employment,T,Total,HR,Croatia,2011,,2.7,,,,,
dataflow,ESTAT:HTEC_EMP_REG2(1.0),Employed persons in technology and knowledge-intensive sectors by NACE Rev. 2 activity and NUTS 2 region (2008-2026),A,Annual,HTC,High-technology sectors (high-technology manufacturing and knowledge-intensive high-technology services),PC_EMP,Percentage of total employment,T,Total,HR,Croatia,2012,,2.7,,,,,
dataflow,ESTAT:HTEC_EMP_REG2(1.0),Employed persons in technology and knowledge-intensive sectors by NACE Rev. 2 activity and NUTS 2 region (2008-2026),A,Annual,HTC,High-technology sectors (high-technology manufacturing and knowledge-intensive high-technology services),PC_EMP,Percentage of total employment,T,Total,HR,Croatia,2013,,2.9,,,,,
dataflow,ESTAT:HTEC_EMP_REG2(1.0),Employed persons in technology and knowledge-intensive sectors by NACE Rev. 2 activity and NUTS 2 region (2008-2026),A,Annual,HTC,High-technology sectors (high-technology manufacturing and knowledge-intensive high-technology services),PC_EMP,Percentage of total employment,T,Total,HR,Croatia,2014,,3.3,,,,,
dataflow,ESTAT:HTEC_EMP_REG2(1.0),Employed persons in technology and knowledge-intensive sectors by NACE Rev. 2 activity and NUTS 2 region (2008-2026),A,Annual,HTC,High-technology sectors (high-technology manufacturing and knowledge-intensive high-technology services),PC_EMP,Percentage of total employment,T,Total,HR,Croatia,2015,,3.3,,,,,
dataflow,ESTAT:HTEC_EMP_REG2(1.0),Employed persons in technology and knowledge-intensive sectors by NACE Rev. 2 activity and NUTS 2 region (2008-2026),A,Annual,HTC,High-technology sectors (high-technology manufacturing and knowledge-intensive high-technology services),PC_EMP,Percentage of total employment,T,Total,HR,Croatia,2016,,3.7,,,,,
dataflow,ESTAT:HTEC_EMP_REG2(1.0),Employed persons in technology and knowledge-intensive sectors by NACE Rev. 2 activity and NUTS 2 region (2008-2026),A,Annual,HTC,High-technology sectors (high-technology manufacturing and knowledge-intensive high-technology services),PC_EMP,Percentage of total employment,T,Total,HR,Croatia,2017,,3.5,,,,,
dataflow,ESTAT:HTEC_EMP_REG2(1.0),Employed persons in technology and knowledge-intensive sectors by NACE Rev. 2 activity and NUTS 2 region (2008-2026),A,Annual,HTC,High-technology sectors (high-technology manufacturing and knowledge-intensive high-technology services),PC_EMP,Percentage of total employment,T,Total,HR,Croatia,2018,,3.9,,,,,
dataflow,ESTAT:HTEC_EMP_REG2(1.0),Employed persons in technology and knowledge-intensive sectors by NACE Rev. 2 activity and NUTS 2 region (2008-2026),A,Annual,HTC,High-technology sectors (high-technology manufacturing and knowledge-intensive high-technology services),PC_EMP,Percentage of total employment,T,Total,HR,Croatia,2019,,4.2,,,,,
dataflow,ESTAT:HTEC_EMP_REG2(1.0),Employed persons in technology and knowledge-intensive sectors by NACE Rev. 2 activity and NUTS 2 region (2008-2026),A,Annual,HTC,High-technology sectors (high-technology manufacturing and knowledge-intensive high-technology services),PC_EMP,Percentage of total employment,T,Total,HR,Croatia,2020,,4.2,,,,,
dataflow,ESTAT:HTEC_EMP_REG2(1.0),Employed persons in technology and knowledge-intensive sectors by NACE Rev. 2 activity and NUTS 2 region (2008-2026),A,Annual,HTC,High-technology sectors (high-technology manufacturing and knowledge-intensive high-technology services),PC_EMP,Percentage of total employment,T,Total,HR,Croatia,2021,,3.6,,b,break in time series,,
dataflow,ESTAT:HTEC_EMP_REG2(1.0),Employed persons in technology and knowledge-intensive sectors by NACE Rev. 2 activity and NUTS 2 region (2008-2026),A,Annual,HTC,High-technology sectors (high-technology manufacturing and knowledge-intensive high-technology services),PC_EMP,Percentage of total employment,T,Total,HR,Croatia,2022,,4.2,,,,,
dataflow,ESTAT:HTEC_EMP_REG2(1.0),Employed persons in technology and knowledge-intensive sectors by NACE Rev. 2 activity and NUTS 2 region (2008-2026),A,Annual,HTC,High-technology sectors (high-technology manufacturing and knowledge-intensive high-technology services),PC_EMP,Percentage of total employment,T,Total,HR,Croatia,2023,,4.7,,,,,
dataflow,ESTAT:HTEC_EMP_REG2(1.0),Employed persons in technology and knowledge-intensive sectors by NACE Rev. 2 activity and NUTS 2 region (2008-2026),A,Annual,HTC,High-technology sectors (high-technology manufacturing and knowledge-intensive high-technology services),PC_EMP,Percentage of total employment,T,Total,HR,Croatia,2024,,5.3,,,,,
dataflow,ESTAT:HTEC_EMP_REG2(1.0),Employed persons in technology and knowledge-intensive sectors by NACE Rev. 2 activity and NUTS 2 region (2008-2026),A,Annual,HTC,High-technology sectors (high-technology manufacturing and knowledge-intensive high-technology services),PC_EMP,Percentage of total employment,T,Total,HR,Croatia,2025,,5.4,,,,,
dataflow,ESTAT:HTEC_EMP_REG2(1.0),Employed persons in technology and knowledge-intensive sectors by NACE Rev. 2 activity and NUTS 2 region (2008-2026),A,Annual,HTC,High-technology sectors (high-technology manufacturing and knowledge-intensive high-technology services),PC_EMP,Percentage of total employment,T,Total,HU,Hungary,2010,,5.0,,,,,
dataflow,ESTAT:HTEC_EMP_REG2(1.0),Employed persons in technology and knowledge-intensive sectors by NACE Rev. 2 activity and NUTS 2 region (2008-2026),A,Annual,HTC,High-technology sectors (high-technology manufacturing and knowledge-intensive high-technology services),PC_EMP,Percentage of total employment,T,Total,HU,Hungary,2011,,5.3,,,,,
dataflow,ESTAT:HTEC_EMP_REG2(1.0),Employed persons in technology and knowledge-intensive sectors by NACE Rev. 2 activity and NUTS 2 region (2008-2026),A,Annual,HTC,High-technology sectors (high-technology manufacturing and knowledge-intensive high-technology services),PC_EMP,Percentage of total employment,T,Total,HU,Hungary,2012,,5.2,,,,,
dataflow,ESTAT:HTEC_EMP_REG2(1.0),Employed persons in technology and knowledge-intensive sectors by NACE Rev. 2 activity and NUTS 2 region (2008-2026),A,Annual,HTC,High-technology sectors (high-technology manufacturing and knowledge-intensive high-technology services),PC_EMP,Percentage of total employment,T,Total,HU,Hungary,2013,,5.3,,,,,
dataflow,ESTAT:HTEC_EMP_REG2(1.0),Employed persons in technology and knowledge-intensive sectors by NACE Rev. 2 activity and NUTS 2 region (2008-2026),A,Annual,HTC,High-technology sectors (high-technology manufacturing and knowledge-intensive high-technology services),PC_EMP,Percentage of total employment,T,Total,HU,Hungary,2014,,4.7,,,,,
dataflow,ESTAT:HTEC_EMP_REG2(1.0),Employed persons in technology and knowledge-intensive sectors by NACE Rev. 2 activity and NUTS 2 region (2008-2026),A,Annual,HTC,High-technology sectors (high-technology manufacturing and knowledge-intensive high-technology services),PC_EMP,Percentage of total employment,T,Total,HU,Hungary,2015,,4.7,,,,,
dataflow,ESTAT:HTEC_EMP_REG2(1.0),Employed persons in technology and knowledge-intensive sectors by NACE Rev. 2 activity and NUTS 2 region (2008-2026),A,Annual,HTC,High-technology sectors (high-technology manufacturing and knowledge-intensive high-technology services),PC_EMP,Percentage of total employment,T,Total,HU,Hungary,2016,,5.1,,,,,
dataflow,ESTAT:HTEC_EMP_REG2(1.0),Employed persons in technology and knowledge-intensive sectors by NACE Rev. 2 activity and NUTS 2 region (2008-2026),A,Annual,HTC,High-technology sectors (high-technology manufacturing and knowledge-intensive high-technology services),PC_EMP,Percentage of total employment,T,Total,HU,Hungary,2017,,4.8,,,,,
dataflow,ESTAT:HTEC_EMP_REG2(1.0),Employed persons in technology and knowledge-intensive sectors by NACE Rev. 2 activity and NUTS 2 region (2008-2026),A,Annual,HTC,High-technology sectors (high-technology manufacturing and knowledge-intensive high-technology services),PC_EMP,Percentage of total employment,T,Total,HU,Hungary,2018,,5.2,,b,break in time series,,
dataflow,ESTAT:HTEC_EMP_REG2(1.0),Employed persons in technology and knowledge-intensive sectors by NACE Rev. 2 activity and NUTS 2 region (2008-2026),A,Annual,HTC,High-technology sectors (high-technology manufacturing and knowledge-intensive high-technology services),PC_EMP,Percentage of total employment,T,Total,HU,Hungary,2019,,5.7,,,,,
dataflow,ESTAT:HTEC_EMP_REG2(1.0),Employed persons in technology and knowledge-intensive sectors by NACE Rev. 2 activity and NUTS 2 region (2008-2026),A,Annual,HTC,High-technology sectors (high-technology manufacturing and knowledge-intensive high-technology services),PC_EMP,Percentage of total employment,T,Total,HU,Hungary,2020,,6.1,,,,,
dataflow,ESTAT:HTEC_EMP_REG2(1.0),Employed persons in technology and knowledge-intensive sectors by NACE Rev. 2 activity and NUTS 2 region (2008-2026),A,Annual,HTC,High-technology sectors (high-technology manufacturing and knowledge-intensive high-technology services),PC_EMP,Percentage of total employment,T,Total,HU,Hungary,2021,,6.4,,b,break in time series,,
dataflow,ESTAT:HTEC_EMP_REG2(1.0),Employed persons in technology and knowledge-intensive sectors by NACE Rev. 2 activity and NUTS 2 region (2008-2026),A,Annual,HTC,High-technology sectors (high-technology manufacturing and knowledge-intensive high-technology services),PC_EMP,Percentage of total employment,T,Total,HU,Hungary,2022,,6.4,,,,,
dataflow,ESTAT:HTEC_EMP_REG2(1.0),Employed persons in technology and knowledge-intensive sectors by NACE Rev. 2 activity and NUTS 2 region (2008-2026),A,Annual,HTC,High-technology sectors (high-technology manufacturing and knowledge-intensive high-technology services),PC_EMP,Percentage of total employment,T,Total,HU,Hungary,2023,,6.2,,,,,
dataflow,ESTAT:HTEC_EMP_REG2(1.0),Employed persons in technology and knowledge-intensive sectors by NACE Rev. 2 activity and NUTS 2 region (2008-2026),A,Annual,HTC,High-technology sectors (high-technology manufacturing and knowledge-intensive high-technology services),PC_EMP,Percentage of total employment,T,Total,HU,Hungary,2024,,6.7,,,,,
dataflow,ESTAT:HTEC_EMP_REG2(1.0),Employed persons in technology and knowledge-intensive sectors by NACE Rev. 2 activity and NUTS 2 region (2008-2026),A,Annual,HTC,High-technology sectors (high-technology manufacturing and knowledge-intensive high-technology services),PC_EMP,Percentage of total employment,T,Total,HU,Hungary,2025,,6.3,,,,,
dataflow,ESTAT:HTEC_EMP_REG2(1.0),Employed persons in technology and knowledge-intensive sectors by NACE Rev. 2 activity and NUTS 2 region (2008-2026),A,Annual,HTC,High-technology sectors (high-technology manufacturing and knowledge-intensive high-technology services),PC_EMP,Percentage of total employment,T,Total,IE,Ireland,2010,,7.7,,,,,
dataflow,ESTAT:HTEC_EMP_REG2(1.0),Employed persons in technology and knowledge-intensive sectors by NACE Rev. 2 activity and NUTS 2 region (2008-2026),A,Annual,HTC,High-technology sectors (high-technology manufacturing and knowledge-intensive high-technology services),PC_EMP,Percentage of total employment,T,Total,IE,Ireland,2011,,7.8,,,,,
dataflow,ESTAT:HTEC_EMP_REG2(1.0),Employed persons in technology and knowledge-intensive sectors by NACE Rev. 2 activity and NUTS 2 region (2008-2026),A,Annual,HTC,High-technology sectors (high-technology manufacturing and knowledge-intensive high-technology services),PC_EMP,Percentage of total employment,T,Total,IE,Ireland,2012,,8.2,,,,,
dataflow,ESTAT:HTEC_EMP_REG2(1.0),Employed persons in technology and knowledge-intensive sectors by NACE Rev. 2 activity and NUTS 2 region (2008-2026),A,Annual,HTC,High-technology sectors (high-technology manufacturing and knowledge-intensive high-technology services),PC_EMP,Percentage of total employment,T,Total,IE,Ireland,2013,,8.0,,,,,
dataflow,ESTAT:HTEC_EMP_REG2(1.0),Employed persons in technology and knowledge-intensive sectors by NACE Rev. 2 activity and NUTS 2 region (2008-2026),A,Annual,HTC,High-technology sectors (high-technology manufacturing and knowledge-intensive high-technology services),PC_EMP,Percentage of total employment,T,Total,IE,Ireland,2014,,8.1,,,,,
dataflow,ESTAT:HTEC_EMP_REG2(1.0),Employed persons in technology and knowledge-intensive sectors by NACE Rev. 2 activity and NUTS 2 region (2008-2026),A,Annual,HTC,High-technology sectors (high-technology manufacturing and knowledge-intensive high-technology services),PC_EMP,Percentage of total employment,T,Total,IE,Ireland,2015,,8.4,,,,,
dataflow,ESTAT:HTEC_EMP_REG2(1.0),Employed persons in technology and knowledge-intensive sectors by NACE Rev. 2 activity and NUTS 2 region (2008-2026),A,Annual,HTC,High-technology sectors (high-technology manufacturing and knowledge-intensive high-technology services),PC_EMP,Percentage of total employment,T,Total,IE,Ireland,2016,,8.5,,,,,
dataflow,ESTAT:HTEC_EMP_REG2(1.0),Employed persons in technology and knowledge-intensive sectors by NACE Rev. 2 activity and NUTS 2 region (2008-2026),A,Annual,HTC,High-technology sectors (high-technology manufacturing and knowledge-intensive high-technology services),PC_EMP,Percentage of total employment,T,Total,IE,Ireland,2017,,8.4,,b,break in time series,,
dataflow,ESTAT:HTEC_EMP_REG2(1.0),Employed persons in technology and knowledge-intensive sectors by NACE Rev. 2 activity and NUTS 2 region (2008-2026),A,Annual,HTC,High-technology sectors (high-technology manufacturing and knowledge-intensive high-technology services),PC_EMP,Percentage of total employment,T,Total,IE,Ireland,2018,,8.1,,,,,
dataflow,ESTAT:HTEC_EMP_REG2(1.0),Employed persons in technology and knowledge-intensive sectors by NACE Rev. 2 activity and NUTS 2 region (2008-2026),A,Annual,HTC,High-technology sectors (high-technology manufacturing and knowledge-intensive high-technology services),PC_EMP,Percentage of total employment,T,Total,IE,Ireland,2019,,8.1,,,,,
dataflow,ESTAT:HTEC_EMP_REG2(1.0),Employed persons in technology and knowledge-intensive sectors by NACE Rev. 2 activity and NUTS 2 region (2008-2026),A,Annual,HTC,High-technology sectors (high-technology manufacturing and knowledge-intensive high-technology services),PC_EMP,Percentage of total employment,T,Total,IE,Ireland,2020,,9.2,,,,,
dataflow,ESTAT:HTEC_EMP_REG2(1.0),Employed persons in technology and knowledge-intensive sectors by NACE Rev. 2 activity and NUTS 2 region (2008-2026),A,Annual,HTC,High-technology sectors (high-technology manufacturing and knowledge-intensive high-technology services),PC_EMP,Percentage of total employment,T,Total,IE,Ireland,2021,,10.2,,b,break in time series,,
dataflow,ESTAT:HTEC_EMP_REG2(1.0),Employed persons in technology and knowledge-intensive sectors by NACE Rev. 2 activity and NUTS 2 region (2008-2026),A,Annual,HTC,High-technology sectors (high-technology manufacturing and knowledge-intensive high-technology services),PC_EMP,Percentage of total employment,T,Total,IE,Ireland,2022,,10.1,,,,,
dataflow,ESTAT:HTEC_EMP_REG2(1.0),Employed persons in technology and knowledge-intensive sectors by NACE Rev. 2 activity and NUTS 2 region (2008-2026),A,Annual,HTC,High-technology sectors (high-technology manufacturing and knowledge-intensive high-technology services),PC_EMP,Percentage of total employment,T,Total,IE,Ireland,2023,,10.0,,,,,
dataflow,ESTAT:HTEC_EMP_REG2(1.0),Employed persons in technology and knowledge-intensive sectors by NACE Rev. 2 activity and NUTS 2 region (2008-2026),A,Annual,HTC,High-technology sectors (high-technology manufacturing and knowledge-intensive high-technology services),PC_EMP,Percentage of total employment,T,Total,IE,Ireland,2024,,10.1,,,,,
dataflow,ESTAT:HTEC_EMP_REG2(1.0),Employed persons in technology and knowledge-intensive sectors by NACE Rev. 2 activity and NUTS 2 region (2008-2026),A,Annual,HTC,High-technology sectors (high-technology manufacturing and knowledge-intensive high-technology services),PC_EMP,Percentage of total employment,T,Total,IE,Ireland,2025,,9.9,,,,,
dataflow,ESTAT:HTEC_EMP_REG2(1.0),Employed persons in technology and knowledge-intensive sectors by NACE Rev. 2 activity and NUTS 2 region (2008-2026),A,Annual,HTC,High-technology sectors (high-technology manufacturing and knowledge-intensive high-technology services),PC_EMP,Percentage of total employment,T,Total,IS,Iceland,2010,,4.9,,,,,
dataflow,ESTAT:HTEC_EMP_REG2(1.0),Employed persons in technology and knowledge-intensive sectors by NACE Rev. 2 activity and NUTS 2 region (2008-2026),A,Annual,HTC,High-technology sectors (high-technology manufacturing and knowledge-intensive high-technology services),PC_EMP,Percentage of total employment,T,Total,IS,Iceland,2011,,5.2,,,,,
dataflow,ESTAT:HTEC_EMP_REG2(1.0),Employed persons in technology and knowledge-intensive sectors by NACE Rev. 2 activity and NUTS 2 region (2008-2026),A,Annual,HTC,High-technology sectors (high-technology manufacturing and knowledge-intensive high-technology services),PC_EMP,Percentage of total employment,T,Total,IS,Iceland,2012,,4.8,,,,,
dataflow,ESTAT:HTEC_EMP_REG2(1.0),Employed persons in technology and knowledge-intensive sectors by NACE Rev. 2 activity and NUTS 2 region (2008-2026),A,Annual,HTC,High-technology sectors (high-technology manufacturing and knowledge-intensive high-technology services),PC_EMP,Percentage of total employment,T,Total,IS,Iceland,2013,,4.9,,,,,
dataflow,ESTAT:HTEC_EMP_REG2(1.0),Employed persons in technology and knowledge-intensive sectors by NACE Rev. 2 activity and NUTS 2 region (2008-2026),A,Annual,HTC,High-technology sectors (high-technology manufacturing and knowledge-intensive high-technology services),PC_EMP,Percentage of total employment,T,Total,IS,Iceland,2014,,5.6,,,,,
dataflow,ESTAT:HTEC_EMP_REG2(1.0),Employed persons in technology and knowledge-intensive sectors by NACE Rev. 2 activity and NUTS 2 region (2008-2026),A,Annual,HTC,High-technology sectors (high-technology manufacturing and knowledge-intensive high-technology services),PC_EMP,Percentage of total employment,T,Total,IS,Iceland,2015,,6.0,,,,,
dataflow,ESTAT:HTEC_EMP_REG2(1.0),Employed persons in technology and knowledge-intensive sectors by NACE Rev. 2 activity and NUTS 2 region (2008-2026),A,Annual,HTC,High-technology sectors (high-technology manufacturing and knowledge-intensive high-technology services),PC_EMP,Percentage of total employment,T,Total,IS,Iceland,2016,,5.9,,,,,
dataflow,ESTAT:HTEC_EMP_REG2(1.0),Employed persons in technology and knowledge-intensive sectors by NACE Rev. 2 activity and NUTS 2 region (2008-2026),A,Annual,HTC,High-technology sectors (high-technology manufacturing and knowledge-intensive high-technology services),PC_EMP,Percentage of total employment,T,Total,IS,Iceland,2017,,5.4,,,,,
dataflow,ESTAT:HTEC_EMP_REG2(1.0),Employed persons in technology and knowledge-intensive sectors by NACE Rev. 2 activity and NUTS 2 region (2008-2026),A,Annual,HTC,High-technology sectors (high-technology manufacturing and knowledge-intensive high-technology services),PC_EMP,Percentage of total employment,T,Total,IS,Iceland,2018,,5.1,,,,,
dataflow,ESTAT:HTEC_EMP_REG2(1.0),Employed persons in technology and knowledge-intensive sectors by NACE Rev. 2 activity and NUTS 2 region (2008-2026),A,Annual,HTC,High-technology sectors (high-technology manufacturing and knowledge-intensive high-technology services),PC_EMP,Percentage of total employment,T,Total,IS,Iceland,2019,,5.1,,,,,
dataflow,ESTAT:HTEC_EMP_REG2(1.0),Employed persons in technology and knowledge-intensive sectors by NACE Rev. 2 activity and NUTS 2 region (2008-2026),A,Annual,HTC,High-technology sectors (high-technology manufacturing and knowledge-intensive high-technology services),PC_EMP,Percentage of total employment,T,Total,IS,Iceland,2020,,5.8,,b,break in time series,,
dataflow,ESTAT:HTEC_EMP_REG2(1.0),Employed persons in technology and knowledge-intensive sectors by NACE Rev. 2 activity and NUTS 2 region (2008-2026),A,Annual,HTC,High-technology sectors (high-technology manufacturing and knowledge-intensive high-technology services),PC_EMP,Percentage of total employment,T,Total,IS,Iceland,2021,,5.0,,b,break in time series,,
dataflow,ESTAT:HTEC_EMP_REG2(1.0),Employed persons in technology and knowledge-intensive sectors by NACE Rev. 2 activity and NUTS 2 region (2008-2026),A,Annual,HTC,High-technology sectors (high-technology manufacturing and knowledge-intensive high-technology services),PC_EMP,Percentage of total employment,T,Total,IS,Iceland,2022,,5.4,,,,,
dataflow,ESTAT:HTEC_EMP_REG2(1.0),Employed persons in technology and knowledge-intensive sectors by NACE Rev. 2 activity and NUTS 2 region (2008-2026),A,Annual,HTC,High-technology sectors (high-technology manufacturing and knowledge-intensive high-technology services),PC_EMP,Percentage of total employment,T,Total,IS,Iceland,2023,,5.8,,,,,
dataflow,ESTAT:HTEC_EMP_REG2(1.0),Employed persons in technology and knowledge-intensive sectors by NACE Rev. 2 activity and NUTS 2 region (2008-2026),A,Annual,HTC,High-technology sectors (high-technology manufacturing and knowledge-intensive high-technology services),PC_EMP,Percentage of total employment,T,Total,IS,Iceland,2024,,5.8,,,,,
dataflow,ESTAT:HTEC_EMP_REG2(1.0),Employed persons in technology and knowledge-intensive sectors by NACE Rev. 2 activity and NUTS 2 region (2008-2026),A,Annual,HTC,High-technology sectors (high-technology manufacturing and knowledge-intensive high-technology services),PC_EMP,Percentage of total employment,T,Total,IT,Italy,2010,,3.3,,,,,
dataflow,ESTAT:HTEC_EMP_REG2(1.0),Employed persons in technology and knowledge-intensive sectors by NACE Rev. 2 activity and NUTS 2 region (2008-2026),A,Annual,HTC,High-technology sectors (high-technology manufacturing and knowledge-intensive high-technology services),PC_EMP,Percentage of total employment,T,Total,IT,Italy,2011,,3.3,,,,,
dataflow,ESTAT:HTEC_EMP_REG2(1.0),Employed persons in technology and knowledge-intensive sectors by NACE Rev. 2 activity and NUTS 2 region (2008-2026),A,Annual,HTC,High-technology sectors (high-technology manufacturing and knowledge-intensive high-technology services),PC_EMP,Percentage of total employment,T,Total,IT,Italy,2012,,3.4,,,,,
dataflow,ESTAT:HTEC_EMP_REG2(1.0),Employed persons in technology and knowledge-intensive sectors by NACE Rev. 2 activity and NUTS 2 region (2008-2026),A,Annual,HTC,High-technology sectors (high-technology manufacturing and knowledge-intensive high-technology services),PC_EMP,Percentage of total employment,T,Total,IT,Italy,2013,,3.4,,,,,
dataflow,ESTAT:HTEC_EMP_REG2(1.0),Employed persons in technology and knowledge-intensive sectors by NACE Rev. 2 activity and NUTS 2 region (2008-2026),A,Annual,HTC,High-technology sectors (high-technology manufacturing and knowledge-intensive high-technology services),PC_EMP,Percentage of total employment,T,Total,IT,Italy,2014,,3.4,,,,,
dataflow,ESTAT:HTEC_EMP_REG2(1.0),Employed persons in technology and knowledge-intensive sectors by NACE Rev. 2 activity and NUTS 2 region (2008-2026),A,Annual,HTC,High-technology sectors (high-technology manufacturing and knowledge-intensive high-technology services),PC_EMP,Percentage of total employment,T,Total,IT,Italy,2015,,3.4,,,,,
dataflow,ESTAT:HTEC_EMP_REG2(1.0),Employed persons in technology and knowledge-intensive sectors by NACE Rev. 2 activity and NUTS 2 region (2008-2026),A,Annual,HTC,High-technology sectors (high-technology manufacturing and knowledge-intensive high-technology services),PC_EMP,Percentage of total employment,T,Total,IT,Italy,2016,,3.4,,,,,
dataflow,ESTAT:HTEC_EMP_REG2(1.0),Employed persons in technology and knowledge-intensive sectors by NACE Rev. 2 activity and NUTS 2 region (2008-2026),A,Annual,HTC,High-technology sectors (high-technology manufacturing and knowledge-intensive high-technology services),PC_EMP,Percentage of total employment,T,Total,IT,Italy,2017,,3.4,,,,,
dataflow,ESTAT:HTEC_EMP_REG2(1.0),Employed persons in technology and knowledge-intensive sectors by NACE Rev. 2 activity and NUTS 2 region (2008-2026),A,Annual,HTC,High-technology sectors (high-technology manufacturing and knowledge-intensive high-technology services),PC_EMP,Percentage of total employment,T,Total,IT,Italy,2018,,3.5,,b,break in time series,,
dataflow,ESTAT:HTEC_EMP_REG2(1.0),Employed persons in technology and knowledge-intensive sectors by NACE Rev. 2 activity and NUTS 2 region (2008-2026),A,Annual,HTC,High-technology sectors (high-technology manufacturing and knowledge-intensive high-technology services),PC_EMP,Percentage of total employment,T,Total,IT,Italy,2019,,3.7,,,,,
dataflow,ESTAT:HTEC_EMP_REG2(1.0),Employed persons in technology and knowledge-intensive sectors by NACE Rev. 2 activity and NUTS 2 region (2008-2026),A,Annual,HTC,High-technology sectors (high-technology manufacturing and knowledge-intensive high-technology services),PC_EMP,Percentage of total employment,T,Total,IT,Italy,2020,,3.9,,,,,
dataflow,ESTAT:HTEC_EMP_REG2(1.0),Employed persons in technology and knowledge-intensive sectors by NACE Rev. 2 activity and NUTS 2 region (2008-2026),A,Annual,HTC,High-technology sectors (high-technology manufacturing and knowledge-intensive high-technology services),PC_EMP,Percentage of total employment,T,Total,IT,Italy,2021,,4.0,,b,break in time series,,
dataflow,ESTAT:HTEC_EMP_REG2(1.0),Employed persons in technology and knowledge-intensive sectors by NACE Rev. 2 activity and NUTS 2 region (2008-2026),A,Annual,HTC,High-technology sectors (high-technology manufacturing and knowledge-intensive high-technology services),PC_EMP,Percentage of total employment,T,Total,IT,Italy,2022,,4.0,,,,,
dataflow,ESTAT:HTEC_EMP_REG2(1.0),Employed persons in technology and knowledge-intensive sectors by NACE Rev. 2 activity and NUTS 2 region (2008-2026),A,Annual,HTC,High-technology sectors (high-technology manufacturing and knowledge-intensive high-technology services),PC_EMP,Percentage of total employment,T,Total,IT,Italy,2023,,4.3,,,,,
dataflow,ESTAT:HTEC_EMP_REG2(1.0),Employed persons in technology and knowledge-intensive sectors by NACE Rev. 2 activity and NUTS 2 region (2008-2026),A,Annual,HTC,High-technology sectors (high-technology manufacturing and knowledge-intensive high-technology services),PC_EMP,Percentage of total employment,T,Total,IT,Italy,2024,,4.3,,,,,
dataflow,ESTAT:HTEC_EMP_REG2(1.0),Employed persons in technology and knowledge-intensive sectors by NACE Rev. 2 activity and NUTS 2 region (2008-2026),A,Annual,HTC,High-technology sectors (high-technology manufacturing and knowledge-intensive high-technology services),PC_EMP,Percentage of total employment,T,Total,IT,Italy,2025,,4.0,,,,,
dataflow,ESTAT:HTEC_EMP_REG2(1.0),Employed persons in technology and knowledge-intensive sectors by NACE Rev. 2 activity and NUTS 2 region (2008-2026),A,Annual,HTC,High-technology sectors (high-technology manufacturing and knowledge-intensive high-technology services),PC_EMP,Percentage of total employment,T,Total,LT,Lithuania,2010,,1.9,,,,,
dataflow,ESTAT:HTEC_EMP_REG2(1.0),Employed persons in technology and knowledge-intensive sectors by NACE Rev. 2 activity and NUTS 2 region (2008-2026),A,Annual,HTC,High-technology sectors (high-technology manufacturing and knowledge-intensive high-technology services),PC_EMP,Percentage of total employment,T,Total,LT,Lithuania,2011,,2.2,,,,,
dataflow,ESTAT:HTEC_EMP_REG2(1.0),Employed persons in technology and knowledge-intensive sectors by NACE Rev. 2 activity and NUTS 2 region (2008-2026),A,Annual,HTC,High-technology sectors (high-technology manufacturing and knowledge-intensive high-technology services),PC_EMP,Percentage of total employment,T,Total,LT,Lithuania,2012,,2.4,,,,,
dataflow,ESTAT:HTEC_EMP_REG2(1.0),Employed persons in technology and knowledge-intensive sectors by NACE Rev. 2 activity and NUTS 2 region (2008-2026),A,Annual,HTC,High-technology sectors (high-technology manufacturing and knowledge-intensive high-technology services),PC_EMP,Percentage of total employment,T,Total,LT,Lithuania,2013,,2.2,,,,,
dataflow,ESTAT:HTEC_EMP_REG2(1.0),Employed persons in technology and knowledge-intensive sectors by NACE Rev. 2 activity and NUTS 2 region (2008-2026),A,Annual,HTC,High-technology sectors (high-technology manufacturing and knowledge-intensive high-technology services),PC_EMP,Percentage of total employment,T,Total,LT,Lithuania,2014,,2.1,,,,,
dataflow,ESTAT:HTEC_EMP_REG2(1.0),Employed persons in technology and knowledge-intensive sectors by NACE Rev. 2 activity and NUTS 2 region (2008-2026),A,Annual,HTC,High-technology sectors (high-technology manufacturing and knowledge-intensive high-technology services),PC_EMP,Percentage of total employment,T,Total,LT,Lithuania,2015,,2.3,,,,,
dataflow,ESTAT:HTEC_EMP_REG2(1.0),Employed persons in technology and knowledge-intensive sectors by NACE Rev. 2 activity and NUTS 2 region (2008-2026),A,Annual,HTC,High-technology sectors (high-technology manufacturing and knowledge-intensive high-technology services),PC_EMP,Percentage of total employment,T,Total,LT,Lithuania,2016,,2.5,,,,,
dataflow,ESTAT:HTEC_EMP_REG2(1.0),Employed persons in technology and knowledge-intensive sectors by NACE Rev. 2 activity and NUTS 2 region (2008-2026),A,Annual,HTC,High-technology sectors (high-technology manufacturing and knowledge-intensive high-technology services),PC_EMP,Percentage of total employment,T,Total,LT,Lithuania,2017,,2.5,,,,,
dataflow,ESTAT:HTEC_EMP_REG2(1.0),Employed persons in technology and knowledge-intensive sectors by NACE Rev. 2 activity and NUTS 2 region (2008-2026),A,Annual,HTC,High-technology sectors (high-technology manufacturing and knowledge-intensive high-technology services),PC_EMP,Percentage of total employment,T,Total,LT,Lithuania,2018,,2.9,,,,,
dataflow,ESTAT:HTEC_EMP_REG2(1.0),Employed persons in technology and knowledge-intensive sectors by NACE Rev. 2 activity and NUTS 2 region (2008-2026),A,Annual,HTC,High-technology sectors (high-technology manufacturing and knowledge-intensive high-technology services),PC_EMP,Percentage of total employment,T,Total,LT,Lithuania,2019,,3.2,,,,,
dataflow,ESTAT:HTEC_EMP_REG2(1.0),Employed persons in technology and knowledge-intensive sectors by NACE Rev. 2 activity and NUTS 2 region (2008-2026),A,Annual,HTC,High-technology sectors (high-technology manufacturing and knowledge-intensive high-technology services),PC_EMP,Percentage of total employment,T,Total,LT,Lithuania,2020,,3.3,,,,,
dataflow,ESTAT:HTEC_EMP_REG2(1.0),Employed persons in technology and knowledge-intensive sectors by NACE Rev. 2 activity and NUTS 2 region (2008-2026),A,Annual,HTC,High-technology sectors (high-technology manufacturing and knowledge-intensive high-technology services),PC_EMP,Percentage of total employment,T,Total,LT,Lithuania,2021,,4.3,,b,break in time series,,
dataflow,ESTAT:HTEC_EMP_REG2(1.0),Employed persons in technology and knowledge-intensive sectors by NACE Rev. 2 activity and NUTS 2 region (2008-2026),A,Annual,HTC,High-technology sectors (high-technology manufacturing and knowledge-intensive high-technology services),PC_EMP,Percentage of total employment,T,Total,LT,Lithuania,2022,,4.6,,,,,
dataflow,ESTAT:HTEC_EMP_REG2(1.0),Employed persons in technology and knowledge-intensive sectors by NACE Rev. 2 activity and NUTS 2 region (2008-2026),A,Annual,HTC,High-technology sectors (high-technology manufacturing and knowledge-intensive high-technology services),PC_EMP,Percentage of total employment,T,Total,LT,Lithuania,2023,,4.9,,,,,
dataflow,ESTAT:HTEC_EMP_REG2(1.0),Employed persons in technology and knowledge-intensive sectors by NACE Rev. 2 activity and NUTS 2 region (2008-2026),A,Annual,HTC,High-technology sectors (high-technology manufacturing and knowledge-intensive high-technology services),PC_EMP,Percentage of total employment,T,Total,LT,Lithuania,2024,,5.5,,,,,
dataflow,ESTAT:HTEC_EMP_REG2(1.0),Employed persons in technology and knowledge-intensive sectors by NACE Rev. 2 activity and NUTS 2 region (2008-2026),A,Annual,HTC,High-technology sectors (high-technology manufacturing and knowledge-intensive high-technology services),PC_EMP,Percentage of total employment,T,Total,LT,Lithuania,2025,,5.7,,,,,
dataflow,ESTAT:HTEC_EMP_REG2(1.0),Employed persons in technology and knowledge-intensive sectors by NACE Rev. 2 activity and NUTS 2 region (2008-2026),A,Annual,HTC,High-technology sectors (high-technology manufacturing and knowledge-intensive high-technology services),PC_EMP,Percentage of total employment,T,Total,LU,Luxembourg,2010,,4.1,,,,,
dataflow,ESTAT:HTEC_EMP_REG2(1.0),Employed persons in technology and knowledge-intensive sectors by NACE Rev. 2 activity and NUTS 2 region (2008-2026),A,Annual,HTC,High-technology sectors (high-technology manufacturing and knowledge-intensive high-technology services),PC_EMP,Percentage of total employment,T,Total,LU,Luxembourg,2011,,3.8,,,,,
dataflow,ESTAT:HTEC_EMP_REG2(1.0),Employed persons in technology and knowledge-intensive sectors by NACE Rev. 2 activity and NUTS 2 region (2008-2026),A,Annual,HTC,High-technology sectors (high-technology manufacturing and knowledge-intensive high-technology services),PC_EMP,Percentage of total employment,T,Total,LU,Luxembourg,2012,,4.2,,,,,
dataflow,ESTAT:HTEC_EMP_REG2(1.0),Employed persons in technology and knowledge-intensive sectors by NACE Rev. 2 activity and NUTS 2 region (2008-2026),A,Annual,HTC,High-technology sectors (high-technology manufacturing and knowledge-intensive high-technology services),PC_EMP,Percentage of total employment,T,Total,LU,Luxembourg,2013,,4.0,,,,,
dataflow,ESTAT:HTEC_EMP_REG2(1.0),Employed persons in technology and knowledge-intensive sectors by NACE Rev. 2 activity and NUTS 2 region (2008-2026),A,Annual,HTC,High-technology sectors (high-technology manufacturing and knowledge-intensive high-technology services),PC_EMP,Percentage of total employment,T,Total,LU,Luxembourg,2014,,4.3,,,,,
dataflow,ESTAT:HTEC_EMP_REG2(1.0),Employed persons in technology and knowledge-intensive sectors by NACE Rev. 2 activity and NUTS 2 region (2008-2026),A,Annual,HTC,High-technology sectors (high-technology manufacturing and knowledge-intensive high-technology services),PC_EMP,Percentage of total employment,T,Total,LU,Luxembourg,2015,,3.9,,b,break in time series,,
dataflow,ESTAT:HTEC_EMP_REG2(1.0),Employed persons in technology and knowledge-intensive sectors by NACE Rev. 2 activity and NUTS 2 region (2008-2026),A,Annual,HTC,High-technology sectors (high-technology manufacturing and knowledge-intensive high-technology services),PC_EMP,Percentage of total employment,T,Total,LU,Luxembourg,2016,,3.6,,,,,
dataflow,ESTAT:HTEC_EMP_REG2(1.0),Employed persons in technology and knowledge-intensive sectors by NACE Rev. 2 activity and NUTS 2 region (2008-2026),A,Annual,HTC,High-technology sectors (high-technology manufacturing and knowledge-intensive high-technology services),PC_EMP,Percentage of total employment,T,Total,LU,Luxembourg,2017,,3.8,,,,,
dataflow,ESTAT:HTEC_EMP_REG2(1.0),Employed persons in technology and knowledge-intensive sectors by NACE Rev. 2 activity and NUTS 2 region (2008-2026),A,Annual,HTC,High-technology sectors (high-technology manufacturing and knowledge-intensive high-technology services),PC_EMP,Percentage of total employment,T,Total,LU,Luxembourg,2018,,4.2,,,,,
dataflow,ESTAT:HTEC_EMP_REG2(1.0),Employed persons in technology and knowledge-intensive sectors by NACE Rev. 2 activity and NUTS 2 region (2008-2026),A,Annual,HTC,High-technology sectors (high-technology manufacturing and knowledge-intensive high-technology services),PC_EMP,Percentage of total employment,T,Total,LU,Luxembourg,2019,,4.3,,,,,
dataflow,ESTAT:HTEC_EMP_REG2(1.0),Employed persons in technology and knowledge-intensive sectors by NACE Rev. 2 activity and NUTS 2 region (2008-2026),A,Annual,HTC,High-technology sectors (high-technology manufacturing and knowledge-intensive high-technology services),PC_EMP,Percentage of total employment,T,Total,LU,Luxembourg,2020,,4.3,,,,,
dataflow,ESTAT:HTEC_EMP_REG2(1.0),Employed persons in technology and knowledge-intensive sectors by NACE Rev. 2 activity and NUTS 2 region (2008-2026),A,Annual,HTC,High-technology sectors (high-technology manufacturing and knowledge-intensive high-technology services),PC_EMP,Percentage of total employment,T,Total,LU,Luxembourg,2021,,5.0,,b,break in time series,,
dataflow,ESTAT:HTEC_EMP_REG2(1.0),Employed persons in technology and knowledge-intensive sectors by NACE Rev. 2 activity and NUTS 2 region (2008-2026),A,Annual,HTC,High-technology sectors (high-technology manufacturing and knowledge-intensive high-technology services),PC_EMP,Percentage of total employment,T,Total,LU,Luxembourg,2022,,6.0,,,,,
dataflow,ESTAT:HTEC_EMP_REG2(1.0),Employed persons in technology and knowledge-intensive sectors by NACE Rev. 2 activity and NUTS 2 region (2008-2026),A,Annual,HTC,High-technology sectors (high-technology manufacturing and knowledge-intensive high-technology services),PC_EMP,Percentage of total employment,T,Total,LU,Luxembourg,2023,,5.9,,,,,
dataflow,ESTAT:HTEC_EMP_REG2(1.0),Employed persons in technology and knowledge-intensive sectors by NACE Rev. 2 activity and NUTS 2 region (2008-2026),A,Annual,HTC,High-technology sectors (high-technology manufacturing and knowledge-intensive high-technology services),PC_EMP,Percentage of total employment,T,Total,LU,Luxembourg,2024,,5.5,,,,,
dataflow,ESTAT:HTEC_EMP_REG2(1.0),Employed persons in technology and knowledge-intensive sectors by NACE Rev. 2 activity and NUTS 2 region (2008-2026),A,Annual,HTC,High-technology sectors (high-technology manufacturing and knowledge-intensive high-technology services),PC_EMP,Percentage of total employment,T,Total,LU,Luxembourg,2025,,5.2,,,,,
dataflow,ESTAT:HTEC_EMP_REG2(1.0),Employed persons in technology and knowledge-intensive sectors by NACE Rev. 2 activity and NUTS 2 region (2008-2026),A,Annual,HTC,High-technology sectors (high-technology manufacturing and knowledge-intensive high-technology services),PC_EMP,Percentage of total employment,T,Total,LV,Latvia,2010,,3.2,,,,,
dataflow,ESTAT:HTEC_EMP_REG2(1.0),Employed persons in technology and knowledge-intensive sectors by NACE Rev. 2 activity and NUTS 2 region (2008-2026),A,Annual,HTC,High-technology sectors (high-technology manufacturing and knowledge-intensive high-technology services),PC_EMP,Percentage of total employment,T,Total,LV,Latvia,2011,,3.0,,,,,
dataflow,ESTAT:HTEC_EMP_REG2(1.0),Employed persons in technology and knowledge-intensive sectors by NACE Rev. 2 activity and NUTS 2 region (2008-2026),A,Annual,HTC,High-technology sectors (high-technology manufacturing and knowledge-intensive high-technology services),PC_EMP,Percentage of total employment,T,Total,LV,Latvia,2012,,2.5,,,,,
dataflow,ESTAT:HTEC_EMP_REG2(1.0),Employed persons in technology and knowledge-intensive sectors by NACE Rev. 2 activity and NUTS 2 region (2008-2026),A,Annual,HTC,High-technology sectors (high-technology manufacturing and knowledge-intensive high-technology services),PC_EMP,Percentage of total employment,T,Total,LV,Latvia,2013,,3.1,,,,,
dataflow,ESTAT:HTEC_EMP_REG2(1.0),Employed persons in technology and knowledge-intensive sectors by NACE Rev. 2 activity and NUTS 2 region (2008-2026),A,Annual,HTC,High-technology sectors (high-technology manufacturing and knowledge-intensive high-technology services),PC_EMP,Percentage of total employment,T,Total,LV,Latvia,2014,,3.4,,,,,
dataflow,ESTAT:HTEC_EMP_REG2(1.0),Employed persons in technology and knowledge-intensive sectors by NACE Rev. 2 activity and NUTS 2 region (2008-2026),A,Annual,HTC,High-technology sectors (high-technology manufacturing and knowledge-intensive high-technology services),PC_EMP,Percentage of total employment,T,Total,LV,Latvia,2015,,3.3,,,,,
dataflow,ESTAT:HTEC_EMP_REG2(1.0),Employed persons in technology and knowledge-intensive sectors by NACE Rev. 2 activity and NUTS 2 region (2008-2026),A,Annual,HTC,High-technology sectors (high-technology manufacturing and knowledge-intensive high-technology services),PC_EMP,Percentage of total employment,T,Total,LV,Latvia,2016,,3.1,,,,,
dataflow,ESTAT:HTEC_EMP_REG2(1.0),Employed persons in technology and knowledge-intensive sectors by NACE Rev. 2 activity and NUTS 2 region (2008-2026),A,Annual,HTC,High-technology sectors (high-technology manufacturing and knowledge-intensive high-technology services),PC_EMP,Percentage of total employment,T,Total,LV,Latvia,2017,,3.6,,,,,
dataflow,ESTAT:HTEC_EMP_REG2(1.0),Employed persons in technology and knowledge-intensive sectors by NACE Rev. 2 activity and NUTS 2 region (2008-2026),A,Annual,HTC,High-technology sectors (high-technology manufacturing and knowledge-intensive high-technology services),PC_EMP,Percentage of total employment,T,Total,LV,Latvia,2018,,3.5,,,,,
dataflow,ESTAT:HTEC_EMP_REG2(1.0),Employed persons in technology and knowledge-intensive sectors by NACE Rev. 2 activity and NUTS 2 region (2008-2026),A,Annual,HTC,High-technology sectors (high-technology manufacturing and knowledge-intensive high-technology services),PC_EMP,Percentage of total employment,T,Total,LV,Latvia,2019,,3.3,,,,,
dataflow,ESTAT:HTEC_EMP_REG2(1.0),Employed persons in technology and knowledge-intensive sectors by NACE Rev. 2 activity and NUTS 2 region (2008-2026),A,Annual,HTC,High-technology sectors (high-technology manufacturing and knowledge-intensive high-technology services),PC_EMP,Percentage of total employment,T,Total,LV,Latvia,2020,,4.0,,,,,
dataflow,ESTAT:HTEC_EMP_REG2(1.0),Employed persons in technology and knowledge-intensive sectors by NACE Rev. 2 activity and NUTS 2 region (2008-2026),A,Annual,HTC,High-technology sectors (high-technology manufacturing and knowledge-intensive high-technology services),PC_EMP,Percentage of total employment,T,Total,LV,Latvia,2021,,4.5,,b,break in time series,,
dataflow,ESTAT:HTEC_EMP_REG2(1.0),Employed persons in technology and knowledge-intensive sectors by NACE Rev. 2 activity and NUTS 2 region (2008-2026),A,Annual,HTC,High-technology sectors (high-technology manufacturing and knowledge-intensive high-technology services),PC_EMP,Percentage of total employment,T,Total,LV,Latvia,2022,,5.3,,,,,
dataflow,ESTAT:HTEC_EMP_REG2(1.0),Employed persons in technology and knowledge-intensive sectors by NACE Rev. 2 activity and NUTS 2 region (2008-2026),A,Annual,HTC,High-technology sectors (high-technology manufacturing and knowledge-intensive high-technology services),PC_EMP,Percentage of total employment,T,Total,LV,Latvia,2023,,5.2,,,,,
dataflow,ESTAT:HTEC_EMP_REG2(1.0),Employed persons in technology and knowledge-intensive sectors by NACE Rev. 2 activity and NUTS 2 region (2008-2026),A,Annual,HTC,High-technology sectors (high-technology manufacturing and knowledge-intensive high-technology services),PC_EMP,Percentage of total employment,T,Total,LV,Latvia,2024,,5.5,,,,,
dataflow,ESTAT:HTEC_EMP_REG2(1.0),Employed persons in technology and knowledge-intensive sectors by NACE Rev. 2 activity and NUTS 2 region (2008-2026),A,Annual,HTC,High-technology sectors (high-technology manufacturing and knowledge-intensive high-technology services),PC_EMP,Percentage of total employment,T,Total,LV,Latvia,2025,,5.3,,,,,
dataflow,ESTAT:HTEC_EMP_REG2(1.0),Employed persons in technology and knowledge-intensive sectors by NACE Rev. 2 activity and NUTS 2 region (2008-2026),A,Annual,HTC,High-technology sectors (high-technology manufacturing and knowledge-intensive high-technology services),PC_EMP,Percentage of total employment,T,Total,ME,Montenegro,2011,,2.5,,,,,
dataflow,ESTAT:HTEC_EMP_REG2(1.0),Employed persons in technology and knowledge-intensive sectors by NACE Rev. 2 activity and NUTS 2 region (2008-2026),A,Annual,HTC,High-technology sectors (high-technology manufacturing and knowledge-intensive high-technology services),PC_EMP,Percentage of total employment,T,Total,ME,Montenegro,2012,,2.6,,,,,
dataflow,ESTAT:HTEC_EMP_REG2(1.0),Employed persons in technology and knowledge-intensive sectors by NACE Rev. 2 activity and NUTS 2 region (2008-2026),A,Annual,HTC,High-technology sectors (high-technology manufacturing and knowledge-intensive high-technology services),PC_EMP,Percentage of total employment,T,Total,ME,Montenegro,2013,,2.2,,,,,
dataflow,ESTAT:HTEC_EMP_REG2(1.0),Employed persons in technology and knowledge-intensive sectors by NACE Rev. 2 activity and NUTS 2 region (2008-2026),A,Annual,HTC,High-technology sectors (high-technology manufacturing and knowledge-intensive high-technology services),PC_EMP,Percentage of total employment,T,Total,ME,Montenegro,2014,,2.5,,,,,
dataflow,ESTAT:HTEC_EMP_REG2(1.0),Employed persons in technology and knowledge-intensive sectors by NACE Rev. 2 activity and NUTS 2 region (2008-2026),A,Annual,HTC,High-technology sectors (high-technology manufacturing and knowledge-intensive high-technology services),PC_EMP,Percentage of total employment,T,Total,ME,Montenegro,2015,,2.4,,,,,
dataflow,ESTAT:HTEC_EMP_REG2(1.0),Employed persons in technology and knowledge-intensive sectors by NACE Rev. 2 activity and NUTS 2 region (2008-2026),A,Annual,HTC,High-technology sectors (high-technology manufacturing and knowledge-intensive high-technology services),PC_EMP,Percentage of total employment,T,Total,ME,Montenegro,2016,,1.9,,,,,
dataflow,ESTAT:HTEC_EMP_REG2(1.0),Employed persons in technology and knowledge-intensive sectors by NACE Rev. 2 activity and NUTS 2 region (2008-2026),A,Annual,HTC,High-technology sectors (high-technology manufacturing and knowledge-intensive high-technology services),PC_EMP,Percentage of total employment,T,Total,ME,Montenegro,2017,,2.1,,,,,
dataflow,ESTAT:HTEC_EMP_REG2(1.0),Employed persons in technology and knowledge-intensive sectors by NACE Rev. 2 activity and NUTS 2 region (2008-2026),A,Annual,HTC,High-technology sectors (high-technology manufacturing and knowledge-intensive high-technology services),PC_EMP,Percentage of total employment,T,Total,ME,Montenegro,2018,,2.3,,,,,
dataflow,ESTAT:HTEC_EMP_REG2(1.0),Employed persons in technology and knowledge-intensive sectors by NACE Rev. 2 activity and NUTS 2 region (2008-2026),A,Annual,HTC,High-technology sectors (high-technology manufacturing and knowledge-intensive high-technology services),PC_EMP,Percentage of total employment,T,Total,ME,Montenegro,2019,,2.3,,,,,
dataflow,ESTAT:HTEC_EMP_REG2(1.0),Employed persons in technology and knowledge-intensive sectors by NACE Rev. 2 activity and NUTS 2 region (2008-2026),A,Annual,HTC,High-technology sectors (high-technology manufacturing and knowledge-intensive high-technology services),PC_EMP,Percentage of total employment,T,Total,ME,Montenegro,2020,,2.6,,,,,
dataflow,ESTAT:HTEC_EMP_REG2(1.0),Employed persons in technology and knowledge-intensive sectors by NACE Rev. 2 activity and NUTS 2 region (2008-2026),A,Annual,HTC,High-technology sectors (high-technology manufacturing and knowledge-intensive high-technology services),PC_EMP,Percentage of total employment,T,Total,MK,North Macedonia,2011,,1.9,,,,,
dataflow,ESTAT:HTEC_EMP_REG2(1.0),Employed persons in technology and knowledge-intensive sectors by NACE Rev. 2 activity and NUTS 2 region (2008-2026),A,Annual,HTC,High-technology sectors (high-technology manufacturing and knowledge-intensive high-technology services),PC_EMP,Percentage of total employment,T,Total,MK,North Macedonia,2012,,2.0,,,,,
dataflow,ESTAT:HTEC_EMP_REG2(1.0),Employed persons in technology and knowledge-intensive sectors by NACE Rev. 2 activity and NUTS 2 region (2008-2026),A,Annual,HTC,High-technology sectors (high-technology manufacturing and knowledge-intensive high-technology services),PC_EMP,Percentage of total employment,T,Total,MK,North Macedonia,2013,,1.9,,,,,
dataflow,ESTAT:HTEC_EMP_REG2(1.0),Employed persons in technology and knowledge-intensive sectors by NACE Rev. 2 activity and NUTS 2 region (2008-2026),A,Annual,HTC,High-technology sectors (high-technology manufacturing and knowledge-intensive high-technology services),PC_EMP,Percentage of total employment,T,Total,MK,North Macedonia,2014,,2.1,,,,,
dataflow,ESTAT:HTEC_EMP_REG2(1.0),Employed persons in technology and knowledge-intensive sectors by NACE Rev. 2 activity and NUTS 2 region (2008-2026),A,Annual,HTC,High-technology sectors (high-technology manufacturing and knowledge-intensive high-technology services),PC_EMP,Percentage of total employment,T,Total,MK,North Macedonia,2015,,2.1,,,,,
dataflow,ESTAT:HTEC_EMP_REG2(1.0),Employed persons in technology and knowledge-intensive sectors by NACE Rev. 2 activity and NUTS 2 region (2008-2026),A,Annual,HTC,High-technology sectors (high-technology manufacturing and knowledge-intensive high-technology services),PC_EMP,Percentage of total employment,T,Total,MK,North Macedonia,2016,,2.1,,,,,
dataflow,ESTAT:HTEC_EMP_REG2(1.0),Employed persons in technology and knowledge-intensive sectors by NACE Rev. 2 activity and NUTS 2 region (2008-2026),A,Annual,HTC,High-technology sectors (high-technology manufacturing and knowledge-intensive high-technology services),PC_EMP,Percentage of total employment,T,Total,MK,North Macedonia,2017,,2.2,,,,,
dataflow,ESTAT:HTEC_EMP_REG2(1.0),Employed persons in technology and knowledge-intensive sectors by NACE Rev. 2 activity and NUTS 2 region (2008-2026),A,Annual,HTC,High-technology sectors (high-technology manufacturing and knowledge-intensive high-technology services),PC_EMP,Percentage of total employment,T,Total,MK,North Macedonia,2018,,2.1,,,,,
dataflow,ESTAT:HTEC_EMP_REG2(1.0),Employed persons in technology and knowledge-intensive sectors by NACE Rev. 2 activity and NUTS 2 region (2008-2026),A,Annual,HTC,High-technology sectors (high-technology manufacturing and knowledge-intensive high-technology services),PC_EMP,Percentage of total employment,T,Total,MK,North Macedonia,2019,,2.5,,,,,
dataflow,ESTAT:HTEC_EMP_REG2(1.0),Employed persons in technology and knowledge-intensive sectors by NACE Rev. 2 activity and NUTS 2 region (2008-2026),A,Annual,HTC,High-technology sectors (high-technology manufacturing and knowledge-intensive high-technology services),PC_EMP,Percentage of total employment,T,Total,MK,North Macedonia,2020,,2.9,,,,,
dataflow,ESTAT:HTEC_EMP_REG2(1.0),Employed persons in technology and knowledge-intensive sectors by NACE Rev. 2 activity and NUTS 2 region (2008-2026),A,Annual,HTC,High-technology sectors (high-technology manufacturing and knowledge-intensive high-technology services),PC_EMP,Percentage of total employment,T,Total,MK,North Macedonia,2021,,3.4,,b,break in time series,,
dataflow,ESTAT:HTEC_EMP_REG2(1.0),Employed persons in technology and knowledge-intensive sectors by NACE Rev. 2 activity and NUTS 2 region (2008-2026),A,Annual,HTC,High-technology sectors (high-technology manufacturing and knowledge-intensive high-technology services),PC_EMP,Percentage of total employment,T,Total,MK,North Macedonia,2022,,3.8,,,,,
dataflow,ESTAT:HTEC_EMP_REG2(1.0),Employed persons in technology and knowledge-intensive sectors by NACE Rev. 2 activity and NUTS 2 region (2008-2026),A,Annual,HTC,High-technology sectors (high-technology manufacturing and knowledge-intensive high-technology services),PC_EMP,Percentage of total employment,T,Total,MK,North Macedonia,2023,,4.5,,,,,
dataflow,ESTAT:HTEC_EMP_REG2(1.0),Employed persons in technology and knowledge-intensive sectors by NACE Rev. 2 activity and NUTS 2 region (2008-2026),A,Annual,HTC,High-technology sectors (high-technology manufacturing and knowledge-intensive high-technology services),PC_EMP,Percentage of total employment,T,Total,MK,North Macedonia,2024,,4.4,,,,,
dataflow,ESTAT:HTEC_EMP_REG2(1.0),Employed persons in technology and knowledge-intensive sectors by NACE Rev. 2 activity and NUTS 2 region (2008-2026),A,Annual,HTC,High-technology sectors (high-technology manufacturing and knowledge-intensive high-technology services),PC_EMP,Percentage of total employment,T,Total,MK,North Macedonia,2025,,4.3,,,,,
dataflow,ESTAT:HTEC_EMP_REG2(1.0),Employed persons in technology and knowledge-intensive sectors by NACE Rev. 2 activity and NUTS 2 region (2008-2026),A,Annual,HTC,High-technology sectors (high-technology manufacturing and knowledge-intensive high-technology services),PC_EMP,Percentage of total employment,T,Total,MT,Malta,2010,,5.1,,,,,
dataflow,ESTAT:HTEC_EMP_REG2(1.0),Employed persons in technology and knowledge-intensive sectors by NACE Rev. 2 activity and NUTS 2 region (2008-2026),A,Annual,HTC,High-technology sectors (high-technology manufacturing and knowledge-intensive high-technology services),PC_EMP,Percentage of total employment,T,Total,MT,Malta,2011,,5.7,,,,,
dataflow,ESTAT:HTEC_EMP_REG2(1.0),Employed persons in technology and knowledge-intensive sectors by NACE Rev. 2 activity and NUTS 2 region (2008-2026),A,Annual,HTC,High-technology sectors (high-technology manufacturing and knowledge-intensive high-technology services),PC_EMP,Percentage of total employment,T,Total,MT,Malta,2012,,6.0,,,,,
dataflow,ESTAT:HTEC_EMP_REG2(1.0),Employed persons in technology and knowledge-intensive sectors by NACE Rev. 2 activity and NUTS 2 region (2008-2026),A,Annual,HTC,High-technology sectors (high-technology manufacturing and knowledge-intensive high-technology services),PC_EMP,Percentage of total employment,T,Total,MT,Malta,2013,,6.1,,,,,
dataflow,ESTAT:HTEC_EMP_REG2(1.0),Employed persons in technology and knowledge-intensive sectors by NACE Rev. 2 activity and NUTS 2 region (2008-2026),A,Annual,HTC,High-technology sectors (high-technology manufacturing and knowledge-intensive high-technology services),PC_EMP,Percentage of total employment,T,Total,MT,Malta,2014,,6.2,,,,,
dataflow,ESTAT:HTEC_EMP_REG2(1.0),Employed persons in technology and knowledge-intensive sectors by NACE Rev. 2 activity and NUTS 2 region (2008-2026),A,Annual,HTC,High-technology sectors (high-technology manufacturing and knowledge-intensive high-technology services),PC_EMP,Percentage of total employment,T,Total,MT,Malta,2015,,5.9,,,,,
dataflow,ESTAT:HTEC_EMP_REG2(1.0),Employed persons in technology and knowledge-intensive sectors by NACE Rev. 2 activity and NUTS 2 region (2008-2026),A,Annual,HTC,High-technology sectors (high-technology manufacturing and knowledge-intensive high-technology services),PC_EMP,Percentage of total employment,T,Total,MT,Malta,2016,,6.1,,,,,
dataflow,ESTAT:HTEC_EMP_REG2(1.0),Employed persons in technology and knowledge-intensive sectors by NACE Rev. 2 activity and NUTS 2 region (2008-2026),A,Annual,HTC,High-technology sectors (high-technology manufacturing and knowledge-intensive high-technology services),PC_EMP,Percentage of total employment,T,Total,MT,Malta,2017,,5.7,,,,,
dataflow,ESTAT:HTEC_EMP_REG2(1.0),Employed persons in technology and knowledge-intensive sectors by NACE Rev. 2 activity and NUTS 2 region (2008-2026),A,Annual,HTC,High-technology sectors (high-technology manufacturing and knowledge-intensive high-technology services),PC_EMP,Percentage of total employment,T,Total,MT,Malta,2018,,5.3,,,,,
dataflow,ESTAT:HTEC_EMP_REG2(1.0),Employed persons in technology and knowledge-intensive sectors by NACE Rev. 2 activity and NUTS 2 region (2008-2026),A,Annual,HTC,High-technology sectors (high-technology manufacturing and knowledge-intensive high-technology services),PC_EMP,Percentage of total employment,T,Total,MT,Malta,2019,,5.7,,,,,
dataflow,ESTAT:HTEC_EMP_REG2(1.0),Employed persons in technology and knowledge-intensive sectors by NACE Rev. 2 activity and NUTS 2 region (2008-2026),A,Annual,HTC,High-technology sectors (high-technology manufacturing and knowledge-intensive high-technology services),PC_EMP,Percentage of total employment,T,Total,MT,Malta,2020,,6.0,,,,,
dataflow,ESTAT:HTEC_EMP_REG2(1.0),Employed persons in technology and knowledge-intensive sectors by NACE Rev. 2 activity and NUTS 2 region (2008-2026),A,Annual,HTC,High-technology sectors (high-technology manufacturing and knowledge-intensive high-technology services),PC_EMP,Percentage of total employment,T,Total,MT,Malta,2021,,5.6,,b,break in time series,,
dataflow,ESTAT:HTEC_EMP_REG2(1.0),Employed persons in technology and knowledge-intensive sectors by NACE Rev. 2 activity and NUTS 2 region (2008-2026),A,Annual,HTC,High-technology sectors (high-technology manufacturing and knowledge-intensive high-technology services),PC_EMP,Percentage of total employment,T,Total,MT,Malta,2022,,6.2,,,,,
dataflow,ESTAT:HTEC_EMP_REG2(1.0),Employed persons in technology and knowledge-intensive sectors by NACE Rev. 2 activity and NUTS 2 region (2008-2026),A,Annual,HTC,High-technology sectors (high-technology manufacturing and knowledge-intensive high-technology services),PC_EMP,Percentage of total employment,T,Total,MT,Malta,2023,,6.5,,,,,
dataflow,ESTAT:HTEC_EMP_REG2(1.0),Employed persons in technology and knowledge-intensive sectors by NACE Rev. 2 activity and NUTS 2 region (2008-2026),A,Annual,HTC,High-technology sectors (high-technology manufacturing and knowledge-intensive high-technology services),PC_EMP,Percentage of total employment,T,Total,MT,Malta,2024,,6.2,,,,,
dataflow,ESTAT:HTEC_EMP_REG2(1.0),Employed persons in technology and knowledge-intensive sectors by NACE Rev. 2 activity and NUTS 2 region (2008-2026),A,Annual,HTC,High-technology sectors (high-technology manufacturing and knowledge-intensive high-technology services),PC_EMP,Percentage of total employment,T,Total,MT,Malta,2025,,5.7,,,,,
dataflow,ESTAT:HTEC_EMP_REG2(1.0),Employed persons in technology and knowledge-intensive sectors by NACE Rev. 2 activity and NUTS 2 region (2008-2026),A,Annual,HTC,High-technology sectors (high-technology manufacturing and knowledge-intensive high-technology services),PC_EMP,Percentage of total employment,T,Total,NL,Netherlands,2010,,3.9,,,,,
dataflow,ESTAT:HTEC_EMP_REG2(1.0),Employed persons in technology and knowledge-intensive sectors by NACE Rev. 2 activity and NUTS 2 region (2008-2026),A,Annual,HTC,High-technology sectors (high-technology manufacturing and knowledge-intensive high-technology services),PC_EMP,Percentage of total employment,T,Total,NL,Netherlands,2011,,3.8,,,,,
dataflow,ESTAT:HTEC_EMP_REG2(1.0),Employed persons in technology and knowledge-intensive sectors by NACE Rev. 2 activity and NUTS 2 region (2008-2026),A,Annual,HTC,High-technology sectors (high-technology manufacturing and knowledge-intensive high-technology services),PC_EMP,Percentage of total employment,T,Total,NL,Netherlands,2012,,3.8,,,,,
dataflow,ESTAT:HTEC_EMP_REG2(1.0),Employed persons in technology and knowledge-intensive sectors by NACE Rev. 2 activity and NUTS 2 region (2008-2026),A,Annual,HTC,High-technology sectors (high-technology manufacturing and knowledge-intensive high-technology services),PC_EMP,Percentage of total employment,T,Total,NL,Netherlands,2013,,3.6,,b,break in time series,,
dataflow,ESTAT:HTEC_EMP_REG2(1.0),Employed persons in technology and knowledge-intensive sectors by NACE Rev. 2 activity and NUTS 2 region (2008-2026),A,Annual,HTC,High-technology sectors (high-technology manufacturing and knowledge-intensive high-technology services),PC_EMP,Percentage of total employment,T,Total,NL,Netherlands,2014,,3.6,,,,,
dataflow,ESTAT:HTEC_EMP_REG2(1.0),Employed persons in technology and knowledge-intensive sectors by NACE Rev. 2 activity and NUTS 2 region (2008-2026),A,Annual,HTC,High-technology sectors (high-technology manufacturing and knowledge-intensive high-technology services),PC_EMP,Percentage of total employment,T,Total,NL,Netherlands,2015,,3.7,,,,,
dataflow,ESTAT:HTEC_EMP_REG2(1.0),Employed persons in technology and knowledge-intensive sectors by NACE Rev. 2 activity and NUTS 2 region (2008-2026),A,Annual,HTC,High-technology sectors (high-technology manufacturing and knowledge-intensive high-technology services),PC_EMP,Percentage of total employment,T,Total,NL,Netherlands,2016,,4.0,,,,,
dataflow,ESTAT:HTEC_EMP_REG2(1.0),Employed persons in technology and knowledge-intensive sectors by NACE Rev. 2 activity and NUTS 2 region (2008-2026),A,Annual,HTC,High-technology sectors (high-technology manufacturing and knowledge-intensive high-technology services),PC_EMP,Percentage of total employment,T,Total,NL,Netherlands,2017,,3.8,,,,,
dataflow,ESTAT:HTEC_EMP_REG2(1.0),Employed persons in technology and knowledge-intensive sectors by NACE Rev. 2 activity and NUTS 2 region (2008-2026),A,Annual,HTC,High-technology sectors (high-technology manufacturing and knowledge-intensive high-technology services),PC_EMP,Percentage of total employment,T,Total,NL,Netherlands,2018,,3.9,,,,,
dataflow,ESTAT:HTEC_EMP_REG2(1.0),Employed persons in technology and knowledge-intensive sectors by NACE Rev. 2 activity and NUTS 2 region (2008-2026),A,Annual,HTC,High-technology sectors (high-technology manufacturing and knowledge-intensive high-technology services),PC_EMP,Percentage of total employment,T,Total,NL,Netherlands,2019,,4.1,,,,,
dataflow,ESTAT:HTEC_EMP_REG2(1.0),Employed persons in technology and knowledge-intensive sectors by NACE Rev. 2 activity and NUTS 2 region (2008-2026),A,Annual,HTC,High-technology sectors (high-technology manufacturing and knowledge-intensive high-technology services),PC_EMP,Percentage of total employment,T,Total,NL,Netherlands,2020,,4.3,,,,,
dataflow,ESTAT:HTEC_EMP_REG2(1.0),Employed persons in technology and knowledge-intensive sectors by NACE Rev. 2 activity and NUTS 2 region (2008-2026),A,Annual,HTC,High-technology sectors (high-technology manufacturing and knowledge-intensive high-technology services),PC_EMP,Percentage of total employment,T,Total,NL,Netherlands,2021,,5.4,,b,break in time series,,
dataflow,ESTAT:HTEC_EMP_REG2(1.0),Employed persons in technology and knowledge-intensive sectors by NACE Rev. 2 activity and NUTS 2 region (2008-2026),A,Annual,HTC,High-technology sectors (high-technology manufacturing and knowledge-intensive high-technology services),PC_EMP,Percentage of total employment,T,Total,NL,Netherlands,2022,,5.6,,,,,
dataflow,ESTAT:HTEC_EMP_REG2(1.0),Employed persons in technology and knowledge-intensive sectors by NACE Rev. 2 activity and NUTS 2 region (2008-2026),A,Annual,HTC,High-technology sectors (high-technology manufacturing and knowledge-intensive high-technology services),PC_EMP,Percentage of total employment,T,Total,NL,Netherlands,2023,,5.6,,,,,
dataflow,ESTAT:HTEC_EMP_REG2(1.0),Employed persons in technology and knowledge-intensive sectors by NACE Rev. 2 activity and NUTS 2 region (2008-2026),A,Annual,HTC,High-technology sectors (high-technology manufacturing and knowledge-intensive high-technology services),PC_EMP,Percentage of total employment,T,Total,NL,Netherlands,2024,,5.5,,,,,
dataflow,ESTAT:HTEC_EMP_REG2(1.0),Employed persons in technology and knowledge-intensive sectors by NACE Rev. 2 activity and NUTS 2 region (2008-2026),A,Annual,HTC,High-technology sectors (high-technology manufacturing and knowledge-intensive high-technology services),PC_EMP,Percentage of total employment,T,Total,NL,Netherlands,2025,,5.4,,,,,
dataflow,ESTAT:HTEC_EMP_REG2(1.0),Employed persons in technology and knowledge-intensive sectors by NACE Rev. 2 activity and NUTS 2 region (2008-2026),A,Annual,HTC,High-technology sectors (high-technology manufacturing and knowledge-intensive high-technology services),PC_EMP,Percentage of total employment,T,Total,NO,Norway,2010,,3.7,,,,,
dataflow,ESTAT:HTEC_EMP_REG2(1.0),Employed persons in technology and knowledge-intensive sectors by NACE Rev. 2 activity and NUTS 2 region (2008-2026),A,Annual,HTC,High-technology sectors (high-technology manufacturing and knowledge-intensive high-technology services),PC_EMP,Percentage of total employment,T,Total,NO,Norway,2011,,3.8,,,,,
dataflow,ESTAT:HTEC_EMP_REG2(1.0),Employed persons in technology and knowledge-intensive sectors by NACE Rev. 2 activity and NUTS 2 region (2008-2026),A,Annual,HTC,High-technology sectors (high-technology manufacturing and knowledge-intensive high-technology services),PC_EMP,Percentage of total employment,T,Total,NO,Norway,2012,,3.8,,,,,
dataflow,ESTAT:HTEC_EMP_REG2(1.0),Employed persons in technology and knowledge-intensive sectors by NACE Rev. 2 activity and NUTS 2 region (2008-2026),A,Annual,HTC,High-technology sectors (high-technology manufacturing and knowledge-intensive high-technology services),PC_EMP,Percentage of total employment,T,Total,NO,Norway,2013,,3.8,,,,,
dataflow,ESTAT:HTEC_EMP_REG2(1.0),Employed persons in technology and knowledge-intensive sectors by NACE Rev. 2 activity and NUTS 2 region (2008-2026),A,Annual,HTC,High-technology sectors (high-technology manufacturing and knowledge-intensive high-technology services),PC_EMP,Percentage of total employment,T,Total,NO,Norway,2014,,4.0,,,,,
dataflow,ESTAT:HTEC_EMP_REG2(1.0),Employed persons in technology and knowledge-intensive sectors by NACE Rev. 2 activity and NUTS 2 region (2008-2026),A,Annual,HTC,High-technology sectors (high-technology manufacturing and knowledge-intensive high-technology services),PC_EMP,Percentage of total employment,T,Total,NO,Norway,2015,,4.0,,,,,
dataflow,ESTAT:HTEC_EMP_REG2(1.0),Employed persons in technology and knowledge-intensive sectors by NACE Rev. 2 activity and NUTS 2 region (2008-2026),A,Annual,HTC,High-technology sectors (high-technology manufacturing and knowledge-intensive high-technology services),PC_EMP,Percentage of total employment,T,Total,NO,Norway,2016,,3.9,,,,,
dataflow,ESTAT:HTEC_EMP_REG2(1.0),Employed persons in technology and knowledge-intensive sectors by NACE Rev. 2 activity and NUTS 2 region (2008-2026),A,Annual,HTC,High-technology sectors (high-technology manufacturing and knowledge-intensive high-technology services),PC_EMP,Percentage of total employment,T,Total,NO,Norway,2017,,4.1,,,,,
dataflow,ESTAT:HTEC_EMP_REG2(1.0),Employed persons in technology and knowledge-intensive sectors by NACE Rev. 2 activity and NUTS 2 region (2008-2026),A,Annual,HTC,High-technology sectors (high-technology manufacturing and knowledge-intensive high-technology services),PC_EMP,Percentage of total employment,T,Total,NO,Norway,2018,,4.2,,,,,
dataflow,ESTAT:HTEC_EMP_REG2(1.0),Employed persons in technology and knowledge-intensive sectors by NACE Rev. 2 activity and NUTS 2 region (2008-2026),A,Annual,HTC,High-technology sectors (high-technology manufacturing and knowledge-intensive high-technology services),PC_EMP,Percentage of total employment,T,Total,NO,Norway,2019,,4.2,,,,,
dataflow,ESTAT:HTEC_EMP_REG2(1.0),Employed persons in technology and knowledge-intensive sectors by NACE Rev. 2 activity and NUTS 2 region (2008-2026),A,Annual,HTC,High-technology sectors (high-technology manufacturing and knowledge-intensive high-technology services),PC_EMP,Percentage of total employment,T,Total,NO,Norway,2020,,4.4,,,,,
dataflow,ESTAT:HTEC_EMP_REG2(1.0),Employed persons in technology and knowledge-intensive sectors by NACE Rev. 2 activity and NUTS 2 region (2008-2026),A,Annual,HTC,High-technology sectors (high-technology manufacturing and knowledge-intensive high-technology services),PC_EMP,Percentage of total employment,T,Total,NO,Norway,2021,,4.7,,b,break in time series,,
dataflow,ESTAT:HTEC_EMP_REG2(1.0),Employed persons in technology and knowledge-intensive sectors by NACE Rev. 2 activity and NUTS 2 region (2008-2026),A,Annual,HTC,High-technology sectors (high-technology manufacturing and knowledge-intensive high-technology services),PC_EMP,Percentage of total employment,T,Total,NO,Norway,2022,,4.8,,,,,
dataflow,ESTAT:HTEC_EMP_REG2(1.0),Employed persons in technology and knowledge-intensive sectors by NACE Rev. 2 activity and NUTS 2 region (2008-2026),A,Annual,HTC,High-technology sectors (high-technology manufacturing and knowledge-intensive high-technology services),PC_EMP,Percentage of total employment,T,Total,NO,Norway,2023,,5.0,,,,,
dataflow,ESTAT:HTEC_EMP_REG2(1.0),Employed persons in technology and knowledge-intensive sectors by NACE Rev. 2 activity and NUTS 2 region (2008-2026),A,Annual,HTC,High-technology sectors (high-technology manufacturing and knowledge-intensive high-technology services),PC_EMP,Percentage of total employment,T,Total,NO,Norway,2024,,4.7,,,,,
dataflow,ESTAT:HTEC_EMP_REG2(1.0),Employed persons in technology and knowledge-intensive sectors by NACE Rev. 2 activity and NUTS 2 region (2008-2026),A,Annual,HTC,High-technology sectors (high-technology manufacturing and knowledge-intensive high-technology services),PC_EMP,Percentage of total employment,T,Total,NO,Norway,2025,,4.8,,,,,
dataflow,ESTAT:HTEC_EMP_REG2(1.0),Employed persons in technology and knowledge-intensive sectors by NACE Rev. 2 activity and NUTS 2 region (2008-2026),A,Annual,HTC,High-technology sectors (high-technology manufacturing and knowledge-intensive high-technology services),PC_EMP,Percentage of total employment,T,Total,PL,Poland,2010,,2.7,,b,break in time series,,
dataflow,ESTAT:HTEC_EMP_REG2(1.0),Employed persons in technology and knowledge-intensive sectors by NACE Rev. 2 activity and NUTS 2 region (2008-2026),A,Annual,HTC,High-technology sectors (high-technology manufacturing and knowledge-intensive high-technology services),PC_EMP,Percentage of total employment,T,Total,PL,Poland,2011,,2.7,,,,,
dataflow,ESTAT:HTEC_EMP_REG2(1.0),Employed persons in technology and knowledge-intensive sectors by NACE Rev. 2 activity and NUTS 2 region (2008-2026),A,Annual,HTC,High-technology sectors (high-technology manufacturing and knowledge-intensive high-technology services),PC_EMP,Percentage of total employment,T,Total,PL,Poland,2012,,2.9,,,,,
dataflow,ESTAT:HTEC_EMP_REG2(1.0),Employed persons in technology and knowledge-intensive sectors by NACE Rev. 2 activity and NUTS 2 region (2008-2026),A,Annual,HTC,High-technology sectors (high-technology manufacturing and knowledge-intensive high-technology services),PC_EMP,Percentage of total employment,T,Total,PL,Poland,2013,,2.9,,,,,
dataflow,ESTAT:HTEC_EMP_REG2(1.0),Employed persons in technology and knowledge-intensive sectors by NACE Rev. 2 activity and NUTS 2 region (2008-2026),A,Annual,HTC,High-technology sectors (high-technology manufacturing and knowledge-intensive high-technology services),PC_EMP,Percentage of total employment,T,Total,PL,Poland,2014,,3.0,,,,,
dataflow,ESTAT:HTEC_EMP_REG2(1.0),Employed persons in technology and knowledge-intensive sectors by NACE Rev. 2 activity and NUTS 2 region (2008-2026),A,Annual,HTC,High-technology sectors (high-technology manufacturing and knowledge-intensive high-technology services),PC_EMP,Percentage of total employment,T,Total,PL,Poland,2015,,3.0,,,,,
dataflow,ESTAT:HTEC_EMP_REG2(1.0),Employed persons in technology and knowledge-intensive sectors by NACE Rev. 2 activity and NUTS 2 region (2008-2026),A,Annual,HTC,High-technology sectors (high-technology manufacturing and knowledge-intensive high-technology services),PC_EMP,Percentage of total employment,T,Total,PL,Poland,2016,,2.9,,b,break in time series,,
dataflow,ESTAT:HTEC_EMP_REG2(1.0),Employed persons in technology and knowledge-intensive sectors by NACE Rev. 2 activity and NUTS 2 region (2008-2026),A,Annual,HTC,High-technology sectors (high-technology manufacturing and knowledge-intensive high-technology services),PC_EMP,Percentage of total employment,T,Total,PL,Poland,2017,,3.0,,,,,
dataflow,ESTAT:HTEC_EMP_REG2(1.0),Employed persons in technology and knowledge-intensive sectors by NACE Rev. 2 activity and NUTS 2 region (2008-2026),A,Annual,HTC,High-technology sectors (high-technology manufacturing and knowledge-intensive high-technology services),PC_EMP,Percentage of total employment,T,Total,PL,Poland,2018,,3.2,,,,,
dataflow,ESTAT:HTEC_EMP_REG2(1.0),Employed persons in technology and knowledge-intensive sectors by NACE Rev. 2 activity and NUTS 2 region (2008-2026),A,Annual,HTC,High-technology sectors (high-technology manufacturing and knowledge-intensive high-technology services),PC_EMP,Percentage of total employment,T,Total,PL,Poland,2019,,3.5,,b,break in time series,,
dataflow,ESTAT:HTEC_EMP_REG2(1.0),Employed persons in technology and knowledge-intensive sectors by NACE Rev. 2 activity and NUTS 2 region (2008-2026),A,Annual,HTC,High-technology sectors (high-technology manufacturing and knowledge-intensive high-technology services),PC_EMP,Percentage of total employment,T,Total,PL,Poland,2020,,3.5,,,,,
dataflow,ESTAT:HTEC_EMP_REG2(1.0),Employed persons in technology and knowledge-intensive sectors by NACE Rev. 2 activity and NUTS 2 region (2008-2026),A,Annual,HTC,High-technology sectors (high-technology manufacturing and knowledge-intensive high-technology services),PC_EMP,Percentage of total employment,T,Total,PL,Poland,2021,,3.7,,b,break in time series,,
dataflow,ESTAT:HTEC_EMP_REG2(1.0),Employed persons in technology and knowledge-intensive sectors by NACE Rev. 2 activity and NUTS 2 region (2008-2026),A,Annual,HTC,High-technology sectors (high-technology manufacturing and knowledge-intensive high-technology services),PC_EMP,Percentage of total employment,T,Total,PL,Poland,2022,,3.7,,,,,
dataflow,ESTAT:HTEC_EMP_REG2(1.0),Employed persons in technology and knowledge-intensive sectors by NACE Rev. 2 activity and NUTS 2 region (2008-2026),A,Annual,HTC,High-technology sectors (high-technology manufacturing and knowledge-intensive high-technology services),PC_EMP,Percentage of total employment,T,Total,PL,Poland,2023,,4.3,,,,,
dataflow,ESTAT:HTEC_EMP_REG2(1.0),Employed persons in technology and knowledge-intensive sectors by NACE Rev. 2 activity and NUTS 2 region (2008-2026),A,Annual,HTC,High-technology sectors (high-technology manufacturing and knowledge-intensive high-technology services),PC_EMP,Percentage of total employment,T,Total,PL,Poland,2024,,4.7,,,,,
dataflow,ESTAT:HTEC_EMP_REG2(1.0),Employed persons in technology and knowledge-intensive sectors by NACE Rev. 2 activity and NUTS 2 region (2008-2026),A,Annual,HTC,High-technology sectors (high-technology manufacturing and knowledge-intensive high-technology services),PC_EMP,Percentage of total employment,T,Total,PL,Poland,2025,,4.8,,,,,
dataflow,ESTAT:HTEC_EMP_REG2(1.0),Employed persons in technology and knowledge-intensive sectors by NACE Rev. 2 activity and NUTS 2 region (2008-2026),A,Annual,HTC,High-technology sectors (high-technology manufacturing and knowledge-intensive high-technology services),PC_EMP,Percentage of total employment,T,Total,PT,Portugal,2010,,2.3,,,,,
dataflow,ESTAT:HTEC_EMP_REG2(1.0),Employed persons in technology and knowledge-intensive sectors by NACE Rev. 2 activity and NUTS 2 region (2008-2026),A,Annual,HTC,High-technology sectors (high-technology manufacturing and knowledge-intensive high-technology services),PC_EMP,Percentage of total employment,T,Total,PT,Portugal,2011,,2.1,,b,break in time series,,
dataflow,ESTAT:HTEC_EMP_REG2(1.0),Employed persons in technology and knowledge-intensive sectors by NACE Rev. 2 activity and NUTS 2 region (2008-2026),A,Annual,HTC,High-technology sectors (high-technology manufacturing and knowledge-intensive high-technology services),PC_EMP,Percentage of total employment,T,Total,PT,Portugal,2012,,2.2,,,,,
dataflow,ESTAT:HTEC_EMP_REG2(1.0),Employed persons in technology and knowledge-intensive sectors by NACE Rev. 2 activity and NUTS 2 region (2008-2026),A,Annual,HTC,High-technology sectors (high-technology manufacturing and knowledge-intensive high-technology services),PC_EMP,Percentage of total employment,T,Total,PT,Portugal,2013,,2.5,,,,,
dataflow,ESTAT:HTEC_EMP_REG2(1.0),Employed persons in technology and knowledge-intensive sectors by NACE Rev. 2 activity and NUTS 2 region (2008-2026),A,Annual,HTC,High-technology sectors (high-technology manufacturing and knowledge-intensive high-technology services),PC_EMP,Percentage of total employment,T,Total,PT,Portugal,2014,,2.8,,,,,
dataflow,ESTAT:HTEC_EMP_REG2(1.0),Employed persons in technology and knowledge-intensive sectors by NACE Rev. 2 activity and NUTS 2 region (2008-2026),A,Annual,HTC,High-technology sectors (high-technology manufacturing and knowledge-intensive high-technology services),PC_EMP,Percentage of total employment,T,Total,PT,Portugal,2015,,2.8,,,,,
dataflow,ESTAT:HTEC_EMP_REG2(1.0),Employed persons in technology and knowledge-intensive sectors by NACE Rev. 2 activity and NUTS 2 region (2008-2026),A,Annual,HTC,High-technology sectors (high-technology manufacturing and knowledge-intensive high-technology services),PC_EMP,Percentage of total employment,T,Total,PT,Portugal,2016,,2.8,,,,,
dataflow,ESTAT:HTEC_EMP_REG2(1.0),Employed persons in technology and knowledge-intensive sectors by NACE Rev. 2 activity and NUTS 2 region (2008-2026),A,Annual,HTC,High-technology sectors (high-technology manufacturing and knowledge-intensive high-technology services),PC_EMP,Percentage of total employment,T,Total,PT,Portugal,2017,,2.9,,,,,
dataflow,ESTAT:HTEC_EMP_REG2(1.0),Employed persons in technology and knowledge-intensive sectors by NACE Rev. 2 activity and NUTS 2 region (2008-2026),A,Annual,HTC,High-technology sectors (high-technology manufacturing and knowledge-intensive high-technology services),PC_EMP,Percentage of total employment,T,Total,PT,Portugal,2018,,3.0,,,,,
dataflow,ESTAT:HTEC_EMP_REG2(1.0),Employed persons in technology and knowledge-intensive sectors by NACE Rev. 2 activity and NUTS 2 region (2008-2026),A,Annual,HTC,High-technology sectors (high-technology manufacturing and knowledge-intensive high-technology services),PC_EMP,Percentage of total employment,T,Total,PT,Portugal,2019,,3.3,,,,,
dataflow,ESTAT:HTEC_EMP_REG2(1.0),Employed persons in technology and knowledge-intensive sectors by NACE Rev. 2 activity and NUTS 2 region (2008-2026),A,Annual,HTC,High-technology sectors (high-technology manufacturing and knowledge-intensive high-technology services),PC_EMP,Percentage of total employment,T,Total,PT,Portugal,2020,,3.6,,,,,
dataflow,ESTAT:HTEC_EMP_REG2(1.0),Employed persons in technology and knowledge-intensive sectors by NACE Rev. 2 activity and NUTS 2 region (2008-2026),A,Annual,HTC,High-technology sectors (high-technology manufacturing and knowledge-intensive high-technology services),PC_EMP,Percentage of total employment,T,Total,PT,Portugal,2021,,4.1,,b,break in time series,,
dataflow,ESTAT:HTEC_EMP_REG2(1.0),Employed persons in technology and knowledge-intensive sectors by NACE Rev. 2 activity and NUTS 2 region (2008-2026),A,Annual,HTC,High-technology sectors (high-technology manufacturing and knowledge-intensive high-technology services),PC_EMP,Percentage of total employment,T,Total,PT,Portugal,2022,,4.5,,,,,
dataflow,ESTAT:HTEC_EMP_REG2(1.0),Employed persons in technology and knowledge-intensive sectors by NACE Rev. 2 activity and NUTS 2 region (2008-2026),A,Annual,HTC,High-technology sectors (high-technology manufacturing and knowledge-intensive high-technology services),PC_EMP,Percentage of total employment,T,Total,PT,Portugal,2023,,4.4,,,,,
dataflow,ESTAT:HTEC_EMP_REG2(1.0),Employed persons in technology and knowledge-intensive sectors by NACE Rev. 2 activity and NUTS 2 region (2008-2026),A,Annual,HTC,High-technology sectors (high-technology manufacturing and knowledge-intensive high-technology services),PC_EMP,Percentage of total employment,T,Total,PT,Portugal,2024,,4.8,,,,,
dataflow,ESTAT:HTEC_EMP_REG2(1.0),Employed persons in technology and knowledge-intensive sectors by NACE Rev. 2 activity and NUTS 2 region (2008-2026),A,Annual,HTC,High-technology sectors (high-technology manufacturing and knowledge-intensive high-technology services),PC_EMP,Percentage of total employment,T,Total,PT,Portugal,2025,,5.0,,,,,
dataflow,ESTAT:HTEC_EMP_REG2(1.0),Employed persons in technology and knowledge-intensive sectors by NACE Rev. 2 activity and NUTS 2 region (2008-2026),A,Annual,HTC,High-technology sectors (high-technology manufacturing and knowledge-intensive high-technology services),PC_EMP,Percentage of total employment,T,Total,RO,Romania,2010,,1.8,,b,break in time series,,
dataflow,ESTAT:HTEC_EMP_REG2(1.0),Employed persons in technology and knowledge-intensive sectors by NACE Rev. 2 activity and NUTS 2 region (2008-2026),A,Annual,HTC,High-technology sectors (high-technology manufacturing and knowledge-intensive high-technology services),PC_EMP,Percentage of total employment,T,Total,RO,Romania,2011,,2.0,,,,,
dataflow,ESTAT:HTEC_EMP_REG2(1.0),Employed persons in technology and knowledge-intensive sectors by NACE Rev. 2 activity and NUTS 2 region (2008-2026),A,Annual,HTC,High-technology sectors (high-technology manufacturing and knowledge-intensive high-technology services),PC_EMP,Percentage of total employment,T,Total,RO,Romania,2012,,2.2,,,,,
dataflow,ESTAT:HTEC_EMP_REG2(1.0),Employed persons in technology and knowledge-intensive sectors by NACE Rev. 2 activity and NUTS 2 region (2008-2026),A,Annual,HTC,High-technology sectors (high-technology manufacturing and knowledge-intensive high-technology services),PC_EMP,Percentage of total employment,T,Total,RO,Romania,2013,,2.3,,,,,
dataflow,ESTAT:HTEC_EMP_REG2(1.0),Employed persons in technology and knowledge-intensive sectors by NACE Rev. 2 activity and NUTS 2 region (2008-2026),A,Annual,HTC,High-technology sectors (high-technology manufacturing and knowledge-intensive high-technology services),PC_EMP,Percentage of total employment,T,Total,RO,Romania,2014,,2.4,,,,,
dataflow,ESTAT:HTEC_EMP_REG2(1.0),Employed persons in technology and knowledge-intensive sectors by NACE Rev. 2 activity and NUTS 2 region (2008-2026),A,Annual,HTC,High-technology sectors (high-technology manufacturing and knowledge-intensive high-technology services),PC_EMP,Percentage of total employment,T,Total,RO,Romania,2015,,2.6,,,,,
dataflow,ESTAT:HTEC_EMP_REG2(1.0),Employed persons in technology and knowledge-intensive sectors by NACE Rev. 2 activity and NUTS 2 region (2008-2026),A,Annual,HTC,High-technology sectors (high-technology manufacturing and knowledge-intensive high-technology services),PC_EMP,Percentage of total employment,T,Total,RO,Romania,2016,,2.7,,,,,
dataflow,ESTAT:HTEC_EMP_REG2(1.0),Employed persons in technology and knowledge-intensive sectors by NACE Rev. 2 activity and NUTS 2 region (2008-2026),A,Annual,HTC,High-technology sectors (high-technology manufacturing and knowledge-intensive high-technology services),PC_EMP,Percentage of total employment,T,Total,RO,Romania,2017,,3.0,,,,,
dataflow,ESTAT:HTEC_EMP_REG2(1.0),Employed persons in technology and knowledge-intensive sectors by NACE Rev. 2 activity and NUTS 2 region (2008-2026),A,Annual,HTC,High-technology sectors (high-technology manufacturing and knowledge-intensive high-technology services),PC_EMP,Percentage of total employment,T,Total,RO,Romania,2018,,3.0,,,,,
dataflow,ESTAT:HTEC_EMP_REG2(1.0),Employed persons in technology and knowledge-intensive sectors by NACE Rev. 2 activity and NUTS 2 region (2008-2026),A,Annual,HTC,High-technology sectors (high-technology manufacturing and knowledge-intensive high-technology services),PC_EMP,Percentage of total employment,T,Total,RO,Romania,2019,,2.9,,,,,
dataflow,ESTAT:HTEC_EMP_REG2(1.0),Employed persons in technology and knowledge-intensive sectors by NACE Rev. 2 activity and NUTS 2 region (2008-2026),A,Annual,HTC,High-technology sectors (high-technology manufacturing and knowledge-intensive high-technology services),PC_EMP,Percentage of total employment,T,Total,RO,Romania,2020,,3.0,,,,,
dataflow,ESTAT:HTEC_EMP_REG2(1.0),Employed persons in technology and knowledge-intensive sectors by NACE Rev. 2 activity and NUTS 2 region (2008-2026),A,Annual,HTC,High-technology sectors (high-technology manufacturing and knowledge-intensive high-technology services),PC_EMP,Percentage of total employment,T,Total,RO,Romania,2021,,3.4,,b,break in time series,,
dataflow,ESTAT:HTEC_EMP_REG2(1.0),Employed persons in technology and knowledge-intensive sectors by NACE Rev. 2 activity and NUTS 2 region (2008-2026),A,Annual,HTC,High-technology sectors (high-technology manufacturing and knowledge-intensive high-technology services),PC_EMP,Percentage of total employment,T,Total,RO,Romania,2022,,3.4,,,,,
dataflow,ESTAT:HTEC_EMP_REG2(1.0),Employed persons in technology and knowledge-intensive sectors by NACE Rev. 2 activity and NUTS 2 region (2008-2026),A,Annual,HTC,High-technology sectors (high-technology manufacturing and knowledge-intensive high-technology services),PC_EMP,Percentage of total employment,T,Total,RO,Romania,2023,,3.2,,,,,
dataflow,ESTAT:HTEC_EMP_REG2(1.0),Employed persons in technology and knowledge-intensive sectors by NACE Rev. 2 activity and NUTS 2 region (2008-2026),A,Annual,HTC,High-technology sectors (high-technology manufacturing and knowledge-intensive high-technology services),PC_EMP,Percentage of total employment,T,Total,RO,Romania,2024,,3.4,,,,,
dataflow,ESTAT:HTEC_EMP_REG2(1.0),Employed persons in technology and knowledge-intensive sectors by NACE Rev. 2 activity and NUTS 2 region (2008-2026),A,Annual,HTC,High-technology sectors (high-technology manufacturing and knowledge-intensive high-technology services),PC_EMP,Percentage of total employment,T,Total,RO,Romania,2025,,3.4,,,,,
dataflow,ESTAT:HTEC_EMP_REG2(1.0),Employed persons in technology and knowledge-intensive sectors by NACE Rev. 2 activity and NUTS 2 region (2008-2026),A,Annual,HTC,High-technology sectors (high-technology manufacturing and knowledge-intensive high-technology services),PC_EMP,Percentage of total employment,T,Total,RS,Serbia,2010,,2.5,,,,,
dataflow,ESTAT:HTEC_EMP_REG2(1.0),Employed persons in technology and knowledge-intensive sectors by NACE Rev. 2 activity and NUTS 2 region (2008-2026),A,Annual,HTC,High-technology sectors (high-technology manufacturing and knowledge-intensive high-technology services),PC_EMP,Percentage of total employment,T,Total,RS,Serbia,2011,,2.6,,,,,
dataflow,ESTAT:HTEC_EMP_REG2(1.0),Employed persons in technology and knowledge-intensive sectors by NACE Rev. 2 activity and NUTS 2 region (2008-2026),A,Annual,HTC,High-technology sectors (high-technology manufacturing and knowledge-intensive high-technology services),PC_EMP,Percentage of total employment,T,Total,RS,Serbia,2012,,2.2,,,,,
dataflow,ESTAT:HTEC_EMP_REG2(1.0),Employed persons in technology and knowledge-intensive sectors by NACE Rev. 2 activity and NUTS 2 region (2008-2026),A,Annual,HTC,High-technology sectors (high-technology manufacturing and knowledge-intensive high-technology services),PC_EMP,Percentage of total employment,T,Total,RS,Serbia,2013,,2.6,,,,,
dataflow,ESTAT:HTEC_EMP_REG2(1.0),Employed persons in technology and knowledge-intensive sectors by NACE Rev. 2 activity and NUTS 2 region (2008-2026),A,Annual,HTC,High-technology sectors (high-technology manufacturing and knowledge-intensive high-technology services),PC_EMP,Percentage of total employment,T,Total,RS,Serbia,2014,,2.7,,b,break in time series,,
dataflow,ESTAT:HTEC_EMP_REG2(1.0),Employed persons in technology and knowledge-intensive sectors by NACE Rev. 2 activity and NUTS 2 region (2008-2026),A,Annual,HTC,High-technology sectors (high-technology manufacturing and knowledge-intensive high-technology services),PC_EMP,Percentage of total employment,T,Total,RS,Serbia,2015,,2.8,,,,,
dataflow,ESTAT:HTEC_EMP_REG2(1.0),Employed persons in technology and knowledge-intensive sectors by NACE Rev. 2 activity and NUTS 2 region (2008-2026),A,Annual,HTC,High-technology sectors (high-technology manufacturing and knowledge-intensive high-technology services),PC_EMP,Percentage of total employment,T,Total,RS,Serbia,2016,,2.7,,,,,
dataflow,ESTAT:HTEC_EMP_REG2(1.0),Employed persons in technology and knowledge-intensive sectors by NACE Rev. 2 activity and NUTS 2 region (2008-2026),A,Annual,HTC,High-technology sectors (high-technology manufacturing and knowledge-intensive high-technology services),PC_EMP,Percentage of total employment,T,Total,RS,Serbia,2017,,2.9,,,,,
dataflow,ESTAT:HTEC_EMP_REG2(1.0),Employed persons in technology and knowledge-intensive sectors by NACE Rev. 2 activity and NUTS 2 region (2008-2026),A,Annual,HTC,High-technology sectors (high-technology manufacturing and knowledge-intensive high-technology services),PC_EMP,Percentage of total employment,T,Total,RS,Serbia,2018,,3.1,,,,,
dataflow,ESTAT:HTEC_EMP_REG2(1.0),Employed persons in technology and knowledge-intensive sectors by NACE Rev. 2 activity and NUTS 2 region (2008-2026),A,Annual,HTC,High-technology sectors (high-technology manufacturing and knowledge-intensive high-technology services),PC_EMP,Percentage of total employment,T,Total,RS,Serbia,2019,,3.4,,,,,
dataflow,ESTAT:HTEC_EMP_REG2(1.0),Employed persons in technology and knowledge-intensive sectors by NACE Rev. 2 activity and NUTS 2 region (2008-2026),A,Annual,HTC,High-technology sectors (high-technology manufacturing and knowledge-intensive high-technology services),PC_EMP,Percentage of total employment,T,Total,RS,Serbia,2020,,3.6,,,,,
dataflow,ESTAT:HTEC_EMP_REG2(1.0),Employed persons in technology and knowledge-intensive sectors by NACE Rev. 2 activity and NUTS 2 region (2008-2026),A,Annual,HTC,High-technology sectors (high-technology manufacturing and knowledge-intensive high-technology services),PC_EMP,Percentage of total employment,T,Total,RS,Serbia,2021,,4.7,,b,break in time series,,
dataflow,ESTAT:HTEC_EMP_REG2(1.0),Employed persons in technology and knowledge-intensive sectors by NACE Rev. 2 activity and NUTS 2 region (2008-2026),A,Annual,HTC,High-technology sectors (high-technology manufacturing and knowledge-intensive high-technology services),PC_EMP,Percentage of total employment,T,Total,RS,Serbia,2022,,4.6,,,,,
dataflow,ESTAT:HTEC_EMP_REG2(1.0),Employed persons in technology and knowledge-intensive sectors by NACE Rev. 2 activity and NUTS 2 region (2008-2026),A,Annual,HTC,High-technology sectors (high-technology manufacturing and knowledge-intensive high-technology services),PC_EMP,Percentage of total employment,T,Total,RS,Serbia,2023,,4.9,,,,,
dataflow,ESTAT:HTEC_EMP_REG2(1.0),Employed persons in technology and knowledge-intensive sectors by NACE Rev. 2 activity and NUTS 2 region (2008-2026),A,Annual,HTC,High-technology sectors (high-technology manufacturing and knowledge-intensive high-technology services),PC_EMP,Percentage of total employment,T,Total,RS,Serbia,2024,,5.0,,,,,
dataflow,ESTAT:HTEC_EMP_REG2(1.0),Employed persons in technology and knowledge-intensive sectors by NACE Rev. 2 activity and NUTS 2 region (2008-2026),A,Annual,HTC,High-technology sectors (high-technology manufacturing and knowledge-intensive high-technology services),PC_EMP,Percentage of total employment,T,Total,RS,Serbia,2025,,5.5,,,,,
dataflow,ESTAT:HTEC_EMP_REG2(1.0),Employed persons in technology and knowledge-intensive sectors by NACE Rev. 2 activity and NUTS 2 region (2008-2026),A,Annual,HTC,High-technology sectors (high-technology manufacturing and knowledge-intensive high-technology services),PC_EMP,Percentage of total employment,T,Total,SE,Sweden,2010,,4.8,,,,,
dataflow,ESTAT:HTEC_EMP_REG2(1.0),Employed persons in technology and knowledge-intensive sectors by NACE Rev. 2 activity and NUTS 2 region (2008-2026),A,Annual,HTC,High-technology sectors (high-technology manufacturing and knowledge-intensive high-technology services),PC_EMP,Percentage of total employment,T,Total,SE,Sweden,2011,,4.9,,,,,
dataflow,ESTAT:HTEC_EMP_REG2(1.0),Employed persons in technology and knowledge-intensive sectors by NACE Rev. 2 activity and NUTS 2 region (2008-2026),A,Annual,HTC,High-technology sectors (high-technology manufacturing and knowledge-intensive high-technology services),PC_EMP,Percentage of total employment,T,Total,SE,Sweden,2012,,4.9,,,,,
dataflow,ESTAT:HTEC_EMP_REG2(1.0),Employed persons in technology and knowledge-intensive sectors by NACE Rev. 2 activity and NUTS 2 region (2008-2026),A,Annual,HTC,High-technology sectors (high-technology manufacturing and knowledge-intensive high-technology services),PC_EMP,Percentage of total employment,T,Total,SE,Sweden,2013,,4.9,,,,,
dataflow,ESTAT:HTEC_EMP_REG2(1.0),Employed persons in technology and knowledge-intensive sectors by NACE Rev. 2 activity and NUTS 2 region (2008-2026),A,Annual,HTC,High-technology sectors (high-technology manufacturing and knowledge-intensive high-technology services),PC_EMP,Percentage of total employment,T,Total,SE,Sweden,2014,,4.8,,,,,
dataflow,ESTAT:HTEC_EMP_REG2(1.0),Employed persons in technology and knowledge-intensive sectors by NACE Rev. 2 activity and NUTS 2 region (2008-2026),A,Annual,HTC,High-technology sectors (high-technology manufacturing and knowledge-intensive high-technology services),PC_EMP,Percentage of total employment,T,Total,SE,Sweden,2015,,4.9,,,,,
dataflow,ESTAT:HTEC_EMP_REG2(1.0),Employed persons in technology and knowledge-intensive sectors by NACE Rev. 2 activity and NUTS 2 region (2008-2026),A,Annual,HTC,High-technology sectors (high-technology manufacturing and knowledge-intensive high-technology services),PC_EMP,Percentage of total employment,T,Total,SE,Sweden,2016,,4.8,,,,,
dataflow,ESTAT:HTEC_EMP_REG2(1.0),Employed persons in technology and knowledge-intensive sectors by NACE Rev. 2 activity and NUTS 2 region (2008-2026),A,Annual,HTC,High-technology sectors (high-technology manufacturing and knowledge-intensive high-technology services),PC_EMP,Percentage of total employment,T,Total,SE,Sweden,2017,,5.0,,,,,
dataflow,ESTAT:HTEC_EMP_REG2(1.0),Employed persons in technology and knowledge-intensive sectors by NACE Rev. 2 activity and NUTS 2 region (2008-2026),A,Annual,HTC,High-technology sectors (high-technology manufacturing and knowledge-intensive high-technology services),PC_EMP,Percentage of total employment,T,Total,SE,Sweden,2018,,5.2,,b,break in time series,,
dataflow,ESTAT:HTEC_EMP_REG2(1.0),Employed persons in technology and knowledge-intensive sectors by NACE Rev. 2 activity and NUTS 2 region (2008-2026),A,Annual,HTC,High-technology sectors (high-technology manufacturing and knowledge-intensive high-technology services),PC_EMP,Percentage of total employment,T,Total,SE,Sweden,2019,,5.4,,,,,
dataflow,ESTAT:HTEC_EMP_REG2(1.0),Employed persons in technology and knowledge-intensive sectors by NACE Rev. 2 activity and NUTS 2 region (2008-2026),A,Annual,HTC,High-technology sectors (high-technology manufacturing and knowledge-intensive high-technology services),PC_EMP,Percentage of total employment,T,Total,SE,Sweden,2020,,5.7,,,,,
dataflow,ESTAT:HTEC_EMP_REG2(1.0),Employed persons in technology and knowledge-intensive sectors by NACE Rev. 2 activity and NUTS 2 region (2008-2026),A,Annual,HTC,High-technology sectors (high-technology manufacturing and knowledge-intensive high-technology services),PC_EMP,Percentage of total employment,T,Total,SE,Sweden,2021,,6.2,,b,break in time series,,
dataflow,ESTAT:HTEC_EMP_REG2(1.0),Employed persons in technology and knowledge-intensive sectors by NACE Rev. 2 activity and NUTS 2 region (2008-2026),A,Annual,HTC,High-technology sectors (high-technology manufacturing and knowledge-intensive high-technology services),PC_EMP,Percentage of total employment,T,Total,SE,Sweden,2022,,6.7,,,,,
dataflow,ESTAT:HTEC_EMP_REG2(1.0),Employed persons in technology and knowledge-intensive sectors by NACE Rev. 2 activity and NUTS 2 region (2008-2026),A,Annual,HTC,High-technology sectors (high-technology manufacturing and knowledge-intensive high-technology services),PC_EMP,Percentage of total employment,T,Total,SE,Sweden,2023,,6.9,,,,,
dataflow,ESTAT:HTEC_EMP_REG2(1.0),Employed persons in technology and knowledge-intensive sectors by NACE Rev. 2 activity and NUTS 2 region (2008-2026),A,Annual,HTC,High-technology sectors (high-technology manufacturing and knowledge-intensive high-technology services),PC_EMP,Percentage of total employment,T,Total,SE,Sweden,2024,,6.8,,,,,
dataflow,ESTAT:HTEC_EMP_REG2(1.0),Employed persons in technology and knowledge-intensive sectors by NACE Rev. 2 activity and NUTS 2 region (2008-2026),A,Annual,HTC,High-technology sectors (high-technology manufacturing and knowledge-intensive high-technology services),PC_EMP,Percentage of total employment,T,Total,SE,Sweden,2025,,6.9,,,,,
dataflow,ESTAT:HTEC_EMP_REG2(1.0),Employed persons in technology and knowledge-intensive sectors by NACE Rev. 2 activity and NUTS 2 region (2008-2026),A,Annual,HTC,High-technology sectors (high-technology manufacturing and knowledge-intensive high-technology services),PC_EMP,Percentage of total employment,T,Total,SI,Slovenia,2010,,5.1,,,,,
dataflow,ESTAT:HTEC_EMP_REG2(1.0),Employed persons in technology and knowledge-intensive sectors by NACE Rev. 2 activity and NUTS 2 region (2008-2026),A,Annual,HTC,High-technology sectors (high-technology manufacturing and knowledge-intensive high-technology services),PC_EMP,Percentage of total employment,T,Total,SI,Slovenia,2011,,5.0,,,,,
dataflow,ESTAT:HTEC_EMP_REG2(1.0),Employed persons in technology and knowledge-intensive sectors by NACE Rev. 2 activity and NUTS 2 region (2008-2026),A,Annual,HTC,High-technology sectors (high-technology manufacturing and knowledge-intensive high-technology services),PC_EMP,Percentage of total employment,T,Total,SI,Slovenia,2012,,4.7,,,,,
dataflow,ESTAT:HTEC_EMP_REG2(1.0),Employed persons in technology and knowledge-intensive sectors by NACE Rev. 2 activity and NUTS 2 region (2008-2026),A,Annual,HTC,High-technology sectors (high-technology manufacturing and knowledge-intensive high-technology services),PC_EMP,Percentage of total employment,T,Total,SI,Slovenia,2013,,5.0,,,,,
dataflow,ESTAT:HTEC_EMP_REG2(1.0),Employed persons in technology and knowledge-intensive sectors by NACE Rev. 2 activity and NUTS 2 region (2008-2026),A,Annual,HTC,High-technology sectors (high-technology manufacturing and knowledge-intensive high-technology services),PC_EMP,Percentage of total employment,T,Total,SI,Slovenia,2014,,5.2,,,,,
dataflow,ESTAT:HTEC_EMP_REG2(1.0),Employed persons in technology and knowledge-intensive sectors by NACE Rev. 2 activity and NUTS 2 region (2008-2026),A,Annual,HTC,High-technology sectors (high-technology manufacturing and knowledge-intensive high-technology services),PC_EMP,Percentage of total employment,T,Total,SI,Slovenia,2015,,5.9,,,,,
dataflow,ESTAT:HTEC_EMP_REG2(1.0),Employed persons in technology and knowledge-intensive sectors by NACE Rev. 2 activity and NUTS 2 region (2008-2026),A,Annual,HTC,High-technology sectors (high-technology manufacturing and knowledge-intensive high-technology services),PC_EMP,Percentage of total employment,T,Total,SI,Slovenia,2016,,5.5,,,,,
dataflow,ESTAT:HTEC_EMP_REG2(1.0),Employed persons in technology and knowledge-intensive sectors by NACE Rev. 2 activity and NUTS 2 region (2008-2026),A,Annual,HTC,High-technology sectors (high-technology manufacturing and knowledge-intensive high-technology services),PC_EMP,Percentage of total employment,T,Total,SI,Slovenia,2017,,5.7,,,,,
dataflow,ESTAT:HTEC_EMP_REG2(1.0),Employed persons in technology and knowledge-intensive sectors by NACE Rev. 2 activity and NUTS 2 region (2008-2026),A,Annual,HTC,High-technology sectors (high-technology manufacturing and knowledge-intensive high-technology services),PC_EMP,Percentage of total employment,T,Total,SI,Slovenia,2018,,5.5,,,,,
dataflow,ESTAT:HTEC_EMP_REG2(1.0),Employed persons in technology and knowledge-intensive sectors by NACE Rev. 2 activity and NUTS 2 region (2008-2026),A,Annual,HTC,High-technology sectors (high-technology manufacturing and knowledge-intensive high-technology services),PC_EMP,Percentage of total employment,T,Total,SI,Slovenia,2019,,5.7,,,,,
dataflow,ESTAT:HTEC_EMP_REG2(1.0),Employed persons in technology and knowledge-intensive sectors by NACE Rev. 2 activity and NUTS 2 region (2008-2026),A,Annual,HTC,High-technology sectors (high-technology manufacturing and knowledge-intensive high-technology services),PC_EMP,Percentage of total employment,T,Total,SI,Slovenia,2020,,7.0,,,,,
dataflow,ESTAT:HTEC_EMP_REG2(1.0),Employed persons in technology and knowledge-intensive sectors by NACE Rev. 2 activity and NUTS 2 region (2008-2026),A,Annual,HTC,High-technology sectors (high-technology manufacturing and knowledge-intensive high-technology services),PC_EMP,Percentage of total employment,T,Total,SI,Slovenia,2021,,6.8,,b,break in time series,,
dataflow,ESTAT:HTEC_EMP_REG2(1.0),Employed persons in technology and knowledge-intensive sectors by NACE Rev. 2 activity and NUTS 2 region (2008-2026),A,Annual,HTC,High-technology sectors (high-technology manufacturing and knowledge-intensive high-technology services),PC_EMP,Percentage of total employment,T,Total,SI,Slovenia,2022,,6.4,,,,,
dataflow,ESTAT:HTEC_EMP_REG2(1.0),Employed persons in technology and knowledge-intensive sectors by NACE Rev. 2 activity and NUTS 2 region (2008-2026),A,Annual,HTC,High-technology sectors (high-technology manufacturing and knowledge-intensive high-technology services),PC_EMP,Percentage of total employment,T,Total,SI,Slovenia,2023,,5.6,,,,,
dataflow,ESTAT:HTEC_EMP_REG2(1.0),Employed persons in technology and knowledge-intensive sectors by NACE Rev. 2 activity and NUTS 2 region (2008-2026),A,Annual,HTC,High-technology sectors (high-technology manufacturing and knowledge-intensive high-technology services),PC_EMP,Percentage of total employment,T,Total,SI,Slovenia,2024,,6.3,,,,,
dataflow,ESTAT:HTEC_EMP_REG2(1.0),Employed persons in technology and knowledge-intensive sectors by NACE Rev. 2 activity and NUTS 2 region (2008-2026),A,Annual,HTC,High-technology sectors (high-technology manufacturing and knowledge-intensive high-technology services),PC_EMP,Percentage of total employment,T,Total,SI,Slovenia,2025,,6.4,,,,,
dataflow,ESTAT:HTEC_EMP_REG2(1.0),Employed persons in technology and knowledge-intensive sectors by NACE Rev. 2 activity and NUTS 2 region (2008-2026),A,Annual,HTC,High-technology sectors (high-technology manufacturing and knowledge-intensive high-technology services),PC_EMP,Percentage of total employment,T,Total,SK,Slovakia,2010,,3.8,,,,,
dataflow,ESTAT:HTEC_EMP_REG2(1.0),Employed persons in technology and knowledge-intensive sectors by NACE Rev. 2 activity and NUTS 2 region (2008-2026),A,Annual,HTC,High-technology sectors (high-technology manufacturing and knowledge-intensive high-technology services),PC_EMP,Percentage of total employment,T,Total,SK,Slovakia,2011,,4.1,,b,break in time series,,
dataflow,ESTAT:HTEC_EMP_REG2(1.0),Employed persons in technology and knowledge-intensive sectors by NACE Rev. 2 activity and NUTS 2 region (2008-2026),A,Annual,HTC,High-technology sectors (high-technology manufacturing and knowledge-intensive high-technology services),PC_EMP,Percentage of total employment,T,Total,SK,Slovakia,2012,,4.0,,,,,
dataflow,ESTAT:HTEC_EMP_REG2(1.0),Employed persons in technology and knowledge-intensive sectors by NACE Rev. 2 activity and NUTS 2 region (2008-2026),A,Annual,HTC,High-technology sectors (high-technology manufacturing and knowledge-intensive high-technology services),PC_EMP,Percentage of total employment,T,Total,SK,Slovakia,2013,,3.6,,,,,
dataflow,ESTAT:HTEC_EMP_REG2(1.0),Employed persons in technology and knowledge-intensive sectors by NACE Rev. 2 activity and NUTS 2 region (2008-2026),A,Annual,HTC,High-technology sectors (high-technology manufacturing and knowledge-intensive high-technology services),PC_EMP,Percentage of total employment,T,Total,SK,Slovakia,2014,,3.7,,,,,
dataflow,ESTAT:HTEC_EMP_REG2(1.0),Employed persons in technology and knowledge-intensive sectors by NACE Rev. 2 activity and NUTS 2 region (2008-2026),A,Annual,HTC,High-technology sectors (high-technology manufacturing and knowledge-intensive high-technology services),PC_EMP,Percentage of total employment,T,Total,SK,Slovakia,2015,,4.1,,,,,
dataflow,ESTAT:HTEC_EMP_REG2(1.0),Employed persons in technology and knowledge-intensive sectors by NACE Rev. 2 activity and NUTS 2 region (2008-2026),A,Annual,HTC,High-technology sectors (high-technology manufacturing and knowledge-intensive high-technology services),PC_EMP,Percentage of total employment,T,Total,SK,Slovakia,2016,,4.1,,,,,
dataflow,ESTAT:HTEC_EMP_REG2(1.0),Employed persons in technology and knowledge-intensive sectors by NACE Rev. 2 activity and NUTS 2 region (2008-2026),A,Annual,HTC,High-technology sectors (high-technology manufacturing and knowledge-intensive high-technology services),PC_EMP,Percentage of total employment,T,Total,SK,Slovakia,2017,,4.4,,,,,
dataflow,ESTAT:HTEC_EMP_REG2(1.0),Employed persons in technology and knowledge-intensive sectors by NACE Rev. 2 activity and NUTS 2 region (2008-2026),A,Annual,HTC,High-technology sectors (high-technology manufacturing and knowledge-intensive high-technology services),PC_EMP,Percentage of total employment,T,Total,SK,Slovakia,2018,,4.3,,,,,
dataflow,ESTAT:HTEC_EMP_REG2(1.0),Employed persons in technology and knowledge-intensive sectors by NACE Rev. 2 activity and NUTS 2 region (2008-2026),A,Annual,HTC,High-technology sectors (high-technology manufacturing and knowledge-intensive high-technology services),PC_EMP,Percentage of total employment,T,Total,SK,Slovakia,2019,,4.5,,,,,
dataflow,ESTAT:HTEC_EMP_REG2(1.0),Employed persons in technology and knowledge-intensive sectors by NACE Rev. 2 activity and NUTS 2 region (2008-2026),A,Annual,HTC,High-technology sectors (high-technology manufacturing and knowledge-intensive high-technology services),PC_EMP,Percentage of total employment,T,Total,SK,Slovakia,2020,,5.3,,,,,
dataflow,ESTAT:HTEC_EMP_REG2(1.0),Employed persons in technology and knowledge-intensive sectors by NACE Rev. 2 activity and NUTS 2 region (2008-2026),A,Annual,HTC,High-technology sectors (high-technology manufacturing and knowledge-intensive high-technology services),PC_EMP,Percentage of total employment,T,Total,SK,Slovakia,2021,,5.4,,b,break in time series,,
dataflow,ESTAT:HTEC_EMP_REG2(1.0),Employed persons in technology and knowledge-intensive sectors by NACE Rev. 2 activity and NUTS 2 region (2008-2026),A,Annual,HTC,High-technology sectors (high-technology manufacturing and knowledge-intensive high-technology services),PC_EMP,Percentage of total employment,T,Total,SK,Slovakia,2022,,5.2,,,,,
dataflow,ESTAT:HTEC_EMP_REG2(1.0),Employed persons in technology and knowledge-intensive sectors by NACE Rev. 2 activity and NUTS 2 region (2008-2026),A,Annual,HTC,High-technology sectors (high-technology manufacturing and knowledge-intensive high-technology services),PC_EMP,Percentage of total employment,T,Total,SK,Slovakia,2023,,5.0,,,,,
dataflow,ESTAT:HTEC_EMP_REG2(1.0),Employed persons in technology and knowledge-intensive sectors by NACE Rev. 2 activity and NUTS 2 region (2008-2026),A,Annual,HTC,High-technology sectors (high-technology manufacturing and knowledge-intensive high-technology services),PC_EMP,Percentage of total employment,T,Total,SK,Slovakia,2024,,5.8,,,,,
dataflow,ESTAT:HTEC_EMP_REG2(1.0),Employed persons in technology and knowledge-intensive sectors by NACE Rev. 2 activity and NUTS 2 region (2008-2026),A,Annual,HTC,High-technology sectors (high-technology manufacturing and knowledge-intensive high-technology services),PC_EMP,Percentage of total employment,T,Total,SK,Slovakia,2025,,5.8,,,,,
dataflow,ESTAT:HTEC_EMP_REG2(1.0),Employed persons in technology and knowledge-intensive sectors by NACE Rev. 2 activity and NUTS 2 region (2008-2026),A,Annual,HTC,High-technology sectors (high-technology manufacturing and knowledge-intensive high-technology services),PC_EMP,Percentage of total employment,T,Total,TR,Türkiye,2010,,1.1,,,,,
dataflow,ESTAT:HTEC_EMP_REG2(1.0),Employed persons in technology and knowledge-intensive sectors by NACE Rev. 2 activity and NUTS 2 region (2008-2026),A,Annual,HTC,High-technology sectors (high-technology manufacturing and knowledge-intensive high-technology services),PC_EMP,Percentage of total employment,T,Total,TR,Türkiye,2011,,1.1,,,,,
dataflow,ESTAT:HTEC_EMP_REG2(1.0),Employed persons in technology and knowledge-intensive sectors by NACE Rev. 2 activity and NUTS 2 region (2008-2026),A,Annual,HTC,High-technology sectors (high-technology manufacturing and knowledge-intensive high-technology services),PC_EMP,Percentage of total employment,T,Total,TR,Türkiye,2012,,1.2,,,,,
dataflow,ESTAT:HTEC_EMP_REG2(1.0),Employed persons in technology and knowledge-intensive sectors by NACE Rev. 2 activity and NUTS 2 region (2008-2026),A,Annual,HTC,High-technology sectors (high-technology manufacturing and knowledge-intensive high-technology services),PC_EMP,Percentage of total employment,T,Total,TR,Türkiye,2013,,1.2,,,,,
dataflow,ESTAT:HTEC_EMP_REG2(1.0),Employed persons in technology and knowledge-intensive sectors by NACE Rev. 2 activity and NUTS 2 region (2008-2026),A,Annual,HTC,High-technology sectors (high-technology manufacturing and knowledge-intensive high-technology services),PC_EMP,Percentage of total employment,T,Total,TR,Türkiye,2014,,1.1,,b,break in time series,,
dataflow,ESTAT:HTEC_EMP_REG2(1.0),Employed persons in technology and knowledge-intensive sectors by NACE Rev. 2 activity and NUTS 2 region (2008-2026),A,Annual,HTC,High-technology sectors (high-technology manufacturing and knowledge-intensive high-technology services),PC_EMP,Percentage of total employment,T,Total,TR,Türkiye,2015,,1.2,,,,,
dataflow,ESTAT:HTEC_EMP_REG2(1.0),Employed persons in technology and knowledge-intensive sectors by NACE Rev. 2 activity and NUTS 2 region (2008-2026),A,Annual,HTC,High-technology sectors (high-technology manufacturing and knowledge-intensive high-technology services),PC_EMP,Percentage of total employment,T,Total,TR,Türkiye,2016,,1.1,,,,,
dataflow,ESTAT:HTEC_EMP_REG2(1.0),Employed persons in technology and knowledge-intensive sectors by NACE Rev. 2 activity and NUTS 2 region (2008-2026),A,Annual,HTC,High-technology sectors (high-technology manufacturing and knowledge-intensive high-technology services),PC_EMP,Percentage of total employment,T,Total,TR,Türkiye,2017,,1.1,,,,,
dataflow,ESTAT:HTEC_EMP_REG2(1.0),Employed persons in technology and knowledge-intensive sectors by NACE Rev. 2 activity and NUTS 2 region (2008-2026),A,Annual,HTC,High-technology sectors (high-technology manufacturing and knowledge-intensive high-technology services),PC_EMP,Percentage of total employment,T,Total,TR,Türkiye,2018,,1.1,,,,,
dataflow,ESTAT:HTEC_EMP_REG2(1.0),Employed persons in technology and knowledge-intensive sectors by NACE Rev. 2 activity and NUTS 2 region (2008-2026),A,Annual,HTC,High-technology sectors (high-technology manufacturing and knowledge-intensive high-technology services),PC_EMP,Percentage of total employment,T,Total,TR,Türkiye,2019,,1.1,,,,,
dataflow,ESTAT:HTEC_EMP_REG2(1.0),Employed persons in technology and knowledge-intensive sectors by NACE Rev. 2 activity and NUTS 2 region (2008-2026),A,Annual,HTC,High-technology sectors (high-technology manufacturing and knowledge-intensive high-technology services),PC_EMP,Percentage of total employment,T,Total,TR,Türkiye,2020,,1.3,,,,,
dataflow,ESTAT:HTEC_EMP_REG2(1.0),Employed persons in technology and knowledge-intensive sectors by NACE Rev. 2 activity and NUTS 2 region (2008-2026),A,Annual,HTC,High-technology sectors (high-technology manufacturing and knowledge-intensive high-technology services),PC_EMP,Percentage of total employment,T,Total,TR,Türkiye,2021,,1.3,,b,break in time series,,
dataflow,ESTAT:HTEC_EMP_REG2(1.0),Employed persons in technology and knowledge-intensive sectors by NACE Rev. 2 activity and NUTS 2 region (2008-2026),A,Annual,HTC,High-technology sectors (high-technology manufacturing and knowledge-intensive high-technology services),PC_EMP,Percentage of total employment,T,Total,TR,Türkiye,2022,,1.3,,,,,
dataflow,ESTAT:HTEC_EMP_REG2(1.0),Employed persons in technology and knowledge-intensive sectors by NACE Rev. 2 activity and NUTS 2 region (2008-2026),A,Annual,HTC,High-technology sectors (high-technology manufacturing and knowledge-intensive high-technology services),PC_EMP,Percentage of total employment,T,Total,TR,Türkiye,2023,,1.4,,,,,
dataflow,ESTAT:HTEC_EMP_REG2(1.0),Employed persons in technology and knowledge-intensive sectors by NACE Rev. 2 activity and NUTS 2 region (2008-2026),A,Annual,HTC,High-technology sectors (high-technology manufacturing and knowledge-intensive high-technology services),PC_EMP,Percentage of total employment,T,Total,TR,Türkiye,2024,,1.5,,,,,
dataflow,ESTAT:HTEC_EMP_REG2(1.0),Employed persons in technology and knowledge-intensive sectors by NACE Rev. 2 activity and NUTS 2 region (2008-2026),A,Annual,HTC,High-technology sectors (high-technology manufacturing and knowledge-intensive high-technology services),PC_EMP,Percentage of total employment,T,Total,TR,Türkiye,2025,,1.6,,,,,
dataflow,ESTAT:HTEC_EMP_REG2(1.0),Employed persons in technology and knowledge-intensive sectors by NACE Rev. 2 activity and NUTS 2 region (2008-2026),A,Annual,HTC,High-technology sectors (high-technology manufacturing and knowledge-intensive high-technology services),PC_EMP,Percentage of total employment,T,Total,UK,United Kingdom,2010,,4.2,,,,,
dataflow,ESTAT:HTEC_EMP_REG2(1.0),Employed persons in technology and knowledge-intensive sectors by NACE Rev. 2 activity and NUTS 2 region (2008-2026),A,Annual,HTC,High-technology sectors (high-technology manufacturing and knowledge-intensive high-technology services),PC_EMP,Percentage of total employment,T,Total,UK,United Kingdom,2011,,4.4,,,,,
dataflow,ESTAT:HTEC_EMP_REG2(1.0),Employed persons in technology and knowledge-intensive sectors by NACE Rev. 2 activity and NUTS 2 region (2008-2026),A,Annual,HTC,High-technology sectors (high-technology manufacturing and knowledge-intensive high-technology services),PC_EMP,Percentage of total employment,T,Total,UK,United Kingdom,2012,,4.4,,,,,
dataflow,ESTAT:HTEC_EMP_REG2(1.0),Employed persons in technology and knowledge-intensive sectors by NACE Rev. 2 activity and NUTS 2 region (2008-2026),A,Annual,HTC,High-technology sectors (high-technology manufacturing and knowledge-intensive high-technology services),PC_EMP,Percentage of total employment,T,Total,UK,United Kingdom,2013,,4.6,,,,,
dataflow,ESTAT:HTEC_EMP_REG2(1.0),Employed persons in technology and knowledge-intensive sectors by NACE Rev. 2 activity and NUTS 2 region (2008-2026),A,Annual,HTC,High-technology sectors (high-technology manufacturing and knowledge-intensive high-technology services),PC_EMP,Percentage of total employment,T,Total,UK,United Kingdom,2014,,4.7,,,,,
dataflow,ESTAT:HTEC_EMP_REG2(1.0),Employed persons in technology and knowledge-intensive sectors by NACE Rev. 2 activity and NUTS 2 region (2008-2026),A,Annual,HTC,High-technology sectors (high-technology manufacturing and knowledge-intensive high-technology services),PC_EMP,Percentage of total employment,T,Total,UK,United Kingdom,2015,,4.8,,,,,
dataflow,ESTAT:HTEC_EMP_REG2(1.0),Employed persons in technology and knowledge-intensive sectors by NACE Rev. 2 activity and NUTS 2 region (2008-2026),A,Annual,HTC,High-technology sectors (high-technology manufacturing and knowledge-intensive high-technology services),PC_EMP,Percentage of total employment,T,Total,UK,United Kingdom,2016,,4.8,,,,,
dataflow,ESTAT:HTEC_EMP_REG2(1.0),Employed persons in technology and knowledge-intensive sectors by NACE Rev. 2 activity and NUTS 2 region (2008-2026),A,Annual,HTC,High-technology sectors (high-technology manufacturing and knowledge-intensive high-technology services),PC_EMP,Percentage of total employment,T,Total,UK,United Kingdom,2017,,4.9,,,,,
dataflow,ESTAT:HTEC_EMP_REG2(1.0),Employed persons in technology and knowledge-intensive sectors by NACE Rev. 2 activity and NUTS 2 region (2008-2026),A,Annual,HTC,High-technology sectors (high-technology manufacturing and knowledge-intensive high-technology services),PC_EMP,Percentage of total employment,T,Total,UK,United Kingdom,2018,,4.8,,,,,
dataflow,ESTAT:HTEC_EMP_REG2(1.0),Employed persons in technology and knowledge-intensive sectors by NACE Rev. 2 activity and NUTS 2 region (2008-2026),A,Annual,HTC,High-technology sectors (high-technology manufacturing and knowledge-intensive high-technology services),PC_EMP,Percentage of total employment,T,Total,UK,United Kingdom,2019,,5.1,,,,,
