"region_id","indicator","year","value"
"BE10","pop_tot_Sheet_5",2015,"87481.0"
"BE10","pop_tot_Sheet_5",2016,"87846.0"
"BE10","pop_tot_Sheet_5",2017,"88087.0"
"BE10","pop_tot_Sheet_5",2018,"88702.0"
"BE10","pop_tot_Sheet_5",2019,"89895.0"
"BE10","pop_tot_Sheet_5",2020,"90646.0"
"BE10","pop_tot_Sheet_5",2021,"92149.0"
"BE10","pop_tot_Sheet_5",2022,"91693.0"
"BE10","pop_tot_Sheet_5",2023,"92684.0"
"BE10","pop_tot_Sheet_5",2024,"92275.0"
"BE21","pop_tot_Sheet_5",2015,"119785.0"
"BE21","pop_tot_Sheet_5",2016,"116475.0"
"BE21","pop_tot_Sheet_5",2017,"113884.0"
"BE21","pop_tot_Sheet_5",2018,"113284.0"
"BE21","pop_tot_Sheet_5",2019,"114327.0"
"BE21","pop_tot_Sheet_5",2020,"116882.0"
"BE21","pop_tot_Sheet_5",2021,"120076.0"
"BE21","pop_tot_Sheet_5",2022,"122783.0"
"BE21","pop_tot_Sheet_5",2023,"125555.0"
"BE21","pop_tot_Sheet_5",2024,"127148.0"
"BE22","pop_tot_Sheet_5",2015,"56972.0"
"BE22","pop_tot_Sheet_5",2016,"55286.0"
"BE22","pop_tot_Sheet_5",2017,"54663.0"
"BE22","pop_tot_Sheet_5",2018,"54810.0"
"BE22","pop_tot_Sheet_5",2019,"55584.0"
"BE22","pop_tot_Sheet_5",2020,"56858.0"
"BE22","pop_tot_Sheet_5",2021,"58396.0"
"BE22","pop_tot_Sheet_5",2022,"59618.0"
"BE22","pop_tot_Sheet_5",2023,"60502.0"
"BE22","pop_tot_Sheet_5",2024,"60622.0"
"BE23","pop_tot_Sheet_5",2015,"101304.0"
"BE23","pop_tot_Sheet_5",2016,"99045.0"
"BE23","pop_tot_Sheet_5",2017,"97497.0"
"BE23","pop_tot_Sheet_5",2018,"96538.0"
"BE23","pop_tot_Sheet_5",2019,"97847.0"
"BE23","pop_tot_Sheet_5",2020,"99501.0"
"BE23","pop_tot_Sheet_5",2021,"101510.0"
"BE23","pop_tot_Sheet_5",2022,"102821.0"
"BE23","pop_tot_Sheet_5",2023,"104524.0"
"BE23","pop_tot_Sheet_5",2024,"104305.0"
"BE24","pop_tot_Sheet_5",2015,"76225.0"
"BE24","pop_tot_Sheet_5",2016,"74618.0"
"BE24","pop_tot_Sheet_5",2017,"73652.0"
"BE24","pop_tot_Sheet_5",2018,"73506.0"
"BE24","pop_tot_Sheet_5",2019,"73966.0"
"BE24","pop_tot_Sheet_5",2020,"75270.0"
"BE24","pop_tot_Sheet_5",2021,"76953.0"
"BE24","pop_tot_Sheet_5",2022,"78231.0"
"BE24","pop_tot_Sheet_5",2023,"79392.0"
"BE24","pop_tot_Sheet_5",2024,"79828.0"
"BE25","pop_tot_Sheet_5",2015,"75152.0"
"BE25","pop_tot_Sheet_5",2016,"72587.0"
"BE25","pop_tot_Sheet_5",2017,"70536.0"
"BE25","pop_tot_Sheet_5",2018,"69590.0"
"BE25","pop_tot_Sheet_5",2019,"69605.0"
"BE25","pop_tot_Sheet_5",2020,"70046.0"
"BE25","pop_tot_Sheet_5",2021,"71410.0"
"BE25","pop_tot_Sheet_5",2022,"72598.0"
"BE25","pop_tot_Sheet_5",2023,"73638.0"
"BE25","pop_tot_Sheet_5",2024,"74184.0"
"BE31","pop_tot_Sheet_5",2015,"27507.0"
"BE31","pop_tot_Sheet_5",2016,"27333.0"
"BE31","pop_tot_Sheet_5",2017,"26732.0"
"BE31","pop_tot_Sheet_5",2018,"26258.0"
"BE31","pop_tot_Sheet_5",2019,"25937.0"
"BE31","pop_tot_Sheet_5",2020,"25927.0"
"BE31","pop_tot_Sheet_5",2021,"26051.0"
"BE31","pop_tot_Sheet_5",2022,"26128.0"
"BE31","pop_tot_Sheet_5",2023,"26356.0"
"BE31","pop_tot_Sheet_5",2024,"26550.0"
"BE32","pop_tot_Sheet_5",2015,"94170.0"
"BE32","pop_tot_Sheet_5",2016,"92506.0"
"BE32","pop_tot_Sheet_5",2017,"89921.0"
"BE32","pop_tot_Sheet_5",2018,"87704.0"
"BE32","pop_tot_Sheet_5",2019,"86009.0"
"BE32","pop_tot_Sheet_5",2020,"85321.0"
"BE32","pop_tot_Sheet_5",2021,"85753.0"
"BE32","pop_tot_Sheet_5",2022,"86493.0"
"BE32","pop_tot_Sheet_5",2023,"87121.0"
"BE32","pop_tot_Sheet_5",2024,"86867.0"
"BE33","pop_tot_Sheet_5",2015,"73788.0"
"BE33","pop_tot_Sheet_5",2016,"72480.0"
"BE33","pop_tot_Sheet_5",2017,"71268.0"
"BE33","pop_tot_Sheet_5",2018,"69847.0"
"BE33","pop_tot_Sheet_5",2019,"68711.0"
"BE33","pop_tot_Sheet_5",2020,"68718.0"
"BE33","pop_tot_Sheet_5",2021,"69390.0"
"BE33","pop_tot_Sheet_5",2022,"69792.0"
"BE33","pop_tot_Sheet_5",2023,"71104.0"
"BE33","pop_tot_Sheet_5",2024,"71811.0"
"BE34","pop_tot_Sheet_5",2015,"19598.0"
"BE34","pop_tot_Sheet_5",2016,"19516.0"
"BE34","pop_tot_Sheet_5",2017,"19080.0"
"BE34","pop_tot_Sheet_5",2018,"18784.0"
"BE34","pop_tot_Sheet_5",2019,"18476.0"
"BE34","pop_tot_Sheet_5",2020,"18469.0"
"BE34","pop_tot_Sheet_5",2021,"18530.0"
"BE34","pop_tot_Sheet_5",2022,"18871.0"
"BE34","pop_tot_Sheet_5",2023,"19135.0"
"BE34","pop_tot_Sheet_5",2024,"19281.0"
"BE35","pop_tot_Sheet_5",2015,"33173.0"
"BE35","pop_tot_Sheet_5",2016,"32613.0"
"BE35","pop_tot_Sheet_5",2017,"31879.0"
"BE35","pop_tot_Sheet_5",2018,"31286.0"
"BE35","pop_tot_Sheet_5",2019,"31017.0"
"BE35","pop_tot_Sheet_5",2020,"30986.0"
"BE35","pop_tot_Sheet_5",2021,"31397.0"
"BE35","pop_tot_Sheet_5",2022,"31781.0"
"BE35","pop_tot_Sheet_5",2023,"32217.0"
"BE35","pop_tot_Sheet_5",2024,"32566.0"
"BG31","pop_tot_Sheet_5",2015,"54637.0"
"BG31","pop_tot_Sheet_5",2016,"53174.0"
"BG31","pop_tot_Sheet_5",2017,"51778.0"
"BG31","pop_tot_Sheet_5",2018,"50531.0"
"BG31","pop_tot_Sheet_5",2019,"48762.0"
"BG31","pop_tot_Sheet_5",2020,"46354.0"
"BG31","pop_tot_Sheet_5",2021,"44876.0"
"BG31","pop_tot_Sheet_5",2022,"42397.0"
"BG31","pop_tot_Sheet_5",2023,"40619.0"
"BG31","pop_tot_Sheet_5",2024,"39363.0"
"BG32","pop_tot_Sheet_5",2015,"55263.0"
"BG32","pop_tot_Sheet_5",2016,"54883.0"
"BG32","pop_tot_Sheet_5",2017,"54455.0"
"BG32","pop_tot_Sheet_5",2018,"54189.0"
"BG32","pop_tot_Sheet_5",2019,"53256.0"
"BG32","pop_tot_Sheet_5",2020,"50441.0"
"BG32","pop_tot_Sheet_5",2021,"48711.0"
"BG32","pop_tot_Sheet_5",2022,"46286.0"
"BG32","pop_tot_Sheet_5",2023,"44449.0"
"BG32","pop_tot_Sheet_5",2024,"43333.0"
"BG33","pop_tot_Sheet_5",2015,"68605.0"
"BG33","pop_tot_Sheet_5",2016,"68501.0"
"BG33","pop_tot_Sheet_5",2017,"68455.0"
"BG33","pop_tot_Sheet_5",2018,"68616.0"
"BG33","pop_tot_Sheet_5",2019,"67656.0"
"BG33","pop_tot_Sheet_5",2020,"64527.0"
"BG33","pop_tot_Sheet_5",2021,"62994.0"
"BG33","pop_tot_Sheet_5",2022,"60237.0"
"BG33","pop_tot_Sheet_5",2023,"58249.0"
"BG33","pop_tot_Sheet_5",2024,"57670.0"
"BG34","pop_tot_Sheet_5",2015,"73500.0"
"BG34","pop_tot_Sheet_5",2016,"73871.0"
"BG34","pop_tot_Sheet_5",2017,"74431.0"
"BG34","pop_tot_Sheet_5",2018,"75072.0"
"BG34","pop_tot_Sheet_5",2019,"74208.0"
"BG34","pop_tot_Sheet_5",2020,"71263.0"
"BG34","pop_tot_Sheet_5",2021,"70149.0"
"BG34","pop_tot_Sheet_5",2022,"67499.0"
"BG34","pop_tot_Sheet_5",2023,"65731.0"
"BG34","pop_tot_Sheet_5",2024,"65239.0"
"BG41","pop_tot_Sheet_5",2015,"159142.0"
"BG41","pop_tot_Sheet_5",2016,"161848.0"
"BG41","pop_tot_Sheet_5",2017,"165691.0"
"BG41","pop_tot_Sheet_5",2018,"169699.0"
"BG41","pop_tot_Sheet_5",2019,"171025.0"
"BG41","pop_tot_Sheet_5",2020,"168000.0"
"BG41","pop_tot_Sheet_5",2021,"165609.0"
"BG41","pop_tot_Sheet_5",2022,"161336.0"
"BG41","pop_tot_Sheet_5",2023,"158285.0"
"BG41","pop_tot_Sheet_5",2024,"156150.0"
"BG42","pop_tot_Sheet_5",2015,"98355.0"
"BG42","pop_tot_Sheet_5",2016,"97753.0"
"BG42","pop_tot_Sheet_5",2017,"97704.0"
"BG42","pop_tot_Sheet_5",2018,"98370.0"
"BG42","pop_tot_Sheet_5",2019,"97852.0"
"BG42","pop_tot_Sheet_5",2020,"95751.0"
"BG42","pop_tot_Sheet_5",2021,"95401.0"
"BG42","pop_tot_Sheet_5",2022,"93013.0"
"BG42","pop_tot_Sheet_5",2023,"91478.0"
"BG42","pop_tot_Sheet_5",2024,"90314.0"
"CZ01","pop_tot_Sheet_5",2015,"102124.0"
"CZ01","pop_tot_Sheet_5",2016,"108742.0"
"CZ01","pop_tot_Sheet_5",2017,"114959.0"
"CZ01","pop_tot_Sheet_5",2018,"120690.0"
"CZ01","pop_tot_Sheet_5",2019,"124393.0"
"CZ01","pop_tot_Sheet_5",2020,"126122.0"
"CZ01","pop_tot_Sheet_5",2021,"115056.0"
"CZ01","pop_tot_Sheet_5",2022,"112698.0"
"CZ01","pop_tot_Sheet_5",2023,"115795.0"
"CZ01","pop_tot_Sheet_5",2024,"114305.0"
"CZ02","pop_tot_Sheet_5",2015,"110623.0"
"CZ02","pop_tot_Sheet_5",2016,"117883.0"
"CZ02","pop_tot_Sheet_5",2017,"123572.0"
"CZ02","pop_tot_Sheet_5",2018,"128138.0"
"CZ02","pop_tot_Sheet_5",2019,"130269.0"
"CZ02","pop_tot_Sheet_5",2020,"129443.0"
"CZ02","pop_tot_Sheet_5",2021,"122807.0"
"CZ02","pop_tot_Sheet_5",2022,"118590.0"
"CZ02","pop_tot_Sheet_5",2023,"117711.0"
"CZ02","pop_tot_Sheet_5",2024,"113870.0"
"CZ03","pop_tot_Sheet_5",2015,"95265.0"
"CZ03","pop_tot_Sheet_5",2016,"99887.0"
"CZ03","pop_tot_Sheet_5",2017,"103856.0"
"CZ03","pop_tot_Sheet_5",2018,"105881.0"
"CZ03","pop_tot_Sheet_5",2019,"105855.0"
"CZ03","pop_tot_Sheet_5",2020,"104144.0"
"CZ03","pop_tot_Sheet_5",2021,"98011.0"
"CZ03","pop_tot_Sheet_5",2022,"94115.0"
"CZ03","pop_tot_Sheet_5",2023,"94367.0"
"CZ03","pop_tot_Sheet_5",2024,"91944.0"
"CZ04","pop_tot_Sheet_5",2015,"91370.0"
"CZ04","pop_tot_Sheet_5",2016,"95255.0"
"CZ04","pop_tot_Sheet_5",2017,"97726.0"
"CZ04","pop_tot_Sheet_5",2018,"98055.0"
"CZ04","pop_tot_Sheet_5",2019,"96712.0"
"CZ04","pop_tot_Sheet_5",2020,"93885.0"
"CZ04","pop_tot_Sheet_5",2021,"86081.0"
"CZ04","pop_tot_Sheet_5",2022,"81524.0"
"CZ04","pop_tot_Sheet_5",2023,"80208.0"
"CZ04","pop_tot_Sheet_5",2024,"77084.0"
"CZ05","pop_tot_Sheet_5",2015,"119247.0"
"CZ05","pop_tot_Sheet_5",2016,"124812.0"
"CZ05","pop_tot_Sheet_5",2017,"129277.0"
"CZ05","pop_tot_Sheet_5",2018,"131634.0"
"CZ05","pop_tot_Sheet_5",2019,"131214.0"
"CZ05","pop_tot_Sheet_5",2020,"128115.0"
"CZ05","pop_tot_Sheet_5",2021,"120052.0"
"CZ05","pop_tot_Sheet_5",2022,"113810.0"
"CZ05","pop_tot_Sheet_5",2023,"112148.0"
"CZ05","pop_tot_Sheet_5",2024,"107885.0"
"CZ06","pop_tot_Sheet_5",2015,"130398.0"
"CZ06","pop_tot_Sheet_5",2016,"136953.0"
"CZ06","pop_tot_Sheet_5",2017,"142219.0"
"CZ06","pop_tot_Sheet_5",2018,"145559.0"
"CZ06","pop_tot_Sheet_5",2019,"145643.0"
"CZ06","pop_tot_Sheet_5",2020,"143519.0"
"CZ06","pop_tot_Sheet_5",2021,"136751.0"
"CZ06","pop_tot_Sheet_5",2022,"131837.0"
"CZ06","pop_tot_Sheet_5",2023,"131234.0"
"CZ06","pop_tot_Sheet_5",2024,"128611.0"
"CZ07","pop_tot_Sheet_5",2015,"94883.0"
"CZ07","pop_tot_Sheet_5",2016,"99702.0"
"CZ07","pop_tot_Sheet_5",2017,"103126.0"
"CZ07","pop_tot_Sheet_5",2018,"104627.0"
"CZ07","pop_tot_Sheet_5",2019,"104186.0"
"CZ07","pop_tot_Sheet_5",2020,"101664.0"
"CZ07","pop_tot_Sheet_5",2021,"95493.0"
"CZ07","pop_tot_Sheet_5",2022,"91166.0"
"CZ07","pop_tot_Sheet_5",2023,"88766.0"
"CZ07","pop_tot_Sheet_5",2024,"85225.0"
"CZ08","pop_tot_Sheet_5",2015,"94819.0"
"CZ08","pop_tot_Sheet_5",2016,"97707.0"
"CZ08","pop_tot_Sheet_5",2017,"99603.0"
"CZ08","pop_tot_Sheet_5",2018,"100312.0"
"CZ08","pop_tot_Sheet_5",2019,"99131.0"
"CZ08","pop_tot_Sheet_5",2020,"96554.0"
"CZ08","pop_tot_Sheet_5",2021,"91223.0"
"CZ08","pop_tot_Sheet_5",2022,"86741.0"
"CZ08","pop_tot_Sheet_5",2023,"84324.0"
"CZ08","pop_tot_Sheet_5",2024,"81490.0"
"DK01","pop_tot_Sheet_5",2015,"126857.0"
"DK01","pop_tot_Sheet_5",2016,"129404.0"
"DK01","pop_tot_Sheet_5",2017,"128334.0"
"DK01","pop_tot_Sheet_5",2018,"126069.0"
"DK01","pop_tot_Sheet_5",2019,"124942.0"
"DK01","pop_tot_Sheet_5",2020,"122218.0"
"DK01","pop_tot_Sheet_5",2021,"119487.0"
"DK01","pop_tot_Sheet_5",2022,"117611.0"
"DK01","pop_tot_Sheet_5",2023,"117741.0"
"DK01","pop_tot_Sheet_5",2024,"116777.0"
"DK02","pop_tot_Sheet_5",2015,"58462.0"
"DK02","pop_tot_Sheet_5",2016,"58638.0"
"DK02","pop_tot_Sheet_5",2017,"57124.0"
"DK02","pop_tot_Sheet_5",2018,"54919.0"
"DK02","pop_tot_Sheet_5",2019,"53408.0"
"DK02","pop_tot_Sheet_5",2020,"51628.0"
"DK02","pop_tot_Sheet_5",2021,"49574.0"
"DK02","pop_tot_Sheet_5",2022,"48109.0"
"DK02","pop_tot_Sheet_5",2023,"47891.0"
"DK02","pop_tot_Sheet_5",2024,"47252.0"
"DK03","pop_tot_Sheet_5",2015,"80599.0"
"DK03","pop_tot_Sheet_5",2016,"80786.0"
"DK03","pop_tot_Sheet_5",2017,"79291.0"
"DK03","pop_tot_Sheet_5",2018,"76885.0"
"DK03","pop_tot_Sheet_5",2019,"75544.0"
"DK03","pop_tot_Sheet_5",2020,"73895.0"
"DK03","pop_tot_Sheet_5",2021,"71780.0"
"DK03","pop_tot_Sheet_5",2022,"70167.0"
"DK03","pop_tot_Sheet_5",2023,"69947.0"
"DK03","pop_tot_Sheet_5",2024,"68383.0"
"DK04","pop_tot_Sheet_5",2015,"86870.0"
"DK04","pop_tot_Sheet_5",2016,"87687.0"
"DK04","pop_tot_Sheet_5",2017,"86509.0"
"DK04","pop_tot_Sheet_5",2018,"84619.0"
"DK04","pop_tot_Sheet_5",2019,"83394.0"
"DK04","pop_tot_Sheet_5",2020,"81688.0"
"DK04","pop_tot_Sheet_5",2021,"79321.0"
"DK04","pop_tot_Sheet_5",2022,"77842.0"
"DK04","pop_tot_Sheet_5",2023,"77374.0"
"DK04","pop_tot_Sheet_5",2024,"76115.0"
"DK05","pop_tot_Sheet_5",2015,"36816.0"
"DK05","pop_tot_Sheet_5",2016,"37005.0"
"DK05","pop_tot_Sheet_5",2017,"36613.0"
"DK05","pop_tot_Sheet_5",2018,"35763.0"
"DK05","pop_tot_Sheet_5",2019,"35277.0"
"DK05","pop_tot_Sheet_5",2020,"34730.0"
"DK05","pop_tot_Sheet_5",2021,"33658.0"
"DK05","pop_tot_Sheet_5",2022,"32816.0"
"DK05","pop_tot_Sheet_5",2023,"32560.0"
"DK05","pop_tot_Sheet_5",2024,"31787.0"
"DE11","pop_tot_Sheet_5",2015,"269293.0"
"DE11","pop_tot_Sheet_5",2016,"262221.0"
"DE11","pop_tot_Sheet_5",2017,"255419.0"
"DE11","pop_tot_Sheet_5",2018,"254090.0"
"DE11","pop_tot_Sheet_5",2019,"254958.0"
"DE11","pop_tot_Sheet_5",2020,"256411.0"
"DE11","pop_tot_Sheet_5",2021,"261613.0"
"DE11","pop_tot_Sheet_5",2022,"264440.0"
"DE11","pop_tot_Sheet_5",2023,"268131.0"
"DE11","pop_tot_Sheet_5",2024,"272177.0"
"DE12","pop_tot_Sheet_5",2015,"174663.0"
"DE12","pop_tot_Sheet_5",2016,"169189.0"
"DE12","pop_tot_Sheet_5",2017,"164278.0"
"DE12","pop_tot_Sheet_5",2018,"162604.0"
"DE12","pop_tot_Sheet_5",2019,"163895.0"
"DE12","pop_tot_Sheet_5",2020,"165287.0"
"DE12","pop_tot_Sheet_5",2021,"169201.0"
"DE12","pop_tot_Sheet_5",2022,"172804.0"
"DE12","pop_tot_Sheet_5",2023,"179097.0"
"DE12","pop_tot_Sheet_5",2024,"182440.0"
"DE13","pop_tot_Sheet_5",2015,"136797.0"
"DE13","pop_tot_Sheet_5",2016,"132376.0"
"DE13","pop_tot_Sheet_5",2017,"128784.0"
"DE13","pop_tot_Sheet_5",2018,"127894.0"
"DE13","pop_tot_Sheet_5",2019,"128821.0"
"DE13","pop_tot_Sheet_5",2020,"129667.0"
"DE13","pop_tot_Sheet_5",2021,"132913.0"
"DE13","pop_tot_Sheet_5",2022,"135610.0"
"DE13","pop_tot_Sheet_5",2023,"140077.0"
"DE13","pop_tot_Sheet_5",2024,"143753.0"
"DE14","pop_tot_Sheet_5",2015,"116390.0"
"DE14","pop_tot_Sheet_5",2016,"112932.0"
"DE14","pop_tot_Sheet_5",2017,"109093.0"
"DE14","pop_tot_Sheet_5",2018,"107285.0"
"DE14","pop_tot_Sheet_5",2019,"107549.0"
"DE14","pop_tot_Sheet_5",2020,"108146.0"
"DE14","pop_tot_Sheet_5",2021,"110167.0"
"DE14","pop_tot_Sheet_5",2022,"112389.0"
"DE14","pop_tot_Sheet_5",2023,"116556.0"
"DE14","pop_tot_Sheet_5",2024,"119129.0"
"DE21","pop_tot_Sheet_5",2015,"312637.0"
"DE21","pop_tot_Sheet_5",2016,"305066.0"
"DE21","pop_tot_Sheet_5",2017,"298940.0"
"DE21","pop_tot_Sheet_5",2018,"298002.0"
"DE21","pop_tot_Sheet_5",2019,"301865.0"
"DE21","pop_tot_Sheet_5",2020,"305423.0"
"DE21","pop_tot_Sheet_5",2021,"310378.0"
"DE21","pop_tot_Sheet_5",2022,"313487.0"
"DE21","pop_tot_Sheet_5",2023,"321267.0"
"DE21","pop_tot_Sheet_5",2024,"323763.0"
"DE22","pop_tot_Sheet_5",2015,"80145.0"
"DE22","pop_tot_Sheet_5",2016,"77166.0"
"DE22","pop_tot_Sheet_5",2017,"74830.0"
"DE22","pop_tot_Sheet_5",2018,"74146.0"
"DE22","pop_tot_Sheet_5",2019,"74580.0"
"DE22","pop_tot_Sheet_5",2020,"74689.0"
"DE22","pop_tot_Sheet_5",2021,"76030.0"
"DE22","pop_tot_Sheet_5",2022,"77308.0"
"DE22","pop_tot_Sheet_5",2023,"78593.0"
"DE22","pop_tot_Sheet_5",2024,"79980.0"
"DE23","pop_tot_Sheet_5",2015,"71604.0"
"DE23","pop_tot_Sheet_5",2016,"68722.0"
"DE23","pop_tot_Sheet_5",2017,"66059.0"
"DE23","pop_tot_Sheet_5",2018,"65190.0"
"DE23","pop_tot_Sheet_5",2019,"65396.0"
"DE23","pop_tot_Sheet_5",2020,"65817.0"
"DE23","pop_tot_Sheet_5",2021,"67059.0"
"DE23","pop_tot_Sheet_5",2022,"68644.0"
"DE23","pop_tot_Sheet_5",2023,"69692.0"
"DE23","pop_tot_Sheet_5",2024,"71134.0"
"DE24","pop_tot_Sheet_5",2015,"67364.0"
"DE24","pop_tot_Sheet_5",2016,"63399.0"
"DE24","pop_tot_Sheet_5",2017,"60418.0"
"DE24","pop_tot_Sheet_5",2018,"59121.0"
"DE24","pop_tot_Sheet_5",2019,"59057.0"
"DE24","pop_tot_Sheet_5",2020,"59409.0"
"DE24","pop_tot_Sheet_5",2021,"60510.0"
"DE24","pop_tot_Sheet_5",2022,"61807.0"
"DE24","pop_tot_Sheet_5",2023,"63402.0"
"DE24","pop_tot_Sheet_5",2024,"64694.0"
"DE25","pop_tot_Sheet_5",2015,"111230.0"
"DE25","pop_tot_Sheet_5",2016,"107861.0"
"DE25","pop_tot_Sheet_5",2017,"105493.0"
"DE25","pop_tot_Sheet_5",2018,"104947.0"
"DE25","pop_tot_Sheet_5",2019,"106963.0"
"DE25","pop_tot_Sheet_5",2020,"108609.0"
"DE25","pop_tot_Sheet_5",2021,"111423.0"
"DE25","pop_tot_Sheet_5",2022,"113499.0"
"DE25","pop_tot_Sheet_5",2023,"118212.0"
"DE25","pop_tot_Sheet_5",2024,"119884.0"
"DE26","pop_tot_Sheet_5",2015,"80387.0"
"DE26","pop_tot_Sheet_5",2016,"77082.0"
"DE26","pop_tot_Sheet_5",2017,"74121.0"
"DE26","pop_tot_Sheet_5",2018,"73054.0"
"DE26","pop_tot_Sheet_5",2019,"73685.0"
"DE26","pop_tot_Sheet_5",2020,"74154.0"
"DE26","pop_tot_Sheet_5",2021,"75686.0"
"DE26","pop_tot_Sheet_5",2022,"77591.0"
"DE26","pop_tot_Sheet_5",2023,"79396.0"
"DE26","pop_tot_Sheet_5",2024,"81385.0"
"DE27","pop_tot_Sheet_5",2015,"118925.0"
"DE27","pop_tot_Sheet_5",2016,"115287.0"
"DE27","pop_tot_Sheet_5",2017,"112266.0"
"DE27","pop_tot_Sheet_5",2018,"111949.0"
"DE27","pop_tot_Sheet_5",2019,"113279.0"
"DE27","pop_tot_Sheet_5",2020,"114391.0"
"DE27","pop_tot_Sheet_5",2021,"116748.0"
"DE27","pop_tot_Sheet_5",2022,"119591.0"
"DE27","pop_tot_Sheet_5",2023,"121263.0"
"DE27","pop_tot_Sheet_5",2024,"123892.0"
"DE30","pop_tot_Sheet_5",2015,"223050.0"
"DE30","pop_tot_Sheet_5",2016,"219510.0"
"DE30","pop_tot_Sheet_5",2017,"217882.0"
"DE30","pop_tot_Sheet_5",2018,"223146.0"
"DE30","pop_tot_Sheet_5",2019,"230882.0"
"DE30","pop_tot_Sheet_5",2020,"238403.0"
"DE30","pop_tot_Sheet_5",2021,"247435.0"
"DE30","pop_tot_Sheet_5",2022,"255168.0"
"DE30","pop_tot_Sheet_5",2023,"263218.0"
"DE30","pop_tot_Sheet_5",2024,"270022.0"
"DE40","pop_tot_Sheet_5",2015,"147368.0"
"DE40","pop_tot_Sheet_5",2016,"140472.0"
"DE40","pop_tot_Sheet_5",2017,"134634.0"
"DE40","pop_tot_Sheet_5",2018,"136936.0"
"DE40","pop_tot_Sheet_5",2019,"143472.0"
"DE40","pop_tot_Sheet_5",2020,"151014.0"
"DE40","pop_tot_Sheet_5",2021,"159992.0"
"DE40","pop_tot_Sheet_5",2022,"166641.0"
"DE40","pop_tot_Sheet_5",2023,"172574.0"
"DE40","pop_tot_Sheet_5",2024,"176228.0"
"DE50","pop_tot_Sheet_5",2015,"41364.0"
"DE50","pop_tot_Sheet_5",2016,"40500.0"
"DE50","pop_tot_Sheet_5",2017,"39871.0"
"DE50","pop_tot_Sheet_5",2018,"39532.0"
"DE50","pop_tot_Sheet_5",2019,"39725.0"
"DE50","pop_tot_Sheet_5",2020,"39805.0"
"DE50","pop_tot_Sheet_5",2021,"40294.0"
"DE50","pop_tot_Sheet_5",2022,"40580.0"
"DE50","pop_tot_Sheet_5",2023,"43183.0"
"DE50","pop_tot_Sheet_5",2024,"44312.0"
"DE60","pop_tot_Sheet_5",2015,"122499.0"
"DE60","pop_tot_Sheet_5",2016,"120451.0"
"DE60","pop_tot_Sheet_5",2017,"119795.0"
"DE60","pop_tot_Sheet_5",2018,"121230.0"
"DE60","pop_tot_Sheet_5",2019,"123205.0"
"DE60","pop_tot_Sheet_5",2020,"124554.0"
"DE60","pop_tot_Sheet_5",2021,"127935.0"
"DE60","pop_tot_Sheet_5",2022,"129571.0"
"DE60","pop_tot_Sheet_5",2023,"131464.0"
"DE60","pop_tot_Sheet_5",2024,"133505.0"
"DE71","pop_tot_Sheet_5",2015,"266101.0"
"DE71","pop_tot_Sheet_5",2016,"259283.0"
"DE71","pop_tot_Sheet_5",2017,"253164.0"
"DE71","pop_tot_Sheet_5",2018,"252619.0"
"DE71","pop_tot_Sheet_5",2019,"254947.0"
"DE71","pop_tot_Sheet_5",2020,"258541.0"
"DE71","pop_tot_Sheet_5",2021,"263477.0"
"DE71","pop_tot_Sheet_5",2022,"265894.0"
"DE71","pop_tot_Sheet_5",2023,"271180.0"
"DE71","pop_tot_Sheet_5",2024,"273568.0"
"DE72","pop_tot_Sheet_5",2015,"63465.0"
"DE72","pop_tot_Sheet_5",2016,"60759.0"
"DE72","pop_tot_Sheet_5",2017,"58898.0"
"DE72","pop_tot_Sheet_5",2018,"57781.0"
"DE72","pop_tot_Sheet_5",2019,"58353.0"
"DE72","pop_tot_Sheet_5",2020,"58671.0"
"DE72","pop_tot_Sheet_5",2021,"60115.0"
"DE72","pop_tot_Sheet_5",2022,"61018.0"
"DE72","pop_tot_Sheet_5",2023,"61607.0"
"DE72","pop_tot_Sheet_5",2024,"62427.0"
"DE73","pop_tot_Sheet_5",2015,"75452.0"
"DE73","pop_tot_Sheet_5",2016,"71673.0"
"DE73","pop_tot_Sheet_5",2017,"68702.0"
"DE73","pop_tot_Sheet_5",2018,"67248.0"
"DE73","pop_tot_Sheet_5",2019,"66820.0"
"DE73","pop_tot_Sheet_5",2020,"66741.0"
"DE73","pop_tot_Sheet_5",2021,"68027.0"
"DE73","pop_tot_Sheet_5",2022,"68735.0"
"DE73","pop_tot_Sheet_5",2023,"69870.0"
"DE73","pop_tot_Sheet_5",2024,"71480.0"
"DE80","pop_tot_Sheet_5",2015,"88721.0"
"DE80","pop_tot_Sheet_5",2016,"84616.0"
"DE80","pop_tot_Sheet_5",2017,"81252.0"
"DE80","pop_tot_Sheet_5",2018,"83295.0"
"DE80","pop_tot_Sheet_5",2019,"87581.0"
"DE80","pop_tot_Sheet_5",2020,"92538.0"
"DE80","pop_tot_Sheet_5",2021,"97973.0"
"DE80","pop_tot_Sheet_5",2022,"102251.0"
"DE80","pop_tot_Sheet_5",2023,"102985.0"
"DE80","pop_tot_Sheet_5",2024,"104563.0"
"DE91","pop_tot_Sheet_5",2015,"97823.0"
"DE91","pop_tot_Sheet_5",2016,"93119.0"
"DE91","pop_tot_Sheet_5",2017,"89080.0"
"DE91","pop_tot_Sheet_5",2018,"87205.0"
"DE91","pop_tot_Sheet_5",2019,"87568.0"
"DE91","pop_tot_Sheet_5",2020,"88302.0"
"DE91","pop_tot_Sheet_5",2021,"90449.0"
"DE91","pop_tot_Sheet_5",2022,"92017.0"
"DE91","pop_tot_Sheet_5",2023,"94937.0"
"DE91","pop_tot_Sheet_5",2024,"96849.0"
"DE92","pop_tot_Sheet_5",2015,"134352.0"
"DE92","pop_tot_Sheet_5",2016,"128994.0"
"DE92","pop_tot_Sheet_5",2017,"124067.0"
"DE92","pop_tot_Sheet_5",2018,"121965.0"
"DE92","pop_tot_Sheet_5",2019,"122519.0"
"DE92","pop_tot_Sheet_5",2020,"122804.0"
"DE92","pop_tot_Sheet_5",2021,"124726.0"
"DE92","pop_tot_Sheet_5",2022,"126563.0"
"DE92","pop_tot_Sheet_5",2023,"128642.0"
"DE92","pop_tot_Sheet_5",2024,"130680.0"
"DE93","pop_tot_Sheet_5",2015,"109207.0"
"DE93","pop_tot_Sheet_5",2016,"103825.0"
"DE93","pop_tot_Sheet_5",2017,"98424.0"
"DE93","pop_tot_Sheet_5",2018,"96324.0"
"DE93","pop_tot_Sheet_5",2019,"96390.0"
"DE93","pop_tot_Sheet_5",2020,"96934.0"
"DE93","pop_tot_Sheet_5",2021,"99526.0"
"DE93","pop_tot_Sheet_5",2022,"101455.0"
"DE93","pop_tot_Sheet_5",2023,"103425.0"
"DE93","pop_tot_Sheet_5",2024,"105119.0"
"DE94","pop_tot_Sheet_5",2015,"161185.0"
"DE94","pop_tot_Sheet_5",2016,"153621.0"
"DE94","pop_tot_Sheet_5",2017,"146924.0"
"DE94","pop_tot_Sheet_5",2018,"143316.0"
"DE94","pop_tot_Sheet_5",2019,"142407.0"
"DE94","pop_tot_Sheet_5",2020,"142310.0"
"DE94","pop_tot_Sheet_5",2021,"144247.0"
"DE94","pop_tot_Sheet_5",2022,"145927.0"
"DE94","pop_tot_Sheet_5",2023,"150517.0"
"DE94","pop_tot_Sheet_5",2024,"153214.0"
"DEA1","pop_tot_Sheet_5",2015,"327534.0"
"DEA1","pop_tot_Sheet_5",2016,"315013.0"
"DEA1","pop_tot_Sheet_5",2017,"303498.0"
"DEA1","pop_tot_Sheet_5",2018,"299995.0"
"DEA1","pop_tot_Sheet_5",2019,"300290.0"
"DEA1","pop_tot_Sheet_5",2020,"302475.0"
"DEA1","pop_tot_Sheet_5",2021,"308786.0"
"DEA1","pop_tot_Sheet_5",2022,"313240.0"
"DEA1","pop_tot_Sheet_5",2023,"325614.0"
"DEA1","pop_tot_Sheet_5",2024,"332257.0"
"DEA2","pop_tot_Sheet_5",2015,"283839.0"
"DEA2","pop_tot_Sheet_5",2016,"274295.0"
"DEA2","pop_tot_Sheet_5",2017,"266130.0"
"DEA2","pop_tot_Sheet_5",2018,"263463.0"
"DEA2","pop_tot_Sheet_5",2019,"264689.0"
"DEA2","pop_tot_Sheet_5",2020,"266424.0"
"DEA2","pop_tot_Sheet_5",2021,"271154.0"
"DEA2","pop_tot_Sheet_5",2022,"273858.0"
"DEA2","pop_tot_Sheet_5",2023,"282398.0"
"DEA2","pop_tot_Sheet_5",2024,"286467.0"
"DEA3","pop_tot_Sheet_5",2015,"166200.0"
"DEA3","pop_tot_Sheet_5",2016,"159388.0"
"DEA3","pop_tot_Sheet_5",2017,"153170.0"
"DEA3","pop_tot_Sheet_5",2018,"149660.0"
"DEA3","pop_tot_Sheet_5",2019,"149531.0"
"DEA3","pop_tot_Sheet_5",2020,"149481.0"
"DEA3","pop_tot_Sheet_5",2021,"151815.0"
"DEA3","pop_tot_Sheet_5",2022,"153309.0"
"DEA3","pop_tot_Sheet_5",2023,"158503.0"
"DEA3","pop_tot_Sheet_5",2024,"161627.0"
"DEA4","pop_tot_Sheet_5",2015,"128976.0"
"DEA4","pop_tot_Sheet_5",2016,"123994.0"
"DEA4","pop_tot_Sheet_5",2017,"118851.0"
"DEA4","pop_tot_Sheet_5",2018,"116592.0"
"DEA4","pop_tot_Sheet_5",2019,"116181.0"
"DEA4","pop_tot_Sheet_5",2020,"116214.0"
"DEA4","pop_tot_Sheet_5",2021,"117686.0"
"DEA4","pop_tot_Sheet_5",2022,"118708.0"
"DEA4","pop_tot_Sheet_5",2023,"124005.0"
"DEA4","pop_tot_Sheet_5",2024,"126135.0"
"DEA5","pop_tot_Sheet_5",2015,"223796.0"
"DEA5","pop_tot_Sheet_5",2016,"213735.0"
"DEA5","pop_tot_Sheet_5",2017,"205598.0"
"DEA5","pop_tot_Sheet_5",2018,"201672.0"
"DEA5","pop_tot_Sheet_5",2019,"201151.0"
"DEA5","pop_tot_Sheet_5",2020,"202200.0"
"DEA5","pop_tot_Sheet_5",2021,"205460.0"
"DEA5","pop_tot_Sheet_5",2022,"207924.0"
"DEA5","pop_tot_Sheet_5",2023,"216174.0"
"DEA5","pop_tot_Sheet_5",2024,"219843.0"
"DEB1","pop_tot_Sheet_5",2015,"90507.0"
"DEB1","pop_tot_Sheet_5",2016,"86118.0"
"DEB1","pop_tot_Sheet_5",2017,"82481.0"
"DEB1","pop_tot_Sheet_5",2018,"80809.0"
"DEB1","pop_tot_Sheet_5",2019,"81173.0"
"DEB1","pop_tot_Sheet_5",2020,"82242.0"
"DEB1","pop_tot_Sheet_5",2021,"84085.0"
"DEB1","pop_tot_Sheet_5",2022,"86530.0"
"DEB1","pop_tot_Sheet_5",2023,"91103.0"
"DEB1","pop_tot_Sheet_5",2024,"93155.0"
"DEB2","pop_tot_Sheet_5",2015,"32371.0"
"DEB2","pop_tot_Sheet_5",2016,"31398.0"
"DEB2","pop_tot_Sheet_5",2017,"30166.0"
"DEB2","pop_tot_Sheet_5",2018,"29884.0"
"DEB2","pop_tot_Sheet_5",2019,"30019.0"
"DEB2","pop_tot_Sheet_5",2020,"30669.0"
"DEB2","pop_tot_Sheet_5",2021,"31321.0"
"DEB2","pop_tot_Sheet_5",2022,"32441.0"
"DEB2","pop_tot_Sheet_5",2023,"32741.0"
"DEB2","pop_tot_Sheet_5",2024,"33406.0"
"DEB3","pop_tot_Sheet_5",2015,"125972.0"
"DEB3","pop_tot_Sheet_5",2016,"120763.0"
"DEB3","pop_tot_Sheet_5",2017,"116662.0"
"DEB3","pop_tot_Sheet_5",2018,"115291.0"
"DEB3","pop_tot_Sheet_5",2019,"116706.0"
"DEB3","pop_tot_Sheet_5",2020,"118230.0"
"DEB3","pop_tot_Sheet_5",2021,"121136.0"
"DEB3","pop_tot_Sheet_5",2022,"123554.0"
"DEB3","pop_tot_Sheet_5",2023,"127119.0"
"DEB3","pop_tot_Sheet_5",2024,"129746.0"
"DEC0","pop_tot_Sheet_5",2015,"56893.0"
"DEC0","pop_tot_Sheet_5",2016,"54456.0"
"DEC0","pop_tot_Sheet_5",2017,"52305.0"
"DEC0","pop_tot_Sheet_5",2018,"51740.0"
"DEC0","pop_tot_Sheet_5",2019,"52121.0"
"DEC0","pop_tot_Sheet_5",2020,"52824.0"
"DEC0","pop_tot_Sheet_5",2021,"54335.0"
"DEC0","pop_tot_Sheet_5",2022,"55655.0"
"DEC0","pop_tot_Sheet_5",2023,"59716.0"
"DEC0","pop_tot_Sheet_5",2024,"61119.0"
"DED2","pop_tot_Sheet_5",2015,"92931.0"
"DED2","pop_tot_Sheet_5",2016,"89648.0"
"DED2","pop_tot_Sheet_5",2017,"86548.0"
"DED2","pop_tot_Sheet_5",2018,"88354.0"
"DED2","pop_tot_Sheet_5",2019,"92338.0"
"DED2","pop_tot_Sheet_5",2020,"96328.0"
"DED2","pop_tot_Sheet_5",2021,"100381.0"
"DED2","pop_tot_Sheet_5",2022,"103098.0"
"DED2","pop_tot_Sheet_5",2023,"106341.0"
"DED2","pop_tot_Sheet_5",2024,"107517.0"
"DED4","pop_tot_Sheet_5",2015,"84501.0"
"DED4","pop_tot_Sheet_5",2016,"79869.0"
"DED4","pop_tot_Sheet_5",2017,"74868.0"
"DED4","pop_tot_Sheet_5",2018,"74995.0"
"DED4","pop_tot_Sheet_5",2019,"77014.0"
"DED4","pop_tot_Sheet_5",2020,"79301.0"
"DED4","pop_tot_Sheet_5",2021,"82525.0"
"DED4","pop_tot_Sheet_5",2022,"85275.0"
"DED4","pop_tot_Sheet_5",2023,"87400.0"
"DED4","pop_tot_Sheet_5",2024,"88824.0"
"DED5","pop_tot_Sheet_5",2015,"59547.0"
"DED5","pop_tot_Sheet_5",2016,"57365.0"
"DED5","pop_tot_Sheet_5",2017,"55619.0"
"DED5","pop_tot_Sheet_5",2018,"57682.0"
"DED5","pop_tot_Sheet_5",2019,"61148.0"
"DED5","pop_tot_Sheet_5",2020,"64572.0"
"DED5","pop_tot_Sheet_5",2021,"68944.0"
"DED5","pop_tot_Sheet_5",2022,"71846.0"
"DED5","pop_tot_Sheet_5",2023,"75041.0"
"DED5","pop_tot_Sheet_5",2024,"76745.0"
"DEE0","pop_tot_Sheet_5",2015,"131209.0"
"DEE0","pop_tot_Sheet_5",2016,"121989.0"
"DEE0","pop_tot_Sheet_5",2017,"113295.0"
"DEE0","pop_tot_Sheet_5",2018,"112125.0"
"DEE0","pop_tot_Sheet_5",2019,"115088.0"
"DEE0","pop_tot_Sheet_5",2020,"119176.0"
"DEE0","pop_tot_Sheet_5",2021,"125440.0"
"DEE0","pop_tot_Sheet_5",2022,"130348.0"
"DEE0","pop_tot_Sheet_5",2023,"134065.0"
"DEE0","pop_tot_Sheet_5",2024,"136864.0"
"DEF0","pop_tot_Sheet_5",2015,"180939.0"
"DEF0","pop_tot_Sheet_5",2016,"172213.0"
"DEF0","pop_tot_Sheet_5",2017,"165745.0"
"DEF0","pop_tot_Sheet_5",2018,"163258.0"
"DEF0","pop_tot_Sheet_5",2019,"163797.0"
"DEF0","pop_tot_Sheet_5",2020,"165485.0"
"DEF0","pop_tot_Sheet_5",2021,"169066.0"
"DEF0","pop_tot_Sheet_5",2022,"171731.0"
"DEF0","pop_tot_Sheet_5",2023,"177948.0"
"DEF0","pop_tot_Sheet_5",2024,"180870.0"
"DEG0","pop_tot_Sheet_5",2015,"129042.0"
"DEG0","pop_tot_Sheet_5",2016,"121720.0"
"DEG0","pop_tot_Sheet_5",2017,"114656.0"
"DEG0","pop_tot_Sheet_5",2018,"113958.0"
"DEG0","pop_tot_Sheet_5",2019,"116575.0"
"DEG0","pop_tot_Sheet_5",2020,"120785.0"
"DEG0","pop_tot_Sheet_5",2021,"126830.0"
"DEG0","pop_tot_Sheet_5",2022,"131792.0"
"DEG0","pop_tot_Sheet_5",2023,"136744.0"
"DEG0","pop_tot_Sheet_5",2024,"139440.0"
"EE00","pop_tot_Sheet_5",2015,"91423.0"
"EE00","pop_tot_Sheet_5",2016,"91062.0"
"EE00","pop_tot_Sheet_5",2017,"90416.0"
"EE00","pop_tot_Sheet_5",2018,"90476.0"
"EE00","pop_tot_Sheet_5",2019,"90701.0"
"EE00","pop_tot_Sheet_5",2020,"91061.0"
"EE00","pop_tot_Sheet_5",2021,"91472.0"
"EE00","pop_tot_Sheet_5",2022,"92290.0"
"EE00","pop_tot_Sheet_5",2023,"95725.0"
"EE00","pop_tot_Sheet_5",2024,"98703.0"
"IE04","pop_tot_Sheet_5",2015,"60242.0"
"IE04","pop_tot_Sheet_5",2016,"60870.0"
"IE04","pop_tot_Sheet_5",2017,"62015.0"
"IE04","pop_tot_Sheet_5",2018,"62399.0"
"IE04","pop_tot_Sheet_5",2019,"63658.0"
"IE04","pop_tot_Sheet_5",2020,"65012.0"
"IE04","pop_tot_Sheet_5",2021,"66964.0"
"IE04","pop_tot_Sheet_5",2022,"68612.0"
"IE04","pop_tot_Sheet_5",2023,"71183.0"
"IE04","pop_tot_Sheet_5",2024,"71762.0"
"IE05","pop_tot_Sheet_5",2015,"116887.0"
"IE05","pop_tot_Sheet_5",2016,"117465.0"
"IE05","pop_tot_Sheet_5",2017,"119317.0"
"IE05","pop_tot_Sheet_5",2018,"121174.0"
"IE05","pop_tot_Sheet_5",2019,"124233.0"
"IE05","pop_tot_Sheet_5",2020,"127485.0"
"IE05","pop_tot_Sheet_5",2021,"130293.0"
"IE05","pop_tot_Sheet_5",2022,"132227.0"
"IE05","pop_tot_Sheet_5",2023,"135719.0"
"IE05","pop_tot_Sheet_5",2024,"136499.0"
"IE06","pop_tot_Sheet_5",2015,"174772.0"
"IE06","pop_tot_Sheet_5",2016,"177407.0"
"IE06","pop_tot_Sheet_5",2017,"181480.0"
"IE06","pop_tot_Sheet_5",2018,"184567.0"
"IE06","pop_tot_Sheet_5",2019,"190960.0"
"IE06","pop_tot_Sheet_5",2020,"196384.0"
"IE06","pop_tot_Sheet_5",2021,"204166.0"
"IE06","pop_tot_Sheet_5",2022,"210525.0"
"IE06","pop_tot_Sheet_5",2023,"218806.0"
"IE06","pop_tot_Sheet_5",2024,"223368.0"
"EL30","pop_tot_Sheet_5",2015,"305488.0"
"EL30","pop_tot_Sheet_5",2016,"301354.0"
"EL30","pop_tot_Sheet_5",2017,"301097.0"
"EL30","pop_tot_Sheet_5",2018,"299923.0"
"EL30","pop_tot_Sheet_5",2019,"300308.0"
"EL30","pop_tot_Sheet_5",2020,"299472.0"
"EL30","pop_tot_Sheet_5",2021,"298385.0"
"EL30","pop_tot_Sheet_5",2022,"309628.0"
"EL30","pop_tot_Sheet_5",2023,"304979.0"
"EL30","pop_tot_Sheet_5",2024,"298201.0"
"EL41","pop_tot_Sheet_5",2015,"13195.0"
"EL41","pop_tot_Sheet_5",2016,"12785.0"
"EL41","pop_tot_Sheet_5",2017,"12967.0"
"EL41","pop_tot_Sheet_5",2018,"13198.0"
"EL41","pop_tot_Sheet_5",2019,"13509.0"
"EL41","pop_tot_Sheet_5",2020,"13896.0"
"EL41","pop_tot_Sheet_5",2021,"14119.0"
"EL41","pop_tot_Sheet_5",2022,"14021.0"
"EL41","pop_tot_Sheet_5",2023,"14004.0"
"EL41","pop_tot_Sheet_5",2024,"14066.0"
"EL42","pop_tot_Sheet_5",2015,"26007.0"
"EL42","pop_tot_Sheet_5",2016,"25887.0"
"EL42","pop_tot_Sheet_5",2017,"26022.0"
"EL42","pop_tot_Sheet_5",2018,"26066.0"
"EL42","pop_tot_Sheet_5",2019,"26227.0"
"EL42","pop_tot_Sheet_5",2020,"26295.0"
"EL42","pop_tot_Sheet_5",2021,"26341.0"
"EL42","pop_tot_Sheet_5",2022,"26387.0"
"EL42","pop_tot_Sheet_5",2023,"26240.0"
"EL42","pop_tot_Sheet_5",2024,"26035.0"
"EL43","pop_tot_Sheet_5",2015,"48392.0"
"EL43","pop_tot_Sheet_5",2016,"48404.0"
"EL43","pop_tot_Sheet_5",2017,"48167.0"
"EL43","pop_tot_Sheet_5",2018,"48188.0"
"EL43","pop_tot_Sheet_5",2019,"48568.0"
"EL43","pop_tot_Sheet_5",2020,"48853.0"
"EL43","pop_tot_Sheet_5",2021,"48869.0"
"EL43","pop_tot_Sheet_5",2022,"48110.0"
"EL43","pop_tot_Sheet_5",2023,"47761.0"
"EL43","pop_tot_Sheet_5",2024,"47256.0"
"EL51","pop_tot_Sheet_5",2015,"41134.0"
"EL51","pop_tot_Sheet_5",2016,"40776.0"
"EL51","pop_tot_Sheet_5",2017,"41085.0"
"EL51","pop_tot_Sheet_5",2018,"41251.0"
"EL51","pop_tot_Sheet_5",2019,"41563.0"
"EL51","pop_tot_Sheet_5",2020,"41705.0"
"EL51","pop_tot_Sheet_5",2021,"41917.0"
"EL51","pop_tot_Sheet_5",2022,"39991.0"
"EL51","pop_tot_Sheet_5",2023,"39677.0"
"EL51","pop_tot_Sheet_5",2024,"39031.0"
"EL52","pop_tot_Sheet_5",2015,"141246.0"
"EL52","pop_tot_Sheet_5",2016,"139771.0"
"EL52","pop_tot_Sheet_5",2017,"139642.0"
"EL52","pop_tot_Sheet_5",2018,"138894.0"
"EL52","pop_tot_Sheet_5",2019,"138848.0"
"EL52","pop_tot_Sheet_5",2020,"138431.0"
"EL52","pop_tot_Sheet_5",2021,"137815.0"
"EL52","pop_tot_Sheet_5",2022,"131610.0"
"EL52","pop_tot_Sheet_5",2023,"129050.0"
"EL52","pop_tot_Sheet_5",2024,"125843.0"
"EL53","pop_tot_Sheet_5",2015,"19922.0"
"EL53","pop_tot_Sheet_5",2016,"19522.0"
"EL53","pop_tot_Sheet_5",2017,"19095.0"
"EL53","pop_tot_Sheet_5",2018,"18566.0"
"EL53","pop_tot_Sheet_5",2019,"18181.0"
"EL53","pop_tot_Sheet_5",2020,"17680.0"
"EL53","pop_tot_Sheet_5",2021,"17432.0"
"EL53","pop_tot_Sheet_5",2022,"17202.0"
"EL53","pop_tot_Sheet_5",2023,"17078.0"
"EL53","pop_tot_Sheet_5",2024,"16724.0"
"EL54","pop_tot_Sheet_5",2015,"23721.0"
"EL54","pop_tot_Sheet_5",2016,"23535.0"
"EL54","pop_tot_Sheet_5",2017,"23138.0"
"EL54","pop_tot_Sheet_5",2018,"22671.0"
"EL54","pop_tot_Sheet_5",2019,"22292.0"
"EL54","pop_tot_Sheet_5",2020,"22065.0"
"EL54","pop_tot_Sheet_5",2021,"21779.0"
"EL54","pop_tot_Sheet_5",2022,"21827.0"
"EL54","pop_tot_Sheet_5",2023,"21666.0"
"EL54","pop_tot_Sheet_5",2024,"21676.0"
"EL61","pop_tot_Sheet_5",2015,"52359.0"
"EL61","pop_tot_Sheet_5",2016,"51608.0"
"EL61","pop_tot_Sheet_5",2017,"51183.0"
"EL61","pop_tot_Sheet_5",2018,"50651.0"
"EL61","pop_tot_Sheet_5",2019,"50373.0"
"EL61","pop_tot_Sheet_5",2020,"49937.0"
"EL61","pop_tot_Sheet_5",2021,"49695.0"
"EL61","pop_tot_Sheet_5",2022,"48960.0"
"EL61","pop_tot_Sheet_5",2023,"48253.0"
"EL61","pop_tot_Sheet_5",2024,"47145.0"
"EL62","pop_tot_Sheet_5",2015,"15452.0"
"EL62","pop_tot_Sheet_5",2016,"15234.0"
"EL62","pop_tot_Sheet_5",2017,"15224.0"
"EL62","pop_tot_Sheet_5",2018,"15057.0"
"EL62","pop_tot_Sheet_5",2019,"15024.0"
"EL62","pop_tot_Sheet_5",2020,"14957.0"
"EL62","pop_tot_Sheet_5",2021,"15002.0"
"EL62","pop_tot_Sheet_5",2022,"15324.0"
"EL62","pop_tot_Sheet_5",2023,"15297.0"
"EL62","pop_tot_Sheet_5",2024,"15096.0"
"EL63","pop_tot_Sheet_5",2015,"48513.0"
"EL63","pop_tot_Sheet_5",2016,"47775.0"
"EL63","pop_tot_Sheet_5",2017,"47161.0"
"EL63","pop_tot_Sheet_5",2018,"46220.0"
"EL63","pop_tot_Sheet_5",2019,"45726.0"
"EL63","pop_tot_Sheet_5",2020,"45228.0"
"EL63","pop_tot_Sheet_5",2021,"44817.0"
"EL63","pop_tot_Sheet_5",2022,"44894.0"
"EL63","pop_tot_Sheet_5",2023,"44493.0"
"EL63","pop_tot_Sheet_5",2024,"44074.0"
"EL64","pop_tot_Sheet_5",2015,"41532.0"
"EL64","pop_tot_Sheet_5",2016,"41045.0"
"EL64","pop_tot_Sheet_5",2017,"40863.0"
"EL64","pop_tot_Sheet_5",2018,"40633.0"
"EL64","pop_tot_Sheet_5",2019,"40639.0"
"EL64","pop_tot_Sheet_5",2020,"40583.0"
"EL64","pop_tot_Sheet_5",2021,"40483.0"
"EL64","pop_tot_Sheet_5",2022,"36306.0"
"EL64","pop_tot_Sheet_5",2023,"35764.0"
"EL64","pop_tot_Sheet_5",2024,"35292.0"
"EL65","pop_tot_Sheet_5",2015,"42608.0"
"EL65","pop_tot_Sheet_5",2016,"42114.0"
"EL65","pop_tot_Sheet_5",2017,"41495.0"
"EL65","pop_tot_Sheet_5",2018,"41122.0"
"EL65","pop_tot_Sheet_5",2019,"40928.0"
"EL65","pop_tot_Sheet_5",2020,"40687.0"
"EL65","pop_tot_Sheet_5",2021,"40430.0"
"EL65","pop_tot_Sheet_5",2022,"37988.0"
"EL65","pop_tot_Sheet_5",2023,"37481.0"
"EL65","pop_tot_Sheet_5",2024,"36886.0"
"ES11","pop_tot_Sheet_5",2015,"218094.0"
"ES11","pop_tot_Sheet_5",2016,"220732.0"
"ES11","pop_tot_Sheet_5",2017,"223496.0"
"ES11","pop_tot_Sheet_5",2018,"224975.0"
"ES11","pop_tot_Sheet_5",2019,"226785.0"
"ES11","pop_tot_Sheet_5",2020,"225488.0"
"ES11","pop_tot_Sheet_5",2021,"221332.0"
"ES11","pop_tot_Sheet_5",2022,"214390.0"
"ES11","pop_tot_Sheet_5",2023,"207233.0"
"ES11","pop_tot_Sheet_5",2024,"198600.0"
"ES12","pop_tot_Sheet_5",2015,"84106.0"
"ES12","pop_tot_Sheet_5",2016,"84926.0"
"ES12","pop_tot_Sheet_5",2017,"85434.0"
"ES12","pop_tot_Sheet_5",2018,"85421.0"
"ES12","pop_tot_Sheet_5",2019,"85075.0"
"ES12","pop_tot_Sheet_5",2020,"83420.0"
"ES12","pop_tot_Sheet_5",2021,"81048.0"
"ES12","pop_tot_Sheet_5",2022,"77610.0"
"ES12","pop_tot_Sheet_5",2023,"74311.0"
"ES12","pop_tot_Sheet_5",2024,"71457.0"
"ES13","pop_tot_Sheet_5",2015,"48060.0"
"ES13","pop_tot_Sheet_5",2016,"48402.0"
"ES13","pop_tot_Sheet_5",2017,"49338.0"
"ES13","pop_tot_Sheet_5",2018,"49712.0"
"ES13","pop_tot_Sheet_5",2019,"50041.0"
"ES13","pop_tot_Sheet_5",2020,"49890.0"
"ES13","pop_tot_Sheet_5",2021,"49161.0"
"ES13","pop_tot_Sheet_5",2022,"47714.0"
"ES13","pop_tot_Sheet_5",2023,"46203.0"
"ES13","pop_tot_Sheet_5",2024,"44278.0"
"ES21","pop_tot_Sheet_5",2015,"178373.0"
"ES21","pop_tot_Sheet_5",2016,"180401.0"
"ES21","pop_tot_Sheet_5",2017,"182249.0"
"ES21","pop_tot_Sheet_5",2018,"182585.0"
"ES21","pop_tot_Sheet_5",2019,"182655.0"
"ES21","pop_tot_Sheet_5",2020,"180117.0"
"ES21","pop_tot_Sheet_5",2021,"175186.0"
"ES21","pop_tot_Sheet_5",2022,"167509.0"
"ES21","pop_tot_Sheet_5",2023,"161127.0"
"ES21","pop_tot_Sheet_5",2024,"154216.0"
"ES22","pop_tot_Sheet_5",2015,"52908.0"
"ES22","pop_tot_Sheet_5",2016,"53459.0"
"ES22","pop_tot_Sheet_5",2017,"54152.0"
"ES22","pop_tot_Sheet_5",2018,"54572.0"
"ES22","pop_tot_Sheet_5",2019,"54842.0"
"ES22","pop_tot_Sheet_5",2020,"54342.0"
"ES22","pop_tot_Sheet_5",2021,"53135.0"
"ES22","pop_tot_Sheet_5",2022,"51435.0"
"ES22","pop_tot_Sheet_5",2023,"50036.0"
"ES22","pop_tot_Sheet_5",2024,"48402.0"
"ES23","pop_tot_Sheet_5",2015,"25766.0"
"ES23","pop_tot_Sheet_5",2016,"26100.0"
"ES23","pop_tot_Sheet_5",2017,"26504.0"
"ES23","pop_tot_Sheet_5",2018,"26672.0"
"ES23","pop_tot_Sheet_5",2019,"26896.0"
"ES23","pop_tot_Sheet_5",2020,"26933.0"
"ES23","pop_tot_Sheet_5",2021,"26428.0"
"ES23","pop_tot_Sheet_5",2022,"25552.0"
"ES23","pop_tot_Sheet_5",2023,"24840.0"
"ES23","pop_tot_Sheet_5",2024,"23735.0"
"ES24","pop_tot_Sheet_5",2015,"107724.0"
"ES24","pop_tot_Sheet_5",2016,"107855.0"
"ES24","pop_tot_Sheet_5",2017,"108519.0"
"ES24","pop_tot_Sheet_5",2018,"108578.0"
"ES24","pop_tot_Sheet_5",2019,"109053.0"
"ES24","pop_tot_Sheet_5",2020,"108379.0"
"ES24","pop_tot_Sheet_5",2021,"106596.0"
"ES24","pop_tot_Sheet_5",2022,"102967.0"
"ES24","pop_tot_Sheet_5",2023,"100109.0"
"ES24","pop_tot_Sheet_5",2024,"96569.0"
"ES30","pop_tot_Sheet_5",2015,"567486.0"
"ES30","pop_tot_Sheet_5",2016,"577416.0"
"ES30","pop_tot_Sheet_5",2017,"585845.0"
"ES30","pop_tot_Sheet_5",2018,"590709.0"
"ES30","pop_tot_Sheet_5",2019,"593602.0"
"ES30","pop_tot_Sheet_5",2020,"589133.0"
"ES30","pop_tot_Sheet_5",2021,"576218.0"
"ES30","pop_tot_Sheet_5",2022,"557496.0"
"ES30","pop_tot_Sheet_5",2023,"546275.0"
"ES30","pop_tot_Sheet_5",2024,"534971.0"
"ES41","pop_tot_Sheet_5",2015,"187283.0"
"ES41","pop_tot_Sheet_5",2016,"185516.0"
"ES41","pop_tot_Sheet_5",2017,"184917.0"
"ES41","pop_tot_Sheet_5",2018,"183343.0"
"ES41","pop_tot_Sheet_5",2019,"182370.0"
"ES41","pop_tot_Sheet_5",2020,"179718.0"
"ES41","pop_tot_Sheet_5",2021,"176545.0"
"ES41","pop_tot_Sheet_5",2022,"170379.0"
"ES41","pop_tot_Sheet_5",2023,"165946.0"
"ES41","pop_tot_Sheet_5",2024,"160004.0"
"ES42","pop_tot_Sheet_5",2015,"165764.0"
"ES42","pop_tot_Sheet_5",2016,"165974.0"
"ES42","pop_tot_Sheet_5",2017,"167378.0"
"ES42","pop_tot_Sheet_5",2018,"167444.0"
"ES42","pop_tot_Sheet_5",2019,"168275.0"
"ES42","pop_tot_Sheet_5",2020,"168459.0"
"ES42","pop_tot_Sheet_5",2021,"167713.0"
"ES42","pop_tot_Sheet_5",2022,"164122.0"
"ES42","pop_tot_Sheet_5",2023,"162466.0"
"ES42","pop_tot_Sheet_5",2024,"158308.0"
"ES43","pop_tot_Sheet_5",2015,"82119.0"
"ES43","pop_tot_Sheet_5",2016,"81491.0"
"ES43","pop_tot_Sheet_5",2017,"80834.0"
"ES43","pop_tot_Sheet_5",2018,"79687.0"
"ES43","pop_tot_Sheet_5",2019,"79026.0"
"ES43","pop_tot_Sheet_5",2020,"78354.0"
"ES43","pop_tot_Sheet_5",2021,"77779.0"
"ES43","pop_tot_Sheet_5",2022,"76126.0"
"ES43","pop_tot_Sheet_5",2023,"75284.0"
"ES43","pop_tot_Sheet_5",2024,"73616.0"
"ES51","pop_tot_Sheet_5",2015,"638259.0"
"ES51","pop_tot_Sheet_5",2016,"650033.0"
"ES51","pop_tot_Sheet_5",2017,"660268.0"
"ES51","pop_tot_Sheet_5",2018,"666578.0"
"ES51","pop_tot_Sheet_5",2019,"671753.0"
"ES51","pop_tot_Sheet_5",2020,"667591.0"
"ES51","pop_tot_Sheet_5",2021,"656246.0"
"ES51","pop_tot_Sheet_5",2022,"633848.0"
"ES51","pop_tot_Sheet_5",2023,"620620.0"
"ES51","pop_tot_Sheet_5",2024,"602189.0"
"ES52","pop_tot_Sheet_5",2015,"416073.0"
"ES52","pop_tot_Sheet_5",2016,"420101.0"
"ES52","pop_tot_Sheet_5",2017,"424909.0"
"ES52","pop_tot_Sheet_5",2018,"429014.0"
"ES52","pop_tot_Sheet_5",2019,"432952.0"
"ES52","pop_tot_Sheet_5",2020,"432115.0"
"ES52","pop_tot_Sheet_5",2021,"426455.0"
"ES52","pop_tot_Sheet_5",2022,"416156.0"
"ES52","pop_tot_Sheet_5",2023,"409409.0"
"ES52","pop_tot_Sheet_5",2024,"400532.0"
"ES53","pop_tot_Sheet_5",2015,"100043.0"
"ES53","pop_tot_Sheet_5",2016,"101794.0"
"ES53","pop_tot_Sheet_5",2017,"103515.0"
"ES53","pop_tot_Sheet_5",2018,"104636.0"
"ES53","pop_tot_Sheet_5",2019,"106044.0"
"ES53","pop_tot_Sheet_5",2020,"106468.0"
"ES53","pop_tot_Sheet_5",2021,"105857.0"
"ES53","pop_tot_Sheet_5",2022,"103861.0"
"ES53","pop_tot_Sheet_5",2023,"103470.0"
"ES53","pop_tot_Sheet_5",2024,"102222.0"
"ES61","pop_tot_Sheet_5",2015,"686225.0"
"ES61","pop_tot_Sheet_5",2016,"691466.0"
"ES61","pop_tot_Sheet_5",2017,"697565.0"
"ES61","pop_tot_Sheet_5",2018,"700393.0"
"ES61","pop_tot_Sheet_5",2019,"703405.0"
"ES61","pop_tot_Sheet_5",2020,"702259.0"
"ES61","pop_tot_Sheet_5",2021,"697688.0"
"ES61","pop_tot_Sheet_5",2022,"683911.0"
"ES61","pop_tot_Sheet_5",2023,"673590.0"
"ES61","pop_tot_Sheet_5",2024,"657228.0"
"ES62","pop_tot_Sheet_5",2015,"124332.0"
"ES62","pop_tot_Sheet_5",2016,"125926.0"
"ES62","pop_tot_Sheet_5",2017,"128058.0"
"ES62","pop_tot_Sheet_5",2018,"129038.0"
"ES62","pop_tot_Sheet_5",2019,"130712.0"
"ES62","pop_tot_Sheet_5",2020,"130782.0"
"ES62","pop_tot_Sheet_5",2021,"130263.0"
"ES62","pop_tot_Sheet_5",2022,"128083.0"
"ES62","pop_tot_Sheet_5",2023,"126402.0"
"ES62","pop_tot_Sheet_5",2024,"122708.0"
"ES63","pop_tot_Sheet_5",2015,"6406.0"
"ES63","pop_tot_Sheet_5",2016,"6534.0"
"ES63","pop_tot_Sheet_5",2017,"6650.0"
"ES63","pop_tot_Sheet_5",2018,"6613.0"
"ES63","pop_tot_Sheet_5",2019,"6574.0"
"ES63","pop_tot_Sheet_5",2020,"6493.0"
"ES63","pop_tot_Sheet_5",2021,"6369.0"
"ES63","pop_tot_Sheet_5",2022,"6216.0"
"ES63","pop_tot_Sheet_5",2023,"6183.0"
"ES63","pop_tot_Sheet_5",2024,"6134.0"
"ES64","pop_tot_Sheet_5",2015,"5963.0"
"ES64","pop_tot_Sheet_5",2016,"5975.0"
"ES64","pop_tot_Sheet_5",2017,"5958.0"
"ES64","pop_tot_Sheet_5",2018,"5962.0"
"ES64","pop_tot_Sheet_5",2019,"6125.0"
"ES64","pop_tot_Sheet_5",2020,"6162.0"
"ES64","pop_tot_Sheet_5",2021,"6306.0"
"ES64","pop_tot_Sheet_5",2022,"6177.0"
"ES64","pop_tot_Sheet_5",2023,"6122.0"
"ES64","pop_tot_Sheet_5",2024,"6235.0"
"ES70","pop_tot_Sheet_5",2015,"196922.0"
"ES70","pop_tot_Sheet_5",2016,"195854.0"
"ES70","pop_tot_Sheet_5",2017,"194682.0"
"ES70","pop_tot_Sheet_5",2018,"192317.0"
"ES70","pop_tot_Sheet_5",2019,"190734.0"
"ES70","pop_tot_Sheet_5",2020,"188832.0"
"ES70","pop_tot_Sheet_5",2021,"185531.0"
"ES70","pop_tot_Sheet_5",2022,"181449.0"
"ES70","pop_tot_Sheet_5",2023,"179695.0"
"ES70","pop_tot_Sheet_5",2024,"176551.0"
"FR10","pop_tot_Sheet_5",2015,"873924.0"
"FR10","pop_tot_Sheet_5",2016,"864303.0"
"FR10","pop_tot_Sheet_5",2017,"851796.0"
"FR10","pop_tot_Sheet_5",2018,"838659.0"
"FR10","pop_tot_Sheet_5",2019,"833752.0"
"FR10","pop_tot_Sheet_5",2020,"825883.0"
"FR10","pop_tot_Sheet_5",2021,"835813.0"
"FR10","pop_tot_Sheet_5",2022,"848505.0"
"FR10","pop_tot_Sheet_5",2023,"852374.0"
"FR10","pop_tot_Sheet_5",2024,"851765.0"
"FRB0","pop_tot_Sheet_5",2015,"174287.0"
"FRB0","pop_tot_Sheet_5",2016,"169759.0"
"FRB0","pop_tot_Sheet_5",2017,"162409.0"
"FRB0","pop_tot_Sheet_5",2018,"155804.0"
"FRB0","pop_tot_Sheet_5",2019,"150452.0"
"FRB0","pop_tot_Sheet_5",2020,"148424.0"
"FRB0","pop_tot_Sheet_5",2021,"149200.0"
"FRB0","pop_tot_Sheet_5",2022,"153142.0"
"FRB0","pop_tot_Sheet_5",2023,"155107.0"
"FRB0","pop_tot_Sheet_5",2024,"155498.0"
"FRC1","pop_tot_Sheet_5",2015,"106858.0"
"FRC1","pop_tot_Sheet_5",2016,"102872.0"
"FRC1","pop_tot_Sheet_5",2017,"98584.0"
"FRC1","pop_tot_Sheet_5",2018,"95239.0"
"FRC1","pop_tot_Sheet_5",2019,"91250.0"
"FRC1","pop_tot_Sheet_5",2020,"89457.0"
"FRC1","pop_tot_Sheet_5",2021,"91045.0"
"FRC1","pop_tot_Sheet_5",2022,"93073.0"
"FRC1","pop_tot_Sheet_5",2023,"94354.0"
"FRC1","pop_tot_Sheet_5",2024,"94853.0"
"FRC2","pop_tot_Sheet_5",2015,"79496.0"
"FRC2","pop_tot_Sheet_5",2016,"76962.0"
"FRC2","pop_tot_Sheet_5",2017,"74174.0"
"FRC2","pop_tot_Sheet_5",2018,"71799.0"
"FRC2","pop_tot_Sheet_5",2019,"69770.0"
"FRC2","pop_tot_Sheet_5",2020,"69089.0"
"FRC2","pop_tot_Sheet_5",2021,"70763.0"
"FRC2","pop_tot_Sheet_5",2022,"72581.0"
"FRC2","pop_tot_Sheet_5",2023,"73758.0"
"FRC2","pop_tot_Sheet_5",2024,"73553.0"
"FRD1","pop_tot_Sheet_5",2015,"95676.0"
"FRD1","pop_tot_Sheet_5",2016,"92452.0"
"FRD1","pop_tot_Sheet_5",2017,"88668.0"
"FRD1","pop_tot_Sheet_5",2018,"85552.0"
"FRD1","pop_tot_Sheet_5",2019,"82392.0"
"FRD1","pop_tot_Sheet_5",2020,"81761.0"
"FRD1","pop_tot_Sheet_5",2021,"83643.0"
"FRD1","pop_tot_Sheet_5",2022,"85799.0"
"FRD1","pop_tot_Sheet_5",2023,"87186.0"
"FRD1","pop_tot_Sheet_5",2024,"87796.0"
"FRD2","pop_tot_Sheet_5",2015,"125863.0"
"FRD2","pop_tot_Sheet_5",2016,"123011.0"
"FRD2","pop_tot_Sheet_5",2017,"118175.0"
"FRD2","pop_tot_Sheet_5",2018,"113257.0"
"FRD2","pop_tot_Sheet_5",2019,"109869.0"
"FRD2","pop_tot_Sheet_5",2020,"108378.0"
"FRD2","pop_tot_Sheet_5",2021,"109651.0"
"FRD2","pop_tot_Sheet_5",2022,"112661.0"
"FRD2","pop_tot_Sheet_5",2023,"115603.0"
"FRD2","pop_tot_Sheet_5",2024,"116354.0"
"FRE1","pop_tot_Sheet_5",2015,"274650.0"
"FRE1","pop_tot_Sheet_5",2016,"270756.0"
"FRE1","pop_tot_Sheet_5",2017,"262475.0"
"FRE1","pop_tot_Sheet_5",2018,"255752.0"
"FRE1","pop_tot_Sheet_5",2019,"249123.0"
"FRE1","pop_tot_Sheet_5",2020,"246333.0"
"FRE1","pop_tot_Sheet_5",2021,"249284.0"
"FRE1","pop_tot_Sheet_5",2022,"257298.0"
"FRE1","pop_tot_Sheet_5",2023,"261793.0"
"FRE1","pop_tot_Sheet_5",2024,"262960.0"
"FRE2","pop_tot_Sheet_5",2015,"134592.0"
"FRE2","pop_tot_Sheet_5",2016,"130600.0"
"FRE2","pop_tot_Sheet_5",2017,"126164.0"
"FRE2","pop_tot_Sheet_5",2018,"122564.0"
"FRE2","pop_tot_Sheet_5",2019,"118519.0"
"FRE2","pop_tot_Sheet_5",2020,"116708.0"
"FRE2","pop_tot_Sheet_5",2021,"117501.0"
"FRE2","pop_tot_Sheet_5",2022,"120513.0"
"FRE2","pop_tot_Sheet_5",2023,"121824.0"
"FRE2","pop_tot_Sheet_5",2024,"122191.0"
"FRF1","pop_tot_Sheet_5",2015,"131469.0"
"FRF1","pop_tot_Sheet_5",2016,"127659.0"
"FRF1","pop_tot_Sheet_5",2017,"122926.0"
"FRF1","pop_tot_Sheet_5",2018,"119045.0"
"FRF1","pop_tot_Sheet_5",2019,"116631.0"
"FRF1","pop_tot_Sheet_5",2020,"116544.0"
"FRF1","pop_tot_Sheet_5",2021,"118761.0"
"FRF1","pop_tot_Sheet_5",2022,"121915.0"
"FRF1","pop_tot_Sheet_5",2023,"124222.0"
"FRF1","pop_tot_Sheet_5",2024,"125114.0"
"FRF2","pop_tot_Sheet_5",2015,"88919.0"
"FRF2","pop_tot_Sheet_5",2016,"86238.0"
"FRF2","pop_tot_Sheet_5",2017,"82514.0"
"FRF2","pop_tot_Sheet_5",2018,"79089.0"
"FRF2","pop_tot_Sheet_5",2019,"76606.0"
"FRF2","pop_tot_Sheet_5",2020,"75119.0"
"FRF2","pop_tot_Sheet_5",2021,"75463.0"
"FRF2","pop_tot_Sheet_5",2022,"77702.0"
"FRF2","pop_tot_Sheet_5",2023,"78296.0"
"FRF2","pop_tot_Sheet_5",2024,"77870.0"
"FRF3","pop_tot_Sheet_5",2015,"156394.0"
"FRF3","pop_tot_Sheet_5",2016,"151261.0"
"FRF3","pop_tot_Sheet_5",2017,"145107.0"
"FRF3","pop_tot_Sheet_5",2018,"140719.0"
"FRF3","pop_tot_Sheet_5",2019,"137110.0"
"FRF3","pop_tot_Sheet_5",2020,"136162.0"
"FRF3","pop_tot_Sheet_5",2021,"139054.0"
"FRF3","pop_tot_Sheet_5",2022,"143844.0"
"FRF3","pop_tot_Sheet_5",2023,"146942.0"
"FRF3","pop_tot_Sheet_5",2024,"147804.0"
"FRG0","pop_tot_Sheet_5",2015,"255630.0"
"FRG0","pop_tot_Sheet_5",2016,"251359.0"
"FRG0","pop_tot_Sheet_5",2017,"244331.0"
"FRG0","pop_tot_Sheet_5",2018,"239236.0"
"FRG0","pop_tot_Sheet_5",2019,"234021.0"
"FRG0","pop_tot_Sheet_5",2020,"233007.0"
"FRG0","pop_tot_Sheet_5",2021,"238350.0"
"FRG0","pop_tot_Sheet_5",2022,"244274.0"
"FRG0","pop_tot_Sheet_5",2023,"248907.0"
"FRG0","pop_tot_Sheet_5",2024,"250325.0"
"FRH0","pop_tot_Sheet_5",2015,"224578.0"
"FRH0","pop_tot_Sheet_5",2016,"219739.0"
"FRH0","pop_tot_Sheet_5",2017,"212560.0"
"FRH0","pop_tot_Sheet_5",2018,"206643.0"
"FRH0","pop_tot_Sheet_5",2019,"199971.0"
"FRH0","pop_tot_Sheet_5",2020,"198028.0"
"FRH0","pop_tot_Sheet_5",2021,"202038.0"
"FRH0","pop_tot_Sheet_5",2022,"208640.0"
"FRH0","pop_tot_Sheet_5",2023,"212161.0"
"FRH0","pop_tot_Sheet_5",2024,"213201.0"
"FRI1","pop_tot_Sheet_5",2015,"233795.0"
"FRI1","pop_tot_Sheet_5",2016,"228316.0"
"FRI1","pop_tot_Sheet_5",2017,"222133.0"
"FRI1","pop_tot_Sheet_5",2018,"215700.0"
"FRI1","pop_tot_Sheet_5",2019,"210938.0"
"FRI1","pop_tot_Sheet_5",2020,"210814.0"
"FRI1","pop_tot_Sheet_5",2021,"217182.0"
"FRI1","pop_tot_Sheet_5",2022,"224233.0"
"FRI1","pop_tot_Sheet_5",2023,"228145.0"
"FRI1","pop_tot_Sheet_5",2024,"229695.0"
"FRI2","pop_tot_Sheet_5",2015,"47620.0"
"FRI2","pop_tot_Sheet_5",2016,"46258.0"
"FRI2","pop_tot_Sheet_5",2017,"44252.0"
"FRI2","pop_tot_Sheet_5",2018,"42423.0"
"FRI2","pop_tot_Sheet_5",2019,"40685.0"
"FRI2","pop_tot_Sheet_5",2020,"39797.0"
"FRI2","pop_tot_Sheet_5",2021,"40252.0"
"FRI2","pop_tot_Sheet_5",2022,"40747.0"
"FRI2","pop_tot_Sheet_5",2023,"40962.0"
"FRI2","pop_tot_Sheet_5",2024,"40997.0"
"FRI3","pop_tot_Sheet_5",2015,"119114.0"
"FRI3","pop_tot_Sheet_5",2016,"115612.0"
"FRI3","pop_tot_Sheet_5",2017,"110980.0"
"FRI3","pop_tot_Sheet_5",2018,"107060.0"
"FRI3","pop_tot_Sheet_5",2019,"103015.0"
"FRI3","pop_tot_Sheet_5",2020,"101735.0"
"FRI3","pop_tot_Sheet_5",2021,"103567.0"
"FRI3","pop_tot_Sheet_5",2022,"106379.0"
"FRI3","pop_tot_Sheet_5",2023,"107962.0"
"FRI3","pop_tot_Sheet_5",2024,"108862.0"
"FRJ1","pop_tot_Sheet_5",2015,"182395.0"
"FRJ1","pop_tot_Sheet_5",2016,"177821.0"
"FRJ1","pop_tot_Sheet_5",2017,"171916.0"
"FRJ1","pop_tot_Sheet_5",2018,"167710.0"
"FRJ1","pop_tot_Sheet_5",2019,"165195.0"
"FRJ1","pop_tot_Sheet_5",2020,"165878.0"
"FRJ1","pop_tot_Sheet_5",2021,"170168.0"
"FRJ1","pop_tot_Sheet_5",2022,"175367.0"
"FRJ1","pop_tot_Sheet_5",2023,"178153.0"
"FRJ1","pop_tot_Sheet_5",2024,"179069.0"
"FRJ2","pop_tot_Sheet_5",2015,"202215.0"
"FRJ2","pop_tot_Sheet_5",2016,"197378.0"
"FRJ2","pop_tot_Sheet_5",2017,"192419.0"
"FRJ2","pop_tot_Sheet_5",2018,"188420.0"
"FRJ2","pop_tot_Sheet_5",2019,"185691.0"
"FRJ2","pop_tot_Sheet_5",2020,"186114.0"
"FRJ2","pop_tot_Sheet_5",2021,"191843.0"
"FRJ2","pop_tot_Sheet_5",2022,"197912.0"
"FRJ2","pop_tot_Sheet_5",2023,"201370.0"
"FRJ2","pop_tot_Sheet_5",2024,"202457.0"
"FRK1","pop_tot_Sheet_5",2015,"91182.0"
"FRK1","pop_tot_Sheet_5",2016,"88694.0"
"FRK1","pop_tot_Sheet_5",2017,"85061.0"
"FRK1","pop_tot_Sheet_5",2018,"82250.0"
"FRK1","pop_tot_Sheet_5",2019,"79350.0"
"FRK1","pop_tot_Sheet_5",2020,"77699.0"
"FRK1","pop_tot_Sheet_5",2021,"78592.0"
"FRK1","pop_tot_Sheet_5",2022,"80191.0"
"FRK1","pop_tot_Sheet_5",2023,"81109.0"
"FRK1","pop_tot_Sheet_5",2024,"81328.0"
"FRK2","pop_tot_Sheet_5",2015,"453636.0"
"FRK2","pop_tot_Sheet_5",2016,"444255.0"
"FRK2","pop_tot_Sheet_5",2017,"432161.0"
"FRK2","pop_tot_Sheet_5",2018,"423562.0"
"FRK2","pop_tot_Sheet_5",2019,"416380.0"
"FRK2","pop_tot_Sheet_5",2020,"416402.0"
"FRK2","pop_tot_Sheet_5",2021,"427539.0"
"FRK2","pop_tot_Sheet_5",2022,"438446.0"
"FRK2","pop_tot_Sheet_5",2023,"447352.0"
"FRK2","pop_tot_Sheet_5",2024,"452731.0"
"FRL0","pop_tot_Sheet_5",2015,"332923.0"
"FRL0","pop_tot_Sheet_5",2016,"323330.0"
"FRL0","pop_tot_Sheet_5",2017,"313519.0"
"FRL0","pop_tot_Sheet_5",2018,"305088.0"
"FRL0","pop_tot_Sheet_5",2019,"300731.0"
"FRL0","pop_tot_Sheet_5",2020,"300180.0"
"FRL0","pop_tot_Sheet_5",2021,"308323.0"
"FRL0","pop_tot_Sheet_5",2022,"317865.0"
"FRL0","pop_tot_Sheet_5",2023,"323544.0"
"FRL0","pop_tot_Sheet_5",2024,"324792.0"
"FRM0","pop_tot_Sheet_5",2015,"23111.0"
"FRM0","pop_tot_Sheet_5",2016,"22627.0"
"FRM0","pop_tot_Sheet_5",2017,"22257.0"
"FRM0","pop_tot_Sheet_5",2018,"21691.0"
"FRM0","pop_tot_Sheet_5",2019,"21405.0"
"FRM0","pop_tot_Sheet_5",2020,"21590.0"
"FRM0","pop_tot_Sheet_5",2021,"22566.0"
"FRM0","pop_tot_Sheet_5",2022,"23306.0"
"FRM0","pop_tot_Sheet_5",2023,"23797.0"
"FRM0","pop_tot_Sheet_5",2024,"24233.0"
"FRY1","pop_tot_Sheet_5",2015,"32153.0"
"FRY1","pop_tot_Sheet_5",2016,"31031.0"
"FRY1","pop_tot_Sheet_5",2017,"29237.0"
"FRY1","pop_tot_Sheet_5",2018,"27074.0"
"FRY1","pop_tot_Sheet_5",2019,"25113.0"
"FRY1","pop_tot_Sheet_5",2020,"23816.0"
"FRY1","pop_tot_Sheet_5",2021,"22979.0"
"FRY1","pop_tot_Sheet_5",2022,"22766.0"
"FRY1","pop_tot_Sheet_5",2023,"22229.0"
"FRY1","pop_tot_Sheet_5",2024,"22149.0"
"FRY2","pop_tot_Sheet_5",2015,"26693.0"
"FRY2","pop_tot_Sheet_5",2016,"25107.0"
"FRY2","pop_tot_Sheet_5",2017,"22894.0"
"FRY2","pop_tot_Sheet_5",2018,"20965.0"
"FRY2","pop_tot_Sheet_5",2019,"19414.0"
"FRY2","pop_tot_Sheet_5",2020,"18450.0"
"FRY2","pop_tot_Sheet_5",2021,"18121.0"
"FRY2","pop_tot_Sheet_5",2022,"18155.0"
"FRY2","pop_tot_Sheet_5",2023,"18481.0"
"FRY2","pop_tot_Sheet_5",2024,"18497.0"
"FRY3","pop_tot_Sheet_5",2015,"17786.0"
"FRY3","pop_tot_Sheet_5",2016,"18015.0"
"FRY3","pop_tot_Sheet_5",2017,"17492.0"
"FRY3","pop_tot_Sheet_5",2018,"17432.0"
"FRY3","pop_tot_Sheet_5",2019,"17623.0"
"FRY3","pop_tot_Sheet_5",2020,"17402.0"
"FRY3","pop_tot_Sheet_5",2021,"18201.0"
"FRY3","pop_tot_Sheet_5",2022,"18644.0"
"FRY3","pop_tot_Sheet_5",2023,"19337.0"
"FRY3","pop_tot_Sheet_5",2024,"19571.0"
"FRY4","pop_tot_Sheet_5",2015,"60223.0"
"FRY4","pop_tot_Sheet_5",2016,"59877.0"
"FRY4","pop_tot_Sheet_5",2017,"58298.0"
"FRY4","pop_tot_Sheet_5",2018,"56904.0"
"FRY4","pop_tot_Sheet_5",2019,"56013.0"
"FRY4","pop_tot_Sheet_5",2020,"55641.0"
"FRY4","pop_tot_Sheet_5",2021,"56155.0"
"FRY4","pop_tot_Sheet_5",2022,"56962.0"
"FRY4","pop_tot_Sheet_5",2023,"56375.0"
"FRY4","pop_tot_Sheet_5",2024,"56688.0"
"FRY5","pop_tot_Sheet_5",2015,"12942.0"
"FRY5","pop_tot_Sheet_5",2016,"13433.0"
"FRY5","pop_tot_Sheet_5",2017,"13944.0"
"FRY5","pop_tot_Sheet_5",2018,"14473.0"
"FRY5","pop_tot_Sheet_5",2019,"15029.0"
"FRY5","pop_tot_Sheet_5",2020,"15593.0"
"FRY5","pop_tot_Sheet_5",2021,"16113.0"
"FRY5","pop_tot_Sheet_5",2022,"16700.0"
"FRY5","pop_tot_Sheet_5",2023,"17291.0"
"FRY5","pop_tot_Sheet_5",2024,"17852.0"
"HR02","pop_tot_Sheet_5",2015,"72935.0"
"HR02","pop_tot_Sheet_5",2016,"71905.0"
"HR02","pop_tot_Sheet_5",2017,"70280.0"
"HR02","pop_tot_Sheet_5",2018,"67802.0"
"HR02","pop_tot_Sheet_5",2019,"66232.0"
"HR02","pop_tot_Sheet_5",2020,"65062.0"
"HR02","pop_tot_Sheet_5",2021,"64608.0"
"HR02","pop_tot_Sheet_5",2022,"63639.0"
"HR02","pop_tot_Sheet_5",2023,"62857.0"
"HR02","pop_tot_Sheet_5",2024,"62721.0"
"HR03","pop_tot_Sheet_5",2015,"87910.0"
"HR03","pop_tot_Sheet_5",2016,"88081.0"
"HR03","pop_tot_Sheet_5",2017,"87827.0"
"HR03","pop_tot_Sheet_5",2018,"87839.0"
"HR03","pop_tot_Sheet_5",2019,"88305.0"
"HR03","pop_tot_Sheet_5",2020,"89132.0"
"HR03","pop_tot_Sheet_5",2021,"89268.0"
"HR03","pop_tot_Sheet_5",2022,"88828.0"
"HR03","pop_tot_Sheet_5",2023,"89186.0"
"HR03","pop_tot_Sheet_5",2024,"90163.0"
"HR05","pop_tot_Sheet_5",2015,"56175.0"
"HR05","pop_tot_Sheet_5",2016,"56685.0"
"HR05","pop_tot_Sheet_5",2017,"56813.0"
"HR05","pop_tot_Sheet_5",2018,"56798.0"
"HR05","pop_tot_Sheet_5",2019,"57463.0"
"HR05","pop_tot_Sheet_5",2020,"58401.0"
"HR05","pop_tot_Sheet_5",2021,"58986.0"
"HR05","pop_tot_Sheet_5",2022,"59640.0"
"HR05","pop_tot_Sheet_5",2023,"60390.0"
"HR05","pop_tot_Sheet_5",2024,"60702.0"
"HR06","pop_tot_Sheet_5",2015,"56726.0"
"HR06","pop_tot_Sheet_5",2016,"56695.0"
"HR06","pop_tot_Sheet_5",2017,"55998.0"
"HR06","pop_tot_Sheet_5",2018,"55273.0"
"HR06","pop_tot_Sheet_5",2019,"54677.0"
"HR06","pop_tot_Sheet_5",2020,"54954.0"
"HR06","pop_tot_Sheet_5",2021,"54904.0"
"HR06","pop_tot_Sheet_5",2022,"55101.0"
"HR06","pop_tot_Sheet_5",2023,"55370.0"
"HR06","pop_tot_Sheet_5",2024,"55954.0"
"ITC1","pop_tot_Sheet_5",2015,"346601.0"
"ITC1","pop_tot_Sheet_5",2016,"340740.0"
"ITC1","pop_tot_Sheet_5",2017,"330730.0"
"ITC1","pop_tot_Sheet_5",2018,"318653.0"
"ITC1","pop_tot_Sheet_5",2019,"306105.0"
"ITC1","pop_tot_Sheet_5",2020,"290053.0"
"ITC1","pop_tot_Sheet_5",2021,"275197.0"
"ITC1","pop_tot_Sheet_5",2022,"264116.0"
"ITC1","pop_tot_Sheet_5",2023,"256225.0"
"ITC1","pop_tot_Sheet_5",2024,"249600.0"
"ITC2","pop_tot_Sheet_5",2015,"10283.0"
"ITC2","pop_tot_Sheet_5",2016,"9987.0"
"ITC2","pop_tot_Sheet_5",2017,"9632.0"
"ITC2","pop_tot_Sheet_5",2018,"9224.0"
"ITC2","pop_tot_Sheet_5",2019,"8935.0"
"ITC2","pop_tot_Sheet_5",2020,"8414.0"
"ITC2","pop_tot_Sheet_5",2021,"8030.0"
"ITC2","pop_tot_Sheet_5",2022,"7559.0"
"ITC2","pop_tot_Sheet_5",2023,"7331.0"
"ITC2","pop_tot_Sheet_5",2024,"7085.0"
"ITC3","pop_tot_Sheet_5",2015,"118459.0"
"ITC3","pop_tot_Sheet_5",2016,"114936.0"
"ITC3","pop_tot_Sheet_5",2017,"110268.0"
"ITC3","pop_tot_Sheet_5",2018,"104529.0"
"ITC3","pop_tot_Sheet_5",2019,"99475.0"
"ITC3","pop_tot_Sheet_5",2020,"93428.0"
"ITC3","pop_tot_Sheet_5",2021,"88589.0"
"ITC3","pop_tot_Sheet_5",2022,"84849.0"
"ITC3","pop_tot_Sheet_5",2023,"82312.0"
"ITC3","pop_tot_Sheet_5",2024,"80804.0"
"ITC4","pop_tot_Sheet_5",2015,"824706.0"
"ITC4","pop_tot_Sheet_5",2016,"818078.0"
"ITC4","pop_tot_Sheet_5",2017,"800464.0"
"ITC4","pop_tot_Sheet_5",2018,"778816.0"
"ITC4","pop_tot_Sheet_5",2019,"754302.0"
"ITC4","pop_tot_Sheet_5",2020,"721733.0"
"ITC4","pop_tot_Sheet_5",2021,"689447.0"
"ITC4","pop_tot_Sheet_5",2022,"663290.0"
"ITC4","pop_tot_Sheet_5",2023,"648080.0"
"ITC4","pop_tot_Sheet_5",2024,"634400.0"
"ITF1","pop_tot_Sheet_5",2015,"101226.0"
"ITF1","pop_tot_Sheet_5",2016,"99922.0"
"ITF1","pop_tot_Sheet_5",2017,"97761.0"
"ITF1","pop_tot_Sheet_5",2018,"94901.0"
"ITF1","pop_tot_Sheet_5",2019,"92783.0"
"ITF1","pop_tot_Sheet_5",2020,"89760.0"
"ITF1","pop_tot_Sheet_5",2021,"86344.0"
"ITF1","pop_tot_Sheet_5",2022,"83908.0"
"ITF1","pop_tot_Sheet_5",2023,"82333.0"
"ITF1","pop_tot_Sheet_5",2024,"80242.0"
"ITF2","pop_tot_Sheet_5",2015,"22513.0"
"ITF2","pop_tot_Sheet_5",2016,"22431.0"
"ITF2","pop_tot_Sheet_5",2017,"21961.0"
"ITF2","pop_tot_Sheet_5",2018,"21397.0"
"ITF2","pop_tot_Sheet_5",2019,"20825.0"
"ITF2","pop_tot_Sheet_5",2020,"20052.0"
"ITF2","pop_tot_Sheet_5",2021,"18916.0"
"ITF2","pop_tot_Sheet_5",2022,"18408.0"
"ITF2","pop_tot_Sheet_5",2023,"18024.0"
"ITF2","pop_tot_Sheet_5",2024,"17519.0"
"ITF3","pop_tot_Sheet_5",2015,"440582.0"
"ITF3","pop_tot_Sheet_5",2016,"438745.0"
"ITF3","pop_tot_Sheet_5",2017,"432166.0"
"ITF3","pop_tot_Sheet_5",2018,"423219.0"
"ITF3","pop_tot_Sheet_5",2019,"413434.0"
"ITF3","pop_tot_Sheet_5",2020,"399817.0"
"ITF3","pop_tot_Sheet_5",2021,"383153.0"
"ITF3","pop_tot_Sheet_5",2022,"375176.0"
"ITF3","pop_tot_Sheet_5",2023,"369826.0"
"ITF3","pop_tot_Sheet_5",2024,"364178.0"
"ITF4","pop_tot_Sheet_5",2015,"305391.0"
"ITF4","pop_tot_Sheet_5",2016,"304840.0"
"ITF4","pop_tot_Sheet_5",2017,"302101.0"
"ITF4","pop_tot_Sheet_5",2018,"298728.0"
"ITF4","pop_tot_Sheet_5",2019,"292214.0"
"ITF4","pop_tot_Sheet_5",2020,"282201.0"
"ITF4","pop_tot_Sheet_5",2021,"270905.0"
"ITF4","pop_tot_Sheet_5",2022,"261632.0"
"ITF4","pop_tot_Sheet_5",2023,"253294.0"
"ITF4","pop_tot_Sheet_5",2024,"245418.0"
"ITF5","pop_tot_Sheet_5",2015,"41856.0"
"ITF5","pop_tot_Sheet_5",2016,"41235.0"
"ITF5","pop_tot_Sheet_5",2017,"40735.0"
"ITF5","pop_tot_Sheet_5",2018,"39695.0"
"ITF5","pop_tot_Sheet_5",2019,"38808.0"
"ITF5","pop_tot_Sheet_5",2020,"37207.0"
"ITF5","pop_tot_Sheet_5",2021,"35347.0"
"ITF5","pop_tot_Sheet_5",2022,"33944.0"
"ITF5","pop_tot_Sheet_5",2023,"33206.0"
"ITF5","pop_tot_Sheet_5",2024,"32351.0"
"ITF6","pop_tot_Sheet_5",2015,"139643.0"
"ITF6","pop_tot_Sheet_5",2016,"138641.0"
"ITF6","pop_tot_Sheet_5",2017,"137411.0"
"ITF6","pop_tot_Sheet_5",2018,"135319.0"
"ITF6","pop_tot_Sheet_5",2019,"132834.0"
"ITF6","pop_tot_Sheet_5",2020,"129476.0"
"ITF6","pop_tot_Sheet_5",2021,"124008.0"
"ITF6","pop_tot_Sheet_5",2022,"121212.0"
"ITF6","pop_tot_Sheet_5",2023,"119223.0"
"ITF6","pop_tot_Sheet_5",2024,"117188.0"
"ITG1","pop_tot_Sheet_5",2015,"371725.0"
"ITG1","pop_tot_Sheet_5",2016,"368423.0"
"ITG1","pop_tot_Sheet_5",2017,"362360.0"
"ITG1","pop_tot_Sheet_5",2018,"354162.0"
"ITG1","pop_tot_Sheet_5",2019,"345555.0"
"ITG1","pop_tot_Sheet_5",2020,"333685.0"
"ITG1","pop_tot_Sheet_5",2021,"322724.0"
"ITG1","pop_tot_Sheet_5",2022,"315759.0"
"ITG1","pop_tot_Sheet_5",2023,"309855.0"
"ITG1","pop_tot_Sheet_5",2024,"302816.0"
"ITG2","pop_tot_Sheet_5",2015,"133627.0"
"ITG2","pop_tot_Sheet_5",2016,"133127.0"
"ITG2","pop_tot_Sheet_5",2017,"130994.0"
"ITG2","pop_tot_Sheet_5",2018,"127879.0"
"ITG2","pop_tot_Sheet_5",2019,"123930.0"
"ITG2","pop_tot_Sheet_5",2020,"117846.0"
"ITG2","pop_tot_Sheet_5",2021,"111517.0"
"ITG2","pop_tot_Sheet_5",2022,"107865.0"
"ITG2","pop_tot_Sheet_5",2023,"104417.0"
"ITG2","pop_tot_Sheet_5",2024,"100494.0"
"ITH1","pop_tot_Sheet_5",2015,"40684.0"
"ITH1","pop_tot_Sheet_5",2016,"39561.0"
"ITH1","pop_tot_Sheet_5",2017,"38089.0"
"ITH1","pop_tot_Sheet_5",2018,"36698.0"
"ITH1","pop_tot_Sheet_5",2019,"35742.0"
"ITH1","pop_tot_Sheet_5",2020,"34514.0"
"ITH1","pop_tot_Sheet_5",2021,"34422.0"
"ITH1","pop_tot_Sheet_5",2022,"33732.0"
"ITH1","pop_tot_Sheet_5",2023,"33860.0"
"ITH1","pop_tot_Sheet_5",2024,"33824.0"
"ITH2","pop_tot_Sheet_5",2015,"41460.0"
"ITH2","pop_tot_Sheet_5",2016,"41130.0"
"ITH2","pop_tot_Sheet_5",2017,"40073.0"
"ITH2","pop_tot_Sheet_5",2018,"39088.0"
"ITH2","pop_tot_Sheet_5",2019,"38019.0"
"ITH2","pop_tot_Sheet_5",2020,"36386.0"
"ITH2","pop_tot_Sheet_5",2021,"35044.0"
"ITH2","pop_tot_Sheet_5",2022,"33539.0"
"ITH2","pop_tot_Sheet_5",2023,"32818.0"
"ITH2","pop_tot_Sheet_5",2024,"32187.0"
"ITH3","pop_tot_Sheet_5",2015,"403548.0"
"ITH3","pop_tot_Sheet_5",2016,"395502.0"
"ITH3","pop_tot_Sheet_5",2017,"384424.0"
"ITH3","pop_tot_Sheet_5",2018,"371804.0"
"ITH3","pop_tot_Sheet_5",2019,"359112.0"
"ITH3","pop_tot_Sheet_5",2020,"340907.0"
"ITH3","pop_tot_Sheet_5",2021,"326502.0"
"ITH3","pop_tot_Sheet_5",2022,"311721.0"
"ITH3","pop_tot_Sheet_5",2023,"301350.0"
"ITH3","pop_tot_Sheet_5",2024,"291661.0"
"ITH4","pop_tot_Sheet_5",2015,"97934.0"
"ITH4","pop_tot_Sheet_5",2016,"95418.0"
"ITH4","pop_tot_Sheet_5",2017,"92394.0"
"ITH4","pop_tot_Sheet_5",2018,"88700.0"
"ITH4","pop_tot_Sheet_5",2019,"85587.0"
"ITH4","pop_tot_Sheet_5",2020,"80715.0"
"ITH4","pop_tot_Sheet_5",2021,"77351.0"
"ITH4","pop_tot_Sheet_5",2022,"73808.0"
"ITH4","pop_tot_Sheet_5",2023,"71782.0"
"ITH4","pop_tot_Sheet_5",2024,"69137.0"
"ITH5","pop_tot_Sheet_5",2015,"369183.0"
"ITH5","pop_tot_Sheet_5",2016,"366307.0"
"ITH5","pop_tot_Sheet_5",2017,"358725.0"
"ITH5","pop_tot_Sheet_5",2018,"348724.0"
"ITH5","pop_tot_Sheet_5",2019,"337895.0"
"ITH5","pop_tot_Sheet_5",2020,"322550.0"
"ITH5","pop_tot_Sheet_5",2021,"307113.0"
"ITH5","pop_tot_Sheet_5",2022,"293646.0"
"ITH5","pop_tot_Sheet_5",2023,"284743.0"
"ITH5","pop_tot_Sheet_5",2024,"277485.0"
"ITI1","pop_tot_Sheet_5",2015,"299091.0"
"ITI1","pop_tot_Sheet_5",2016,"295917.0"
"ITI1","pop_tot_Sheet_5",2017,"289026.0"
"ITI1","pop_tot_Sheet_5",2018,"279980.0"
"ITI1","pop_tot_Sheet_5",2019,"269861.0"
"ITI1","pop_tot_Sheet_5",2020,"257588.0"
"ITI1","pop_tot_Sheet_5",2021,"248073.0"
"ITI1","pop_tot_Sheet_5",2022,"236713.0"
"ITI1","pop_tot_Sheet_5",2023,"229933.0"
"ITI1","pop_tot_Sheet_5",2024,"223366.0"
"ITI2","pop_tot_Sheet_5",2015,"67920.0"
"ITI2","pop_tot_Sheet_5",2016,"67492.0"
"ITI2","pop_tot_Sheet_5",2017,"66328.0"
"ITI2","pop_tot_Sheet_5",2018,"64820.0"
"ITI2","pop_tot_Sheet_5",2019,"62803.0"
"ITI2","pop_tot_Sheet_5",2020,"60171.0"
"ITI2","pop_tot_Sheet_5",2021,"57623.0"
"ITI2","pop_tot_Sheet_5",2022,"55505.0"
"ITI2","pop_tot_Sheet_5",2023,"53809.0"
"ITI2","pop_tot_Sheet_5",2024,"52689.0"
"ITI3","pop_tot_Sheet_5",2015,"119314.0"
"ITI3","pop_tot_Sheet_5",2016,"118447.0"
"ITI3","pop_tot_Sheet_5",2017,"115738.0"
"ITI3","pop_tot_Sheet_5",2018,"113269.0"
"ITI3","pop_tot_Sheet_5",2019,"110668.0"
"ITI3","pop_tot_Sheet_5",2020,"106368.0"
"ITI3","pop_tot_Sheet_5",2021,"101634.0"
"ITI3","pop_tot_Sheet_5",2022,"97614.0"
"ITI3","pop_tot_Sheet_5",2023,"94644.0"
"ITI3","pop_tot_Sheet_5",2024,"91659.0"
"ITI4","pop_tot_Sheet_5",2015,"478168.0"
"ITI4","pop_tot_Sheet_5",2016,"474951.0"
"ITI4","pop_tot_Sheet_5",2017,"467268.0"
"ITI4","pop_tot_Sheet_5",2018,"455353.0"
"ITI4","pop_tot_Sheet_5",2019,"443144.0"
"ITI4","pop_tot_Sheet_5",2020,"424593.0"
"ITI4","pop_tot_Sheet_5",2021,"406631.0"
"ITI4","pop_tot_Sheet_5",2022,"394088.0"
"ITI4","pop_tot_Sheet_5",2023,"386499.0"
"ITI4","pop_tot_Sheet_5",2024,"376750.0"
"CY00","pop_tot_Sheet_5",2015,"58111.0"
"CY00","pop_tot_Sheet_5",2016,"57857.0"
"CY00","pop_tot_Sheet_5",2017,"58993.0"
"CY00","pop_tot_Sheet_5",2018,"59658.0"
"CY00","pop_tot_Sheet_5",2019,"61318.0"
"CY00","pop_tot_Sheet_5",2020,"63576.0"
"CY00","pop_tot_Sheet_5",2021,"67161.0"
"CY00","pop_tot_Sheet_5",2022,"70746.0"
"CY00","pop_tot_Sheet_5",2023,"74174.0"
"CY00","pop_tot_Sheet_5",2024,"77208.0"
"LV00","pop_tot_Sheet_5",2015,"137503.0"
"LV00","pop_tot_Sheet_5",2016,"135589.0"
"LV00","pop_tot_Sheet_5",2017,"132105.0"
"LV00","pop_tot_Sheet_5",2018,"128938.0"
"LV00","pop_tot_Sheet_5",2019,"126352.0"
"LV00","pop_tot_Sheet_5",2020,"124087.0"
"LV00","pop_tot_Sheet_5",2021,"122421.0"
"LV00","pop_tot_Sheet_5",2022,"121963.0"
"LV00","pop_tot_Sheet_5",2023,"124727.0"
"LV00","pop_tot_Sheet_5",2024,"128512.0"
"LT01","pop_tot_Sheet_5",2015,"57416.0"
"LT01","pop_tot_Sheet_5",2016,"56916.0"
"LT01","pop_tot_Sheet_5",2017,"56948.0"
"LT01","pop_tot_Sheet_5",2018,"57790.0"
"LT01","pop_tot_Sheet_5",2019,"58971.0"
"LT01","pop_tot_Sheet_5",2020,"61141.0"
"LT01","pop_tot_Sheet_5",2021,"59919.0"
"LT01","pop_tot_Sheet_5",2022,"61292.0"
"LT01","pop_tot_Sheet_5",2023,"64739.0"
"LT01","pop_tot_Sheet_5",2024,"69289.0"
"LT02","pop_tot_Sheet_5",2015,"146929.0"
"LT02","pop_tot_Sheet_5",2016,"141256.0"
"LT02","pop_tot_Sheet_5",2017,"134112.0"
"LT02","pop_tot_Sheet_5",2018,"127758.0"
"LT02","pop_tot_Sheet_5",2019,"124143.0"
"LT02","pop_tot_Sheet_5",2020,"120964.0"
"LT02","pop_tot_Sheet_5",2021,"120585.0"
"LT02","pop_tot_Sheet_5",2022,"118663.0"
"LT02","pop_tot_Sheet_5",2023,"121794.0"
"LT02","pop_tot_Sheet_5",2024,"126723.0"
"LU00","pop_tot_Sheet_5",2015,"43403.0"
"LU00","pop_tot_Sheet_5",2016,"43956.0"
"LU00","pop_tot_Sheet_5",2017,"44376.0"
"LU00","pop_tot_Sheet_5",2018,"45255.0"
"LU00","pop_tot_Sheet_5",2019,"46177.0"
"LU00","pop_tot_Sheet_5",2020,"47058.0"
"LU00","pop_tot_Sheet_5",2021,"48190.0"
"LU00","pop_tot_Sheet_5",2022,"49083.0"
"LU00","pop_tot_Sheet_5",2023,"50419.0"
"LU00","pop_tot_Sheet_5",2024,"51306.0"
"HU11","pop_tot_Sheet_5",2015,"138138.0"
"HU11","pop_tot_Sheet_5",2016,"147429.0"
"HU11","pop_tot_Sheet_5",2017,"154742.0"
"HU11","pop_tot_Sheet_5",2018,"160329.0"
"HU11","pop_tot_Sheet_5",2019,"164637.0"
"HU11","pop_tot_Sheet_5",2020,"162003.0"
"HU11","pop_tot_Sheet_5",2021,"153356.0"
"HU11","pop_tot_Sheet_5",2022,"145737.0"
"HU11","pop_tot_Sheet_5",2023,"134581.0"
"HU11","pop_tot_Sheet_5",2024,"129029.0"
"HU12","pop_tot_Sheet_5",2015,"104569.0"
"HU12","pop_tot_Sheet_5",2016,"110847.0"
"HU12","pop_tot_Sheet_5",2017,"117047.0"
"HU12","pop_tot_Sheet_5",2018,"121929.0"
"HU12","pop_tot_Sheet_5",2019,"125948.0"
"HU12","pop_tot_Sheet_5",2020,"124146.0"
"HU12","pop_tot_Sheet_5",2021,"119258.0"
"HU12","pop_tot_Sheet_5",2022,"114896.0"
"HU12","pop_tot_Sheet_5",2023,"108054.0"
"HU12","pop_tot_Sheet_5",2024,"102523.0"
"HU21","pop_tot_Sheet_5",2015,"81225.0"
"HU21","pop_tot_Sheet_5",2016,"85947.0"
"HU21","pop_tot_Sheet_5",2017,"89786.0"
"HU21","pop_tot_Sheet_5",2018,"93100.0"
"HU21","pop_tot_Sheet_5",2019,"95333.0"
"HU21","pop_tot_Sheet_5",2020,"93811.0"
"HU21","pop_tot_Sheet_5",2021,"89987.0"
"HU21","pop_tot_Sheet_5",2022,"85790.0"
"HU21","pop_tot_Sheet_5",2023,"81575.0"
"HU21","pop_tot_Sheet_5",2024,"77167.0"
"HU22","pop_tot_Sheet_5",2015,"76687.0"
"HU22","pop_tot_Sheet_5",2016,"80786.0"
"HU22","pop_tot_Sheet_5",2017,"83894.0"
"HU22","pop_tot_Sheet_5",2018,"87129.0"
"HU22","pop_tot_Sheet_5",2019,"89373.0"
"HU22","pop_tot_Sheet_5",2020,"88345.0"
"HU22","pop_tot_Sheet_5",2021,"84878.0"
"HU22","pop_tot_Sheet_5",2022,"81597.0"
"HU22","pop_tot_Sheet_5",2023,"77157.0"
"HU22","pop_tot_Sheet_5",2024,"72937.0"
"HU23","pop_tot_Sheet_5",2015,"66631.0"
"HU23","pop_tot_Sheet_5",2016,"69235.0"
"HU23","pop_tot_Sheet_5",2017,"70924.0"
"HU23","pop_tot_Sheet_5",2018,"72049.0"
"HU23","pop_tot_Sheet_5",2019,"72603.0"
"HU23","pop_tot_Sheet_5",2020,"70255.0"
"HU23","pop_tot_Sheet_5",2021,"66698.0"
"HU23","pop_tot_Sheet_5",2022,"63080.0"
"HU23","pop_tot_Sheet_5",2023,"59774.0"
"HU23","pop_tot_Sheet_5",2024,"56181.0"
"HU31","pop_tot_Sheet_5",2015,"82407.0"
"HU31","pop_tot_Sheet_5",2016,"84626.0"
"HU31","pop_tot_Sheet_5",2017,"86397.0"
"HU31","pop_tot_Sheet_5",2018,"87769.0"
"HU31","pop_tot_Sheet_5",2019,"88459.0"
"HU31","pop_tot_Sheet_5",2020,"85883.0"
"HU31","pop_tot_Sheet_5",2021,"82316.0"
"HU31","pop_tot_Sheet_5",2022,"78301.0"
"HU31","pop_tot_Sheet_5",2023,"75431.0"
"HU31","pop_tot_Sheet_5",2024,"71429.0"
"HU32","pop_tot_Sheet_5",2015,"108902.0"
"HU32","pop_tot_Sheet_5",2016,"113298.0"
"HU32","pop_tot_Sheet_5",2017,"116134.0"
"HU32","pop_tot_Sheet_5",2018,"117537.0"
"HU32","pop_tot_Sheet_5",2019,"117807.0"
"HU32","pop_tot_Sheet_5",2020,"114161.0"
"HU32","pop_tot_Sheet_5",2021,"108870.0"
"HU32","pop_tot_Sheet_5",2022,"103725.0"
"HU32","pop_tot_Sheet_5",2023,"99518.0"
"HU32","pop_tot_Sheet_5",2024,"94644.0"
"HU33","pop_tot_Sheet_5",2015,"94289.0"
"HU33","pop_tot_Sheet_5",2016,"98547.0"
"HU33","pop_tot_Sheet_5",2017,"101504.0"
"HU33","pop_tot_Sheet_5",2018,"103364.0"
"HU33","pop_tot_Sheet_5",2019,"103748.0"
"HU33","pop_tot_Sheet_5",2020,"100663.0"
"HU33","pop_tot_Sheet_5",2021,"94870.0"
"HU33","pop_tot_Sheet_5",2022,"89480.0"
"HU33","pop_tot_Sheet_5",2023,"84816.0"
"HU33","pop_tot_Sheet_5",2024,"80350.0"
"MT00","pop_tot_Sheet_5",2015,"28362.0"
"MT00","pop_tot_Sheet_5",2016,"30144.0"
"MT00","pop_tot_Sheet_5",2017,"31669.0"
"MT00","pop_tot_Sheet_5",2018,"33799.0"
"MT00","pop_tot_Sheet_5",2019,"36106.0"
"MT00","pop_tot_Sheet_5",2020,"38868.0"
"MT00","pop_tot_Sheet_5",2021,"39723.0"
"MT00","pop_tot_Sheet_5",2022,"40440.0"
"MT00","pop_tot_Sheet_5",2023,"43183.0"
"MT00","pop_tot_Sheet_5",2024,"45652.0"
"NL11","pop_tot_Sheet_5",2015,"38258.0"
"NL11","pop_tot_Sheet_5",2016,"36252.0"
"NL11","pop_tot_Sheet_5",2017,"34393.0"
"NL11","pop_tot_Sheet_5",2018,"32661.0"
"NL11","pop_tot_Sheet_5",2019,"31948.0"
"NL11","pop_tot_Sheet_5",2020,"31328.0"
"NL11","pop_tot_Sheet_5",2021,"31416.0"
"NL11","pop_tot_Sheet_5",2022,"31574.0"
"NL11","pop_tot_Sheet_5",2023,"31953.0"
"NL11","pop_tot_Sheet_5",2024,"31917.0"
"NL12","pop_tot_Sheet_5",2015,"43957.0"
"NL12","pop_tot_Sheet_5",2016,"41450.0"
"NL12","pop_tot_Sheet_5",2017,"39118.0"
"NL12","pop_tot_Sheet_5",2018,"37228.0"
"NL12","pop_tot_Sheet_5",2019,"36250.0"
"NL12","pop_tot_Sheet_5",2020,"35713.0"
"NL12","pop_tot_Sheet_5",2021,"35825.0"
"NL12","pop_tot_Sheet_5",2022,"36122.0"
"NL12","pop_tot_Sheet_5",2023,"36745.0"
"NL12","pop_tot_Sheet_5",2024,"37111.0"
"NL13","pop_tot_Sheet_5",2015,"33675.0"
"NL13","pop_tot_Sheet_5",2016,"31527.0"
"NL13","pop_tot_Sheet_5",2017,"29961.0"
"NL13","pop_tot_Sheet_5",2018,"28527.0"
"NL13","pop_tot_Sheet_5",2019,"27821.0"
"NL13","pop_tot_Sheet_5",2020,"27410.0"
"NL13","pop_tot_Sheet_5",2021,"27574.0"
"NL13","pop_tot_Sheet_5",2022,"27637.0"
"NL13","pop_tot_Sheet_5",2023,"27947.0"
"NL13","pop_tot_Sheet_5",2024,"28104.0"
"NL21","pop_tot_Sheet_5",2015,"78993.0"
"NL21","pop_tot_Sheet_5",2016,"75161.0"
"NL21","pop_tot_Sheet_5",2017,"72013.0"
"NL21","pop_tot_Sheet_5",2018,"69403.0"
"NL21","pop_tot_Sheet_5",2019,"68180.0"
"NL21","pop_tot_Sheet_5",2020,"67502.0"
"NL21","pop_tot_Sheet_5",2021,"67828.0"
"NL21","pop_tot_Sheet_5",2022,"68003.0"
"NL21","pop_tot_Sheet_5",2023,"68866.0"
"NL21","pop_tot_Sheet_5",2024,"69012.0"
"NL22","pop_tot_Sheet_5",2015,"138454.0"
"NL22","pop_tot_Sheet_5",2016,"130639.0"
"NL22","pop_tot_Sheet_5",2017,"124605.0"
"NL22","pop_tot_Sheet_5",2018,"120175.0"
"NL22","pop_tot_Sheet_5",2019,"118202.0"
"NL22","pop_tot_Sheet_5",2020,"117808.0"
"NL22","pop_tot_Sheet_5",2021,"118998.0"
"NL22","pop_tot_Sheet_5",2022,"119417.0"
"NL22","pop_tot_Sheet_5",2023,"120791.0"
"NL22","pop_tot_Sheet_5",2024,"121509.0"
"NL23","pop_tot_Sheet_5",2015,"29688.0"
"NL23","pop_tot_Sheet_5",2016,"28180.0"
"NL23","pop_tot_Sheet_5",2017,"27152.0"
"NL23","pop_tot_Sheet_5",2018,"26489.0"
"NL23","pop_tot_Sheet_5",2019,"26281.0"
"NL23","pop_tot_Sheet_5",2020,"26598.0"
"NL23","pop_tot_Sheet_5",2021,"27354.0"
"NL23","pop_tot_Sheet_5",2022,"27979.0"
"NL23","pop_tot_Sheet_5",2023,"28956.0"
"NL23","pop_tot_Sheet_5",2024,"30012.0"
"NL32","pop_tot_Sheet_5",2015,"200639.0"
"NL32","pop_tot_Sheet_5",2016,"192516.0"
"NL32","pop_tot_Sheet_5",2017,"185784.0"
"NL32","pop_tot_Sheet_5",2018,"180730.0"
"NL32","pop_tot_Sheet_5",2019,"178911.0"
"NL32","pop_tot_Sheet_5",2020,"178565.0"
"NL32","pop_tot_Sheet_5",2021,"180190.0"
"NL32","pop_tot_Sheet_5",2022,"181582.0"
"NL32","pop_tot_Sheet_5",2023,"184763.0"
"NL32","pop_tot_Sheet_5",2024,"187300.0"
"NL34","pop_tot_Sheet_5",2015,"25423.0"
"NL34","pop_tot_Sheet_5",2016,"24077.0"
"NL34","pop_tot_Sheet_5",2017,"22852.0"
"NL34","pop_tot_Sheet_5",2018,"21740.0"
"NL34","pop_tot_Sheet_5",2019,"21146.0"
"NL34","pop_tot_Sheet_5",2020,"20802.0"
"NL34","pop_tot_Sheet_5",2021,"21053.0"
"NL34","pop_tot_Sheet_5",2022,"21055.0"
"NL34","pop_tot_Sheet_5",2023,"21822.0"
"NL34","pop_tot_Sheet_5",2024,"21935.0"
"NL41","pop_tot_Sheet_5",2015,"172327.0"
"NL41","pop_tot_Sheet_5",2016,"163247.0"
"NL41","pop_tot_Sheet_5",2017,"156679.0"
"NL41","pop_tot_Sheet_5",2018,"150926.0"
"NL41","pop_tot_Sheet_5",2019,"149050.0"
"NL41","pop_tot_Sheet_5",2020,"148727.0"
"NL41","pop_tot_Sheet_5",2021,"150494.0"
"NL41","pop_tot_Sheet_5",2022,"152071.0"
"NL41","pop_tot_Sheet_5",2023,"154936.0"
"NL41","pop_tot_Sheet_5",2024,"155475.0"
"NL42","pop_tot_Sheet_5",2015,"70365.0"
"NL42","pop_tot_Sheet_5",2016,"65801.0"
"NL42","pop_tot_Sheet_5",2017,"62519.0"
"NL42","pop_tot_Sheet_5",2018,"59754.0"
"NL42","pop_tot_Sheet_5",2019,"58931.0"
"NL42","pop_tot_Sheet_5",2020,"58677.0"
"NL42","pop_tot_Sheet_5",2021,"59305.0"
"NL42","pop_tot_Sheet_5",2022,"60020.0"
"NL42","pop_tot_Sheet_5",2023,"61189.0"
"NL42","pop_tot_Sheet_5",2024,"61748.0"
"AT11","pop_tot_Sheet_5",2015,"21232.0"
"AT11","pop_tot_Sheet_5",2016,"20901.0"
"AT11","pop_tot_Sheet_5",2017,"20196.0"
"AT11","pop_tot_Sheet_5",2018,"19654.0"
"AT11","pop_tot_Sheet_5",2019,"19281.0"
"AT11","pop_tot_Sheet_5",2020,"19046.0"
"AT11","pop_tot_Sheet_5",2021,"19211.0"
"AT11","pop_tot_Sheet_5",2022,"19570.0"
"AT11","pop_tot_Sheet_5",2023,"20149.0"
"AT11","pop_tot_Sheet_5",2024,"20164.0"
"AT12","pop_tot_Sheet_5",2015,"119250.0"
"AT12","pop_tot_Sheet_5",2016,"115941.0"
"AT12","pop_tot_Sheet_5",2017,"111953.0"
"AT12","pop_tot_Sheet_5",2018,"108573.0"
"AT12","pop_tot_Sheet_5",2019,"106701.0"
"AT12","pop_tot_Sheet_5",2020,"104924.0"
"AT12","pop_tot_Sheet_5",2021,"105679.0"
"AT12","pop_tot_Sheet_5",2022,"108123.0"
"AT12","pop_tot_Sheet_5",2023,"112563.0"
"AT12","pop_tot_Sheet_5",2024,"114923.0"
"AT13","pop_tot_Sheet_5",2015,"129539.0"
"AT13","pop_tot_Sheet_5",2016,"129159.0"
"AT13","pop_tot_Sheet_5",2017,"128093.0"
"AT13","pop_tot_Sheet_5",2018,"127809.0"
"AT13","pop_tot_Sheet_5",2019,"127886.0"
"AT13","pop_tot_Sheet_5",2020,"128815.0"
"AT13","pop_tot_Sheet_5",2021,"131333.0"
"AT13","pop_tot_Sheet_5",2022,"134747.0"
"AT13","pop_tot_Sheet_5",2023,"140900.0"
"AT13","pop_tot_Sheet_5",2024,"144508.0"
"AT21","pop_tot_Sheet_5",2015,"38104.0"
"AT21","pop_tot_Sheet_5",2016,"36717.0"
"AT21","pop_tot_Sheet_5",2017,"35341.0"
"AT21","pop_tot_Sheet_5",2018,"34211.0"
"AT21","pop_tot_Sheet_5",2019,"33682.0"
"AT21","pop_tot_Sheet_5",2020,"33443.0"
"AT21","pop_tot_Sheet_5",2021,"33797.0"
"AT21","pop_tot_Sheet_5",2022,"34553.0"
"AT21","pop_tot_Sheet_5",2023,"35717.0"
"AT21","pop_tot_Sheet_5",2024,"36314.0"
"AT22","pop_tot_Sheet_5",2015,"85654.0"
"AT22","pop_tot_Sheet_5",2016,"83524.0"
"AT22","pop_tot_Sheet_5",2017,"81123.0"
"AT22","pop_tot_Sheet_5",2018,"79120.0"
"AT22","pop_tot_Sheet_5",2019,"78414.0"
"AT22","pop_tot_Sheet_5",2020,"77833.0"
"AT22","pop_tot_Sheet_5",2021,"78284.0"
"AT22","pop_tot_Sheet_5",2022,"80074.0"
"AT22","pop_tot_Sheet_5",2023,"82676.0"
"AT22","pop_tot_Sheet_5",2024,"84096.0"
"AT31","pop_tot_Sheet_5",2015,"99231.0"
"AT31","pop_tot_Sheet_5",2016,"97160.0"
"AT31","pop_tot_Sheet_5",2017,"94141.0"
"AT31","pop_tot_Sheet_5",2018,"92140.0"
"AT31","pop_tot_Sheet_5",2019,"91600.0"
"AT31","pop_tot_Sheet_5",2020,"91401.0"
"AT31","pop_tot_Sheet_5",2021,"92444.0"
"AT31","pop_tot_Sheet_5",2022,"95302.0"
"AT31","pop_tot_Sheet_5",2023,"99434.0"
"AT31","pop_tot_Sheet_5",2024,"101831.0"
"AT32","pop_tot_Sheet_5",2015,"37804.0"
"AT32","pop_tot_Sheet_5",2016,"36944.0"
"AT32","pop_tot_Sheet_5",2017,"35894.0"
"AT32","pop_tot_Sheet_5",2018,"35185.0"
"AT32","pop_tot_Sheet_5",2019,"35081.0"
"AT32","pop_tot_Sheet_5",2020,"35199.0"
"AT32","pop_tot_Sheet_5",2021,"35622.0"
"AT32","pop_tot_Sheet_5",2022,"36465.0"
"AT32","pop_tot_Sheet_5",2023,"37674.0"
"AT32","pop_tot_Sheet_5",2024,"38526.0"
"AT33","pop_tot_Sheet_5",2015,"51830.0"
"AT33","pop_tot_Sheet_5",2016,"50465.0"
"AT33","pop_tot_Sheet_5",2017,"49437.0"
"AT33","pop_tot_Sheet_5",2018,"48361.0"
"AT33","pop_tot_Sheet_5",2019,"48145.0"
"AT33","pop_tot_Sheet_5",2020,"47941.0"
"AT33","pop_tot_Sheet_5",2021,"48495.0"
"AT33","pop_tot_Sheet_5",2022,"49491.0"
"AT33","pop_tot_Sheet_5",2023,"50987.0"
"AT33","pop_tot_Sheet_5",2024,"52106.0"
"AT34","pop_tot_Sheet_5",2015,"27578.0"
"AT34","pop_tot_Sheet_5",2016,"27192.0"
"AT34","pop_tot_Sheet_5",2017,"26614.0"
"AT34","pop_tot_Sheet_5",2018,"26190.0"
"AT34","pop_tot_Sheet_5",2019,"25866.0"
"AT34","pop_tot_Sheet_5",2020,"25839.0"
"AT34","pop_tot_Sheet_5",2021,"26270.0"
"AT34","pop_tot_Sheet_5",2022,"26801.0"
"AT34","pop_tot_Sheet_5",2023,"27539.0"
"AT34","pop_tot_Sheet_5",2024,"28130.0"
"PL21","pop_tot_Sheet_5",2015,"227308.0"
"PL21","pop_tot_Sheet_5",2016,"233802.0"
"PL21","pop_tot_Sheet_5",2017,"241503.0"
"PL21","pop_tot_Sheet_5",2018,"247906.0"
"PL21","pop_tot_Sheet_5",2019,"254316.0"
"PL21","pop_tot_Sheet_5",2020,"258801.0"
"PL21","pop_tot_Sheet_5",2021,"255292.0"
"PL21","pop_tot_Sheet_5",2022,"256452.0"
"PL21","pop_tot_Sheet_5",2023,"260194.0"
"PL21","pop_tot_Sheet_5",2024,"265261.0"
"PL22","pop_tot_Sheet_5",2015,"308309.0"
"PL22","pop_tot_Sheet_5",2016,"316147.0"
"PL22","pop_tot_Sheet_5",2017,"326410.0"
"PL22","pop_tot_Sheet_5",2018,"335230.0"
"PL22","pop_tot_Sheet_5",2019,"342147.0"
"PL22","pop_tot_Sheet_5",2020,"348673.0"
"PL22","pop_tot_Sheet_5",2021,"346113.0"
"PL22","pop_tot_Sheet_5",2022,"346080.0"
"PL22","pop_tot_Sheet_5",2023,"347991.0"
"PL22","pop_tot_Sheet_5",2024,"351700.0"
"PL41","pop_tot_Sheet_5",2015,"238633.0"
"PL41","pop_tot_Sheet_5",2016,"247883.0"
"PL41","pop_tot_Sheet_5",2017,"257259.0"
"PL41","pop_tot_Sheet_5",2018,"264343.0"
"PL41","pop_tot_Sheet_5",2019,"269821.0"
"PL41","pop_tot_Sheet_5",2020,"276443.0"
"PL41","pop_tot_Sheet_5",2021,"278781.0"
"PL41","pop_tot_Sheet_5",2022,"279172.0"
"PL41","pop_tot_Sheet_5",2023,"282285.0"
"PL41","pop_tot_Sheet_5",2024,"287496.0"
"PL42","pop_tot_Sheet_5",2015,"114305.0"
"PL42","pop_tot_Sheet_5",2016,"119484.0"
"PL42","pop_tot_Sheet_5",2017,"124161.0"
"PL42","pop_tot_Sheet_5",2018,"127449.0"
"PL42","pop_tot_Sheet_5",2019,"130040.0"
"PL42","pop_tot_Sheet_5",2020,"132269.0"
"PL42","pop_tot_Sheet_5",2021,"130181.0"
"PL42","pop_tot_Sheet_5",2022,"129985.0"
"PL42","pop_tot_Sheet_5",2023,"131263.0"
"PL42","pop_tot_Sheet_5",2024,"132668.0"
"PL43","pop_tot_Sheet_5",2015,"68053.0"
"PL43","pop_tot_Sheet_5",2016,"71068.0"
"PL43","pop_tot_Sheet_5",2017,"74594.0"
"PL43","pop_tot_Sheet_5",2018,"76442.0"
"PL43","pop_tot_Sheet_5",2019,"78535.0"
"PL43","pop_tot_Sheet_5",2020,"80379.0"
"PL43","pop_tot_Sheet_5",2021,"79857.0"
"PL43","pop_tot_Sheet_5",2022,"79218.0"
"PL43","pop_tot_Sheet_5",2023,"80193.0"
"PL43","pop_tot_Sheet_5",2024,"81456.0"
"PL51","pop_tot_Sheet_5",2015,"193621.0"
"PL51","pop_tot_Sheet_5",2016,"203215.0"
"PL51","pop_tot_Sheet_5",2017,"212370.0"
"PL51","pop_tot_Sheet_5",2018,"219839.0"
"PL51","pop_tot_Sheet_5",2019,"226006.0"
"PL51","pop_tot_Sheet_5",2020,"231222.0"
"PL51","pop_tot_Sheet_5",2021,"233254.0"
"PL51","pop_tot_Sheet_5",2022,"235156.0"
"PL51","pop_tot_Sheet_5",2023,"238167.0"
"PL51","pop_tot_Sheet_5",2024,"243432.0"
"PL52","pop_tot_Sheet_5",2015,"64159.0"
"PL52","pop_tot_Sheet_5",2016,"65436.0"
"PL52","pop_tot_Sheet_5",2017,"66847.0"
"PL52","pop_tot_Sheet_5",2018,"68057.0"
"PL52","pop_tot_Sheet_5",2019,"68886.0"
"PL52","pop_tot_Sheet_5",2020,"69639.0"
"PL52","pop_tot_Sheet_5",2021,"70067.0"
"PL52","pop_tot_Sheet_5",2022,"69702.0"
"PL52","pop_tot_Sheet_5",2023,"69828.0"
"PL52","pop_tot_Sheet_5",2024,"70813.0"
"PL61","pop_tot_Sheet_5",2015,"141376.0"
"PL61","pop_tot_Sheet_5",2016,"145812.0"
"PL61","pop_tot_Sheet_5",2017,"150562.0"
"PL61","pop_tot_Sheet_5",2018,"153398.0"
"PL61","pop_tot_Sheet_5",2019,"155121.0"
"PL61","pop_tot_Sheet_5",2020,"157292.0"
"PL61","pop_tot_Sheet_5",2021,"153750.0"
"PL61","pop_tot_Sheet_5",2022,"152470.0"
"PL61","pop_tot_Sheet_5",2023,"153954.0"
"PL61","pop_tot_Sheet_5",2024,"155872.0"
"PL62","pop_tot_Sheet_5",2015,"94385.0"
"PL62","pop_tot_Sheet_5",2016,"97019.0"
"PL62","pop_tot_Sheet_5",2017,"100409.0"
"PL62","pop_tot_Sheet_5",2018,"102424.0"
"PL62","pop_tot_Sheet_5",2019,"104128.0"
"PL62","pop_tot_Sheet_5",2020,"105552.0"
"PL62","pop_tot_Sheet_5",2021,"102708.0"
"PL62","pop_tot_Sheet_5",2022,"102287.0"
"PL62","pop_tot_Sheet_5",2023,"103564.0"
"PL62","pop_tot_Sheet_5",2024,"105412.0"
"PL63","pop_tot_Sheet_5",2015,"155549.0"
"PL63","pop_tot_Sheet_5",2016,"161785.0"
"PL63","pop_tot_Sheet_5",2017,"168325.0"
"PL63","pop_tot_Sheet_5",2018,"173142.0"
"PL63","pop_tot_Sheet_5",2019,"176742.0"
"PL63","pop_tot_Sheet_5",2020,"180307.0"
"PL63","pop_tot_Sheet_5",2021,"180995.0"
"PL63","pop_tot_Sheet_5",2022,"181224.0"
"PL63","pop_tot_Sheet_5",2023,"183429.0"
"PL63","pop_tot_Sheet_5",2024,"187402.0"
"PL71","pop_tot_Sheet_5",2015,"169148.0"
"PL71","pop_tot_Sheet_5",2016,"174571.0"
"PL71","pop_tot_Sheet_5",2017,"179811.0"
"PL71","pop_tot_Sheet_5",2018,"184239.0"
"PL71","pop_tot_Sheet_5",2019,"187497.0"
"PL71","pop_tot_Sheet_5",2020,"189899.0"
"PL71","pop_tot_Sheet_5",2021,"187504.0"
"PL71","pop_tot_Sheet_5",2022,"185843.0"
"PL71","pop_tot_Sheet_5",2023,"186204.0"
"PL71","pop_tot_Sheet_5",2024,"187512.0"
"PL72","pop_tot_Sheet_5",2015,"82568.0"
"PL72","pop_tot_Sheet_5",2016,"84781.0"
"PL72","pop_tot_Sheet_5",2017,"87136.0"
"PL72","pop_tot_Sheet_5",2018,"88967.0"
"PL72","pop_tot_Sheet_5",2019,"90405.0"
"PL72","pop_tot_Sheet_5",2020,"91542.0"
"PL72","pop_tot_Sheet_5",2021,"87665.0"
"PL72","pop_tot_Sheet_5",2022,"86932.0"
"PL72","pop_tot_Sheet_5",2023,"87187.0"
"PL72","pop_tot_Sheet_5",2024,"87626.0"
"PL81","pop_tot_Sheet_5",2015,"141443.0"
"PL81","pop_tot_Sheet_5",2016,"144607.0"
"PL81","pop_tot_Sheet_5",2017,"148151.0"
"PL81","pop_tot_Sheet_5",2018,"150328.0"
"PL81","pop_tot_Sheet_5",2019,"152134.0"
"PL81","pop_tot_Sheet_5",2020,"153710.0"
"PL81","pop_tot_Sheet_5",2021,"147180.0"
"PL81","pop_tot_Sheet_5",2022,"147072.0"
"PL81","pop_tot_Sheet_5",2023,"148608.0"
"PL81","pop_tot_Sheet_5",2024,"150158.0"
"PL82","pop_tot_Sheet_5",2015,"141194.0"
"PL82","pop_tot_Sheet_5",2016,"144732.0"
"PL82","pop_tot_Sheet_5",2017,"148437.0"
"PL82","pop_tot_Sheet_5",2018,"151372.0"
"PL82","pop_tot_Sheet_5",2019,"153882.0"
"PL82","pop_tot_Sheet_5",2020,"155981.0"
"PL82","pop_tot_Sheet_5",2021,"148784.0"
"PL82","pop_tot_Sheet_5",2022,"148731.0"
"PL82","pop_tot_Sheet_5",2023,"149648.0"
"PL82","pop_tot_Sheet_5",2024,"151828.0"
"PL84","pop_tot_Sheet_5",2015,"77130.0"
"PL84","pop_tot_Sheet_5",2016,"78269.0"
"PL84","pop_tot_Sheet_5",2017,"79622.0"
"PL84","pop_tot_Sheet_5",2018,"80117.0"
"PL84","pop_tot_Sheet_5",2019,"80854.0"
"PL84","pop_tot_Sheet_5",2020,"81955.0"
"PL84","pop_tot_Sheet_5",2021,"79065.0"
"PL84","pop_tot_Sheet_5",2022,"79036.0"
"PL84","pop_tot_Sheet_5",2023,"80533.0"
"PL84","pop_tot_Sheet_5",2024,"82222.0"
"PL91","pop_tot_Sheet_5",2015,"217236.0"
"PL91","pop_tot_Sheet_5",2016,"231809.0"
"PL91","pop_tot_Sheet_5",2017,"247419.0"
"PL91","pop_tot_Sheet_5",2018,"259411.0"
"PL91","pop_tot_Sheet_5",2019,"269213.0"
"PL91","pop_tot_Sheet_5",2020,"277908.0"
"PL91","pop_tot_Sheet_5",2021,"290662.0"
"PL91","pop_tot_Sheet_5",2022,"291520.0"
"PL91","pop_tot_Sheet_5",2023,"295027.0"
"PL91","pop_tot_Sheet_5",2024,"301449.0"
"PL92","pop_tot_Sheet_5",2015,"155020.0"
"PL92","pop_tot_Sheet_5",2016,"158927.0"
"PL92","pop_tot_Sheet_5",2017,"163135.0"
"PL92","pop_tot_Sheet_5",2018,"166364.0"
"PL92","pop_tot_Sheet_5",2019,"168627.0"
"PL92","pop_tot_Sheet_5",2020,"170900.0"
"PL92","pop_tot_Sheet_5",2021,"168147.0"
"PL92","pop_tot_Sheet_5",2022,"167450.0"
"PL92","pop_tot_Sheet_5",2023,"169300.0"
"PL92","pop_tot_Sheet_5",2024,"170724.0"
"PT11","pop_tot_Sheet_5",2015,"284950.0"
"PT11","pop_tot_Sheet_5",2016,"285247.0"
"PT11","pop_tot_Sheet_5",2017,"283429.0"
"PT11","pop_tot_Sheet_5",2018,"280317.0"
"PT11","pop_tot_Sheet_5",2019,"275396.0"
"PT11","pop_tot_Sheet_5",2020,"268036.0"
"PT11","pop_tot_Sheet_5",2021,"261338.0"
"PT11","pop_tot_Sheet_5",2022,"253759.0"
"PT11","pop_tot_Sheet_5",2023,"249951.0"
"PT11","pop_tot_Sheet_5",2024,"247623.0"
"PT15","pop_tot_Sheet_5",2015,"34929.0"
"PT15","pop_tot_Sheet_5",2016,"35831.0"
"PT15","pop_tot_Sheet_5",2017,"36467.0"
"PT15","pop_tot_Sheet_5",2018,"36766.0"
"PT15","pop_tot_Sheet_5",2019,"36313.0"
"PT15","pop_tot_Sheet_5",2020,"35642.0"
"PT15","pop_tot_Sheet_5",2021,"35135.0"
"PT15","pop_tot_Sheet_5",2022,"34005.0"
"PT15","pop_tot_Sheet_5",2023,"33927.0"
"PT15","pop_tot_Sheet_5",2024,"34053.0"
"PT20","pop_tot_Sheet_5",2015,"18666.0"
"PT20","pop_tot_Sheet_5",2016,"18983.0"
"PT20","pop_tot_Sheet_5",2017,"19357.0"
"PT20","pop_tot_Sheet_5",2018,"19776.0"
"PT20","pop_tot_Sheet_5",2019,"19876.0"
"PT20","pop_tot_Sheet_5",2020,"19691.0"
"PT20","pop_tot_Sheet_5",2021,"19685.0"
"PT20","pop_tot_Sheet_5",2022,"19421.0"
"PT20","pop_tot_Sheet_5",2023,"19125.0"
"PT20","pop_tot_Sheet_5",2024,"18966.0"
"PT30","pop_tot_Sheet_5",2015,"21275.0"
"PT30","pop_tot_Sheet_5",2016,"21300.0"
"PT30","pop_tot_Sheet_5",2017,"21505.0"
"PT30","pop_tot_Sheet_5",2018,"21320.0"
"PT30","pop_tot_Sheet_5",2019,"20772.0"
"PT30","pop_tot_Sheet_5",2020,"20048.0"
"PT30","pop_tot_Sheet_5",2021,"19508.0"
"PT30","pop_tot_Sheet_5",2022,"18717.0"
"PT30","pop_tot_Sheet_5",2023,"18293.0"
"PT30","pop_tot_Sheet_5",2024,"18051.0"
"RO11","pop_tot_Sheet_5",2015,"197316.0"
"RO11","pop_tot_Sheet_5",2016,"196464.0"
"RO11","pop_tot_Sheet_5",2017,"197313.0"
"RO11","pop_tot_Sheet_5",2018,"199941.0"
"RO11","pop_tot_Sheet_5",2019,"201330.0"
"RO11","pop_tot_Sheet_5",2020,"199101.0"
"RO11","pop_tot_Sheet_5",2021,"197268.0"
"RO11","pop_tot_Sheet_5",2022,"192364.0"
"RO11","pop_tot_Sheet_5",2023,"187935.0"
"RO11","pop_tot_Sheet_5",2024,"182528.0"
"RO12","pop_tot_Sheet_5",2015,"177903.0"
"RO12","pop_tot_Sheet_5",2016,"177332.0"
"RO12","pop_tot_Sheet_5",2017,"178075.0"
"RO12","pop_tot_Sheet_5",2018,"180281.0"
"RO12","pop_tot_Sheet_5",2019,"182745.0"
"RO12","pop_tot_Sheet_5",2020,"182188.0"
"RO12","pop_tot_Sheet_5",2021,"181094.0"
"RO12","pop_tot_Sheet_5",2022,"172816.0"
"RO12","pop_tot_Sheet_5",2023,"168680.0"
"RO12","pop_tot_Sheet_5",2024,"162555.0"
"RO21","pop_tot_Sheet_5",2015,"242868.0"
"RO21","pop_tot_Sheet_5",2016,"240804.0"
"RO21","pop_tot_Sheet_5",2017,"238620.0"
"RO21","pop_tot_Sheet_5",2018,"238504.0"
"RO21","pop_tot_Sheet_5",2019,"238761.0"
"RO21","pop_tot_Sheet_5",2020,"234055.0"
"RO21","pop_tot_Sheet_5",2021,"228545.0"
"RO21","pop_tot_Sheet_5",2022,"231542.0"
"RO21","pop_tot_Sheet_5",2023,"223234.0"
"RO21","pop_tot_Sheet_5",2024,"212149.0"
"RO22","pop_tot_Sheet_5",2015,"193460.0"
"RO22","pop_tot_Sheet_5",2016,"190652.0"
"RO22","pop_tot_Sheet_5",2017,"189524.0"
"RO22","pop_tot_Sheet_5",2018,"190817.0"
"RO22","pop_tot_Sheet_5",2019,"191228.0"
"RO22","pop_tot_Sheet_5",2020,"187019.0"
"RO22","pop_tot_Sheet_5",2021,"181638.0"
"RO22","pop_tot_Sheet_5",2022,"177410.0"
"RO22","pop_tot_Sheet_5",2023,"168725.0"
"RO22","pop_tot_Sheet_5",2024,"158794.0"
"RO31","pop_tot_Sheet_5",2015,"242661.0"
"RO31","pop_tot_Sheet_5",2016,"238428.0"
"RO31","pop_tot_Sheet_5",2017,"235830.0"
"RO31","pop_tot_Sheet_5",2018,"235207.0"
"RO31","pop_tot_Sheet_5",2019,"234579.0"
"RO31","pop_tot_Sheet_5",2020,"228310.0"
"RO31","pop_tot_Sheet_5",2021,"220987.0"
"RO31","pop_tot_Sheet_5",2022,"210760.0"
"RO31","pop_tot_Sheet_5",2023,"199523.0"
"RO31","pop_tot_Sheet_5",2024,"187796.0"
"RO32","pop_tot_Sheet_5",2015,"171146.0"
"RO32","pop_tot_Sheet_5",2016,"176479.0"
"RO32","pop_tot_Sheet_5",2017,"186173.0"
"RO32","pop_tot_Sheet_5",2018,"199781.0"
"RO32","pop_tot_Sheet_5",2019,"212898.0"
"RO32","pop_tot_Sheet_5",2020,"217711.0"
"RO32","pop_tot_Sheet_5",2021,"222058.0"
"RO32","pop_tot_Sheet_5",2022,"204234.0"
"RO32","pop_tot_Sheet_5",2023,"199736.0"
"RO32","pop_tot_Sheet_5",2024,"193613.0"
"RO41","pop_tot_Sheet_5",2015,"158060.0"
"RO41","pop_tot_Sheet_5",2016,"155936.0"
"RO41","pop_tot_Sheet_5",2017,"154077.0"
"RO41","pop_tot_Sheet_5",2018,"153811.0"
"RO41","pop_tot_Sheet_5",2019,"153078.0"
"RO41","pop_tot_Sheet_5",2020,"149537.0"
"RO41","pop_tot_Sheet_5",2021,"145072.0"
"RO41","pop_tot_Sheet_5",2022,"138089.0"
"RO41","pop_tot_Sheet_5",2023,"131772.0"
"RO41","pop_tot_Sheet_5",2024,"124638.0"
"RO42","pop_tot_Sheet_5",2015,"141436.0"
"RO42","pop_tot_Sheet_5",2016,"139169.0"
"RO42","pop_tot_Sheet_5",2017,"138207.0"
"RO42","pop_tot_Sheet_5",2018,"140067.0"
"RO42","pop_tot_Sheet_5",2019,"140702.0"
"RO42","pop_tot_Sheet_5",2020,"138667.0"
"RO42","pop_tot_Sheet_5",2021,"136913.0"
"RO42","pop_tot_Sheet_5",2022,"123737.0"
"RO42","pop_tot_Sheet_5",2023,"119973.0"
"RO42","pop_tot_Sheet_5",2024,"115338.0"
"SI03","pop_tot_Sheet_5",2015,"77698.0"
"SI03","pop_tot_Sheet_5",2016,"78753.0"
"SI03","pop_tot_Sheet_5",2017,"79550.0"
"SI03","pop_tot_Sheet_5",2018,"80175.0"
"SI03","pop_tot_Sheet_5",2019,"81054.0"
"SI03","pop_tot_Sheet_5",2020,"82250.0"
"SI03","pop_tot_Sheet_5",2021,"83143.0"
"SI03","pop_tot_Sheet_5",2022,"82968.0"
"SI03","pop_tot_Sheet_5",2023,"83057.0"
"SI03","pop_tot_Sheet_5",2024,"82510.0"
"SI04","pop_tot_Sheet_5",2015,"69968.0"
"SI04","pop_tot_Sheet_5",2016,"71349.0"
"SI04","pop_tot_Sheet_5",2017,"73055.0"
"SI04","pop_tot_Sheet_5",2018,"73728.0"
"SI04","pop_tot_Sheet_5",2019,"75528.0"
"SI04","pop_tot_Sheet_5",2020,"77471.0"
"SI04","pop_tot_Sheet_5",2021,"78671.0"
"SI04","pop_tot_Sheet_5",2022,"77856.0"
"SI04","pop_tot_Sheet_5",2023,"77478.0"
"SI04","pop_tot_Sheet_5",2024,"76566.0"
"SK01","pop_tot_Sheet_5",2015,"47791.0"
"SK01","pop_tot_Sheet_5",2016,"51383.0"
"SK01","pop_tot_Sheet_5",2017,"54861.0"
"SK01","pop_tot_Sheet_5",2018,"58457.0"
"SK01","pop_tot_Sheet_5",2019,"61457.0"
"SK01","pop_tot_Sheet_5",2020,"63967.0"
"SK01","pop_tot_Sheet_5",2021,"64978.0"
"SK01","pop_tot_Sheet_5",2022,"70429.0"
"SK01","pop_tot_Sheet_5",2023,"70223.0"
"SK01","pop_tot_Sheet_5",2024,"69981.0"
"SK02","pop_tot_Sheet_5",2015,"139829.0"
"SK02","pop_tot_Sheet_5",2016,"145198.0"
"SK02","pop_tot_Sheet_5",2017,"150056.0"
"SK02","pop_tot_Sheet_5",2018,"153738.0"
"SK02","pop_tot_Sheet_5",2019,"155728.0"
"SK02","pop_tot_Sheet_5",2020,"155819.0"
"SK02","pop_tot_Sheet_5",2021,"154497.0"
"SK02","pop_tot_Sheet_5",2022,"152612.0"
"SK02","pop_tot_Sheet_5",2023,"150021.0"
"SK02","pop_tot_Sheet_5",2024,"146945.0"
"SK03","pop_tot_Sheet_5",2015,"99919.0"
"SK03","pop_tot_Sheet_5",2016,"103379.0"
"SK03","pop_tot_Sheet_5",2017,"106793.0"
"SK03","pop_tot_Sheet_5",2018,"108982.0"
"SK03","pop_tot_Sheet_5",2019,"109798.0"
"SK03","pop_tot_Sheet_5",2020,"110020.0"
"SK03","pop_tot_Sheet_5",2021,"108945.0"
"SK03","pop_tot_Sheet_5",2022,"105050.0"
"SK03","pop_tot_Sheet_5",2023,"102929.0"
"SK03","pop_tot_Sheet_5",2024,"101020.0"
"SK04","pop_tot_Sheet_5",2015,"115587.0"
"SK04","pop_tot_Sheet_5",2016,"118943.0"
"SK04","pop_tot_Sheet_5",2017,"122751.0"
"SK04","pop_tot_Sheet_5",2018,"124597.0"
"SK04","pop_tot_Sheet_5",2019,"125516.0"
"SK04","pop_tot_Sheet_5",2020,"125509.0"
"SK04","pop_tot_Sheet_5",2021,"125512.0"
"SK04","pop_tot_Sheet_5",2022,"119750.0"
"SK04","pop_tot_Sheet_5",2023,"118935.0"
"SK04","pop_tot_Sheet_5",2024,"118002.0"
"FI19","pop_tot_Sheet_5",2015,"76246.0"
"FI19","pop_tot_Sheet_5",2016,"76680.0"
"FI19","pop_tot_Sheet_5",2017,"78233.0"
"FI19","pop_tot_Sheet_5",2018,"80041.0"
"FI19","pop_tot_Sheet_5",2019,"82329.0"
"FI19","pop_tot_Sheet_5",2020,"83010.0"
"FI19","pop_tot_Sheet_5",2021,"83635.0"
"FI19","pop_tot_Sheet_5",2022,"83986.0"
"FI19","pop_tot_Sheet_5",2023,"85619.0"
"FI19","pop_tot_Sheet_5",2024,"87933.0"
"FI1B","pop_tot_Sheet_5",2015,"104779.0"
"FI1B","pop_tot_Sheet_5",2016,"107314.0"
"FI1B","pop_tot_Sheet_5",2017,"110647.0"
"FI1B","pop_tot_Sheet_5",2018,"114339.0"
"FI1B","pop_tot_Sheet_5",2019,"118076.0"
"FI1B","pop_tot_Sheet_5",2020,"120602.0"
"FI1B","pop_tot_Sheet_5",2021,"121608.0"
"FI1B","pop_tot_Sheet_5",2022,"122754.0"
"FI1B","pop_tot_Sheet_5",2023,"125865.0"
"FI1B","pop_tot_Sheet_5",2024,"129797.0"
"FI1C","pop_tot_Sheet_5",2015,"65628.0"
"FI1C","pop_tot_Sheet_5",2016,"65668.0"
"FI1C","pop_tot_Sheet_5",2017,"66351.0"
"FI1C","pop_tot_Sheet_5",2018,"67774.0"
"FI1C","pop_tot_Sheet_5",2019,"69355.0"
"FI1C","pop_tot_Sheet_5",2020,"69521.0"
"FI1C","pop_tot_Sheet_5",2021,"69464.0"
"FI1C","pop_tot_Sheet_5",2022,"69245.0"
"FI1C","pop_tot_Sheet_5",2023,"69388.0"
"FI1C","pop_tot_Sheet_5",2024,"70684.0"
"FI1D","pop_tot_Sheet_5",2015,"66136.0"
"FI1D","pop_tot_Sheet_5",2016,"66314.0"
"FI1D","pop_tot_Sheet_5",2017,"67629.0"
"FI1D","pop_tot_Sheet_5",2018,"68797.0"
"FI1D","pop_tot_Sheet_5",2019,"70749.0"
"FI1D","pop_tot_Sheet_5",2020,"71501.0"
"FI1D","pop_tot_Sheet_5",2021,"71933.0"
"FI1D","pop_tot_Sheet_5",2022,"72424.0"
"FI1D","pop_tot_Sheet_5",2023,"73823.0"
"FI1D","pop_tot_Sheet_5",2024,"76246.0"
"FI20","pop_tot_Sheet_5",2015,"1890.0"
"FI20","pop_tot_Sheet_5",2016,"1903.0"
"FI20","pop_tot_Sheet_5",2017,"1886.0"
"FI20","pop_tot_Sheet_5",2018,"1863.0"
"FI20","pop_tot_Sheet_5",2019,"1856.0"
"FI20","pop_tot_Sheet_5",2020,"1841.0"
"FI20","pop_tot_Sheet_5",2021,"1891.0"
"FI20","pop_tot_Sheet_5",2022,"1899.0"
"FI20","pop_tot_Sheet_5",2023,"1962.0"
"FI20","pop_tot_Sheet_5",2024,"2002.0"
"SE11","pop_tot_Sheet_5",2015,"165046.0"
"SE11","pop_tot_Sheet_5",2016,"166595.0"
"SE11","pop_tot_Sheet_5",2017,"166417.0"
"SE11","pop_tot_Sheet_5",2018,"165234.0"
"SE11","pop_tot_Sheet_5",2019,"164154.0"
"SE11","pop_tot_Sheet_5",2020,"164052.0"
"SE11","pop_tot_Sheet_5",2021,"166226.0"
"SE11","pop_tot_Sheet_5",2022,"168115.0"
"SE11","pop_tot_Sheet_5",2023,"171300.0"
"SE11","pop_tot_Sheet_5",2024,"173568.0"
"SE12","pop_tot_Sheet_5",2015,"104342.0"
"SE12","pop_tot_Sheet_5",2016,"104327.0"
"SE12","pop_tot_Sheet_5",2017,"103256.0"
"SE12","pop_tot_Sheet_5",2018,"102186.0"
"SE12","pop_tot_Sheet_5",2019,"101456.0"
"SE12","pop_tot_Sheet_5",2020,"100070.0"
"SE12","pop_tot_Sheet_5",2021,"100723.0"
"SE12","pop_tot_Sheet_5",2022,"101325.0"
"SE12","pop_tot_Sheet_5",2023,"102381.0"
"SE12","pop_tot_Sheet_5",2024,"103667.0"
"SE21","pop_tot_Sheet_5",2015,"51448.0"
"SE21","pop_tot_Sheet_5",2016,"51381.0"
"SE21","pop_tot_Sheet_5",2017,"50860.0"
"SE21","pop_tot_Sheet_5",2018,"50387.0"
"SE21","pop_tot_Sheet_5",2019,"49760.0"
"SE21","pop_tot_Sheet_5",2020,"49439.0"
"SE21","pop_tot_Sheet_5",2021,"49168.0"
"SE21","pop_tot_Sheet_5",2022,"49279.0"
"SE21","pop_tot_Sheet_5",2023,"49894.0"
"SE21","pop_tot_Sheet_5",2024,"50114.0"
"SE22","pop_tot_Sheet_5",2015,"95360.0"
"SE22","pop_tot_Sheet_5",2016,"96135.0"
"SE22","pop_tot_Sheet_5",2017,"96433.0"
"SE22","pop_tot_Sheet_5",2018,"96707.0"
"SE22","pop_tot_Sheet_5",2019,"96708.0"
"SE22","pop_tot_Sheet_5",2020,"97128.0"
"SE22","pop_tot_Sheet_5",2021,"97240.0"
"SE22","pop_tot_Sheet_5",2022,"97928.0"
"SE22","pop_tot_Sheet_5",2023,"99041.0"
"SE22","pop_tot_Sheet_5",2024,"99897.0"
"SE23","pop_tot_Sheet_5",2015,"128168.0"
"SE23","pop_tot_Sheet_5",2016,"128551.0"
"SE23","pop_tot_Sheet_5",2017,"127853.0"
"SE23","pop_tot_Sheet_5",2018,"126533.0"
"SE23","pop_tot_Sheet_5",2019,"125686.0"
"SE23","pop_tot_Sheet_5",2020,"124705.0"
"SE23","pop_tot_Sheet_5",2021,"125415.0"
"SE23","pop_tot_Sheet_5",2022,"126298.0"
"SE23","pop_tot_Sheet_5",2023,"128350.0"
"SE23","pop_tot_Sheet_5",2024,"129851.0"
"SE31","pop_tot_Sheet_5",2015,"51682.0"
"SE31","pop_tot_Sheet_5",2016,"51148.0"
"SE31","pop_tot_Sheet_5",2017,"49981.0"
"SE31","pop_tot_Sheet_5",2018,"48575.0"
"SE31","pop_tot_Sheet_5",2019,"47148.0"
"SE31","pop_tot_Sheet_5",2020,"45928.0"
"SE31","pop_tot_Sheet_5",2021,"45802.0"
"SE31","pop_tot_Sheet_5",2022,"45834.0"
"SE31","pop_tot_Sheet_5",2023,"46230.0"
"SE31","pop_tot_Sheet_5",2024,"46868.0"
"SE32","pop_tot_Sheet_5",2015,"23073.0"
"SE32","pop_tot_Sheet_5",2016,"22991.0"
"SE32","pop_tot_Sheet_5",2017,"22608.0"
"SE32","pop_tot_Sheet_5",2018,"22211.0"
"SE32","pop_tot_Sheet_5",2019,"21700.0"
"SE32","pop_tot_Sheet_5",2020,"21188.0"
"SE32","pop_tot_Sheet_5",2021,"21041.0"
"SE32","pop_tot_Sheet_5",2022,"21026.0"
"SE32","pop_tot_Sheet_5",2023,"21135.0"
"SE32","pop_tot_Sheet_5",2024,"21138.0"
"SE33","pop_tot_Sheet_5",2015,"30995.0"
"SE33","pop_tot_Sheet_5",2016,"30816.0"
"SE33","pop_tot_Sheet_5",2017,"30408.0"
"SE33","pop_tot_Sheet_5",2018,"29842.0"
"SE33","pop_tot_Sheet_5",2019,"29224.0"
"SE33","pop_tot_Sheet_5",2020,"28753.0"
"SE33","pop_tot_Sheet_5",2021,"28620.0"
"SE33","pop_tot_Sheet_5",2022,"29079.0"
"SE33","pop_tot_Sheet_5",2023,"29519.0"
"SE33","pop_tot_Sheet_5",2024,"30207.0"
"IS00","pop_tot_Sheet_5",2015,"21222.0"
"IS00","pop_tot_Sheet_5",2016,"21721.0"
"IS00","pop_tot_Sheet_5",2017,"22297.0"
"IS00","pop_tot_Sheet_5",2018,"22622.0"
"IS00","pop_tot_Sheet_5",2019,"23043.0"
"IS00","pop_tot_Sheet_5",2020,"24011.0"
"IS00","pop_tot_Sheet_5",2021,"24616.0"
"IS00","pop_tot_Sheet_5",2022,"25310.0"
"IS00","pop_tot_Sheet_5",2023,"26749.0"
"IS00","pop_tot_Sheet_5",2024,"26635.0"
"LI00","pop_tot_Sheet_5",2015,"2872.0"
"LI00","pop_tot_Sheet_5",2016,"2749.0"
"LI00","pop_tot_Sheet_5",2017,"2687.0"
"LI00","pop_tot_Sheet_5",2018,"2650.0"
"LI00","pop_tot_Sheet_5",2019,"2548.0"
"LI00","pop_tot_Sheet_5",2020,"2562.0"
"LI00","pop_tot_Sheet_5",2021,"2597.0"
"LI00","pop_tot_Sheet_5",2022,"2566.0"
"LI00","pop_tot_Sheet_5",2023,"2626.0"
"LI00","pop_tot_Sheet_5",2024,"2653.0"
"NO02","pop_tot_Sheet_5",2015,"25591.0"
"NO02","pop_tot_Sheet_5",2016,"24927.0"
"NO02","pop_tot_Sheet_5",2017,"23917.0"
"NO02","pop_tot_Sheet_5",2018,"22922.0"
"NO02","pop_tot_Sheet_5",2019,"22086.0"
"NO02","pop_tot_Sheet_5",2020,"21461.0"
"NO02","pop_tot_Sheet_5",2021,"20960.0"
"NO02","pop_tot_Sheet_5",2022,"20751.0"
"NO02","pop_tot_Sheet_5",2023,"21035.0"
"NO02","pop_tot_Sheet_5",2024,"21542.0"
"NO06","pop_tot_Sheet_5",2015,"31062.0"
"NO06","pop_tot_Sheet_5",2016,"30548.0"
"NO06","pop_tot_Sheet_5",2017,"29769.0"
"NO06","pop_tot_Sheet_5",2018,"28980.0"
"NO06","pop_tot_Sheet_5",2019,"28474.0"
"NO06","pop_tot_Sheet_5",2020,"28187.0"
"NO06","pop_tot_Sheet_5",2021,"28210.0"
"NO06","pop_tot_Sheet_5",2022,"28397.0"
"NO06","pop_tot_Sheet_5",2023,"29078.0"
"NO06","pop_tot_Sheet_5",2024,"29562.0"
"NO07","pop_tot_Sheet_5",2015,"33223.0"
"NO07","pop_tot_Sheet_5",2016,"32102.0"
"NO07","pop_tot_Sheet_5",2017,"30746.0"
"NO07","pop_tot_Sheet_5",2018,"29420.0"
"NO07","pop_tot_Sheet_5",2019,"28549.0"
"NO07","pop_tot_Sheet_5",2020,"27657.0"
"NO07","pop_tot_Sheet_5",2021,"27334.0"
"NO07","pop_tot_Sheet_5",2022,"27285.0"
"NO07","pop_tot_Sheet_5",2023,"27802.0"
"NO07","pop_tot_Sheet_5",2024,"28346.0"
"NO08","pop_tot_Sheet_5",2015,"139342.0"
"NO08","pop_tot_Sheet_5",2016,"139271.0"
"NO08","pop_tot_Sheet_5",2017,"138025.0"
"NO08","pop_tot_Sheet_5",2018,"135825.0"
"NO08","pop_tot_Sheet_5",2019,"135627.0"
"NO08","pop_tot_Sheet_5",2020,"135253.0"
"NO08","pop_tot_Sheet_5",2021,"135693.0"
"NO08","pop_tot_Sheet_5",2022,"136514.0"
"NO08","pop_tot_Sheet_5",2023,"139591.0"
"NO08","pop_tot_Sheet_5",2024,"141774.0"
"NO09","pop_tot_Sheet_5",2015,"50025.0"
"NO09","pop_tot_Sheet_5",2016,"49473.0"
"NO09","pop_tot_Sheet_5",2017,"48490.0"
"NO09","pop_tot_Sheet_5",2018,"47103.0"
"NO09","pop_tot_Sheet_5",2019,"46331.0"
"NO09","pop_tot_Sheet_5",2020,"45653.0"
"NO09","pop_tot_Sheet_5",2021,"45487.0"
"NO09","pop_tot_Sheet_5",2022,"45552.0"
"NO09","pop_tot_Sheet_5",2023,"46625.0"
"NO09","pop_tot_Sheet_5",2024,"47300.0"
"NO0A","pop_tot_Sheet_5",2015,"94480.0"
"NO0A","pop_tot_Sheet_5",2016,"93695.0"
"NO0A","pop_tot_Sheet_5",2017,"92063.0"
"NO0A","pop_tot_Sheet_5",2018,"90144.0"
"NO0A","pop_tot_Sheet_5",2019,"89144.0"
"NO0A","pop_tot_Sheet_5",2020,"89304.0"
"NO0A","pop_tot_Sheet_5",2021,"90105.0"
"NO0A","pop_tot_Sheet_5",2022,"90807.0"
"NO0A","pop_tot_Sheet_5",2023,"93129.0"
"NO0A","pop_tot_Sheet_5",2024,"94623.0"
"CH01","pop_tot_Sheet_5",2015,"117986.0"
"CH01","pop_tot_Sheet_5",2016,"118059.0"
"CH01","pop_tot_Sheet_5",2017,"117639.0"
"CH01","pop_tot_Sheet_5",2018,"117472.0"
"CH01","pop_tot_Sheet_5",2019,"117444.0"
"CH01","pop_tot_Sheet_5",2020,"117628.0"
"CH01","pop_tot_Sheet_5",2021,"119136.0"
"CH01","pop_tot_Sheet_5",2022,"120924.0"
"CH01","pop_tot_Sheet_5",2023,"122480.0"
"CH01","pop_tot_Sheet_5",2024,"125183.0"
"CH02","pop_tot_Sheet_5",2015,"128508.0"
"CH02","pop_tot_Sheet_5",2016,"125912.0"
"CH02","pop_tot_Sheet_5",2017,"123701.0"
"CH02","pop_tot_Sheet_5",2018,"122087.0"
"CH02","pop_tot_Sheet_5",2019,"121605.0"
"CH02","pop_tot_Sheet_5",2020,"122019.0"
"CH02","pop_tot_Sheet_5",2021,"124055.0"
"CH02","pop_tot_Sheet_5",2022,"126471.0"
"CH02","pop_tot_Sheet_5",2023,"128786.0"
"CH02","pop_tot_Sheet_5",2024,"132318.0"
"CH03","pop_tot_Sheet_5",2015,"79018.0"
"CH03","pop_tot_Sheet_5",2016,"77973.0"
"CH03","pop_tot_Sheet_5",2017,"77441.0"
"CH03","pop_tot_Sheet_5",2018,"77495.0"
"CH03","pop_tot_Sheet_5",2019,"78220.0"
"CH03","pop_tot_Sheet_5",2020,"79176.0"
"CH03","pop_tot_Sheet_5",2021,"81199.0"
"CH03","pop_tot_Sheet_5",2022,"83256.0"
"CH03","pop_tot_Sheet_5",2023,"85789.0"
"CH03","pop_tot_Sheet_5",2024,"88868.0"
"CH04","pop_tot_Sheet_5",2015,"111435.0"
"CH04","pop_tot_Sheet_5",2016,"110994.0"
"CH04","pop_tot_Sheet_5",2017,"111367.0"
"CH04","pop_tot_Sheet_5",2018,"112370.0"
"CH04","pop_tot_Sheet_5",2019,"114289.0"
"CH04","pop_tot_Sheet_5",2020,"116484.0"
"CH04","pop_tot_Sheet_5",2021,"119509.0"
"CH04","pop_tot_Sheet_5",2022,"121227.0"
"CH04","pop_tot_Sheet_5",2023,"123840.0"
"CH04","pop_tot_Sheet_5",2024,"126450.0"
"CH05","pop_tot_Sheet_5",2015,"77150.0"
"CH05","pop_tot_Sheet_5",2016,"75199.0"
"CH05","pop_tot_Sheet_5",2017,"73759.0"
"CH05","pop_tot_Sheet_5",2018,"73578.0"
"CH05","pop_tot_Sheet_5",2019,"73756.0"
"CH05","pop_tot_Sheet_5",2020,"74776.0"
"CH05","pop_tot_Sheet_5",2021,"76918.0"
"CH05","pop_tot_Sheet_5",2022,"79019.0"
"CH05","pop_tot_Sheet_5",2023,"81482.0"
"CH05","pop_tot_Sheet_5",2024,"84806.0"
"CH06","pop_tot_Sheet_5",2015,"56452.0"
"CH06","pop_tot_Sheet_5",2016,"55559.0"
"CH06","pop_tot_Sheet_5",2017,"54510.0"
"CH06","pop_tot_Sheet_5",2018,"54190.0"
"CH06","pop_tot_Sheet_5",2019,"54334.0"
"CH06","pop_tot_Sheet_5",2020,"54849.0"
"CH06","pop_tot_Sheet_5",2021,"56126.0"
"CH06","pop_tot_Sheet_5",2022,"56897.0"
"CH06","pop_tot_Sheet_5",2023,"58440.0"
"CH06","pop_tot_Sheet_5",2024,"60087.0"
"CH07","pop_tot_Sheet_5",2015,"27211.0"
"CH07","pop_tot_Sheet_5",2016,"26471.0"
"CH07","pop_tot_Sheet_5",2017,"25813.0"
"CH07","pop_tot_Sheet_5",2018,"24979.0"
"CH07","pop_tot_Sheet_5",2019,"24135.0"
"CH07","pop_tot_Sheet_5",2020,"23224.0"
"CH07","pop_tot_Sheet_5",2021,"22675.0"
"CH07","pop_tot_Sheet_5",2022,"22360.0"
"CH07","pop_tot_Sheet_5",2023,"22145.0"
"CH07","pop_tot_Sheet_5",2024,"22332.0"
"ME00","pop_tot_Sheet_5",2015,"41091.0"
"ME00","pop_tot_Sheet_5",2016,"41491.0"
"ME00","pop_tot_Sheet_5",2017,"41710.0"
"ME00","pop_tot_Sheet_5",2018,"42123.0"
"ME00","pop_tot_Sheet_5",2019,"42414.0"
"ME00","pop_tot_Sheet_5",2020,"42756.0"
"ME00","pop_tot_Sheet_5",2021,"43428.0"
"ME00","pop_tot_Sheet_5",2022,"43564.0"
"ME00","pop_tot_Sheet_5",2023,"44121.0"
"ME00","pop_tot_Sheet_5",2024,"45507.0"
"MK00","pop_tot_Sheet_5",2015,"146605.0"
"MK00","pop_tot_Sheet_5",2016,"148627.0"
"MK00","pop_tot_Sheet_5",2017,"150632.0"
"MK00","pop_tot_Sheet_5",2018,"151303.0"
"MK00","pop_tot_Sheet_5",2019,"152703.0"
"MK00","pop_tot_Sheet_5",2020,"154287.0"
"MK00","pop_tot_Sheet_5",2021,"155523.0"
"MK00","pop_tot_Sheet_5",2022,"127956.0"
"MK00","pop_tot_Sheet_5",2023,"128819.0"
"MK00","pop_tot_Sheet_5",2024,"129006.0"
"TR10","pop_tot_Sheet_5",2015,"1154296.0"
"TR10","pop_tot_Sheet_5",2016,"1173978.0"
"TR10","pop_tot_Sheet_5",2017,"1190696.0"
"TR10","pop_tot_Sheet_5",2018,"1218281.0"
"TR10","pop_tot_Sheet_5",2019,"1234063.0"
"TR10","pop_tot_Sheet_5",2020,"1278209.0"
"TR10","pop_tot_Sheet_5",2021,"1321750.0"
"TR10","pop_tot_Sheet_5",2022,"1401122.0"
"TR10","pop_tot_Sheet_5",2023,"1408123.0"
"TR10","pop_tot_Sheet_5",2024,"1370908.0"
"TR21","pop_tot_Sheet_5",2015,"121807.0"
"TR21","pop_tot_Sheet_5",2016,"123949.0"
"TR21","pop_tot_Sheet_5",2017,"127779.0"
"TR21","pop_tot_Sheet_5",2018,"131857.0"
"TR21","pop_tot_Sheet_5",2019,"135406.0"
"TR21","pop_tot_Sheet_5",2020,"139414.0"
"TR21","pop_tot_Sheet_5",2021,"145757.0"
"TR21","pop_tot_Sheet_5",2022,"153686.0"
"TR21","pop_tot_Sheet_5",2023,"157555.0"
"TR21","pop_tot_Sheet_5",2024,"159336.0"
"TR22","pop_tot_Sheet_5",2015,"122253.0"
"TR22","pop_tot_Sheet_5",2016,"122629.0"
"TR22","pop_tot_Sheet_5",2017,"124276.0"
"TR22","pop_tot_Sheet_5",2018,"125734.0"
"TR22","pop_tot_Sheet_5",2019,"126811.0"
"TR22","pop_tot_Sheet_5",2020,"128538.0"
"TR22","pop_tot_Sheet_5",2021,"131833.0"
"TR22","pop_tot_Sheet_5",2022,"135338.0"
"TR22","pop_tot_Sheet_5",2023,"136045.0"
"TR22","pop_tot_Sheet_5",2024,"137041.0"
"TR31","pop_tot_Sheet_5",2015,"318466.0"
"TR31","pop_tot_Sheet_5",2016,"323763.0"
"TR31","pop_tot_Sheet_5",2017,"329774.0"
"TR31","pop_tot_Sheet_5",2018,"336321.0"
"TR31","pop_tot_Sheet_5",2019,"342655.0"
"TR31","pop_tot_Sheet_5",2020,"348392.0"
"TR31","pop_tot_Sheet_5",2021,"360205.0"
"TR31","pop_tot_Sheet_5",2022,"371558.0"
"TR31","pop_tot_Sheet_5",2023,"374101.0"
"TR31","pop_tot_Sheet_5",2024,"371918.0"
"TR32","pop_tot_Sheet_5",2015,"216611.0"
"TR32","pop_tot_Sheet_5",2016,"219796.0"
"TR32","pop_tot_Sheet_5",2017,"224426.0"
"TR32","pop_tot_Sheet_5",2018,"229622.0"
"TR32","pop_tot_Sheet_5",2019,"235354.0"
"TR32","pop_tot_Sheet_5",2020,"240708.0"
"TR32","pop_tot_Sheet_5",2021,"249774.0"
"TR32","pop_tot_Sheet_5",2022,"258690.0"
"TR32","pop_tot_Sheet_5",2023,"260836.0"
"TR32","pop_tot_Sheet_5",2024,"261430.0"
"TR33","pop_tot_Sheet_5",2015,"210219.0"
"TR33","pop_tot_Sheet_5",2016,"209313.0"
"TR33","pop_tot_Sheet_5",2017,"211974.0"
"TR33","pop_tot_Sheet_5",2018,"215980.0"
"TR33","pop_tot_Sheet_5",2019,"219474.0"
"TR33","pop_tot_Sheet_5",2020,"222301.0"
"TR33","pop_tot_Sheet_5",2021,"231256.0"
"TR33","pop_tot_Sheet_5",2022,"239648.0"
"TR33","pop_tot_Sheet_5",2023,"240631.0"
"TR33","pop_tot_Sheet_5",2024,"242469.0"
"TR41","pop_tot_Sheet_5",2015,"290656.0"
"TR41","pop_tot_Sheet_5",2016,"294663.0"
"TR41","pop_tot_Sheet_5",2017,"300456.0"
"TR41","pop_tot_Sheet_5",2018,"307582.0"
"TR41","pop_tot_Sheet_5",2019,"312929.0"
"TR41","pop_tot_Sheet_5",2020,"320735.0"
"TR41","pop_tot_Sheet_5",2021,"335453.0"
"TR41","pop_tot_Sheet_5",2022,"350424.0"
"TR41","pop_tot_Sheet_5",2023,"355154.0"
"TR41","pop_tot_Sheet_5",2024,"357062.0"
"TR42","pop_tot_Sheet_5",2015,"260898.0"
"TR42","pop_tot_Sheet_5",2016,"268284.0"
"TR42","pop_tot_Sheet_5",2017,"276057.0"
"TR42","pop_tot_Sheet_5",2018,"285149.0"
"TR42","pop_tot_Sheet_5",2019,"292251.0"
"TR42","pop_tot_Sheet_5",2020,"301002.0"
"TR42","pop_tot_Sheet_5",2021,"317242.0"
"TR42","pop_tot_Sheet_5",2022,"335004.0"
"TR42","pop_tot_Sheet_5",2023,"341109.0"
"TR42","pop_tot_Sheet_5",2024,"343368.0"
"TR51","pop_tot_Sheet_5",2015,"397641.0"
"TR51","pop_tot_Sheet_5",2016,"403538.0"
"TR51","pop_tot_Sheet_5",2017,"409895.0"
"TR51","pop_tot_Sheet_5",2018,"419772.0"
"TR51","pop_tot_Sheet_5",2019,"426488.0"
"TR51","pop_tot_Sheet_5",2020,"439914.0"
"TR51","pop_tot_Sheet_5",2021,"455250.0"
"TR51","pop_tot_Sheet_5",2022,"471080.0"
"TR51","pop_tot_Sheet_5",2023,"473928.0"
"TR51","pop_tot_Sheet_5",2024,"473508.0"
"TR52","pop_tot_Sheet_5",2015,"157353.0"
"TR52","pop_tot_Sheet_5",2016,"155872.0"
"TR52","pop_tot_Sheet_5",2017,"157680.0"
"TR52","pop_tot_Sheet_5",2018,"160725.0"
"TR52","pop_tot_Sheet_5",2019,"163566.0"
"TR52","pop_tot_Sheet_5",2020,"165510.0"
"TR52","pop_tot_Sheet_5",2021,"174150.0"
"TR52","pop_tot_Sheet_5",2022,"181716.0"
"TR52","pop_tot_Sheet_5",2023,"182804.0"
"TR52","pop_tot_Sheet_5",2024,"185643.0"
"TR61","pop_tot_Sheet_5",2015,"229276.0"
"TR61","pop_tot_Sheet_5",2016,"232010.0"
"TR61","pop_tot_Sheet_5",2017,"235949.0"
"TR61","pop_tot_Sheet_5",2018,"240491.0"
"TR61","pop_tot_Sheet_5",2019,"246720.0"
"TR61","pop_tot_Sheet_5",2020,"253785.0"
"TR61","pop_tot_Sheet_5",2021,"264676.0"
"TR61","pop_tot_Sheet_5",2022,"277277.0"
"TR61","pop_tot_Sheet_5",2023,"280977.0"
"TR61","pop_tot_Sheet_5",2024,"279893.0"
"TR62","pop_tot_Sheet_5",2015,"282594.0"
"TR62","pop_tot_Sheet_5",2016,"283395.0"
"TR62","pop_tot_Sheet_5",2017,"286014.0"
"TR62","pop_tot_Sheet_5",2018,"291129.0"
"TR62","pop_tot_Sheet_5",2019,"293442.0"
"TR62","pop_tot_Sheet_5",2020,"298115.0"
"TR62","pop_tot_Sheet_5",2021,"310035.0"
"TR62","pop_tot_Sheet_5",2022,"322707.0"
"TR62","pop_tot_Sheet_5",2023,"324070.0"
"TR62","pop_tot_Sheet_5",2024,"325275.0"
"TR63","pop_tot_Sheet_5",2015,"210970.0"
"TR63","pop_tot_Sheet_5",2016,"209451.0"
"TR63","pop_tot_Sheet_5",2017,"212042.0"
"TR63","pop_tot_Sheet_5",2018,"216659.0"
"TR63","pop_tot_Sheet_5",2019,"221019.0"
"TR63","pop_tot_Sheet_5",2020,"224889.0"
"TR63","pop_tot_Sheet_5",2021,"238588.0"
"TR63","pop_tot_Sheet_5",2022,"250693.0"
"TR63","pop_tot_Sheet_5",2023,"252380.0"
"TR63","pop_tot_Sheet_5",2024,"236093.0"
"TR71","pop_tot_Sheet_5",2015,"104105.0"
"TR71","pop_tot_Sheet_5",2016,"102308.0"
"TR71","pop_tot_Sheet_5",2017,"103219.0"
"TR71","pop_tot_Sheet_5",2018,"104103.0"
"TR71","pop_tot_Sheet_5",2019,"106438.0"
"TR71","pop_tot_Sheet_5",2020,"106514.0"
"TR71","pop_tot_Sheet_5",2021,"111776.0"
"TR71","pop_tot_Sheet_5",2022,"115792.0"
"TR71","pop_tot_Sheet_5",2023,"115896.0"
"TR71","pop_tot_Sheet_5",2024,"118799.0"
"TR72","pop_tot_Sheet_5",2015,"159010.0"
"TR72","pop_tot_Sheet_5",2016,"158490.0"
"TR72","pop_tot_Sheet_5",2017,"160619.0"
"TR72","pop_tot_Sheet_5",2018,"162836.0"
"TR72","pop_tot_Sheet_5",2019,"166360.0"
"TR72","pop_tot_Sheet_5",2020,"167736.0"
"TR72","pop_tot_Sheet_5",2021,"174339.0"
"TR72","pop_tot_Sheet_5",2022,"181549.0"
"TR72","pop_tot_Sheet_5",2023,"184086.0"
"TR72","pop_tot_Sheet_5",2024,"185749.0"
"TR81","pop_tot_Sheet_5",2015,"73767.0"
"TR81","pop_tot_Sheet_5",2016,"74819.0"
"TR81","pop_tot_Sheet_5",2017,"74769.0"
"TR81","pop_tot_Sheet_5",2018,"75816.0"
"TR81","pop_tot_Sheet_5",2019,"76884.0"
"TR81","pop_tot_Sheet_5",2020,"77814.0"
"TR81","pop_tot_Sheet_5",2021,"79502.0"
"TR81","pop_tot_Sheet_5",2022,"80849.0"
"TR81","pop_tot_Sheet_5",2023,"80362.0"
"TR81","pop_tot_Sheet_5",2024,"80456.0"
"TR82","pop_tot_Sheet_5",2015,"46620.0"
"TR82","pop_tot_Sheet_5",2016,"46501.0"
"TR82","pop_tot_Sheet_5",2017,"46607.0"
"TR82","pop_tot_Sheet_5",2018,"46785.0"
"TR82","pop_tot_Sheet_5",2019,"50129.0"
"TR82","pop_tot_Sheet_5",2020,"48120.0"
"TR82","pop_tot_Sheet_5",2021,"50276.0"
"TR82","pop_tot_Sheet_5",2022,"52361.0"
"TR82","pop_tot_Sheet_5",2023,"52592.0"
"TR82","pop_tot_Sheet_5",2024,"54758.0"
"TR83","pop_tot_Sheet_5",2015,"187988.0"
"TR83","pop_tot_Sheet_5",2016,"185316.0"
"TR83","pop_tot_Sheet_5",2017,"187468.0"
"TR83","pop_tot_Sheet_5",2018,"190208.0"
"TR83","pop_tot_Sheet_5",2019,"193227.0"
"TR83","pop_tot_Sheet_5",2020,"193938.0"
"TR83","pop_tot_Sheet_5",2021,"201259.0"
"TR83","pop_tot_Sheet_5",2022,"211158.0"
"TR83","pop_tot_Sheet_5",2023,"208409.0"
"TR83","pop_tot_Sheet_5",2024,"208100.0"
"TR90","pop_tot_Sheet_5",2015,"177668.0"
"TR90","pop_tot_Sheet_5",2016,"175982.0"
"TR90","pop_tot_Sheet_5",2017,"179405.0"
"TR90","pop_tot_Sheet_5",2018,"177235.0"
"TR90","pop_tot_Sheet_5",2019,"181745.0"
"TR90","pop_tot_Sheet_5",2020,"177349.0"
"TR90","pop_tot_Sheet_5",2021,"182659.0"
"TR90","pop_tot_Sheet_5",2022,"191427.0"
"TR90","pop_tot_Sheet_5",2023,"189830.0"
"TR90","pop_tot_Sheet_5",2024,"192393.0"
"TRA1","pop_tot_Sheet_5",2015,"66913.0"
"TRA1","pop_tot_Sheet_5",2016,"65845.0"
"TRA1","pop_tot_Sheet_5",2017,"65798.0"
"TRA1","pop_tot_Sheet_5",2018,"64811.0"
"TRA1","pop_tot_Sheet_5",2019,"64764.0"
"TRA1","pop_tot_Sheet_5",2020,"64437.0"
"TRA1","pop_tot_Sheet_5",2021,"68490.0"
"TRA1","pop_tot_Sheet_5",2022,"71851.0"
"TRA1","pop_tot_Sheet_5",2023,"71739.0"
"TRA1","pop_tot_Sheet_5",2024,"71621.0"
"TRA2","pop_tot_Sheet_5",2015,"62717.0"
"TRA2","pop_tot_Sheet_5",2016,"61409.0"
"TRA2","pop_tot_Sheet_5",2017,"60327.0"
"TRA2","pop_tot_Sheet_5",2018,"58236.0"
"TRA2","pop_tot_Sheet_5",2019,"57950.0"
"TRA2","pop_tot_Sheet_5",2020,"56229.0"
"TRA2","pop_tot_Sheet_5",2021,"61204.0"
"TRA2","pop_tot_Sheet_5",2022,"66880.0"
"TRA2","pop_tot_Sheet_5",2023,"67195.0"
"TRA2","pop_tot_Sheet_5",2024,"66088.0"
"TRB1","pop_tot_Sheet_5",2015,"116543.0"
"TRB1","pop_tot_Sheet_5",2016,"115784.0"
"TRB1","pop_tot_Sheet_5",2017,"116217.0"
"TRB1","pop_tot_Sheet_5",2018,"117268.0"
"TRB1","pop_tot_Sheet_5",2019,"119819.0"
"TRB1","pop_tot_Sheet_5",2020,"119333.0"
"TRB1","pop_tot_Sheet_5",2021,"126260.0"
"TRB1","pop_tot_Sheet_5",2022,"133552.0"
"TRB1","pop_tot_Sheet_5",2023,"134345.0"
"TRB1","pop_tot_Sheet_5",2024,"128200.0"
"TRB2","pop_tot_Sheet_5",2015,"104365.0"
"TRB2","pop_tot_Sheet_5",2016,"104967.0"
"TRB2","pop_tot_Sheet_5",2017,"104158.0"
"TRB2","pop_tot_Sheet_5",2018,"102011.0"
"TRB2","pop_tot_Sheet_5",2019,"103088.0"
"TRB2","pop_tot_Sheet_5",2020,"104292.0"
"TRB2","pop_tot_Sheet_5",2021,"115580.0"
"TRB2","pop_tot_Sheet_5",2022,"128483.0"
"TRB2","pop_tot_Sheet_5",2023,"133376.0"
"TRB2","pop_tot_Sheet_5",2024,"134381.0"
"TRC1","pop_tot_Sheet_5",2015,"157932.0"
"TRC1","pop_tot_Sheet_5",2016,"159803.0"
"TRC1","pop_tot_Sheet_5",2017,"164437.0"
"TRC1","pop_tot_Sheet_5",2018,"170255.0"
"TRC1","pop_tot_Sheet_5",2019,"173963.0"
"TRC1","pop_tot_Sheet_5",2020,"179112.0"
"TRC1","pop_tot_Sheet_5",2021,"189138.0"
"TRC1","pop_tot_Sheet_5",2022,"199232.0"
"TRC1","pop_tot_Sheet_5",2023,"201451.0"
"TRC1","pop_tot_Sheet_5",2024,"199214.0"
"TRC2","pop_tot_Sheet_5",2015,"174483.0"
"TRC2","pop_tot_Sheet_5",2016,"176009.0"
"TRC2","pop_tot_Sheet_5",2017,"179622.0"
"TRC2","pop_tot_Sheet_5",2018,"185236.0"
"TRC2","pop_tot_Sheet_5",2019,"190487.0"
"TRC2","pop_tot_Sheet_5",2020,"196859.0"
"TRC2","pop_tot_Sheet_5",2021,"213327.0"
"TRC2","pop_tot_Sheet_5",2022,"227346.0"
"TRC2","pop_tot_Sheet_5",2023,"236182.0"
"TRC2","pop_tot_Sheet_5",2024,"237079.0"
"TRC3","pop_tot_Sheet_5",2015,"105186.0"
"TRC3","pop_tot_Sheet_5",2016,"104706.0"
"TRC3","pop_tot_Sheet_5",2017,"104653.0"
"TRC3","pop_tot_Sheet_5",2018,"106717.0"
"TRC3","pop_tot_Sheet_5",2019,"110994.0"
"TRC3","pop_tot_Sheet_5",2020,"114139.0"
"TRC3","pop_tot_Sheet_5",2021,"125331.0"
"TRC3","pop_tot_Sheet_5",2022,"137739.0"
"TRC3","pop_tot_Sheet_5",2023,"142853.0"
"TRC3","pop_tot_Sheet_5",2024,"143856.0"
