"region_id","indicator","year","value"
"BE10","pop_tot_Sheet_6",2015,"79167.0"
"BE10","pop_tot_Sheet_6",2016,"80711.0"
"BE10","pop_tot_Sheet_6",2017,"81075.0"
"BE10","pop_tot_Sheet_6",2018,"82172.0"
"BE10","pop_tot_Sheet_6",2019,"82881.0"
"BE10","pop_tot_Sheet_6",2020,"83736.0"
"BE10","pop_tot_Sheet_6",2021,"83638.0"
"BE10","pop_tot_Sheet_6",2022,"84010.0"
"BE10","pop_tot_Sheet_6",2023,"85664.0"
"BE10","pop_tot_Sheet_6",2024,"86640.0"
"BE21","pop_tot_Sheet_6",2015,"129766.0"
"BE21","pop_tot_Sheet_6",2016,"128276.0"
"BE21","pop_tot_Sheet_6",2017,"126735.0"
"BE21","pop_tot_Sheet_6",2018,"125400.0"
"BE21","pop_tot_Sheet_6",2019,"123098.0"
"BE21","pop_tot_Sheet_6",2020,"120454.0"
"BE21","pop_tot_Sheet_6",2021,"117319.0"
"BE21","pop_tot_Sheet_6",2022,"115034.0"
"BE21","pop_tot_Sheet_6",2023,"115604.0"
"BE21","pop_tot_Sheet_6",2024,"117123.0"
"BE22","pop_tot_Sheet_6",2015,"64117.0"
"BE22","pop_tot_Sheet_6",2016,"63039.0"
"BE22","pop_tot_Sheet_6",2017,"61439.0"
"BE22","pop_tot_Sheet_6",2018,"60254.0"
"BE22","pop_tot_Sheet_6",2019,"58980.0"
"BE22","pop_tot_Sheet_6",2020,"57719.0"
"BE22","pop_tot_Sheet_6",2021,"56032.0"
"BE22","pop_tot_Sheet_6",2022,"55746.0"
"BE22","pop_tot_Sheet_6",2023,"56389.0"
"BE22","pop_tot_Sheet_6",2024,"57324.0"
"BE23","pop_tot_Sheet_6",2015,"107199.0"
"BE23","pop_tot_Sheet_6",2016,"106596.0"
"BE23","pop_tot_Sheet_6",2017,"106261.0"
"BE23","pop_tot_Sheet_6",2018,"105437.0"
"BE23","pop_tot_Sheet_6",2019,"103936.0"
"BE23","pop_tot_Sheet_6",2020,"102359.0"
"BE23","pop_tot_Sheet_6",2021,"100312.0"
"BE23","pop_tot_Sheet_6",2022,"99123.0"
"BE23","pop_tot_Sheet_6",2023,"99008.0"
"BE23","pop_tot_Sheet_6",2024,"100441.0"
"BE24","pop_tot_Sheet_6",2015,"81914.0"
"BE24","pop_tot_Sheet_6",2016,"80889.0"
"BE24","pop_tot_Sheet_6",2017,"79997.0"
"BE24","pop_tot_Sheet_6",2018,"79593.0"
"BE24","pop_tot_Sheet_6",2019,"78880.0"
"BE24","pop_tot_Sheet_6",2020,"78009.0"
"BE24","pop_tot_Sheet_6",2021,"76598.0"
"BE24","pop_tot_Sheet_6",2022,"75988.0"
"BE24","pop_tot_Sheet_6",2023,"76527.0"
"BE24","pop_tot_Sheet_6",2024,"77340.0"
"BE25","pop_tot_Sheet_6",2015,"83675.0"
"BE25","pop_tot_Sheet_6",2016,"82126.0"
"BE25","pop_tot_Sheet_6",2017,"80882.0"
"BE25","pop_tot_Sheet_6",2018,"79653.0"
"BE25","pop_tot_Sheet_6",2019,"78276.0"
"BE25","pop_tot_Sheet_6",2020,"76599.0"
"BE25","pop_tot_Sheet_6",2021,"74260.0"
"BE25","pop_tot_Sheet_6",2022,"72431.0"
"BE25","pop_tot_Sheet_6",2023,"71834.0"
"BE25","pop_tot_Sheet_6",2024,"71903.0"
"BE31","pop_tot_Sheet_6",2015,"28216.0"
"BE31","pop_tot_Sheet_6",2016,"28065.0"
"BE31","pop_tot_Sheet_6",2017,"28279.0"
"BE31","pop_tot_Sheet_6",2018,"28360.0"
"BE31","pop_tot_Sheet_6",2019,"28562.0"
"BE31","pop_tot_Sheet_6",2020,"28443.0"
"BE31","pop_tot_Sheet_6",2021,"28183.0"
"BE31","pop_tot_Sheet_6",2022,"27691.0"
"BE31","pop_tot_Sheet_6",2023,"27218.0"
"BE31","pop_tot_Sheet_6",2024,"26893.0"
"BE32","pop_tot_Sheet_6",2015,"92983.0"
"BE32","pop_tot_Sheet_6",2016,"93059.0"
"BE32","pop_tot_Sheet_6",2017,"93638.0"
"BE32","pop_tot_Sheet_6",2018,"94602.0"
"BE32","pop_tot_Sheet_6",2019,"95012.0"
"BE32","pop_tot_Sheet_6",2020,"94391.0"
"BE32","pop_tot_Sheet_6",2021,"92678.0"
"BE32","pop_tot_Sheet_6",2022,"90422.0"
"BE32","pop_tot_Sheet_6",2023,"88708.0"
"BE32","pop_tot_Sheet_6",2024,"87277.0"
"BE33","pop_tot_Sheet_6",2015,"76344.0"
"BE33","pop_tot_Sheet_6",2016,"75576.0"
"BE33","pop_tot_Sheet_6",2017,"75042.0"
"BE33","pop_tot_Sheet_6",2018,"74930.0"
"BE33","pop_tot_Sheet_6",2019,"74434.0"
"BE33","pop_tot_Sheet_6",2020,"73813.0"
"BE33","pop_tot_Sheet_6",2021,"72500.0"
"BE33","pop_tot_Sheet_6",2022,"71354.0"
"BE33","pop_tot_Sheet_6",2023,"70233.0"
"BE33","pop_tot_Sheet_6",2024,"69500.0"
"BE34","pop_tot_Sheet_6",2015,"19684.0"
"BE34","pop_tot_Sheet_6",2016,"19402.0"
"BE34","pop_tot_Sheet_6",2017,"19575.0"
"BE34","pop_tot_Sheet_6",2018,"19721.0"
"BE34","pop_tot_Sheet_6",2019,"19911.0"
"BE34","pop_tot_Sheet_6",2020,"19777.0"
"BE34","pop_tot_Sheet_6",2021,"19776.0"
"BE34","pop_tot_Sheet_6",2022,"19376.0"
"BE34","pop_tot_Sheet_6",2023,"19282.0"
"BE34","pop_tot_Sheet_6",2024,"19015.0"
"BE35","pop_tot_Sheet_6",2015,"33737.0"
"BE35","pop_tot_Sheet_6",2016,"33535.0"
"BE35","pop_tot_Sheet_6",2017,"33586.0"
"BE35","pop_tot_Sheet_6",2018,"33560.0"
"BE35","pop_tot_Sheet_6",2019,"33558.0"
"BE35","pop_tot_Sheet_6",2020,"33505.0"
"BE35","pop_tot_Sheet_6",2021,"33004.0"
"BE35","pop_tot_Sheet_6",2022,"32464.0"
"BE35","pop_tot_Sheet_6",2023,"32010.0"
"BE35","pop_tot_Sheet_6",2024,"31658.0"
"BG31","pop_tot_Sheet_6",2015,"52684.0"
"BG31","pop_tot_Sheet_6",2016,"53738.0"
"BG31","pop_tot_Sheet_6",2017,"54711.0"
"BG31","pop_tot_Sheet_6",2018,"54798.0"
"BG31","pop_tot_Sheet_6",2019,"54180.0"
"BG31","pop_tot_Sheet_6",2020,"52682.0"
"BG31","pop_tot_Sheet_6",2021,"51502.0"
"BG31","pop_tot_Sheet_6",2022,"49898.0"
"BG31","pop_tot_Sheet_6",2023,"48911.0"
"BG31","pop_tot_Sheet_6",2024,"47396.0"
"BG32","pop_tot_Sheet_6",2015,"54555.0"
"BG32","pop_tot_Sheet_6",2016,"54701.0"
"BG32","pop_tot_Sheet_6",2017,"55265.0"
"BG32","pop_tot_Sheet_6",2018,"55139.0"
"BG32","pop_tot_Sheet_6",2019,"54237.0"
"BG32","pop_tot_Sheet_6",2020,"53447.0"
"BG32","pop_tot_Sheet_6",2021,"53392.0"
"BG32","pop_tot_Sheet_6",2022,"53183.0"
"BG32","pop_tot_Sheet_6",2023,"53208.0"
"BG32","pop_tot_Sheet_6",2024,"52089.0"
"BG33","pop_tot_Sheet_6",2015,"61004.0"
"BG33","pop_tot_Sheet_6",2016,"62679.0"
"BG33","pop_tot_Sheet_6",2017,"64283.0"
"BG33","pop_tot_Sheet_6",2018,"65114.0"
"BG33","pop_tot_Sheet_6",2019,"65148.0"
"BG33","pop_tot_Sheet_6",2020,"65445.0"
"BG33","pop_tot_Sheet_6",2021,"65879.0"
"BG33","pop_tot_Sheet_6",2022,"66372.0"
"BG33","pop_tot_Sheet_6",2023,"67300.0"
"BG33","pop_tot_Sheet_6",2024,"66598.0"
"BG34","pop_tot_Sheet_6",2015,"67649.0"
"BG34","pop_tot_Sheet_6",2016,"68344.0"
"BG34","pop_tot_Sheet_6",2017,"69510.0"
"BG34","pop_tot_Sheet_6",2018,"70158.0"
"BG34","pop_tot_Sheet_6",2019,"70730.0"
"BG34","pop_tot_Sheet_6",2020,"71347.0"
"BG34","pop_tot_Sheet_6",2021,"72053.0"
"BG34","pop_tot_Sheet_6",2022,"73333.0"
"BG34","pop_tot_Sheet_6",2023,"74267.0"
"BG34","pop_tot_Sheet_6",2024,"73688.0"
"BG41","pop_tot_Sheet_6",2015,"139134.0"
"BG41","pop_tot_Sheet_6",2016,"143690.0"
"BG41","pop_tot_Sheet_6",2017,"147889.0"
"BG41","pop_tot_Sheet_6",2018,"150503.0"
"BG41","pop_tot_Sheet_6",2019,"153102.0"
"BG41","pop_tot_Sheet_6",2020,"155858.0"
"BG41","pop_tot_Sheet_6",2021,"158387.0"
"BG41","pop_tot_Sheet_6",2022,"163610.0"
"BG41","pop_tot_Sheet_6",2023,"167750.0"
"BG41","pop_tot_Sheet_6",2024,"168480.0"
"BG42","pop_tot_Sheet_6",2015,"96498.0"
"BG42","pop_tot_Sheet_6",2016,"96826.0"
"BG42","pop_tot_Sheet_6",2017,"97424.0"
"BG42","pop_tot_Sheet_6",2018,"97329.0"
"BG42","pop_tot_Sheet_6",2019,"96830.0"
"BG42","pop_tot_Sheet_6",2020,"95320.0"
"BG42","pop_tot_Sheet_6",2021,"95626.0"
"BG42","pop_tot_Sheet_6",2022,"96555.0"
"BG42","pop_tot_Sheet_6",2023,"97451.0"
"BG42","pop_tot_Sheet_6",2024,"98051.0"
"CZ01","pop_tot_Sheet_6",2015,"81150.0"
"CZ01","pop_tot_Sheet_6",2016,"81888.0"
"CZ01","pop_tot_Sheet_6",2017,"84631.0"
"CZ01","pop_tot_Sheet_6",2018,"88196.0"
"CZ01","pop_tot_Sheet_6",2019,"94375.0"
"CZ01","pop_tot_Sheet_6",2020,"102314.0"
"CZ01","pop_tot_Sheet_6",2021,"102354.0"
"CZ01","pop_tot_Sheet_6",2022,"108408.0"
"CZ01","pop_tot_Sheet_6",2023,"118052.0"
"CZ01","pop_tot_Sheet_6",2024,"122545.0"
"CZ02","pop_tot_Sheet_6",2015,"86250.0"
"CZ02","pop_tot_Sheet_6",2016,"88335.0"
"CZ02","pop_tot_Sheet_6",2017,"92119.0"
"CZ02","pop_tot_Sheet_6",2018,"97001.0"
"CZ02","pop_tot_Sheet_6",2019,"104564.0"
"CZ02","pop_tot_Sheet_6",2020,"113245.0"
"CZ02","pop_tot_Sheet_6",2021,"118671.0"
"CZ02","pop_tot_Sheet_6",2022,"124863.0"
"CZ02","pop_tot_Sheet_6",2023,"132247.0"
"CZ02","pop_tot_Sheet_6",2024,"134882.0"
"CZ03","pop_tot_Sheet_6",2015,"79194.0"
"CZ03","pop_tot_Sheet_6",2016,"79878.0"
"CZ03","pop_tot_Sheet_6",2017,"81307.0"
"CZ03","pop_tot_Sheet_6",2018,"84692.0"
"CZ03","pop_tot_Sheet_6",2019,"90176.0"
"CZ03","pop_tot_Sheet_6",2020,"96342.0"
"CZ03","pop_tot_Sheet_6",2021,"99234.0"
"CZ03","pop_tot_Sheet_6",2022,"103392.0"
"CZ03","pop_tot_Sheet_6",2023,"108692.0"
"CZ03","pop_tot_Sheet_6",2024,"109334.0"
"CZ04","pop_tot_Sheet_6",2015,"75209.0"
"CZ04","pop_tot_Sheet_6",2016,"75617.0"
"CZ04","pop_tot_Sheet_6",2017,"77337.0"
"CZ04","pop_tot_Sheet_6",2018,"80511.0"
"CZ04","pop_tot_Sheet_6",2019,"85446.0"
"CZ04","pop_tot_Sheet_6",2020,"90702.0"
"CZ04","pop_tot_Sheet_6",2021,"92736.0"
"CZ04","pop_tot_Sheet_6",2022,"95142.0"
"CZ04","pop_tot_Sheet_6",2023,"97250.0"
"CZ04","pop_tot_Sheet_6",2024,"96132.0"
"CZ05","pop_tot_Sheet_6",2015,"96721.0"
"CZ05","pop_tot_Sheet_6",2016,"97800.0"
"CZ05","pop_tot_Sheet_6",2017,"100665.0"
"CZ05","pop_tot_Sheet_6",2018,"105165.0"
"CZ05","pop_tot_Sheet_6",2019,"112068.0"
"CZ05","pop_tot_Sheet_6",2020,"119461.0"
"CZ05","pop_tot_Sheet_6",2021,"123645.0"
"CZ05","pop_tot_Sheet_6",2022,"128108.0"
"CZ05","pop_tot_Sheet_6",2023,"133086.0"
"CZ05","pop_tot_Sheet_6",2024,"132955.0"
"CZ06","pop_tot_Sheet_6",2015,"109732.0"
"CZ06","pop_tot_Sheet_6",2016,"110066.0"
"CZ06","pop_tot_Sheet_6",2017,"111989.0"
"CZ06","pop_tot_Sheet_6",2018,"115742.0"
"CZ06","pop_tot_Sheet_6",2019,"122225.0"
"CZ06","pop_tot_Sheet_6",2020,"129713.0"
"CZ06","pop_tot_Sheet_6",2021,"135188.0"
"CZ06","pop_tot_Sheet_6",2022,"140716.0"
"CZ06","pop_tot_Sheet_6",2023,"146887.0"
"CZ06","pop_tot_Sheet_6",2024,"147908.0"
"CZ07","pop_tot_Sheet_6",2015,"80028.0"
"CZ07","pop_tot_Sheet_6",2016,"79980.0"
"CZ07","pop_tot_Sheet_6",2017,"81182.0"
"CZ07","pop_tot_Sheet_6",2018,"84271.0"
"CZ07","pop_tot_Sheet_6",2019,"88800.0"
"CZ07","pop_tot_Sheet_6",2020,"94131.0"
"CZ07","pop_tot_Sheet_6",2021,"98231.0"
"CZ07","pop_tot_Sheet_6",2022,"101552.0"
"CZ07","pop_tot_Sheet_6",2023,"104277.0"
"CZ07","pop_tot_Sheet_6",2024,"104013.0"
"CZ08","pop_tot_Sheet_6",2015,"84006.0"
"CZ08","pop_tot_Sheet_6",2016,"83268.0"
"CZ08","pop_tot_Sheet_6",2017,"83772.0"
"CZ08","pop_tot_Sheet_6",2018,"85492.0"
"CZ08","pop_tot_Sheet_6",2019,"89381.0"
"CZ08","pop_tot_Sheet_6",2020,"93370.0"
"CZ08","pop_tot_Sheet_6",2021,"95534.0"
"CZ08","pop_tot_Sheet_6",2022,"97416.0"
"CZ08","pop_tot_Sheet_6",2023,"99258.0"
"CZ08","pop_tot_Sheet_6",2024,"98351.0"
"DK01","pop_tot_Sheet_6",2015,"127845.0"
"DK01","pop_tot_Sheet_6",2016,"124911.0"
"DK01","pop_tot_Sheet_6",2017,"122565.0"
"DK01","pop_tot_Sheet_6",2018,"122340.0"
"DK01","pop_tot_Sheet_6",2019,"122963.0"
"DK01","pop_tot_Sheet_6",2020,"125481.0"
"DK01","pop_tot_Sheet_6",2021,"127566.0"
"DK01","pop_tot_Sheet_6",2022,"126392.0"
"DK01","pop_tot_Sheet_6",2023,"124545.0"
"DK01","pop_tot_Sheet_6",2024,"123715.0"
"DK02","pop_tot_Sheet_6",2015,"64732.0"
"DK02","pop_tot_Sheet_6",2016,"63259.0"
"DK02","pop_tot_Sheet_6",2017,"61491.0"
"DK02","pop_tot_Sheet_6",2018,"60698.0"
"DK02","pop_tot_Sheet_6",2019,"60121.0"
"DK02","pop_tot_Sheet_6",2020,"60103.0"
"DK02","pop_tot_Sheet_6",2021,"60216.0"
"DK02","pop_tot_Sheet_6",2022,"59046.0"
"DK02","pop_tot_Sheet_6",2023,"57226.0"
"DK02","pop_tot_Sheet_6",2024,"55817.0"
"DK03","pop_tot_Sheet_6",2015,"88636.0"
"DK03","pop_tot_Sheet_6",2016,"86327.0"
"DK03","pop_tot_Sheet_6",2017,"83856.0"
"DK03","pop_tot_Sheet_6",2018,"82843.0"
"DK03","pop_tot_Sheet_6",2019,"82306.0"
"DK03","pop_tot_Sheet_6",2020,"81760.0"
"DK03","pop_tot_Sheet_6",2021,"81906.0"
"DK03","pop_tot_Sheet_6",2022,"80536.0"
"DK03","pop_tot_Sheet_6",2023,"78651.0"
"DK03","pop_tot_Sheet_6",2024,"77381.0"
"DK04","pop_tot_Sheet_6",2015,"91101.0"
"DK04","pop_tot_Sheet_6",2016,"89248.0"
"DK04","pop_tot_Sheet_6",2017,"87529.0"
"DK04","pop_tot_Sheet_6",2018,"87415.0"
"DK04","pop_tot_Sheet_6",2019,"87484.0"
"DK04","pop_tot_Sheet_6",2020,"87636.0"
"DK04","pop_tot_Sheet_6",2021,"88238.0"
"DK04","pop_tot_Sheet_6",2022,"86971.0"
"DK04","pop_tot_Sheet_6",2023,"85652.0"
"DK04","pop_tot_Sheet_6",2024,"84616.0"
"DK05","pop_tot_Sheet_6",2015,"41290.0"
"DK05","pop_tot_Sheet_6",2016,"39894.0"
"DK05","pop_tot_Sheet_6",2017,"38400.0"
"DK05","pop_tot_Sheet_6",2018,"37793.0"
"DK05","pop_tot_Sheet_6",2019,"37209.0"
"DK05","pop_tot_Sheet_6",2020,"36909.0"
"DK05","pop_tot_Sheet_6",2021,"37078.0"
"DK05","pop_tot_Sheet_6",2022,"36761.0"
"DK05","pop_tot_Sheet_6",2023,"36099.0"
"DK05","pop_tot_Sheet_6",2024,"35704.0"
"DE11","pop_tot_Sheet_6",2015,"332694.0"
"DE11","pop_tot_Sheet_6",2016,"326119.0"
"DE11","pop_tot_Sheet_6",2017,"315144.0"
"DE11","pop_tot_Sheet_6",2018,"302965.0"
"DE11","pop_tot_Sheet_6",2019,"287573.0"
"DE11","pop_tot_Sheet_6",2020,"274876.0"
"DE11","pop_tot_Sheet_6",2021,"264575.0"
"DE11","pop_tot_Sheet_6",2022,"256832.0"
"DE11","pop_tot_Sheet_6",2023,"252474.0"
"DE11","pop_tot_Sheet_6",2024,"253944.0"
"DE12","pop_tot_Sheet_6",2015,"224660.0"
"DE12","pop_tot_Sheet_6",2016,"218959.0"
"DE12","pop_tot_Sheet_6",2017,"210686.0"
"DE12","pop_tot_Sheet_6",2018,"200594.0"
"DE12","pop_tot_Sheet_6",2019,"188714.0"
"DE12","pop_tot_Sheet_6",2020,"178950.0"
"DE12","pop_tot_Sheet_6",2021,"171194.0"
"DE12","pop_tot_Sheet_6",2022,"166022.0"
"DE12","pop_tot_Sheet_6",2023,"164577.0"
"DE12","pop_tot_Sheet_6",2024,"165853.0"
"DE13","pop_tot_Sheet_6",2015,"180713.0"
"DE13","pop_tot_Sheet_6",2016,"175445.0"
"DE13","pop_tot_Sheet_6",2017,"167889.0"
"DE13","pop_tot_Sheet_6",2018,"159605.0"
"DE13","pop_tot_Sheet_6",2019,"150083.0"
"DE13","pop_tot_Sheet_6",2020,"141862.0"
"DE13","pop_tot_Sheet_6",2021,"135781.0"
"DE13","pop_tot_Sheet_6",2022,"131912.0"
"DE13","pop_tot_Sheet_6",2023,"130498.0"
"DE13","pop_tot_Sheet_6",2024,"131596.0"
"DE14","pop_tot_Sheet_6",2015,"148409.0"
"DE14","pop_tot_Sheet_6",2016,"144664.0"
"DE14","pop_tot_Sheet_6",2017,"139172.0"
"DE14","pop_tot_Sheet_6",2018,"133264.0"
"DE14","pop_tot_Sheet_6",2019,"125876.0"
"DE14","pop_tot_Sheet_6",2020,"119993.0"
"DE14","pop_tot_Sheet_6",2021,"115197.0"
"DE14","pop_tot_Sheet_6",2022,"111344.0"
"DE14","pop_tot_Sheet_6",2023,"109481.0"
"DE14","pop_tot_Sheet_6",2024,"109836.0"
"DE21","pop_tot_Sheet_6",2015,"385199.0"
"DE21","pop_tot_Sheet_6",2016,"377739.0"
"DE21","pop_tot_Sheet_6",2017,"365516.0"
"DE21","pop_tot_Sheet_6",2018,"347898.0"
"DE21","pop_tot_Sheet_6",2019,"329494.0"
"DE21","pop_tot_Sheet_6",2020,"314627.0"
"DE21","pop_tot_Sheet_6",2021,"304531.0"
"DE21","pop_tot_Sheet_6",2022,"296799.0"
"DE21","pop_tot_Sheet_6",2023,"296266.0"
"DE21","pop_tot_Sheet_6",2024,"298640.0"
"DE22","pop_tot_Sheet_6",2015,"100316.0"
"DE22","pop_tot_Sheet_6",2016,"98553.0"
"DE22","pop_tot_Sheet_6",2017,"95727.0"
"DE22","pop_tot_Sheet_6",2018,"92251.0"
"DE22","pop_tot_Sheet_6",2019,"87755.0"
"DE22","pop_tot_Sheet_6",2020,"83671.0"
"DE22","pop_tot_Sheet_6",2021,"79854.0"
"DE22","pop_tot_Sheet_6",2022,"77473.0"
"DE22","pop_tot_Sheet_6",2023,"75288.0"
"DE22","pop_tot_Sheet_6",2024,"75647.0"
"DE23","pop_tot_Sheet_6",2015,"91043.0"
"DE23","pop_tot_Sheet_6",2016,"88735.0"
"DE23","pop_tot_Sheet_6",2017,"85593.0"
"DE23","pop_tot_Sheet_6",2018,"82109.0"
"DE23","pop_tot_Sheet_6",2019,"77714.0"
"DE23","pop_tot_Sheet_6",2020,"73334.0"
"DE23","pop_tot_Sheet_6",2021,"69942.0"
"DE23","pop_tot_Sheet_6",2022,"67200.0"
"DE23","pop_tot_Sheet_6",2023,"65854.0"
"DE23","pop_tot_Sheet_6",2024,"66225.0"
"DE24","pop_tot_Sheet_6",2015,"88926.0"
"DE24","pop_tot_Sheet_6",2016,"86272.0"
"DE24","pop_tot_Sheet_6",2017,"83138.0"
"DE24","pop_tot_Sheet_6",2018,"78941.0"
"DE24","pop_tot_Sheet_6",2019,"73670.0"
"DE24","pop_tot_Sheet_6",2020,"68699.0"
"DE24","pop_tot_Sheet_6",2021,"64643.0"
"DE24","pop_tot_Sheet_6",2022,"61742.0"
"DE24","pop_tot_Sheet_6",2023,"59731.0"
"DE24","pop_tot_Sheet_6",2024,"59871.0"
"DE25","pop_tot_Sheet_6",2015,"143190.0"
"DE25","pop_tot_Sheet_6",2016,"139873.0"
"DE25","pop_tot_Sheet_6",2017,"134764.0"
"DE25","pop_tot_Sheet_6",2018,"128101.0"
"DE25","pop_tot_Sheet_6",2019,"120767.0"
"DE25","pop_tot_Sheet_6",2020,"114424.0"
"DE25","pop_tot_Sheet_6",2021,"109877.0"
"DE25","pop_tot_Sheet_6",2022,"107283.0"
"DE25","pop_tot_Sheet_6",2023,"106852.0"
"DE25","pop_tot_Sheet_6",2024,"108637.0"
"DE26","pop_tot_Sheet_6",2015,"108040.0"
"DE26","pop_tot_Sheet_6",2016,"103774.0"
"DE26","pop_tot_Sheet_6",2017,"98779.0"
"DE26","pop_tot_Sheet_6",2018,"93172.0"
"DE26","pop_tot_Sheet_6",2019,"87304.0"
"DE26","pop_tot_Sheet_6",2020,"82053.0"
"DE26","pop_tot_Sheet_6",2021,"78262.0"
"DE26","pop_tot_Sheet_6",2022,"75426.0"
"DE26","pop_tot_Sheet_6",2023,"73651.0"
"DE26","pop_tot_Sheet_6",2024,"74317.0"
"DE27","pop_tot_Sheet_6",2015,"152746.0"
"DE27","pop_tot_Sheet_6",2016,"148981.0"
"DE27","pop_tot_Sheet_6",2017,"143599.0"
"DE27","pop_tot_Sheet_6",2018,"137210.0"
"DE27","pop_tot_Sheet_6",2019,"129676.0"
"DE27","pop_tot_Sheet_6",2020,"123434.0"
"DE27","pop_tot_Sheet_6",2021,"118885.0"
"DE27","pop_tot_Sheet_6",2022,"115829.0"
"DE27","pop_tot_Sheet_6",2023,"113715.0"
"DE27","pop_tot_Sheet_6",2024,"115038.0"
"DE30","pop_tot_Sheet_6",2015,"268679.0"
"DE30","pop_tot_Sheet_6",2016,"259552.0"
"DE30","pop_tot_Sheet_6",2017,"250725.0"
"DE30","pop_tot_Sheet_6",2018,"240517.0"
"DE30","pop_tot_Sheet_6",2019,"228955.0"
"DE30","pop_tot_Sheet_6",2020,"220620.0"
"DE30","pop_tot_Sheet_6",2021,"214868.0"
"DE30","pop_tot_Sheet_6",2022,"211183.0"
"DE30","pop_tot_Sheet_6",2023,"214209.0"
"DE30","pop_tot_Sheet_6",2024,"221544.0"
"DE40","pop_tot_Sheet_6",2015,"204262.0"
"DE40","pop_tot_Sheet_6",2016,"194440.0"
"DE40","pop_tot_Sheet_6",2017,"185499.0"
"DE40","pop_tot_Sheet_6",2018,"174883.0"
"DE40","pop_tot_Sheet_6",2019,"163732.0"
"DE40","pop_tot_Sheet_6",2020,"153836.0"
"DE40","pop_tot_Sheet_6",2021,"146470.0"
"DE40","pop_tot_Sheet_6",2022,"141037.0"
"DE40","pop_tot_Sheet_6",2023,"144420.0"
"DE40","pop_tot_Sheet_6",2024,"151740.0"
"DE50","pop_tot_Sheet_6",2015,"52239.0"
"DE50","pop_tot_Sheet_6",2016,"50722.0"
"DE50","pop_tot_Sheet_6",2017,"48706.0"
"DE50","pop_tot_Sheet_6",2018,"46575.0"
"DE50","pop_tot_Sheet_6",2019,"43955.0"
"DE50","pop_tot_Sheet_6",2020,"41595.0"
"DE50","pop_tot_Sheet_6",2021,"40182.0"
"DE50","pop_tot_Sheet_6",2022,"38853.0"
"DE50","pop_tot_Sheet_6",2023,"39647.0"
"DE50","pop_tot_Sheet_6",2024,"40236.0"
"DE60","pop_tot_Sheet_6",2015,"144393.0"
"DE60","pop_tot_Sheet_6",2016,"141757.0"
"DE60","pop_tot_Sheet_6",2017,"137078.0"
"DE60","pop_tot_Sheet_6",2018,"131729.0"
"DE60","pop_tot_Sheet_6",2019,"125082.0"
"DE60","pop_tot_Sheet_6",2020,"120743.0"
"DE60","pop_tot_Sheet_6",2021,"117904.0"
"DE60","pop_tot_Sheet_6",2022,"116403.0"
"DE60","pop_tot_Sheet_6",2023,"116637.0"
"DE60","pop_tot_Sheet_6",2024,"119132.0"
"DE71","pop_tot_Sheet_6",2015,"333045.0"
"DE71","pop_tot_Sheet_6",2016,"325290.0"
"DE71","pop_tot_Sheet_6",2017,"313055.0"
"DE71","pop_tot_Sheet_6",2018,"299066.0"
"DE71","pop_tot_Sheet_6",2019,"282877.0"
"DE71","pop_tot_Sheet_6",2020,"270426.0"
"DE71","pop_tot_Sheet_6",2021,"261259.0"
"DE71","pop_tot_Sheet_6",2022,"254515.0"
"DE71","pop_tot_Sheet_6",2023,"251935.0"
"DE71","pop_tot_Sheet_6",2024,"254628.0"
"DE72","pop_tot_Sheet_6",2015,"83237.0"
"DE72","pop_tot_Sheet_6",2016,"80452.0"
"DE72","pop_tot_Sheet_6",2017,"77057.0"
"DE72","pop_tot_Sheet_6",2018,"73030.0"
"DE72","pop_tot_Sheet_6",2019,"68490.0"
"DE72","pop_tot_Sheet_6",2020,"64662.0"
"DE72","pop_tot_Sheet_6",2021,"61585.0"
"DE72","pop_tot_Sheet_6",2022,"59591.0"
"DE72","pop_tot_Sheet_6",2023,"58031.0"
"DE72","pop_tot_Sheet_6",2024,"58580.0"
"DE73","pop_tot_Sheet_6",2015,"99793.0"
"DE73","pop_tot_Sheet_6",2016,"96655.0"
"DE73","pop_tot_Sheet_6",2017,"92766.0"
"DE73","pop_tot_Sheet_6",2018,"88145.0"
"DE73","pop_tot_Sheet_6",2019,"82594.0"
"DE73","pop_tot_Sheet_6",2020,"77457.0"
"DE73","pop_tot_Sheet_6",2021,"72994.0"
"DE73","pop_tot_Sheet_6",2022,"70005.0"
"DE73","pop_tot_Sheet_6",2023,"67320.0"
"DE73","pop_tot_Sheet_6",2024,"67238.0"
"DE80","pop_tot_Sheet_6",2015,"121776.0"
"DE80","pop_tot_Sheet_6",2016,"115213.0"
"DE80","pop_tot_Sheet_6",2017,"109491.0"
"DE80","pop_tot_Sheet_6",2018,"103240.0"
"DE80","pop_tot_Sheet_6",2019,"96622.0"
"DE80","pop_tot_Sheet_6",2020,"91071.0"
"DE80","pop_tot_Sheet_6",2021,"86717.0"
"DE80","pop_tot_Sheet_6",2022,"83907.0"
"DE80","pop_tot_Sheet_6",2023,"84574.0"
"DE80","pop_tot_Sheet_6",2024,"89170.0"
"DE91","pop_tot_Sheet_6",2015,"131014.0"
"DE91","pop_tot_Sheet_6",2016,"127422.0"
"DE91","pop_tot_Sheet_6",2017,"121284.0"
"DE91","pop_tot_Sheet_6",2018,"114229.0"
"DE91","pop_tot_Sheet_6",2019,"106324.0"
"DE91","pop_tot_Sheet_6",2020,"99224.0"
"DE91","pop_tot_Sheet_6",2021,"93522.0"
"DE91","pop_tot_Sheet_6",2022,"89817.0"
"DE91","pop_tot_Sheet_6",2023,"88540.0"
"DE91","pop_tot_Sheet_6",2024,"88982.0"
"DE92","pop_tot_Sheet_6",2015,"180238.0"
"DE92","pop_tot_Sheet_6",2016,"174908.0"
"DE92","pop_tot_Sheet_6",2017,"166114.0"
"DE92","pop_tot_Sheet_6",2018,"156673.0"
"DE92","pop_tot_Sheet_6",2019,"145900.0"
"DE92","pop_tot_Sheet_6",2020,"136340.0"
"DE92","pop_tot_Sheet_6",2021,"129665.0"
"DE92","pop_tot_Sheet_6",2022,"125000.0"
"DE92","pop_tot_Sheet_6",2023,"121355.0"
"DE92","pop_tot_Sheet_6",2024,"122178.0"
"DE93","pop_tot_Sheet_6",2015,"148548.0"
"DE93","pop_tot_Sheet_6",2016,"144038.0"
"DE93","pop_tot_Sheet_6",2017,"137750.0"
"DE93","pop_tot_Sheet_6",2018,"129012.0"
"DE93","pop_tot_Sheet_6",2019,"120126.0"
"DE93","pop_tot_Sheet_6",2020,"112411.0"
"DE93","pop_tot_Sheet_6",2021,"106139.0"
"DE93","pop_tot_Sheet_6",2022,"101321.0"
"DE93","pop_tot_Sheet_6",2023,"98854.0"
"DE93","pop_tot_Sheet_6",2024,"99194.0"
"DE94","pop_tot_Sheet_6",2015,"209604.0"
"DE94","pop_tot_Sheet_6",2016,"204756.0"
"DE94","pop_tot_Sheet_6",2017,"196880.0"
"DE94","pop_tot_Sheet_6",2018,"187009.0"
"DE94","pop_tot_Sheet_6",2019,"175985.0"
"DE94","pop_tot_Sheet_6",2020,"165412.0"
"DE94","pop_tot_Sheet_6",2021,"156613.0"
"DE94","pop_tot_Sheet_6",2022,"150174.0"
"DE94","pop_tot_Sheet_6",2023,"147344.0"
"DE94","pop_tot_Sheet_6",2024,"146521.0"
"DEA1","pop_tot_Sheet_6",2015,"435811.0"
"DEA1","pop_tot_Sheet_6",2016,"421797.0"
"DEA1","pop_tot_Sheet_6",2017,"402154.0"
"DEA1","pop_tot_Sheet_6",2018,"378985.0"
"DEA1","pop_tot_Sheet_6",2019,"353468.0"
"DEA1","pop_tot_Sheet_6",2020,"331529.0"
"DEA1","pop_tot_Sheet_6",2021,"315714.0"
"DEA1","pop_tot_Sheet_6",2022,"304029.0"
"DEA1","pop_tot_Sheet_6",2023,"303827.0"
"DEA1","pop_tot_Sheet_6",2024,"305538.0"
"DEA2","pop_tot_Sheet_6",2015,"371689.0"
"DEA2","pop_tot_Sheet_6",2016,"360388.0"
"DEA2","pop_tot_Sheet_6",2017,"344017.0"
"DEA2","pop_tot_Sheet_6",2018,"324844.0"
"DEA2","pop_tot_Sheet_6",2019,"303741.0"
"DEA2","pop_tot_Sheet_6",2020,"285685.0"
"DEA2","pop_tot_Sheet_6",2021,"272995.0"
"DEA2","pop_tot_Sheet_6",2022,"264423.0"
"DEA2","pop_tot_Sheet_6",2023,"262821.0"
"DEA2","pop_tot_Sheet_6",2024,"264581.0"
"DEA3","pop_tot_Sheet_6",2015,"221220.0"
"DEA3","pop_tot_Sheet_6",2016,"214317.0"
"DEA3","pop_tot_Sheet_6",2017,"204718.0"
"DEA3","pop_tot_Sheet_6",2018,"192743.0"
"DEA3","pop_tot_Sheet_6",2019,"179761.0"
"DEA3","pop_tot_Sheet_6",2020,"168259.0"
"DEA3","pop_tot_Sheet_6",2021,"160214.0"
"DEA3","pop_tot_Sheet_6",2022,"154140.0"
"DEA3","pop_tot_Sheet_6",2023,"151514.0"
"DEA3","pop_tot_Sheet_6",2024,"152481.0"
"DEA4","pop_tot_Sheet_6",2015,"168312.0"
"DEA4","pop_tot_Sheet_6",2016,"163637.0"
"DEA4","pop_tot_Sheet_6",2017,"156281.0"
"DEA4","pop_tot_Sheet_6",2018,"147879.0"
"DEA4","pop_tot_Sheet_6",2019,"138612.0"
"DEA4","pop_tot_Sheet_6",2020,"130560.0"
"DEA4","pop_tot_Sheet_6",2021,"124334.0"
"DEA4","pop_tot_Sheet_6",2022,"119913.0"
"DEA4","pop_tot_Sheet_6",2023,"119063.0"
"DEA4","pop_tot_Sheet_6",2024,"119005.0"
"DEA5","pop_tot_Sheet_6",2015,"298426.0"
"DEA5","pop_tot_Sheet_6",2016,"288838.0"
"DEA5","pop_tot_Sheet_6",2017,"274915.0"
"DEA5","pop_tot_Sheet_6",2018,"259865.0"
"DEA5","pop_tot_Sheet_6",2019,"242457.0"
"DEA5","pop_tot_Sheet_6",2020,"226049.0"
"DEA5","pop_tot_Sheet_6",2021,"214067.0"
"DEA5","pop_tot_Sheet_6",2022,"206259.0"
"DEA5","pop_tot_Sheet_6",2023,"204421.0"
"DEA5","pop_tot_Sheet_6",2024,"204560.0"
"DEB1","pop_tot_Sheet_6",2015,"124810.0"
"DEB1","pop_tot_Sheet_6",2016,"120101.0"
"DEB1","pop_tot_Sheet_6",2017,"113902.0"
"DEB1","pop_tot_Sheet_6",2018,"107084.0"
"DEB1","pop_tot_Sheet_6",2019,"99353.0"
"DEB1","pop_tot_Sheet_6",2020,"92972.0"
"DEB1","pop_tot_Sheet_6",2021,"88079.0"
"DEB1","pop_tot_Sheet_6",2022,"84455.0"
"DEB1","pop_tot_Sheet_6",2023,"84511.0"
"DEB1","pop_tot_Sheet_6",2024,"85249.0"
"DEB2","pop_tot_Sheet_6",2015,"43123.0"
"DEB2","pop_tot_Sheet_6",2016,"41710.0"
"DEB2","pop_tot_Sheet_6",2017,"39481.0"
"DEB2","pop_tot_Sheet_6",2018,"37618.0"
"DEB2","pop_tot_Sheet_6",2019,"35427.0"
"DEB2","pop_tot_Sheet_6",2020,"33426.0"
"DEB2","pop_tot_Sheet_6",2021,"32082.0"
"DEB2","pop_tot_Sheet_6",2022,"31055.0"
"DEB2","pop_tot_Sheet_6",2023,"29994.0"
"DEB2","pop_tot_Sheet_6",2024,"30384.0"
"DEB3","pop_tot_Sheet_6",2015,"167317.0"
"DEB3","pop_tot_Sheet_6",2016,"161828.0"
"DEB3","pop_tot_Sheet_6",2017,"154735.0"
"DEB3","pop_tot_Sheet_6",2018,"146224.0"
"DEB3","pop_tot_Sheet_6",2019,"136891.0"
"DEB3","pop_tot_Sheet_6",2020,"128774.0"
"DEB3","pop_tot_Sheet_6",2021,"122987.0"
"DEB3","pop_tot_Sheet_6",2022,"118552.0"
"DEB3","pop_tot_Sheet_6",2023,"117817.0"
"DEB3","pop_tot_Sheet_6",2024,"119019.0"
"DEC0","pop_tot_Sheet_6",2015,"80499.0"
"DEC0","pop_tot_Sheet_6",2016,"76588.0"
"DEC0","pop_tot_Sheet_6",2017,"72278.0"
"DEC0","pop_tot_Sheet_6",2018,"67503.0"
"DEC0","pop_tot_Sheet_6",2019,"62207.0"
"DEC0","pop_tot_Sheet_6",2020,"57911.0"
"DEC0","pop_tot_Sheet_6",2021,"54909.0"
"DEC0","pop_tot_Sheet_6",2022,"52675.0"
"DEC0","pop_tot_Sheet_6",2023,"54222.0"
"DEC0","pop_tot_Sheet_6",2024,"54855.0"
"DED2","pop_tot_Sheet_6",2015,"113658.0"
"DED2","pop_tot_Sheet_6",2016,"109961.0"
"DED2","pop_tot_Sheet_6",2017,"106862.0"
"DED2","pop_tot_Sheet_6",2018,"102787.0"
"DED2","pop_tot_Sheet_6",2019,"98184.0"
"DED2","pop_tot_Sheet_6",2020,"93871.0"
"DED2","pop_tot_Sheet_6",2021,"90180.0"
"DED2","pop_tot_Sheet_6",2022,"87394.0"
"DED2","pop_tot_Sheet_6",2023,"90631.0"
"DED2","pop_tot_Sheet_6",2024,"94725.0"
"DED4","pop_tot_Sheet_6",2015,"105124.0"
"DED4","pop_tot_Sheet_6",2016,"101884.0"
"DED4","pop_tot_Sheet_6",2017,"99068.0"
"DED4","pop_tot_Sheet_6",2018,"94764.0"
"DED4","pop_tot_Sheet_6",2019,"89880.0"
"DED4","pop_tot_Sheet_6",2020,"84927.0"
"DED4","pop_tot_Sheet_6",2021,"80166.0"
"DED4","pop_tot_Sheet_6",2022,"75521.0"
"DED4","pop_tot_Sheet_6",2023,"76081.0"
"DED4","pop_tot_Sheet_6",2024,"78845.0"
"DED5","pop_tot_Sheet_6",2015,"72941.0"
"DED5","pop_tot_Sheet_6",2016,"71193.0"
"DED5","pop_tot_Sheet_6",2017,"69764.0"
"DED5","pop_tot_Sheet_6",2018,"67105.0"
"DED5","pop_tot_Sheet_6",2019,"63699.0"
"DED5","pop_tot_Sheet_6",2020,"60604.0"
"DED5","pop_tot_Sheet_6",2021,"57870.0"
"DED5","pop_tot_Sheet_6",2022,"56213.0"
"DED5","pop_tot_Sheet_6",2023,"58493.0"
"DED5","pop_tot_Sheet_6",2024,"62397.0"
"DEE0","pop_tot_Sheet_6",2015,"173750.0"
"DEE0","pop_tot_Sheet_6",2016,"167130.0"
"DEE0","pop_tot_Sheet_6",2017,"161567.0"
"DEE0","pop_tot_Sheet_6",2018,"152777.0"
"DEE0","pop_tot_Sheet_6",2019,"142357.0"
"DEE0","pop_tot_Sheet_6",2020,"131907.0"
"DEE0","pop_tot_Sheet_6",2021,"122063.0"
"DEE0","pop_tot_Sheet_6",2022,"113731.0"
"DEE0","pop_tot_Sheet_6",2023,"112668.0"
"DEE0","pop_tot_Sheet_6",2024,"116802.0"
"DEF0","pop_tot_Sheet_6",2015,"251212.0"
"DEF0","pop_tot_Sheet_6",2016,"243387.0"
"DEF0","pop_tot_Sheet_6",2017,"232529.0"
"DEF0","pop_tot_Sheet_6",2018,"217418.0"
"DEF0","pop_tot_Sheet_6",2019,"201248.0"
"DEF0","pop_tot_Sheet_6",2020,"186988.0"
"DEF0","pop_tot_Sheet_6",2021,"177579.0"
"DEF0","pop_tot_Sheet_6",2022,"170805.0"
"DEF0","pop_tot_Sheet_6",2023,"168982.0"
"DEF0","pop_tot_Sheet_6",2024,"170382.0"
"DEG0","pop_tot_Sheet_6",2015,"161768.0"
"DEG0","pop_tot_Sheet_6",2016,"156626.0"
"DEG0","pop_tot_Sheet_6",2017,"151229.0"
"DEG0","pop_tot_Sheet_6",2018,"145473.0"
"DEG0","pop_tot_Sheet_6",2019,"137966.0"
"DEG0","pop_tot_Sheet_6",2020,"130176.0"
"DEG0","pop_tot_Sheet_6",2021,"121962.0"
"DEG0","pop_tot_Sheet_6",2022,"115571.0"
"DEG0","pop_tot_Sheet_6",2023,"116306.0"
"DEG0","pop_tot_Sheet_6",2024,"119452.0"
"EE00","pop_tot_Sheet_6",2015,"84232.0"
"EE00","pop_tot_Sheet_6",2016,"85854.0"
"EE00","pop_tot_Sheet_6",2017,"87871.0"
"EE00","pop_tot_Sheet_6",2018,"90222.0"
"EE00","pop_tot_Sheet_6",2019,"91347.0"
"EE00","pop_tot_Sheet_6",2020,"91734.0"
"EE00","pop_tot_Sheet_6",2021,"91538.0"
"EE00","pop_tot_Sheet_6",2022,"91346.0"
"EE00","pop_tot_Sheet_6",2023,"93384.0"
"EE00","pop_tot_Sheet_6",2024,"94227.0"
"IE04","pop_tot_Sheet_6",2015,"56900.0"
"IE04","pop_tot_Sheet_6",2016,"57753.0"
"IE04","pop_tot_Sheet_6",2017,"58749.0"
"IE04","pop_tot_Sheet_6",2018,"59949.0"
"IE04","pop_tot_Sheet_6",2019,"61306.0"
"IE04","pop_tot_Sheet_6",2020,"62425.0"
"IE04","pop_tot_Sheet_6",2021,"63425.0"
"IE04","pop_tot_Sheet_6",2022,"64391.0"
"IE04","pop_tot_Sheet_6",2023,"66462.0"
"IE04","pop_tot_Sheet_6",2024,"67594.0"
"IE05","pop_tot_Sheet_6",2015,"108377.0"
"IE05","pop_tot_Sheet_6",2016,"109634.0"
"IE05","pop_tot_Sheet_6",2017,"111961.0"
"IE05","pop_tot_Sheet_6",2018,"114406.0"
"IE05","pop_tot_Sheet_6",2019,"117310.0"
"IE05","pop_tot_Sheet_6",2020,"119720.0"
"IE05","pop_tot_Sheet_6",2021,"121569.0"
"IE05","pop_tot_Sheet_6",2022,"124125.0"
"IE05","pop_tot_Sheet_6",2023,"126782.0"
"IE05","pop_tot_Sheet_6",2024,"128597.0"
"IE06","pop_tot_Sheet_6",2015,"150782.0"
"IE06","pop_tot_Sheet_6",2016,"155687.0"
"IE06","pop_tot_Sheet_6",2017,"161059.0"
"IE06","pop_tot_Sheet_6",2018,"166347.0"
"IE06","pop_tot_Sheet_6",2019,"172487.0"
"IE06","pop_tot_Sheet_6",2020,"178805.0"
"IE06","pop_tot_Sheet_6",2021,"181735.0"
"IE06","pop_tot_Sheet_6",2022,"185288.0"
"IE06","pop_tot_Sheet_6",2023,"190639.0"
"IE06","pop_tot_Sheet_6",2024,"195142.0"
"EL30","pop_tot_Sheet_6",2015,"298222.0"
"EL30","pop_tot_Sheet_6",2016,"300376.0"
"EL30","pop_tot_Sheet_6",2017,"300726.0"
"EL30","pop_tot_Sheet_6",2018,"297924.0"
"EL30","pop_tot_Sheet_6",2019,"293741.0"
"EL30","pop_tot_Sheet_6",2020,"291279.0"
"EL30","pop_tot_Sheet_6",2021,"289321.0"
"EL30","pop_tot_Sheet_6",2022,"307943.0"
"EL30","pop_tot_Sheet_6",2023,"309600.0"
"EL30","pop_tot_Sheet_6",2024,"311061.0"
"EL41","pop_tot_Sheet_6",2015,"13439.0"
"EL41","pop_tot_Sheet_6",2016,"13481.0"
"EL41","pop_tot_Sheet_6",2017,"13631.0"
"EL41","pop_tot_Sheet_6",2018,"13677.0"
"EL41","pop_tot_Sheet_6",2019,"13690.0"
"EL41","pop_tot_Sheet_6",2020,"13709.0"
"EL41","pop_tot_Sheet_6",2021,"13402.0"
"EL41","pop_tot_Sheet_6",2022,"13459.0"
"EL41","pop_tot_Sheet_6",2023,"13489.0"
"EL41","pop_tot_Sheet_6",2024,"13683.0"
"EL42","pop_tot_Sheet_6",2015,"24085.0"
"EL42","pop_tot_Sheet_6",2016,"24614.0"
"EL42","pop_tot_Sheet_6",2017,"25084.0"
"EL42","pop_tot_Sheet_6",2018,"25342.0"
"EL42","pop_tot_Sheet_6",2019,"25432.0"
"EL42","pop_tot_Sheet_6",2020,"25588.0"
"EL42","pop_tot_Sheet_6",2021,"25555.0"
"EL42","pop_tot_Sheet_6",2022,"25752.0"
"EL42","pop_tot_Sheet_6",2023,"25783.0"
"EL42","pop_tot_Sheet_6",2024,"25785.0"
"EL43","pop_tot_Sheet_6",2015,"46275.0"
"EL43","pop_tot_Sheet_6",2016,"47452.0"
"EL43","pop_tot_Sheet_6",2017,"48180.0"
"EL43","pop_tot_Sheet_6",2018,"48234.0"
"EL43","pop_tot_Sheet_6",2019,"47993.0"
"EL43","pop_tot_Sheet_6",2020,"47868.0"
"EL43","pop_tot_Sheet_6",2021,"47902.0"
"EL43","pop_tot_Sheet_6",2022,"47511.0"
"EL43","pop_tot_Sheet_6",2023,"47942.0"
"EL43","pop_tot_Sheet_6",2024,"48275.0"
"EL51","pop_tot_Sheet_6",2015,"42550.0"
"EL51","pop_tot_Sheet_6",2016,"42592.0"
"EL51","pop_tot_Sheet_6",2017,"42500.0"
"EL51","pop_tot_Sheet_6",2018,"41709.0"
"EL51","pop_tot_Sheet_6",2019,"41181.0"
"EL51","pop_tot_Sheet_6",2020,"41082.0"
"EL51","pop_tot_Sheet_6",2021,"40772.0"
"EL51","pop_tot_Sheet_6",2022,"40128.0"
"EL51","pop_tot_Sheet_6",2023,"40016.0"
"EL51","pop_tot_Sheet_6",2024,"40154.0"
"EL52","pop_tot_Sheet_6",2015,"146229.0"
"EL52","pop_tot_Sheet_6",2016,"146942.0"
"EL52","pop_tot_Sheet_6",2017,"145601.0"
"EL52","pop_tot_Sheet_6",2018,"143396.0"
"EL52","pop_tot_Sheet_6",2019,"141171.0"
"EL52","pop_tot_Sheet_6",2020,"139972.0"
"EL52","pop_tot_Sheet_6",2021,"138636.0"
"EL52","pop_tot_Sheet_6",2022,"136780.0"
"EL52","pop_tot_Sheet_6",2023,"136269.0"
"EL52","pop_tot_Sheet_6",2024,"135891.0"
"EL53","pop_tot_Sheet_6",2015,"21535.0"
"EL53","pop_tot_Sheet_6",2016,"21368.0"
"EL53","pop_tot_Sheet_6",2017,"20974.0"
"EL53","pop_tot_Sheet_6",2018,"20265.0"
"EL53","pop_tot_Sheet_6",2019,"19695.0"
"EL53","pop_tot_Sheet_6",2020,"19428.0"
"EL53","pop_tot_Sheet_6",2021,"19074.0"
"EL53","pop_tot_Sheet_6",2022,"18338.0"
"EL53","pop_tot_Sheet_6",2023,"17919.0"
"EL53","pop_tot_Sheet_6",2024,"17625.0"
"EL54","pop_tot_Sheet_6",2015,"23423.0"
"EL54","pop_tot_Sheet_6",2016,"23939.0"
"EL54","pop_tot_Sheet_6",2017,"24075.0"
"EL54","pop_tot_Sheet_6",2018,"23864.0"
"EL54","pop_tot_Sheet_6",2019,"23701.0"
"EL54","pop_tot_Sheet_6",2020,"23552.0"
"EL54","pop_tot_Sheet_6",2021,"23401.0"
"EL54","pop_tot_Sheet_6",2022,"22412.0"
"EL54","pop_tot_Sheet_6",2023,"22511.0"
"EL54","pop_tot_Sheet_6",2024,"22460.0"
"EL61","pop_tot_Sheet_6",2015,"53286.0"
"EL61","pop_tot_Sheet_6",2016,"53688.0"
"EL61","pop_tot_Sheet_6",2017,"53542.0"
"EL61","pop_tot_Sheet_6",2018,"52846.0"
"EL61","pop_tot_Sheet_6",2019,"52076.0"
"EL61","pop_tot_Sheet_6",2020,"51572.0"
"EL61","pop_tot_Sheet_6",2021,"50897.0"
"EL61","pop_tot_Sheet_6",2022,"50551.0"
"EL61","pop_tot_Sheet_6",2023,"50487.0"
"EL61","pop_tot_Sheet_6",2024,"50636.0"
"EL62","pop_tot_Sheet_6",2015,"15582.0"
"EL62","pop_tot_Sheet_6",2016,"15740.0"
"EL62","pop_tot_Sheet_6",2017,"15766.0"
"EL62","pop_tot_Sheet_6",2018,"15529.0"
"EL62","pop_tot_Sheet_6",2019,"15307.0"
"EL62","pop_tot_Sheet_6",2020,"15177.0"
"EL62","pop_tot_Sheet_6",2021,"14987.0"
"EL62","pop_tot_Sheet_6",2022,"15369.0"
"EL62","pop_tot_Sheet_6",2023,"15316.0"
"EL62","pop_tot_Sheet_6",2024,"15301.0"
"EL63","pop_tot_Sheet_6",2015,"48306.0"
"EL63","pop_tot_Sheet_6",2016,"48931.0"
"EL63","pop_tot_Sheet_6",2017,"49197.0"
"EL63","pop_tot_Sheet_6",2018,"48695.0"
"EL63","pop_tot_Sheet_6",2019,"47920.0"
"EL63","pop_tot_Sheet_6",2020,"47307.0"
"EL63","pop_tot_Sheet_6",2021,"46685.0"
"EL63","pop_tot_Sheet_6",2022,"46537.0"
"EL63","pop_tot_Sheet_6",2023,"46386.0"
"EL63","pop_tot_Sheet_6",2024,"46121.0"
"EL64","pop_tot_Sheet_6",2015,"41453.0"
"EL64","pop_tot_Sheet_6",2016,"42023.0"
"EL64","pop_tot_Sheet_6",2017,"42452.0"
"EL64","pop_tot_Sheet_6",2018,"42133.0"
"EL64","pop_tot_Sheet_6",2019,"41588.0"
"EL64","pop_tot_Sheet_6",2020,"41130.0"
"EL64","pop_tot_Sheet_6",2021,"40632.0"
"EL64","pop_tot_Sheet_6",2022,"37549.0"
"EL64","pop_tot_Sheet_6",2023,"37328.0"
"EL64","pop_tot_Sheet_6",2024,"37408.0"
"EL65","pop_tot_Sheet_6",2015,"42916.0"
"EL65","pop_tot_Sheet_6",2016,"43460.0"
"EL65","pop_tot_Sheet_6",2017,"43716.0"
"EL65","pop_tot_Sheet_6",2018,"43275.0"
"EL65","pop_tot_Sheet_6",2019,"42558.0"
"EL65","pop_tot_Sheet_6",2020,"42052.0"
"EL65","pop_tot_Sheet_6",2021,"41609.0"
"EL65","pop_tot_Sheet_6",2022,"39214.0"
"EL65","pop_tot_Sheet_6",2023,"39074.0"
"EL65","pop_tot_Sheet_6",2024,"39052.0"
"ES11","pop_tot_Sheet_6",2015,"210167.0"
"ES11","pop_tot_Sheet_6",2016,"211448.0"
"ES11","pop_tot_Sheet_6",2017,"212769.0"
"ES11","pop_tot_Sheet_6",2018,"214022.0"
"ES11","pop_tot_Sheet_6",2019,"215016.0"
"ES11","pop_tot_Sheet_6",2020,"218060.0"
"ES11","pop_tot_Sheet_6",2021,"222198.0"
"ES11","pop_tot_Sheet_6",2022,"226045.0"
"ES11","pop_tot_Sheet_6",2023,"229051.0"
"ES11","pop_tot_Sheet_6",2024,"231845.0"
"ES12","pop_tot_Sheet_6",2015,"81304.0"
"ES12","pop_tot_Sheet_6",2016,"81004.0"
"ES12","pop_tot_Sheet_6",2017,"81430.0"
"ES12","pop_tot_Sheet_6",2018,"81676.0"
"ES12","pop_tot_Sheet_6",2019,"82375.0"
"ES12","pop_tot_Sheet_6",2020,"83593.0"
"ES12","pop_tot_Sheet_6",2021,"85057.0"
"ES12","pop_tot_Sheet_6",2022,"85826.0"
"ES12","pop_tot_Sheet_6",2023,"86497.0"
"ES12","pop_tot_Sheet_6",2024,"86875.0"
"ES13","pop_tot_Sheet_6",2015,"46485.0"
"ES13","pop_tot_Sheet_6",2016,"46701.0"
"ES13","pop_tot_Sheet_6",2017,"46500.0"
"ES13","pop_tot_Sheet_6",2018,"46813.0"
"ES13","pop_tot_Sheet_6",2019,"47280.0"
"ES13","pop_tot_Sheet_6",2020,"48001.0"
"ES13","pop_tot_Sheet_6",2021,"48873.0"
"ES13","pop_tot_Sheet_6",2022,"50121.0"
"ES13","pop_tot_Sheet_6",2023,"50814.0"
"ES13","pop_tot_Sheet_6",2024,"51528.0"
"ES21","pop_tot_Sheet_6",2015,"172546.0"
"ES21","pop_tot_Sheet_6",2016,"172372.0"
"ES21","pop_tot_Sheet_6",2017,"173568.0"
"ES21","pop_tot_Sheet_6",2018,"175135.0"
"ES21","pop_tot_Sheet_6",2019,"177165.0"
"ES21","pop_tot_Sheet_6",2020,"180386.0"
"ES21","pop_tot_Sheet_6",2021,"182934.0"
"ES21","pop_tot_Sheet_6",2022,"184313.0"
"ES21","pop_tot_Sheet_6",2023,"185203.0"
"ES21","pop_tot_Sheet_6",2024,"185236.0"
"ES22","pop_tot_Sheet_6",2015,"50471.0"
"ES22","pop_tot_Sheet_6",2016,"51083.0"
"ES22","pop_tot_Sheet_6",2017,"51551.0"
"ES22","pop_tot_Sheet_6",2018,"51939.0"
"ES22","pop_tot_Sheet_6",2019,"52727.0"
"ES22","pop_tot_Sheet_6",2020,"53520.0"
"ES22","pop_tot_Sheet_6",2021,"54342.0"
"ES22","pop_tot_Sheet_6",2022,"54995.0"
"ES22","pop_tot_Sheet_6",2023,"55908.0"
"ES22","pop_tot_Sheet_6",2024,"56195.0"
"ES23","pop_tot_Sheet_6",2015,"24453.0"
"ES23","pop_tot_Sheet_6",2016,"24632.0"
"ES23","pop_tot_Sheet_6",2017,"24819.0"
"ES23","pop_tot_Sheet_6",2018,"24957.0"
"ES23","pop_tot_Sheet_6",2019,"25321.0"
"ES23","pop_tot_Sheet_6",2020,"25796.0"
"ES23","pop_tot_Sheet_6",2021,"26365.0"
"ES23","pop_tot_Sheet_6",2022,"26846.0"
"ES23","pop_tot_Sheet_6",2023,"27202.0"
"ES23","pop_tot_Sheet_6",2024,"27596.0"
"ES24","pop_tot_Sheet_6",2015,"103071.0"
"ES24","pop_tot_Sheet_6",2016,"103493.0"
"ES24","pop_tot_Sheet_6",2017,"103618.0"
"ES24","pop_tot_Sheet_6",2018,"104185.0"
"ES24","pop_tot_Sheet_6",2019,"105177.0"
"ES24","pop_tot_Sheet_6",2020,"107120.0"
"ES24","pop_tot_Sheet_6",2021,"108719.0"
"ES24","pop_tot_Sheet_6",2022,"109484.0"
"ES24","pop_tot_Sheet_6",2023,"110982.0"
"ES24","pop_tot_Sheet_6",2024,"111886.0"
"ES30","pop_tot_Sheet_6",2015,"515593.0"
"ES30","pop_tot_Sheet_6",2016,"522021.0"
"ES30","pop_tot_Sheet_6",2017,"531683.0"
"ES30","pop_tot_Sheet_6",2018,"540984.0"
"ES30","pop_tot_Sheet_6",2019,"553184.0"
"ES30","pop_tot_Sheet_6",2020,"569141.0"
"ES30","pop_tot_Sheet_6",2021,"580703.0"
"ES30","pop_tot_Sheet_6",2022,"589166.0"
"ES30","pop_tot_Sheet_6",2023,"597127.0"
"ES30","pop_tot_Sheet_6",2024,"604339.0"
"ES41","pop_tot_Sheet_6",2015,"193847.0"
"ES41","pop_tot_Sheet_6",2016,"191015.0"
"ES41","pop_tot_Sheet_6",2017,"189336.0"
"ES41","pop_tot_Sheet_6",2018,"186769.0"
"ES41","pop_tot_Sheet_6",2019,"185312.0"
"ES41","pop_tot_Sheet_6",2020,"184436.0"
"ES41","pop_tot_Sheet_6",2021,"184362.0"
"ES41","pop_tot_Sheet_6",2022,"184988.0"
"ES41","pop_tot_Sheet_6",2023,"185828.0"
"ES41","pop_tot_Sheet_6",2024,"186654.0"
"ES42","pop_tot_Sheet_6",2015,"161832.0"
"ES42","pop_tot_Sheet_6",2016,"161866.0"
"ES42","pop_tot_Sheet_6",2017,"161802.0"
"ES42","pop_tot_Sheet_6",2018,"161093.0"
"ES42","pop_tot_Sheet_6",2019,"161337.0"
"ES42","pop_tot_Sheet_6",2020,"162976.0"
"ES42","pop_tot_Sheet_6",2021,"165107.0"
"ES42","pop_tot_Sheet_6",2022,"168020.0"
"ES42","pop_tot_Sheet_6",2023,"171259.0"
"ES42","pop_tot_Sheet_6",2024,"173931.0"
"ES43","pop_tot_Sheet_6",2015,"86098.0"
"ES43","pop_tot_Sheet_6",2016,"84776.0"
"ES43","pop_tot_Sheet_6",2017,"83745.0"
"ES43","pop_tot_Sheet_6",2018,"82676.0"
"ES43","pop_tot_Sheet_6",2019,"81754.0"
"ES43","pop_tot_Sheet_6",2020,"81153.0"
"ES43","pop_tot_Sheet_6",2021,"80907.0"
"ES43","pop_tot_Sheet_6",2022,"80655.0"
"ES43","pop_tot_Sheet_6",2023,"80084.0"
"ES43","pop_tot_Sheet_6",2024,"79883.0"
"ES51","pop_tot_Sheet_6",2015,"577880.0"
"ES51","pop_tot_Sheet_6",2016,"586222.0"
"ES51","pop_tot_Sheet_6",2017,"595558.0"
"ES51","pop_tot_Sheet_6",2018,"606332.0"
"ES51","pop_tot_Sheet_6",2019,"621458.0"
"ES51","pop_tot_Sheet_6",2020,"640115.0"
"ES51","pop_tot_Sheet_6",2021,"655549.0"
"ES51","pop_tot_Sheet_6",2022,"665429.0"
"ES51","pop_tot_Sheet_6",2023,"677957.0"
"ES51","pop_tot_Sheet_6",2024,"685470.0"
"ES52","pop_tot_Sheet_6",2015,"393278.0"
"ES52","pop_tot_Sheet_6",2016,"396735.0"
"ES52","pop_tot_Sheet_6",2017,"400499.0"
"ES52","pop_tot_Sheet_6",2018,"402974.0"
"ES52","pop_tot_Sheet_6",2019,"408128.0"
"ES52","pop_tot_Sheet_6",2020,"417687.0"
"ES52","pop_tot_Sheet_6",2021,"424544.0"
"ES52","pop_tot_Sheet_6",2022,"432592.0"
"ES52","pop_tot_Sheet_6",2023,"444288.0"
"ES52","pop_tot_Sheet_6",2024,"454329.0"
"ES53","pop_tot_Sheet_6",2015,"89191.0"
"ES53","pop_tot_Sheet_6",2016,"90723.0"
"ES53","pop_tot_Sheet_6",2017,"93039.0"
"ES53","pop_tot_Sheet_6",2018,"95662.0"
"ES53","pop_tot_Sheet_6",2019,"98260.0"
"ES53","pop_tot_Sheet_6",2020,"101464.0"
"ES53","pop_tot_Sheet_6",2021,"103527.0"
"ES53","pop_tot_Sheet_6",2022,"104534.0"
"ES53","pop_tot_Sheet_6",2023,"106443.0"
"ES53","pop_tot_Sheet_6",2024,"108102.0"
"ES61","pop_tot_Sheet_6",2015,"669808.0"
"ES61","pop_tot_Sheet_6",2016,"671360.0"
"ES61","pop_tot_Sheet_6",2017,"672368.0"
"ES61","pop_tot_Sheet_6",2018,"671513.0"
"ES61","pop_tot_Sheet_6",2019,"674047.0"
"ES61","pop_tot_Sheet_6",2020,"681772.0"
"ES61","pop_tot_Sheet_6",2021,"689956.0"
"ES61","pop_tot_Sheet_6",2022,"698964.0"
"ES61","pop_tot_Sheet_6",2023,"708758.0"
"ES61","pop_tot_Sheet_6",2024,"716153.0"
"ES62","pop_tot_Sheet_6",2015,"116115.0"
"ES62","pop_tot_Sheet_6",2016,"117504.0"
"ES62","pop_tot_Sheet_6",2017,"118380.0"
"ES62","pop_tot_Sheet_6",2018,"118821.0"
"ES62","pop_tot_Sheet_6",2019,"120266.0"
"ES62","pop_tot_Sheet_6",2020,"122912.0"
"ES62","pop_tot_Sheet_6",2021,"124873.0"
"ES62","pop_tot_Sheet_6",2022,"127455.0"
"ES62","pop_tot_Sheet_6",2023,"130153.0"
"ES62","pop_tot_Sheet_6",2024,"132674.0"
"ES63","pop_tot_Sheet_6",2015,"6032.0"
"ES63","pop_tot_Sheet_6",2016,"6082.0"
"ES63","pop_tot_Sheet_6",2017,"6059.0"
"ES63","pop_tot_Sheet_6",2018,"6125.0"
"ES63","pop_tot_Sheet_6",2019,"6153.0"
"ES63","pop_tot_Sheet_6",2020,"6156.0"
"ES63","pop_tot_Sheet_6",2021,"6242.0"
"ES63","pop_tot_Sheet_6",2022,"6233.0"
"ES63","pop_tot_Sheet_6",2023,"6178.0"
"ES63","pop_tot_Sheet_6",2024,"6288.0"
"ES64","pop_tot_Sheet_6",2015,"5959.0"
"ES64","pop_tot_Sheet_6",2016,"5916.0"
"ES64","pop_tot_Sheet_6",2017,"5878.0"
"ES64","pop_tot_Sheet_6",2018,"5814.0"
"ES64","pop_tot_Sheet_6",2019,"5738.0"
"ES64","pop_tot_Sheet_6",2020,"5671.0"
"ES64","pop_tot_Sheet_6",2021,"5712.0"
"ES64","pop_tot_Sheet_6",2022,"5553.0"
"ES64","pop_tot_Sheet_6",2023,"5718.0"
"ES64","pop_tot_Sheet_6",2024,"5935.0"
"ES70","pop_tot_Sheet_6",2015,"184681.0"
"ES70","pop_tot_Sheet_6",2016,"186647.0"
"ES70","pop_tot_Sheet_6",2017,"189730.0"
"ES70","pop_tot_Sheet_6",2018,"192727.0"
"ES70","pop_tot_Sheet_6",2019,"196767.0"
"ES70","pop_tot_Sheet_6",2020,"199343.0"
"ES70","pop_tot_Sheet_6",2021,"198636.0"
"ES70","pop_tot_Sheet_6",2022,"197058.0"
"ES70","pop_tot_Sheet_6",2023,"195914.0"
"ES70","pop_tot_Sheet_6",2024,"194700.0"
"FR10","pop_tot_Sheet_6",2015,"823259.0"
"FR10","pop_tot_Sheet_6",2016,"821073.0"
"FR10","pop_tot_Sheet_6",2017,"826175.0"
"FR10","pop_tot_Sheet_6",2018,"834772.0"
"FR10","pop_tot_Sheet_6",2019,"845648.0"
"FR10","pop_tot_Sheet_6",2020,"843672.0"
"FR10","pop_tot_Sheet_6",2021,"836796.0"
"FR10","pop_tot_Sheet_6",2022,"825866.0"
"FR10","pop_tot_Sheet_6",2023,"814298.0"
"FR10","pop_tot_Sheet_6",2024,"807434.0"
"FRB0","pop_tot_Sheet_6",2015,"174883.0"
"FRB0","pop_tot_Sheet_6",2016,"174115.0"
"FRB0","pop_tot_Sheet_6",2017,"174282.0"
"FRB0","pop_tot_Sheet_6",2018,"175618.0"
"FRB0","pop_tot_Sheet_6",2019,"175403.0"
"FRB0","pop_tot_Sheet_6",2020,"172952.0"
"FRB0","pop_tot_Sheet_6",2021,"168555.0"
"FRB0","pop_tot_Sheet_6",2022,"162432.0"
"FRB0","pop_tot_Sheet_6",2023,"156663.0"
"FRB0","pop_tot_Sheet_6",2024,"152024.0"
"FRC1","pop_tot_Sheet_6",2015,"109454.0"
"FRC1","pop_tot_Sheet_6",2016,"108495.0"
"FRC1","pop_tot_Sheet_6",2017,"108108.0"
"FRC1","pop_tot_Sheet_6",2018,"108355.0"
"FRC1","pop_tot_Sheet_6",2019,"107989.0"
"FRC1","pop_tot_Sheet_6",2020,"106310.0"
"FRC1","pop_tot_Sheet_6",2021,"103038.0"
"FRC1","pop_tot_Sheet_6",2022,"99220.0"
"FRC1","pop_tot_Sheet_6",2023,"95992.0"
"FRC1","pop_tot_Sheet_6",2024,"92615.0"
"FRC2","pop_tot_Sheet_6",2015,"80245.0"
"FRC2","pop_tot_Sheet_6",2016,"79892.0"
"FRC2","pop_tot_Sheet_6",2017,"79880.0"
"FRC2","pop_tot_Sheet_6",2018,"80260.0"
"FRC2","pop_tot_Sheet_6",2019,"80256.0"
"FRC2","pop_tot_Sheet_6",2020,"79194.0"
"FRC2","pop_tot_Sheet_6",2021,"77230.0"
"FRC2","pop_tot_Sheet_6",2022,"74272.0"
"FRC2","pop_tot_Sheet_6",2023,"71900.0"
"FRC2","pop_tot_Sheet_6",2024,"70166.0"
"FRD1","pop_tot_Sheet_6",2015,"97569.0"
"FRD1","pop_tot_Sheet_6",2016,"96759.0"
"FRD1","pop_tot_Sheet_6",2017,"96305.0"
"FRD1","pop_tot_Sheet_6",2018,"96312.0"
"FRD1","pop_tot_Sheet_6",2019,"96416.0"
"FRD1","pop_tot_Sheet_6",2020,"94951.0"
"FRD1","pop_tot_Sheet_6",2021,"92363.0"
"FRD1","pop_tot_Sheet_6",2022,"89320.0"
"FRD1","pop_tot_Sheet_6",2023,"86229.0"
"FRD1","pop_tot_Sheet_6",2024,"83716.0"
"FRD2","pop_tot_Sheet_6",2015,"124543.0"
"FRD2","pop_tot_Sheet_6",2016,"123465.0"
"FRD2","pop_tot_Sheet_6",2017,"123518.0"
"FRD2","pop_tot_Sheet_6",2018,"124797.0"
"FRD2","pop_tot_Sheet_6",2019,"124827.0"
"FRD2","pop_tot_Sheet_6",2020,"122720.0"
"FRD2","pop_tot_Sheet_6",2021,"120447.0"
"FRD2","pop_tot_Sheet_6",2022,"116486.0"
"FRD2","pop_tot_Sheet_6",2023,"112102.0"
"FRD2","pop_tot_Sheet_6",2024,"108919.0"
"FRE1","pop_tot_Sheet_6",2015,"263210.0"
"FRE1","pop_tot_Sheet_6",2016,"262126.0"
"FRE1","pop_tot_Sheet_6",2017,"263124.0"
"FRE1","pop_tot_Sheet_6",2018,"266191.0"
"FRE1","pop_tot_Sheet_6",2019,"269069.0"
"FRE1","pop_tot_Sheet_6",2020,"269130.0"
"FRE1","pop_tot_Sheet_6",2021,"265457.0"
"FRE1","pop_tot_Sheet_6",2022,"258310.0"
"FRE1","pop_tot_Sheet_6",2023,"252046.0"
"FRE1","pop_tot_Sheet_6",2024,"246223.0"
"FRE2","pop_tot_Sheet_6",2015,"132511.0"
"FRE2","pop_tot_Sheet_6",2016,"131693.0"
"FRE2","pop_tot_Sheet_6",2017,"131723.0"
"FRE2","pop_tot_Sheet_6",2018,"132381.0"
"FRE2","pop_tot_Sheet_6",2019,"132585.0"
"FRE2","pop_tot_Sheet_6",2020,"131514.0"
"FRE2","pop_tot_Sheet_6",2021,"129097.0"
"FRE2","pop_tot_Sheet_6",2022,"124627.0"
"FRE2","pop_tot_Sheet_6",2023,"120993.0"
"FRE2","pop_tot_Sheet_6",2024,"117097.0"
"FRF1","pop_tot_Sheet_6",2015,"135077.0"
"FRF1","pop_tot_Sheet_6",2016,"134627.0"
"FRF1","pop_tot_Sheet_6",2017,"133980.0"
"FRF1","pop_tot_Sheet_6",2018,"134542.0"
"FRF1","pop_tot_Sheet_6",2019,"133761.0"
"FRF1","pop_tot_Sheet_6",2020,"131741.0"
"FRF1","pop_tot_Sheet_6",2021,"128338.0"
"FRF1","pop_tot_Sheet_6",2022,"123928.0"
"FRF1","pop_tot_Sheet_6",2023,"120296.0"
"FRF1","pop_tot_Sheet_6",2024,"118129.0"
"FRF2","pop_tot_Sheet_6",2015,"89319.0"
"FRF2","pop_tot_Sheet_6",2016,"88261.0"
"FRF2","pop_tot_Sheet_6",2017,"88046.0"
"FRF2","pop_tot_Sheet_6",2018,"88521.0"
"FRF2","pop_tot_Sheet_6",2019,"87846.0"
"FRF2","pop_tot_Sheet_6",2020,"86670.0"
"FRF2","pop_tot_Sheet_6",2021,"84692.0"
"FRF2","pop_tot_Sheet_6",2022,"81187.0"
"FRF2","pop_tot_Sheet_6",2023,"78355.0"
"FRF2","pop_tot_Sheet_6",2024,"76188.0"
"FRF3","pop_tot_Sheet_6",2015,"160176.0"
"FRF3","pop_tot_Sheet_6",2016,"158152.0"
"FRF3","pop_tot_Sheet_6",2017,"156704.0"
"FRF3","pop_tot_Sheet_6",2018,"157327.0"
"FRF3","pop_tot_Sheet_6",2019,"156704.0"
"FRF3","pop_tot_Sheet_6",2020,"153035.0"
"FRF3","pop_tot_Sheet_6",2021,"149673.0"
"FRF3","pop_tot_Sheet_6",2022,"145149.0"
"FRF3","pop_tot_Sheet_6",2023,"140647.0"
"FRF3","pop_tot_Sheet_6",2024,"137299.0"
"FRG0","pop_tot_Sheet_6",2015,"245324.0"
"FRG0","pop_tot_Sheet_6",2016,"247028.0"
"FRG0","pop_tot_Sheet_6",2017,"249202.0"
"FRG0","pop_tot_Sheet_6",2018,"254038.0"
"FRG0","pop_tot_Sheet_6",2019,"258241.0"
"FRG0","pop_tot_Sheet_6",2020,"258428.0"
"FRG0","pop_tot_Sheet_6",2021,"256384.0"
"FRG0","pop_tot_Sheet_6",2022,"250441.0"
"FRG0","pop_tot_Sheet_6",2023,"245052.0"
"FRG0","pop_tot_Sheet_6",2024,"240436.0"
"FRH0","pop_tot_Sheet_6",2015,"219110.0"
"FRH0","pop_tot_Sheet_6",2016,"220778.0"
"FRH0","pop_tot_Sheet_6",2017,"223637.0"
"FRH0","pop_tot_Sheet_6",2018,"227232.0"
"FRH0","pop_tot_Sheet_6",2019,"230469.0"
"FRH0","pop_tot_Sheet_6",2020,"229158.0"
"FRH0","pop_tot_Sheet_6",2021,"224716.0"
"FRH0","pop_tot_Sheet_6",2022,"218952.0"
"FRH0","pop_tot_Sheet_6",2023,"212915.0"
"FRH0","pop_tot_Sheet_6",2024,"206878.0"
"FRI1","pop_tot_Sheet_6",2015,"231855.0"
"FRI1","pop_tot_Sheet_6",2016,"233003.0"
"FRI1","pop_tot_Sheet_6",2017,"234519.0"
"FRI1","pop_tot_Sheet_6",2018,"238095.0"
"FRI1","pop_tot_Sheet_6",2019,"242036.0"
"FRI1","pop_tot_Sheet_6",2020,"239992.0"
"FRI1","pop_tot_Sheet_6",2021,"236036.0"
"FRI1","pop_tot_Sheet_6",2022,"230986.0"
"FRI1","pop_tot_Sheet_6",2023,"225687.0"
"FRI1","pop_tot_Sheet_6",2024,"221172.0"
"FRI2","pop_tot_Sheet_6",2015,"48978.0"
"FRI2","pop_tot_Sheet_6",2016,"48748.0"
"FRI2","pop_tot_Sheet_6",2017,"48594.0"
"FRI2","pop_tot_Sheet_6",2018,"48517.0"
"FRI2","pop_tot_Sheet_6",2019,"48323.0"
"FRI2","pop_tot_Sheet_6",2020,"47480.0"
"FRI2","pop_tot_Sheet_6",2021,"45994.0"
"FRI2","pop_tot_Sheet_6",2022,"44748.0"
"FRI2","pop_tot_Sheet_6",2023,"43052.0"
"FRI2","pop_tot_Sheet_6",2024,"41366.0"
"FRI3","pop_tot_Sheet_6",2015,"120287.0"
"FRI3","pop_tot_Sheet_6",2016,"119661.0"
"FRI3","pop_tot_Sheet_6",2017,"119989.0"
"FRI3","pop_tot_Sheet_6",2018,"121571.0"
"FRI3","pop_tot_Sheet_6",2019,"122605.0"
"FRI3","pop_tot_Sheet_6",2020,"121682.0"
"FRI3","pop_tot_Sheet_6",2021,"119422.0"
"FRI3","pop_tot_Sheet_6",2022,"115172.0"
"FRI3","pop_tot_Sheet_6",2023,"111257.0"
"FRI3","pop_tot_Sheet_6",2024,"107440.0"
"FRJ1","pop_tot_Sheet_6",2015,"186879.0"
"FRJ1","pop_tot_Sheet_6",2016,"186988.0"
"FRJ1","pop_tot_Sheet_6",2017,"188041.0"
"FRJ1","pop_tot_Sheet_6",2018,"190035.0"
"FRJ1","pop_tot_Sheet_6",2019,"190708.0"
"FRJ1","pop_tot_Sheet_6",2020,"188356.0"
"FRJ1","pop_tot_Sheet_6",2021,"185148.0"
"FRJ1","pop_tot_Sheet_6",2022,"179661.0"
"FRJ1","pop_tot_Sheet_6",2023,"175603.0"
"FRJ1","pop_tot_Sheet_6",2024,"173813.0"
"FRJ2","pop_tot_Sheet_6",2015,"204386.0"
"FRJ2","pop_tot_Sheet_6",2016,"203951.0"
"FRJ2","pop_tot_Sheet_6",2017,"204581.0"
"FRJ2","pop_tot_Sheet_6",2018,"206284.0"
"FRJ2","pop_tot_Sheet_6",2019,"208452.0"
"FRJ2","pop_tot_Sheet_6",2020,"207179.0"
"FRJ2","pop_tot_Sheet_6",2021,"204150.0"
"FRJ2","pop_tot_Sheet_6",2022,"199161.0"
"FRJ2","pop_tot_Sheet_6",2023,"195987.0"
"FRJ2","pop_tot_Sheet_6",2024,"193285.0"
"FRK1","pop_tot_Sheet_6",2015,"92194.0"
"FRK1","pop_tot_Sheet_6",2016,"91854.0"
"FRK1","pop_tot_Sheet_6",2017,"92075.0"
"FRK1","pop_tot_Sheet_6",2018,"92836.0"
"FRK1","pop_tot_Sheet_6",2019,"93078.0"
"FRK1","pop_tot_Sheet_6",2020,"92237.0"
"FRK1","pop_tot_Sheet_6",2021,"89575.0"
"FRK1","pop_tot_Sheet_6",2022,"86643.0"
"FRK1","pop_tot_Sheet_6",2023,"83639.0"
"FRK1","pop_tot_Sheet_6",2024,"80713.0"
"FRK2","pop_tot_Sheet_6",2015,"447621.0"
"FRK2","pop_tot_Sheet_6",2016,"447200.0"
"FRK2","pop_tot_Sheet_6",2017,"449550.0"
"FRK2","pop_tot_Sheet_6",2018,"454645.0"
"FRK2","pop_tot_Sheet_6",2019,"458301.0"
"FRK2","pop_tot_Sheet_6",2020,"455569.0"
"FRK2","pop_tot_Sheet_6",2021,"447169.0"
"FRK2","pop_tot_Sheet_6",2022,"436019.0"
"FRK2","pop_tot_Sheet_6",2023,"426367.0"
"FRK2","pop_tot_Sheet_6",2024,"419481.0"
"FRL0","pop_tot_Sheet_6",2015,"342413.0"
"FRL0","pop_tot_Sheet_6",2016,"340989.0"
"FRL0","pop_tot_Sheet_6",2017,"338973.0"
"FRL0","pop_tot_Sheet_6",2018,"340205.0"
"FRL0","pop_tot_Sheet_6",2019,"340289.0"
"FRL0","pop_tot_Sheet_6",2020,"335951.0"
"FRL0","pop_tot_Sheet_6",2021,"329157.0"
"FRL0","pop_tot_Sheet_6",2022,"322614.0"
"FRL0","pop_tot_Sheet_6",2023,"314982.0"
"FRL0","pop_tot_Sheet_6",2024,"311747.0"
"FRM0","pop_tot_Sheet_6",2015,"23477.0"
"FRM0","pop_tot_Sheet_6",2016,"23786.0"
"FRM0","pop_tot_Sheet_6",2017,"24092.0"
"FRM0","pop_tot_Sheet_6",2018,"24509.0"
"FRM0","pop_tot_Sheet_6",2019,"24326.0"
"FRM0","pop_tot_Sheet_6",2020,"23968.0"
"FRM0","pop_tot_Sheet_6",2021,"23806.0"
"FRM0","pop_tot_Sheet_6",2022,"23291.0"
"FRM0","pop_tot_Sheet_6",2023,"22735.0"
"FRM0","pop_tot_Sheet_6",2024,"22529.0"
"FRY1","pop_tot_Sheet_6",2015,"33798.0"
"FRY1","pop_tot_Sheet_6",2016,"32779.0"
"FRY1","pop_tot_Sheet_6",2017,"31863.0"
"FRY1","pop_tot_Sheet_6",2018,"31777.0"
"FRY1","pop_tot_Sheet_6",2019,"31541.0"
"FRY1","pop_tot_Sheet_6",2020,"30759.0"
"FRY1","pop_tot_Sheet_6",2021,"30348.0"
"FRY1","pop_tot_Sheet_6",2022,"28592.0"
"FRY1","pop_tot_Sheet_6",2023,"26899.0"
"FRY1","pop_tot_Sheet_6",2024,"25312.0"
"FRY2","pop_tot_Sheet_6",2015,"31030.0"
"FRY2","pop_tot_Sheet_6",2016,"29978.0"
"FRY2","pop_tot_Sheet_6",2017,"28969.0"
"FRY2","pop_tot_Sheet_6",2018,"27971.0"
"FRY2","pop_tot_Sheet_6",2019,"26497.0"
"FRY2","pop_tot_Sheet_6",2020,"25523.0"
"FRY2","pop_tot_Sheet_6",2021,"24134.0"
"FRY2","pop_tot_Sheet_6",2022,"22705.0"
"FRY2","pop_tot_Sheet_6",2023,"21027.0"
"FRY2","pop_tot_Sheet_6",2024,"20001.0"
"FRY3","pop_tot_Sheet_6",2015,"15153.0"
"FRY3","pop_tot_Sheet_6",2016,"16070.0"
"FRY3","pop_tot_Sheet_6",2017,"15493.0"
"FRY3","pop_tot_Sheet_6",2018,"16032.0"
"FRY3","pop_tot_Sheet_6",2019,"16554.0"
"FRY3","pop_tot_Sheet_6",2020,"16652.0"
"FRY3","pop_tot_Sheet_6",2021,"16428.0"
"FRY3","pop_tot_Sheet_6",2022,"16388.0"
"FRY3","pop_tot_Sheet_6",2023,"16172.0"
"FRY3","pop_tot_Sheet_6",2024,"16340.0"
"FRY4","pop_tot_Sheet_6",2015,"65384.0"
"FRY4","pop_tot_Sheet_6",2016,"64496.0"
"FRY4","pop_tot_Sheet_6",2017,"62848.0"
"FRY4","pop_tot_Sheet_6",2018,"61922.0"
"FRY4","pop_tot_Sheet_6",2019,"60357.0"
"FRY4","pop_tot_Sheet_6",2020,"58553.0"
"FRY4","pop_tot_Sheet_6",2021,"58335.0"
"FRY4","pop_tot_Sheet_6",2022,"57982.0"
"FRY4","pop_tot_Sheet_6",2023,"57025.0"
"FRY4","pop_tot_Sheet_6",2024,"56612.0"
"FRY5","pop_tot_Sheet_6",2015,"10415.0"
"FRY5","pop_tot_Sheet_6",2016,"10810.0"
"FRY5","pop_tot_Sheet_6",2017,"11220.0"
"FRY5","pop_tot_Sheet_6",2018,"11645.0"
"FRY5","pop_tot_Sheet_6",2019,"12090.0"
"FRY5","pop_tot_Sheet_6",2020,"12544.0"
"FRY5","pop_tot_Sheet_6",2021,"12961.0"
"FRY5","pop_tot_Sheet_6",2022,"13441.0"
"FRY5","pop_tot_Sheet_6",2023,"13925.0"
"FRY5","pop_tot_Sheet_6",2024,"14375.0"
"HR02","pop_tot_Sheet_6",2015,"82820.0"
"HR02","pop_tot_Sheet_6",2016,"78112.0"
"HR02","pop_tot_Sheet_6",2017,"74201.0"
"HR02","pop_tot_Sheet_6",2018,"70505.0"
"HR02","pop_tot_Sheet_6",2019,"68265.0"
"HR02","pop_tot_Sheet_6",2020,"66652.0"
"HR02","pop_tot_Sheet_6",2021,"66073.0"
"HR02","pop_tot_Sheet_6",2022,"65056.0"
"HR02","pop_tot_Sheet_6",2023,"63946.0"
"HR02","pop_tot_Sheet_6",2024,"63210.0"
"HR03","pop_tot_Sheet_6",2015,"93155.0"
"HR03","pop_tot_Sheet_6",2016,"89524.0"
"HR03","pop_tot_Sheet_6",2017,"87370.0"
"HR03","pop_tot_Sheet_6",2018,"85703.0"
"HR03","pop_tot_Sheet_6",2019,"84762.0"
"HR03","pop_tot_Sheet_6",2020,"84932.0"
"HR03","pop_tot_Sheet_6",2021,"85483.0"
"HR03","pop_tot_Sheet_6",2022,"85815.0"
"HR03","pop_tot_Sheet_6",2023,"86914.0"
"HR03","pop_tot_Sheet_6",2024,"89019.0"
"HR05","pop_tot_Sheet_6",2015,"54163.0"
"HR05","pop_tot_Sheet_6",2016,"53106.0"
"HR05","pop_tot_Sheet_6",2017,"52668.0"
"HR05","pop_tot_Sheet_6",2018,"52890.0"
"HR05","pop_tot_Sheet_6",2019,"53360.0"
"HR05","pop_tot_Sheet_6",2020,"53619.0"
"HR05","pop_tot_Sheet_6",2021,"54134.0"
"HR05","pop_tot_Sheet_6",2022,"54453.0"
"HR05","pop_tot_Sheet_6",2023,"54952.0"
"HR05","pop_tot_Sheet_6",2024,"55977.0"
"HR06","pop_tot_Sheet_6",2015,"60255.0"
"HR06","pop_tot_Sheet_6",2016,"58072.0"
"HR06","pop_tot_Sheet_6",2017,"56123.0"
"HR06","pop_tot_Sheet_6",2018,"54652.0"
"HR06","pop_tot_Sheet_6",2019,"54092.0"
"HR06","pop_tot_Sheet_6",2020,"53794.0"
"HR06","pop_tot_Sheet_6",2021,"54182.0"
"HR06","pop_tot_Sheet_6",2022,"54102.0"
"HR06","pop_tot_Sheet_6",2023,"54342.0"
"HR06","pop_tot_Sheet_6",2024,"54661.0"
"ITC1","pop_tot_Sheet_6",2015,"362481.0"
"ITC1","pop_tot_Sheet_6",2016,"359246.0"
"ITC1","pop_tot_Sheet_6",2017,"356213.0"
"ITC1","pop_tot_Sheet_6",2018,"352554.0"
"ITC1","pop_tot_Sheet_6",2019,"347730.0"
"ITC1","pop_tot_Sheet_6",2020,"342692.0"
"ITC1","pop_tot_Sheet_6",2021,"336822.0"
"ITC1","pop_tot_Sheet_6",2022,"328416.0"
"ITC1","pop_tot_Sheet_6",2023,"318461.0"
"ITC1","pop_tot_Sheet_6",2024,"307359.0"
"ITC2","pop_tot_Sheet_6",2015,"11046.0"
"ITC2","pop_tot_Sheet_6",2016,"10893.0"
"ITC2","pop_tot_Sheet_6",2017,"10725.0"
"ITC2","pop_tot_Sheet_6",2018,"10551.0"
"ITC2","pop_tot_Sheet_6",2019,"10402.0"
"ITC2","pop_tot_Sheet_6",2020,"10141.0"
"ITC2","pop_tot_Sheet_6",2021,"9931.0"
"ITC2","pop_tot_Sheet_6",2022,"9622.0"
"ITC2","pop_tot_Sheet_6",2023,"9256.0"
"ITC2","pop_tot_Sheet_6",2024,"8992.0"
"ITC3","pop_tot_Sheet_6",2015,"129771.0"
"ITC3","pop_tot_Sheet_6",2016,"127149.0"
"ITC3","pop_tot_Sheet_6",2017,"125084.0"
"ITC3","pop_tot_Sheet_6",2018,"123760.0"
"ITC3","pop_tot_Sheet_6",2019,"121394.0"
"ITC3","pop_tot_Sheet_6",2020,"118942.0"
"ITC3","pop_tot_Sheet_6",2021,"115992.0"
"ITC3","pop_tot_Sheet_6",2022,"111820.0"
"ITC3","pop_tot_Sheet_6",2023,"107057.0"
"ITC3","pop_tot_Sheet_6",2024,"102674.0"
"ITC4","pop_tot_Sheet_6",2015,"846799.0"
"ITC4","pop_tot_Sheet_6",2016,"840247.0"
"ITC4","pop_tot_Sheet_6",2017,"834024.0"
"ITC4","pop_tot_Sheet_6",2018,"831249.0"
"ITC4","pop_tot_Sheet_6",2019,"827636.0"
"ITC4","pop_tot_Sheet_6",2020,"823340.0"
"ITC4","pop_tot_Sheet_6",2021,"816449.0"
"ITC4","pop_tot_Sheet_6",2022,"798991.0"
"ITC4","pop_tot_Sheet_6",2023,"780099.0"
"ITC4","pop_tot_Sheet_6",2024,"757008.0"
"ITF1","pop_tot_Sheet_6",2015,"106620.0"
"ITF1","pop_tot_Sheet_6",2016,"105138.0"
"ITF1","pop_tot_Sheet_6",2017,"104306.0"
"ITF1","pop_tot_Sheet_6",2018,"103009.0"
"ITF1","pop_tot_Sheet_6",2019,"101710.0"
"ITF1","pop_tot_Sheet_6",2020,"100300.0"
"ITF1","pop_tot_Sheet_6",2021,"98576.0"
"ITF1","pop_tot_Sheet_6",2022,"96873.0"
"ITF1","pop_tot_Sheet_6",2023,"94713.0"
"ITF1","pop_tot_Sheet_6",2024,"92809.0"
"ITF2","pop_tot_Sheet_6",2015,"24294.0"
"ITF2","pop_tot_Sheet_6",2016,"23848.0"
"ITF2","pop_tot_Sheet_6",2017,"23326.0"
"ITF2","pop_tot_Sheet_6",2018,"22867.0"
"ITF2","pop_tot_Sheet_6",2019,"22439.0"
"ITF2","pop_tot_Sheet_6",2020,"22162.0"
"ITF2","pop_tot_Sheet_6",2021,"21716.0"
"ITF2","pop_tot_Sheet_6",2022,"21409.0"
"ITF2","pop_tot_Sheet_6",2023,"20945.0"
"ITF2","pop_tot_Sheet_6",2024,"20490.0"
"ITF3","pop_tot_Sheet_6",2015,"453197.0"
"ITF3","pop_tot_Sheet_6",2016,"448149.0"
"ITF3","pop_tot_Sheet_6",2017,"444337.0"
"ITF3","pop_tot_Sheet_6",2018,"440809.0"
"ITF3","pop_tot_Sheet_6",2019,"437535.0"
"ITF3","pop_tot_Sheet_6",2020,"435780.0"
"ITF3","pop_tot_Sheet_6",2021,"427377.0"
"ITF3","pop_tot_Sheet_6",2022,"424912.0"
"ITF3","pop_tot_Sheet_6",2023,"417530.0"
"ITF3","pop_tot_Sheet_6",2024,"408406.0"
"ITF4","pop_tot_Sheet_6",2015,"316958.0"
"ITF4","pop_tot_Sheet_6",2016,"312892.0"
"ITF4","pop_tot_Sheet_6",2017,"308965.0"
"ITF4","pop_tot_Sheet_6",2018,"304429.0"
"ITF4","pop_tot_Sheet_6",2019,"301479.0"
"ITF4","pop_tot_Sheet_6",2020,"301091.0"
"ITF4","pop_tot_Sheet_6",2021,"300638.0"
"ITF4","pop_tot_Sheet_6",2022,"300202.0"
"ITF4","pop_tot_Sheet_6",2023,"298130.0"
"ITF4","pop_tot_Sheet_6",2024,"292434.0"
"ITF5","pop_tot_Sheet_6",2015,"44721.0"
"ITF5","pop_tot_Sheet_6",2016,"44241.0"
"ITF5","pop_tot_Sheet_6",2017,"43661.0"
"ITF5","pop_tot_Sheet_6",2018,"42764.0"
"ITF5","pop_tot_Sheet_6",2019,"41929.0"
"ITF5","pop_tot_Sheet_6",2020,"41260.0"
"ITF5","pop_tot_Sheet_6",2021,"40407.0"
"ITF5","pop_tot_Sheet_6",2022,"39925.0"
"ITF5","pop_tot_Sheet_6",2023,"38967.0"
"ITF5","pop_tot_Sheet_6",2024,"37956.0"
"ITF6","pop_tot_Sheet_6",2015,"147066.0"
"ITF6","pop_tot_Sheet_6",2016,"145318.0"
"ITF6","pop_tot_Sheet_6",2017,"143489.0"
"ITF6","pop_tot_Sheet_6",2018,"141403.0"
"ITF6","pop_tot_Sheet_6",2019,"139427.0"
"ITF6","pop_tot_Sheet_6",2020,"136941.0"
"ITF6","pop_tot_Sheet_6",2021,"134045.0"
"ITF6","pop_tot_Sheet_6",2022,"133806.0"
"ITF6","pop_tot_Sheet_6",2023,"132107.0"
"ITF6","pop_tot_Sheet_6",2024,"129744.0"
"ITG1","pop_tot_Sheet_6",2015,"380883.0"
"ITG1","pop_tot_Sheet_6",2016,"378555.0"
"ITG1","pop_tot_Sheet_6",2017,"376304.0"
"ITG1","pop_tot_Sheet_6",2018,"371742.0"
"ITG1","pop_tot_Sheet_6",2019,"367779.0"
"ITG1","pop_tot_Sheet_6",2020,"364754.0"
"ITG1","pop_tot_Sheet_6",2021,"359978.0"
"ITG1","pop_tot_Sheet_6",2022,"357771.0"
"ITG1","pop_tot_Sheet_6",2023,"350987.0"
"ITG1","pop_tot_Sheet_6",2024,"343835.0"
"ITG2","pop_tot_Sheet_6",2015,"136449.0"
"ITG2","pop_tot_Sheet_6",2016,"134928.0"
"ITG2","pop_tot_Sheet_6",2017,"133908.0"
"ITG2","pop_tot_Sheet_6",2018,"133197.0"
"ITG2","pop_tot_Sheet_6",2019,"133596.0"
"ITG2","pop_tot_Sheet_6",2020,"133084.0"
"ITG2","pop_tot_Sheet_6",2021,"131340.0"
"ITG2","pop_tot_Sheet_6",2022,"130177.0"
"ITG2","pop_tot_Sheet_6",2023,"127261.0"
"ITG2","pop_tot_Sheet_6",2024,"123501.0"
"ITH1","pop_tot_Sheet_6",2015,"43811.0"
"ITH1","pop_tot_Sheet_6",2016,"43396.0"
"ITH1","pop_tot_Sheet_6",2017,"43037.0"
"ITH1","pop_tot_Sheet_6",2018,"42790.0"
"ITH1","pop_tot_Sheet_6",2019,"42136.0"
"ITH1","pop_tot_Sheet_6",2020,"41150.0"
"ITH1","pop_tot_Sheet_6",2021,"40722.0"
"ITH1","pop_tot_Sheet_6",2022,"38635.0"
"ITH1","pop_tot_Sheet_6",2023,"37208.0"
"ITH1","pop_tot_Sheet_6",2024,"36348.0"
"ITH2","pop_tot_Sheet_6",2015,"44347.0"
"ITH2","pop_tot_Sheet_6",2016,"43455.0"
"ITH2","pop_tot_Sheet_6",2017,"42909.0"
"ITH2","pop_tot_Sheet_6",2018,"42281.0"
"ITH2","pop_tot_Sheet_6",2019,"41933.0"
"ITH2","pop_tot_Sheet_6",2020,"41702.0"
"ITH2","pop_tot_Sheet_6",2021,"41392.0"
"ITH2","pop_tot_Sheet_6",2022,"40216.0"
"ITH2","pop_tot_Sheet_6",2023,"39474.0"
"ITH2","pop_tot_Sheet_6",2024,"38569.0"
"ITH3","pop_tot_Sheet_6",2015,"419899.0"
"ITH3","pop_tot_Sheet_6",2016,"416102.0"
"ITH3","pop_tot_Sheet_6",2017,"412460.0"
"ITH3","pop_tot_Sheet_6",2018,"408834.0"
"ITH3","pop_tot_Sheet_6",2019,"405072.0"
"ITH3","pop_tot_Sheet_6",2020,"401145.0"
"ITH3","pop_tot_Sheet_6",2021,"395382.0"
"ITH3","pop_tot_Sheet_6",2022,"384416.0"
"ITH3","pop_tot_Sheet_6",2023,"373186.0"
"ITH3","pop_tot_Sheet_6",2024,"360787.0"
"ITH4","pop_tot_Sheet_6",2015,"101614.0"
"ITH4","pop_tot_Sheet_6",2016,"100725.0"
"ITH4","pop_tot_Sheet_6",2017,"100053.0"
"ITH4","pop_tot_Sheet_6",2018,"99474.0"
"ITH4","pop_tot_Sheet_6",2019,"98724.0"
"ITH4","pop_tot_Sheet_6",2020,"97962.0"
"ITH4","pop_tot_Sheet_6",2021,"96021.0"
"ITH4","pop_tot_Sheet_6",2022,"93191.0"
"ITH4","pop_tot_Sheet_6",2023,"89900.0"
"ITH4","pop_tot_Sheet_6",2024,"86950.0"
"ITH5","pop_tot_Sheet_6",2015,"368396.0"
"ITH5","pop_tot_Sheet_6",2016,"368798.0"
"ITH5","pop_tot_Sheet_6",2017,"369528.0"
"ITH5","pop_tot_Sheet_6",2018,"370492.0"
"ITH5","pop_tot_Sheet_6",2019,"371133.0"
"ITH5","pop_tot_Sheet_6",2020,"370762.0"
"ITH5","pop_tot_Sheet_6",2021,"366970.0"
"ITH5","pop_tot_Sheet_6",2022,"360008.0"
"ITH5","pop_tot_Sheet_6",2023,"351341.0"
"ITH5","pop_tot_Sheet_6",2024,"340696.0"
"ITI1","pop_tot_Sheet_6",2015,"306532.0"
"ITI1","pop_tot_Sheet_6",2016,"304055.0"
"ITI1","pop_tot_Sheet_6",2017,"302875.0"
"ITI1","pop_tot_Sheet_6",2018,"301774.0"
"ITI1","pop_tot_Sheet_6",2019,"300914.0"
"ITI1","pop_tot_Sheet_6",2020,"299079.0"
"ITI1","pop_tot_Sheet_6",2021,"298887.0"
"ITI1","pop_tot_Sheet_6",2022,"291270.0"
"ITI1","pop_tot_Sheet_6",2023,"283798.0"
"ITI1","pop_tot_Sheet_6",2024,"274883.0"
"ITI2","pop_tot_Sheet_6",2015,"69790.0"
"ITI2","pop_tot_Sheet_6",2016,"68887.0"
"ITI2","pop_tot_Sheet_6",2017,"68665.0"
"ITI2","pop_tot_Sheet_6",2018,"68284.0"
"ITI2","pop_tot_Sheet_6",2019,"67942.0"
"ITI2","pop_tot_Sheet_6",2020,"67661.0"
"ITI2","pop_tot_Sheet_6",2021,"67173.0"
"ITI2","pop_tot_Sheet_6",2022,"65936.0"
"ITI2","pop_tot_Sheet_6",2023,"64745.0"
"ITI2","pop_tot_Sheet_6",2024,"62917.0"
"ITI3","pop_tot_Sheet_6",2015,"122528.0"
"ITI3","pop_tot_Sheet_6",2016,"121554.0"
"ITI3","pop_tot_Sheet_6",2017,"121104.0"
"ITI3","pop_tot_Sheet_6",2018,"120275.0"
"ITI3","pop_tot_Sheet_6",2019,"119123.0"
"ITI3","pop_tot_Sheet_6",2020,"118082.0"
"ITI3","pop_tot_Sheet_6",2021,"117156.0"
"ITI3","pop_tot_Sheet_6",2022,"114750.0"
"ITI3","pop_tot_Sheet_6",2023,"112826.0"
"ITI3","pop_tot_Sheet_6",2024,"110625.0"
"ITI4","pop_tot_Sheet_6",2015,"485678.0"
"ITI4","pop_tot_Sheet_6",2016,"485722.0"
"ITI4","pop_tot_Sheet_6",2017,"485640.0"
"ITI4","pop_tot_Sheet_6",2018,"485748.0"
"ITI4","pop_tot_Sheet_6",2019,"485247.0"
"ITI4","pop_tot_Sheet_6",2020,"481735.0"
"ITI4","pop_tot_Sheet_6",2021,"475527.0"
"ITI4","pop_tot_Sheet_6",2022,"467524.0"
"ITI4","pop_tot_Sheet_6",2023,"455986.0"
"ITI4","pop_tot_Sheet_6",2024,"443861.0"
"CY00","pop_tot_Sheet_6",2015,"55454.0"
"CY00","pop_tot_Sheet_6",2016,"55057.0"
"CY00","pop_tot_Sheet_6",2017,"55690.0"
"CY00","pop_tot_Sheet_6",2018,"57344.0"
"CY00","pop_tot_Sheet_6",2019,"58958.0"
"CY00","pop_tot_Sheet_6",2020,"60367.0"
"CY00","pop_tot_Sheet_6",2021,"60711.0"
"CY00","pop_tot_Sheet_6",2022,"62110.0"
"CY00","pop_tot_Sheet_6",2023,"63198.0"
"CY00","pop_tot_Sheet_6",2024,"64752.0"
"LV00","pop_tot_Sheet_6",2015,"134134.0"
"LV00","pop_tot_Sheet_6",2016,"133922.0"
"LV00","pop_tot_Sheet_6",2017,"133550.0"
"LV00","pop_tot_Sheet_6",2018,"133208.0"
"LV00","pop_tot_Sheet_6",2019,"132411.0"
"LV00","pop_tot_Sheet_6",2020,"131906.0"
"LV00","pop_tot_Sheet_6",2021,"130447.0"
"LV00","pop_tot_Sheet_6",2022,"128147.0"
"LV00","pop_tot_Sheet_6",2023,"127359.0"
"LV00","pop_tot_Sheet_6",2024,"125702.0"
"LT01","pop_tot_Sheet_6",2015,"53812.0"
"LT01","pop_tot_Sheet_6",2016,"54277.0"
"LT01","pop_tot_Sheet_6",2017,"54759.0"
"LT01","pop_tot_Sheet_6",2018,"55813.0"
"LT01","pop_tot_Sheet_6",2019,"55981.0"
"LT01","pop_tot_Sheet_6",2020,"57085.0"
"LT01","pop_tot_Sheet_6",2021,"56585.0"
"LT01","pop_tot_Sheet_6",2022,"56714.0"
"LT01","pop_tot_Sheet_6",2023,"58972.0"
"LT01","pop_tot_Sheet_6",2024,"61399.0"
"LT02","pop_tot_Sheet_6",2015,"157307.0"
"LT02","pop_tot_Sheet_6",2016,"155691.0"
"LT02","pop_tot_Sheet_6",2017,"154067.0"
"LT02","pop_tot_Sheet_6",2018,"150596.0"
"LT02","pop_tot_Sheet_6",2019,"146808.0"
"LT02","pop_tot_Sheet_6",2020,"142867.0"
"LT02","pop_tot_Sheet_6",2021,"137477.0"
"LT02","pop_tot_Sheet_6",2022,"132780.0"
"LT02","pop_tot_Sheet_6",2023,"131051.0"
"LT02","pop_tot_Sheet_6",2024,"130759.0"
"LU00","pop_tot_Sheet_6",2015,"45361.0"
"LU00","pop_tot_Sheet_6",2016,"45604.0"
"LU00","pop_tot_Sheet_6",2017,"46294.0"
"LU00","pop_tot_Sheet_6",2018,"46202.0"
"LU00","pop_tot_Sheet_6",2019,"46183.0"
"LU00","pop_tot_Sheet_6",2020,"46134.0"
"LU00","pop_tot_Sheet_6",2021,"46261.0"
"LU00","pop_tot_Sheet_6",2022,"46349.0"
"LU00","pop_tot_Sheet_6",2023,"47181.0"
"LU00","pop_tot_Sheet_6",2024,"48101.0"
"HU11","pop_tot_Sheet_6",2015,"114555.0"
"HU11","pop_tot_Sheet_6",2016,"120994.0"
"HU11","pop_tot_Sheet_6",2017,"125019.0"
"HU11","pop_tot_Sheet_6",2018,"126647.0"
"HU11","pop_tot_Sheet_6",2019,"127626.0"
"HU11","pop_tot_Sheet_6",2020,"133982.0"
"HU11","pop_tot_Sheet_6",2021,"140019.0"
"HU11","pop_tot_Sheet_6",2022,"146311.0"
"HU11","pop_tot_Sheet_6",2023,"151873.0"
"HU11","pop_tot_Sheet_6",2024,"156225.0"
"HU12","pop_tot_Sheet_6",2015,"89659.0"
"HU12","pop_tot_Sheet_6",2016,"94890.0"
"HU12","pop_tot_Sheet_6",2017,"98891.0"
"HU12","pop_tot_Sheet_6",2018,"101254.0"
"HU12","pop_tot_Sheet_6",2019,"103288.0"
"HU12","pop_tot_Sheet_6",2020,"109603.0"
"HU12","pop_tot_Sheet_6",2021,"116544.0"
"HU12","pop_tot_Sheet_6",2022,"123811.0"
"HU12","pop_tot_Sheet_6",2023,"128155.0"
"HU12","pop_tot_Sheet_6",2024,"130737.0"
"HU21","pop_tot_Sheet_6",2015,"73683.0"
"HU21","pop_tot_Sheet_6",2016,"75823.0"
"HU21","pop_tot_Sheet_6",2017,"76849.0"
"HU21","pop_tot_Sheet_6",2018,"77840.0"
"HU21","pop_tot_Sheet_6",2019,"78864.0"
"HU21","pop_tot_Sheet_6",2020,"82767.0"
"HU21","pop_tot_Sheet_6",2021,"87450.0"
"HU21","pop_tot_Sheet_6",2022,"91854.0"
"HU21","pop_tot_Sheet_6",2023,"95526.0"
"HU21","pop_tot_Sheet_6",2024,"97035.0"
"HU22","pop_tot_Sheet_6",2015,"68041.0"
"HU22","pop_tot_Sheet_6",2016,"70489.0"
"HU22","pop_tot_Sheet_6",2017,"72661.0"
"HU22","pop_tot_Sheet_6",2018,"73902.0"
"HU22","pop_tot_Sheet_6",2019,"75006.0"
"HU22","pop_tot_Sheet_6",2020,"78482.0"
"HU22","pop_tot_Sheet_6",2021,"83195.0"
"HU22","pop_tot_Sheet_6",2022,"86676.0"
"HU22","pop_tot_Sheet_6",2023,"89697.0"
"HU22","pop_tot_Sheet_6",2024,"91118.0"
"HU23","pop_tot_Sheet_6",2015,"62462.0"
"HU23","pop_tot_Sheet_6",2016,"63344.0"
"HU23","pop_tot_Sheet_6",2017,"64008.0"
"HU23","pop_tot_Sheet_6",2018,"63988.0"
"HU23","pop_tot_Sheet_6",2019,"63616.0"
"HU23","pop_tot_Sheet_6",2020,"65517.0"
"HU23","pop_tot_Sheet_6",2021,"68665.0"
"HU23","pop_tot_Sheet_6",2022,"70566.0"
"HU23","pop_tot_Sheet_6",2023,"72321.0"
"HU23","pop_tot_Sheet_6",2024,"72820.0"
"HU31","pop_tot_Sheet_6",2015,"78978.0"
"HU31","pop_tot_Sheet_6",2016,"80222.0"
"HU31","pop_tot_Sheet_6",2017,"80274.0"
"HU31","pop_tot_Sheet_6",2018,"79477.0"
"HU31","pop_tot_Sheet_6",2019,"78497.0"
"HU31","pop_tot_Sheet_6",2020,"80602.0"
"HU31","pop_tot_Sheet_6",2021,"83339.0"
"HU31","pop_tot_Sheet_6",2022,"85314.0"
"HU31","pop_tot_Sheet_6",2023,"87656.0"
"HU31","pop_tot_Sheet_6",2024,"88033.0"
"HU32","pop_tot_Sheet_6",2015,"100612.0"
"HU32","pop_tot_Sheet_6",2016,"102654.0"
"HU32","pop_tot_Sheet_6",2017,"104151.0"
"HU32","pop_tot_Sheet_6",2018,"104152.0"
"HU32","pop_tot_Sheet_6",2019,"103978.0"
"HU32","pop_tot_Sheet_6",2020,"107007.0"
"HU32","pop_tot_Sheet_6",2021,"111133.0"
"HU32","pop_tot_Sheet_6",2022,"113836.0"
"HU32","pop_tot_Sheet_6",2023,"115450.0"
"HU32","pop_tot_Sheet_6",2024,"116197.0"
"HU33","pop_tot_Sheet_6",2015,"87304.0"
"HU33","pop_tot_Sheet_6",2016,"89060.0"
"HU33","pop_tot_Sheet_6",2017,"89886.0"
"HU33","pop_tot_Sheet_6",2018,"90073.0"
"HU33","pop_tot_Sheet_6",2019,"89833.0"
"HU33","pop_tot_Sheet_6",2020,"93029.0"
"HU33","pop_tot_Sheet_6",2021,"97140.0"
"HU33","pop_tot_Sheet_6",2022,"100526.0"
"HU33","pop_tot_Sheet_6",2023,"103275.0"
"HU33","pop_tot_Sheet_6",2024,"103377.0"
"MT00","pop_tot_Sheet_6",2015,"25701.0"
"MT00","pop_tot_Sheet_6",2016,"26345.0"
"MT00","pop_tot_Sheet_6",2017,"27400.0"
"MT00","pop_tot_Sheet_6",2018,"28995.0"
"MT00","pop_tot_Sheet_6",2019,"30513.0"
"MT00","pop_tot_Sheet_6",2020,"33019.0"
"MT00","pop_tot_Sheet_6",2021,"34342.0"
"MT00","pop_tot_Sheet_6",2022,"35531.0"
"MT00","pop_tot_Sheet_6",2023,"37457.0"
"MT00","pop_tot_Sheet_6",2024,"39339.0"
"NL11","pop_tot_Sheet_6",2015,"41481.0"
"NL11","pop_tot_Sheet_6",2016,"41446.0"
"NL11","pop_tot_Sheet_6",2017,"41230.0"
"NL11","pop_tot_Sheet_6",2018,"40714.0"
"NL11","pop_tot_Sheet_6",2019,"39837.0"
"NL11","pop_tot_Sheet_6",2020,"37922.0"
"NL11","pop_tot_Sheet_6",2021,"36048.0"
"NL11","pop_tot_Sheet_6",2022,"34377.0"
"NL11","pop_tot_Sheet_6",2023,"33073.0"
"NL11","pop_tot_Sheet_6",2024,"32535.0"
"NL12","pop_tot_Sheet_6",2015,"49131.0"
"NL12","pop_tot_Sheet_6",2016,"49036.0"
"NL12","pop_tot_Sheet_6",2017,"48893.0"
"NL12","pop_tot_Sheet_6",2018,"48256.0"
"NL12","pop_tot_Sheet_6",2019,"46585.0"
"NL12","pop_tot_Sheet_6",2020,"44206.0"
"NL12","pop_tot_Sheet_6",2021,"41842.0"
"NL12","pop_tot_Sheet_6",2022,"39604.0"
"NL12","pop_tot_Sheet_6",2023,"38056.0"
"NL12","pop_tot_Sheet_6",2024,"37334.0"
"NL13","pop_tot_Sheet_6",2015,"38238.0"
"NL13","pop_tot_Sheet_6",2016,"38275.0"
"NL13","pop_tot_Sheet_6",2017,"38208.0"
"NL13","pop_tot_Sheet_6",2018,"37618.0"
"NL13","pop_tot_Sheet_6",2019,"36299.0"
"NL13","pop_tot_Sheet_6",2020,"34519.0"
"NL13","pop_tot_Sheet_6",2021,"32365.0"
"NL13","pop_tot_Sheet_6",2022,"30852.0"
"NL13","pop_tot_Sheet_6",2023,"29715.0"
"NL13","pop_tot_Sheet_6",2024,"29208.0"
"NL21","pop_tot_Sheet_6",2015,"85802.0"
"NL21","pop_tot_Sheet_6",2016,"85997.0"
"NL21","pop_tot_Sheet_6",2017,"85808.0"
"NL21","pop_tot_Sheet_6",2018,"84884.0"
"NL21","pop_tot_Sheet_6",2019,"82638.0"
"NL21","pop_tot_Sheet_6",2020,"79312.0"
"NL21","pop_tot_Sheet_6",2021,"75780.0"
"NL21","pop_tot_Sheet_6",2022,"72716.0"
"NL21","pop_tot_Sheet_6",2023,"70768.0"
"NL21","pop_tot_Sheet_6",2024,"69868.0"
"NL22","pop_tot_Sheet_6",2015,"156205.0"
"NL22","pop_tot_Sheet_6",2016,"156601.0"
"NL22","pop_tot_Sheet_6",2017,"155740.0"
"NL22","pop_tot_Sheet_6",2018,"153558.0"
"NL22","pop_tot_Sheet_6",2019,"148906.0"
"NL22","pop_tot_Sheet_6",2020,"141915.0"
"NL22","pop_tot_Sheet_6",2021,"134371.0"
"NL22","pop_tot_Sheet_6",2022,"128461.0"
"NL22","pop_tot_Sheet_6",2023,"124968.0"
"NL22","pop_tot_Sheet_6",2024,"123185.0"
"NL23","pop_tot_Sheet_6",2015,"32097.0"
"NL23","pop_tot_Sheet_6",2016,"31930.0"
"NL23","pop_tot_Sheet_6",2017,"31896.0"
"NL23","pop_tot_Sheet_6",2018,"31584.0"
"NL23","pop_tot_Sheet_6",2019,"30971.0"
"NL23","pop_tot_Sheet_6",2020,"29778.0"
"NL23","pop_tot_Sheet_6",2021,"28683.0"
"NL23","pop_tot_Sheet_6",2022,"27833.0"
"NL23","pop_tot_Sheet_6",2023,"27472.0"
"NL23","pop_tot_Sheet_6",2024,"27403.0"
"NL32","pop_tot_Sheet_6",2015,"211951.0"
"NL32","pop_tot_Sheet_6",2016,"212953.0"
"NL32","pop_tot_Sheet_6",2017,"213115.0"
"NL32","pop_tot_Sheet_6",2018,"211498.0"
"NL32","pop_tot_Sheet_6",2019,"206372.0"
"NL32","pop_tot_Sheet_6",2020,"199391.0"
"NL32","pop_tot_Sheet_6",2021,"191594.0"
"NL32","pop_tot_Sheet_6",2022,"184974.0"
"NL32","pop_tot_Sheet_6",2023,"181759.0"
"NL32","pop_tot_Sheet_6",2024,"180378.0"
"NL34","pop_tot_Sheet_6",2015,"28899.0"
"NL34","pop_tot_Sheet_6",2016,"28837.0"
"NL34","pop_tot_Sheet_6",2017,"28774.0"
"NL34","pop_tot_Sheet_6",2018,"28105.0"
"NL34","pop_tot_Sheet_6",2019,"27287.0"
"NL34","pop_tot_Sheet_6",2020,"25964.0"
"NL34","pop_tot_Sheet_6",2021,"24690.0"
"NL34","pop_tot_Sheet_6",2022,"23542.0"
"NL34","pop_tot_Sheet_6",2023,"22667.0"
"NL34","pop_tot_Sheet_6",2024,"22220.0"
"NL41","pop_tot_Sheet_6",2015,"193914.0"
"NL41","pop_tot_Sheet_6",2016,"192973.0"
"NL41","pop_tot_Sheet_6",2017,"190904.0"
"NL41","pop_tot_Sheet_6",2018,"188619.0"
"NL41","pop_tot_Sheet_6",2019,"182905.0"
"NL41","pop_tot_Sheet_6",2020,"175089.0"
"NL41","pop_tot_Sheet_6",2021,"166825.0"
"NL41","pop_tot_Sheet_6",2022,"160551.0"
"NL41","pop_tot_Sheet_6",2023,"155890.0"
"NL41","pop_tot_Sheet_6",2024,"154298.0"
"NL42","pop_tot_Sheet_6",2015,"86462.0"
"NL42","pop_tot_Sheet_6",2016,"84497.0"
"NL42","pop_tot_Sheet_6",2017,"81979.0"
"NL42","pop_tot_Sheet_6",2018,"79098.0"
"NL42","pop_tot_Sheet_6",2019,"75351.0"
"NL42","pop_tot_Sheet_6",2020,"71083.0"
"NL42","pop_tot_Sheet_6",2021,"66900.0"
"NL42","pop_tot_Sheet_6",2022,"63835.0"
"NL42","pop_tot_Sheet_6",2023,"61812.0"
"NL42","pop_tot_Sheet_6",2024,"61335.0"
"AT11","pop_tot_Sheet_6",2015,"23613.0"
"AT11","pop_tot_Sheet_6",2016,"23444.0"
"AT11","pop_tot_Sheet_6",2017,"23142.0"
"AT11","pop_tot_Sheet_6",2018,"22888.0"
"AT11","pop_tot_Sheet_6",2019,"22420.0"
"AT11","pop_tot_Sheet_6",2020,"22057.0"
"AT11","pop_tot_Sheet_6",2021,"21694.0"
"AT11","pop_tot_Sheet_6",2022,"21067.0"
"AT11","pop_tot_Sheet_6",2023,"20758.0"
"AT11","pop_tot_Sheet_6",2024,"20489.0"
"AT12","pop_tot_Sheet_6",2015,"141363.0"
"AT12","pop_tot_Sheet_6",2016,"139325.0"
"AT12","pop_tot_Sheet_6",2017,"136623.0"
"AT12","pop_tot_Sheet_6",2018,"132414.0"
"AT12","pop_tot_Sheet_6",2019,"127437.0"
"AT12","pop_tot_Sheet_6",2020,"123078.0"
"AT12","pop_tot_Sheet_6",2021,"119635.0"
"AT12","pop_tot_Sheet_6",2022,"115624.0"
"AT12","pop_tot_Sheet_6",2023,"113133.0"
"AT12","pop_tot_Sheet_6",2024,"111397.0"
"AT13","pop_tot_Sheet_6",2015,"140589.0"
"AT13","pop_tot_Sheet_6",2016,"140366.0"
"AT13","pop_tot_Sheet_6",2017,"138782.0"
"AT13","pop_tot_Sheet_6",2018,"136754.0"
"AT13","pop_tot_Sheet_6",2019,"133045.0"
"AT13","pop_tot_Sheet_6",2020,"130867.0"
"AT13","pop_tot_Sheet_6",2021,"129226.0"
"AT13","pop_tot_Sheet_6",2022,"127120.0"
"AT13","pop_tot_Sheet_6",2023,"128339.0"
"AT13","pop_tot_Sheet_6",2024,"129167.0"
"AT21","pop_tot_Sheet_6",2015,"46272.0"
"AT21","pop_tot_Sheet_6",2016,"45433.0"
"AT21","pop_tot_Sheet_6",2017,"44240.0"
"AT21","pop_tot_Sheet_6",2018,"42793.0"
"AT21","pop_tot_Sheet_6",2019,"40887.0"
"AT21","pop_tot_Sheet_6",2020,"38837.0"
"AT21","pop_tot_Sheet_6",2021,"37409.0"
"AT21","pop_tot_Sheet_6",2022,"36192.0"
"AT21","pop_tot_Sheet_6",2023,"35338.0"
"AT21","pop_tot_Sheet_6",2024,"34931.0"
"AT22","pop_tot_Sheet_6",2015,"99401.0"
"AT22","pop_tot_Sheet_6",2016,"97961.0"
"AT22","pop_tot_Sheet_6",2017,"96098.0"
"AT22","pop_tot_Sheet_6",2018,"93624.0"
"AT22","pop_tot_Sheet_6",2019,"89968.0"
"AT22","pop_tot_Sheet_6",2020,"87065.0"
"AT22","pop_tot_Sheet_6",2021,"85010.0"
"AT22","pop_tot_Sheet_6",2022,"82682.0"
"AT22","pop_tot_Sheet_6",2023,"81308.0"
"AT22","pop_tot_Sheet_6",2024,"80686.0"
"AT31","pop_tot_Sheet_6",2015,"118537.0"
"AT31","pop_tot_Sheet_6",2016,"115893.0"
"AT31","pop_tot_Sheet_6",2017,"113049.0"
"AT31","pop_tot_Sheet_6",2018,"109518.0"
"AT31","pop_tot_Sheet_6",2019,"105156.0"
"AT31","pop_tot_Sheet_6",2020,"101384.0"
"AT31","pop_tot_Sheet_6",2021,"98995.0"
"AT31","pop_tot_Sheet_6",2022,"96189.0"
"AT31","pop_tot_Sheet_6",2023,"94789.0"
"AT31","pop_tot_Sheet_6",2024,"94378.0"
"AT32","pop_tot_Sheet_6",2015,"44821.0"
"AT32","pop_tot_Sheet_6",2016,"43944.0"
"AT32","pop_tot_Sheet_6",2017,"43162.0"
"AT32","pop_tot_Sheet_6",2018,"41805.0"
"AT32","pop_tot_Sheet_6",2019,"39929.0"
"AT32","pop_tot_Sheet_6",2020,"38345.0"
"AT32","pop_tot_Sheet_6",2021,"37406.0"
"AT32","pop_tot_Sheet_6",2022,"36361.0"
"AT32","pop_tot_Sheet_6",2023,"35802.0"
"AT32","pop_tot_Sheet_6",2024,"35811.0"
"AT33","pop_tot_Sheet_6",2015,"61339.0"
"AT33","pop_tot_Sheet_6",2016,"60063.0"
"AT33","pop_tot_Sheet_6",2017,"58537.0"
"AT33","pop_tot_Sheet_6",2018,"57011.0"
"AT33","pop_tot_Sheet_6",2019,"54544.0"
"AT33","pop_tot_Sheet_6",2020,"52620.0"
"AT33","pop_tot_Sheet_6",2021,"51198.0"
"AT33","pop_tot_Sheet_6",2022,"50097.0"
"AT33","pop_tot_Sheet_6",2023,"49212.0"
"AT33","pop_tot_Sheet_6",2024,"49007.0"
"AT34","pop_tot_Sheet_6",2015,"31382.0"
"AT34","pop_tot_Sheet_6",2016,"30914.0"
"AT34","pop_tot_Sheet_6",2017,"30420.0"
"AT34","pop_tot_Sheet_6",2018,"29929.0"
"AT34","pop_tot_Sheet_6",2019,"29174.0"
"AT34","pop_tot_Sheet_6",2020,"28200.0"
"AT34","pop_tot_Sheet_6",2021,"27674.0"
"AT34","pop_tot_Sheet_6",2022,"27045.0"
"AT34","pop_tot_Sheet_6",2023,"26766.0"
"AT34","pop_tot_Sheet_6",2024,"26510.0"
"PL21","pop_tot_Sheet_6",2015,"204976.0"
"PL21","pop_tot_Sheet_6",2016,"206207.0"
"PL21","pop_tot_Sheet_6",2017,"209020.0"
"PL21","pop_tot_Sheet_6",2018,"212974.0"
"PL21","pop_tot_Sheet_6",2019,"218282.0"
"PL21","pop_tot_Sheet_6",2020,"225262.0"
"PL21","pop_tot_Sheet_6",2021,"225951.0"
"PL21","pop_tot_Sheet_6",2022,"232819.0"
"PL21","pop_tot_Sheet_6",2023,"238694.0"
"PL21","pop_tot_Sheet_6",2024,"244473.0"
"PL22","pop_tot_Sheet_6",2015,"284295.0"
"PL22","pop_tot_Sheet_6",2016,"283254.0"
"PL22","pop_tot_Sheet_6",2017,"283980.0"
"PL22","pop_tot_Sheet_6",2018,"287784.0"
"PL22","pop_tot_Sheet_6",2019,"294027.0"
"PL22","pop_tot_Sheet_6",2020,"302693.0"
"PL22","pop_tot_Sheet_6",2021,"305575.0"
"PL22","pop_tot_Sheet_6",2022,"315298.0"
"PL22","pop_tot_Sheet_6",2023,"323792.0"
"PL22","pop_tot_Sheet_6",2024,"330287.0"
"PL41","pop_tot_Sheet_6",2015,"204075.0"
"PL41","pop_tot_Sheet_6",2016,"206394.0"
"PL41","pop_tot_Sheet_6",2017,"211591.0"
"PL41","pop_tot_Sheet_6",2018,"219257.0"
"PL41","pop_tot_Sheet_6",2019,"227380.0"
"PL41","pop_tot_Sheet_6",2020,"236110.0"
"PL41","pop_tot_Sheet_6",2021,"244049.0"
"PL41","pop_tot_Sheet_6",2022,"253339.0"
"PL41","pop_tot_Sheet_6",2023,"260435.0"
"PL41","pop_tot_Sheet_6",2024,"265621.0"
"PL42","pop_tot_Sheet_6",2015,"98341.0"
"PL42","pop_tot_Sheet_6",2016,"99344.0"
"PL42","pop_tot_Sheet_6",2017,"101114.0"
"PL42","pop_tot_Sheet_6",2018,"103962.0"
"PL42","pop_tot_Sheet_6",2019,"107786.0"
"PL42","pop_tot_Sheet_6",2020,"112597.0"
"PL42","pop_tot_Sheet_6",2021,"115618.0"
"PL42","pop_tot_Sheet_6",2022,"120017.0"
"PL42","pop_tot_Sheet_6",2023,"123096.0"
"PL42","pop_tot_Sheet_6",2024,"125585.0"
"PL43","pop_tot_Sheet_6",2015,"58168.0"
"PL43","pop_tot_Sheet_6",2016,"58238.0"
"PL43","pop_tot_Sheet_6",2017,"59246.0"
"PL43","pop_tot_Sheet_6",2018,"61538.0"
"PL43","pop_tot_Sheet_6",2019,"64190.0"
"PL43","pop_tot_Sheet_6",2020,"67226.0"
"PL43","pop_tot_Sheet_6",2021,"69123.0"
"PL43","pop_tot_Sheet_6",2022,"72422.0"
"PL43","pop_tot_Sheet_6",2023,"74163.0"
"PL43","pop_tot_Sheet_6",2024,"75980.0"
"PL51","pop_tot_Sheet_6",2015,"162520.0"
"PL51","pop_tot_Sheet_6",2016,"163535.0"
"PL51","pop_tot_Sheet_6",2017,"167700.0"
"PL51","pop_tot_Sheet_6",2018,"174075.0"
"PL51","pop_tot_Sheet_6",2019,"182034.0"
"PL51","pop_tot_Sheet_6",2020,"190987.0"
"PL51","pop_tot_Sheet_6",2021,"199163.0"
"PL51","pop_tot_Sheet_6",2022,"208156.0"
"PL51","pop_tot_Sheet_6",2023,"215666.0"
"PL51","pop_tot_Sheet_6",2024,"221559.0"
"PL52","pop_tot_Sheet_6",2015,"62040.0"
"PL52","pop_tot_Sheet_6",2016,"61262.0"
"PL52","pop_tot_Sheet_6",2017,"61077.0"
"PL52","pop_tot_Sheet_6",2018,"61497.0"
"PL52","pop_tot_Sheet_6",2019,"62238.0"
"PL52","pop_tot_Sheet_6",2020,"63148.0"
"PL52","pop_tot_Sheet_6",2021,"64574.0"
"PL52","pop_tot_Sheet_6",2022,"65925.0"
"PL52","pop_tot_Sheet_6",2023,"66929.0"
"PL52","pop_tot_Sheet_6",2024,"67643.0"
"PL61","pop_tot_Sheet_6",2015,"125358.0"
"PL61","pop_tot_Sheet_6",2016,"126114.0"
"PL61","pop_tot_Sheet_6",2017,"128421.0"
"PL61","pop_tot_Sheet_6",2018,"131412.0"
"PL61","pop_tot_Sheet_6",2019,"135316.0"
"PL61","pop_tot_Sheet_6",2020,"139353.0"
"PL61","pop_tot_Sheet_6",2021,"140104.0"
"PL61","pop_tot_Sheet_6",2022,"144440.0"
"PL61","pop_tot_Sheet_6",2023,"146900.0"
"PL61","pop_tot_Sheet_6",2024,"148447.0"
"PL62","pop_tot_Sheet_6",2015,"86383.0"
"PL62","pop_tot_Sheet_6",2016,"86014.0"
"PL62","pop_tot_Sheet_6",2017,"86000.0"
"PL62","pop_tot_Sheet_6",2018,"87245.0"
"PL62","pop_tot_Sheet_6",2019,"89424.0"
"PL62","pop_tot_Sheet_6",2020,"92370.0"
"PL62","pop_tot_Sheet_6",2021,"91899.0"
"PL62","pop_tot_Sheet_6",2022,"94977.0"
"PL62","pop_tot_Sheet_6",2023,"96824.0"
"PL62","pop_tot_Sheet_6",2024,"98267.0"
"PL63","pop_tot_Sheet_6",2015,"133584.0"
"PL63","pop_tot_Sheet_6",2016,"134829.0"
"PL63","pop_tot_Sheet_6",2017,"137916.0"
"PL63","pop_tot_Sheet_6",2018,"142206.0"
"PL63","pop_tot_Sheet_6",2019,"147546.0"
"PL63","pop_tot_Sheet_6",2020,"154173.0"
"PL63","pop_tot_Sheet_6",2021,"159279.0"
"PL63","pop_tot_Sheet_6",2022,"165510.0"
"PL63","pop_tot_Sheet_6",2023,"170510.0"
"PL63","pop_tot_Sheet_6",2024,"174246.0"
"PL71","pop_tot_Sheet_6",2015,"149712.0"
"PL71","pop_tot_Sheet_6",2016,"151046.0"
"PL71","pop_tot_Sheet_6",2017,"153923.0"
"PL71","pop_tot_Sheet_6",2018,"157502.0"
"PL71","pop_tot_Sheet_6",2019,"161551.0"
"PL71","pop_tot_Sheet_6",2020,"166066.0"
"PL71","pop_tot_Sheet_6",2021,"169334.0"
"PL71","pop_tot_Sheet_6",2022,"174004.0"
"PL71","pop_tot_Sheet_6",2023,"178069.0"
"PL71","pop_tot_Sheet_6",2024,"181111.0"
"PL72","pop_tot_Sheet_6",2015,"74237.0"
"PL72","pop_tot_Sheet_6",2016,"74527.0"
"PL72","pop_tot_Sheet_6",2017,"75502.0"
"PL72","pop_tot_Sheet_6",2018,"77081.0"
"PL72","pop_tot_Sheet_6",2019,"79036.0"
"PL72","pop_tot_Sheet_6",2020,"81209.0"
"PL72","pop_tot_Sheet_6",2021,"80088.0"
"PL72","pop_tot_Sheet_6",2022,"82048.0"
"PL72","pop_tot_Sheet_6",2023,"83728.0"
"PL72","pop_tot_Sheet_6",2024,"84760.0"
"PL81","pop_tot_Sheet_6",2015,"129446.0"
"PL81","pop_tot_Sheet_6",2016,"129139.0"
"PL81","pop_tot_Sheet_6",2017,"130152.0"
"PL81","pop_tot_Sheet_6",2018,"132478.0"
"PL81","pop_tot_Sheet_6",2019,"135640.0"
"PL81","pop_tot_Sheet_6",2020,"139024.0"
"PL81","pop_tot_Sheet_6",2021,"136255.0"
"PL81","pop_tot_Sheet_6",2022,"138947.0"
"PL81","pop_tot_Sheet_6",2023,"140725.0"
"PL81","pop_tot_Sheet_6",2024,"142064.0"
"PL82","pop_tot_Sheet_6",2015,"129534.0"
"PL82","pop_tot_Sheet_6",2016,"129927.0"
"PL82","pop_tot_Sheet_6",2017,"131119.0"
"PL82","pop_tot_Sheet_6",2018,"133299.0"
"PL82","pop_tot_Sheet_6",2019,"136132.0"
"PL82","pop_tot_Sheet_6",2020,"139597.0"
"PL82","pop_tot_Sheet_6",2021,"136360.0"
"PL82","pop_tot_Sheet_6",2022,"139500.0"
"PL82","pop_tot_Sheet_6",2023,"142066.0"
"PL82","pop_tot_Sheet_6",2024,"144041.0"
"PL84","pop_tot_Sheet_6",2015,"74193.0"
"PL84","pop_tot_Sheet_6",2016,"73766.0"
"PL84","pop_tot_Sheet_6",2017,"73804.0"
"PL84","pop_tot_Sheet_6",2018,"74154.0"
"PL84","pop_tot_Sheet_6",2019,"74871.0"
"PL84","pop_tot_Sheet_6",2020,"75894.0"
"PL84","pop_tot_Sheet_6",2021,"73828.0"
"PL84","pop_tot_Sheet_6",2022,"75063.0"
"PL84","pop_tot_Sheet_6",2023,"75496.0"
"PL84","pop_tot_Sheet_6",2024,"76186.0"
"PL91","pop_tot_Sheet_6",2015,"164518.0"
"PL91","pop_tot_Sheet_6",2016,"170580.0"
"PL91","pop_tot_Sheet_6",2017,"178629.0"
"PL91","pop_tot_Sheet_6",2018,"189616.0"
"PL91","pop_tot_Sheet_6",2019,"203138.0"
"PL91","pop_tot_Sheet_6",2020,"217827.0"
"PL91","pop_tot_Sheet_6",2021,"238867.0"
"PL91","pop_tot_Sheet_6",2022,"254994.0"
"PL91","pop_tot_Sheet_6",2023,"267193.0"
"PL91","pop_tot_Sheet_6",2024,"277239.0"
"PL92","pop_tot_Sheet_6",2015,"142900.0"
"PL92","pop_tot_Sheet_6",2016,"143322.0"
"PL92","pop_tot_Sheet_6",2017,"144189.0"
"PL92","pop_tot_Sheet_6",2018,"145981.0"
"PL92","pop_tot_Sheet_6",2019,"148673.0"
"PL92","pop_tot_Sheet_6",2020,"152235.0"
"PL92","pop_tot_Sheet_6",2021,"152676.0"
"PL92","pop_tot_Sheet_6",2022,"156288.0"
"PL92","pop_tot_Sheet_6",2023,"159380.0"
"PL92","pop_tot_Sheet_6",2024,"161626.0"
"PT11","pop_tot_Sheet_6",2015,"279651.0"
"PT11","pop_tot_Sheet_6",2016,"276636.0"
"PT11","pop_tot_Sheet_6",2017,"276478.0"
"PT11","pop_tot_Sheet_6",2018,"277222.0"
"PT11","pop_tot_Sheet_6",2019,"277898.0"
"PT11","pop_tot_Sheet_6",2020,"279746.0"
"PT11","pop_tot_Sheet_6",2021,"281183.0"
"PT11","pop_tot_Sheet_6",2022,"281476.0"
"PT11","pop_tot_Sheet_6",2023,"282444.0"
"PT11","pop_tot_Sheet_6",2024,"281199.0"
"PT15","pop_tot_Sheet_6",2015,"32264.0"
"PT15","pop_tot_Sheet_6",2016,"32637.0"
"PT15","pop_tot_Sheet_6",2017,"33100.0"
"PT15","pop_tot_Sheet_6",2018,"33570.0"
"PT15","pop_tot_Sheet_6",2019,"34442.0"
"PT15","pop_tot_Sheet_6",2020,"35300.0"
"PT15","pop_tot_Sheet_6",2021,"36186.0"
"PT15","pop_tot_Sheet_6",2022,"36789.0"
"PT15","pop_tot_Sheet_6",2023,"37692.0"
"PT15","pop_tot_Sheet_6",2024,"37688.0"
"PT20","pop_tot_Sheet_6",2015,"17562.0"
"PT20","pop_tot_Sheet_6",2016,"17357.0"
"PT20","pop_tot_Sheet_6",2017,"17440.0"
"PT20","pop_tot_Sheet_6",2018,"17595.0"
"PT20","pop_tot_Sheet_6",2019,"17721.0"
"PT20","pop_tot_Sheet_6",2020,"18089.0"
"PT20","pop_tot_Sheet_6",2021,"18473.0"
"PT20","pop_tot_Sheet_6",2022,"19002.0"
"PT20","pop_tot_Sheet_6",2023,"19645.0"
"PT20","pop_tot_Sheet_6",2024,"19908.0"
"PT30","pop_tot_Sheet_6",2015,"20959.0"
"PT30","pop_tot_Sheet_6",2016,"20584.0"
"PT30","pop_tot_Sheet_6",2017,"20285.0"
"PT30","pop_tot_Sheet_6",2018,"20141.0"
"PT30","pop_tot_Sheet_6",2019,"20276.0"
"PT30","pop_tot_Sheet_6",2020,"20551.0"
"PT30","pop_tot_Sheet_6",2021,"20715.0"
"PT30","pop_tot_Sheet_6",2022,"21168.0"
"PT30","pop_tot_Sheet_6",2023,"21306.0"
"PT30","pop_tot_Sheet_6",2024,"21120.0"
"RO11","pop_tot_Sheet_6",2015,"188513.0"
"RO11","pop_tot_Sheet_6",2016,"199078.0"
"RO11","pop_tot_Sheet_6",2017,"207160.0"
"RO11","pop_tot_Sheet_6",2018,"201156.0"
"RO11","pop_tot_Sheet_6",2019,"193722.0"
"RO11","pop_tot_Sheet_6",2020,"192798.0"
"RO11","pop_tot_Sheet_6",2021,"192118.0"
"RO11","pop_tot_Sheet_6",2022,"192973.0"
"RO11","pop_tot_Sheet_6",2023,"196110.0"
"RO11","pop_tot_Sheet_6",2024,"198386.0"
"RO12","pop_tot_Sheet_6",2015,"171341.0"
"RO12","pop_tot_Sheet_6",2016,"182540.0"
"RO12","pop_tot_Sheet_6",2017,"191010.0"
"RO12","pop_tot_Sheet_6",2018,"183650.0"
"RO12","pop_tot_Sheet_6",2019,"175432.0"
"RO12","pop_tot_Sheet_6",2020,"173881.0"
"RO12","pop_tot_Sheet_6",2021,"173432.0"
"RO12","pop_tot_Sheet_6",2022,"170443.0"
"RO12","pop_tot_Sheet_6",2023,"173203.0"
"RO12","pop_tot_Sheet_6",2024,"176043.0"
"RO21","pop_tot_Sheet_6",2015,"235999.0"
"RO21","pop_tot_Sheet_6",2016,"252505.0"
"RO21","pop_tot_Sheet_6",2017,"266221.0"
"RO21","pop_tot_Sheet_6",2018,"254051.0"
"RO21","pop_tot_Sheet_6",2019,"240245.0"
"RO21","pop_tot_Sheet_6",2020,"235258.0"
"RO21","pop_tot_Sheet_6",2021,"233052.0"
"RO21","pop_tot_Sheet_6",2022,"238986.0"
"RO21","pop_tot_Sheet_6",2023,"239649.0"
"RO21","pop_tot_Sheet_6",2024,"241644.0"
"RO22","pop_tot_Sheet_6",2015,"194459.0"
"RO22","pop_tot_Sheet_6",2016,"210208.0"
"RO22","pop_tot_Sheet_6",2017,"222482.0"
"RO22","pop_tot_Sheet_6",2018,"206806.0"
"RO22","pop_tot_Sheet_6",2019,"191154.0"
"RO22","pop_tot_Sheet_6",2020,"187019.0"
"RO22","pop_tot_Sheet_6",2021,"184119.0"
"RO22","pop_tot_Sheet_6",2022,"184715.0"
"RO22","pop_tot_Sheet_6",2023,"186251.0"
"RO22","pop_tot_Sheet_6",2024,"188644.0"
"RO31","pop_tot_Sheet_6",2015,"250821.0"
"RO31","pop_tot_Sheet_6",2016,"269349.0"
"RO31","pop_tot_Sheet_6",2017,"285184.0"
"RO31","pop_tot_Sheet_6",2018,"262107.0"
"RO31","pop_tot_Sheet_6",2019,"241677.0"
"RO31","pop_tot_Sheet_6",2020,"235748.0"
"RO31","pop_tot_Sheet_6",2021,"231673.0"
"RO31","pop_tot_Sheet_6",2022,"228764.0"
"RO31","pop_tot_Sheet_6",2023,"229082.0"
"RO31","pop_tot_Sheet_6",2024,"230086.0"
"RO32","pop_tot_Sheet_6",2015,"180868.0"
"RO32","pop_tot_Sheet_6",2016,"193640.0"
"RO32","pop_tot_Sheet_6",2017,"203140.0"
"RO32","pop_tot_Sheet_6",2018,"182702.0"
"RO32","pop_tot_Sheet_6",2019,"165478.0"
"RO32","pop_tot_Sheet_6",2020,"166972.0"
"RO32","pop_tot_Sheet_6",2021,"172226.0"
"RO32","pop_tot_Sheet_6",2022,"173063.0"
"RO32","pop_tot_Sheet_6",2023,"185154.0"
"RO32","pop_tot_Sheet_6",2024,"196929.0"
"RO41","pop_tot_Sheet_6",2015,"164624.0"
"RO41","pop_tot_Sheet_6",2016,"174673.0"
"RO41","pop_tot_Sheet_6",2017,"183082.0"
"RO41","pop_tot_Sheet_6",2018,"170165.0"
"RO41","pop_tot_Sheet_6",2019,"157858.0"
"RO41","pop_tot_Sheet_6",2020,"153656.0"
"RO41","pop_tot_Sheet_6",2021,"151808.0"
"RO41","pop_tot_Sheet_6",2022,"149256.0"
"RO41","pop_tot_Sheet_6",2023,"149562.0"
"RO41","pop_tot_Sheet_6",2024,"149585.0"
"RO42","pop_tot_Sheet_6",2015,"143530.0"
"RO42","pop_tot_Sheet_6",2016,"153058.0"
"RO42","pop_tot_Sheet_6",2017,"160594.0"
"RO42","pop_tot_Sheet_6",2018,"150419.0"
"RO42","pop_tot_Sheet_6",2019,"140776.0"
"RO42","pop_tot_Sheet_6",2020,"137872.0"
"RO42","pop_tot_Sheet_6",2021,"135757.0"
"RO42","pop_tot_Sheet_6",2022,"127883.0"
"RO42","pop_tot_Sheet_6",2023,"129234.0"
"RO42","pop_tot_Sheet_6",2024,"130444.0"
"SI03","pop_tot_Sheet_6",2015,"82910.0"
"SI03","pop_tot_Sheet_6",2016,"80285.0"
"SI03","pop_tot_Sheet_6",2017,"78233.0"
"SI03","pop_tot_Sheet_6",2018,"77089.0"
"SI03","pop_tot_Sheet_6",2019,"77527.0"
"SI03","pop_tot_Sheet_6",2020,"78146.0"
"SI03","pop_tot_Sheet_6",2021,"79940.0"
"SI03","pop_tot_Sheet_6",2022,"80919.0"
"SI03","pop_tot_Sheet_6",2023,"82105.0"
"SI03","pop_tot_Sheet_6",2024,"82990.0"
"SI04","pop_tot_Sheet_6",2015,"70403.0"
"SI04","pop_tot_Sheet_6",2016,"69101.0"
"SI04","pop_tot_Sheet_6",2017,"68446.0"
"SI04","pop_tot_Sheet_6",2018,"68626.0"
"SI04","pop_tot_Sheet_6",2019,"69577.0"
"SI04","pop_tot_Sheet_6",2020,"70820.0"
"SI04","pop_tot_Sheet_6",2021,"72826.0"
"SI04","pop_tot_Sheet_6",2022,"74451.0"
"SI04","pop_tot_Sheet_6",2023,"75461.0"
"SI04","pop_tot_Sheet_6",2024,"77000.0"
"SK01","pop_tot_Sheet_6",2015,"37822.0"
"SK01","pop_tot_Sheet_6",2016,"38307.0"
"SK01","pop_tot_Sheet_6",2017,"39670.0"
"SK01","pop_tot_Sheet_6",2018,"41913.0"
"SK01","pop_tot_Sheet_6",2019,"44691.0"
"SK01","pop_tot_Sheet_6",2020,"48236.0"
"SK01","pop_tot_Sheet_6",2021,"51813.0"
"SK01","pop_tot_Sheet_6",2022,"59645.0"
"SK01","pop_tot_Sheet_6",2023,"63453.0"
"SK01","pop_tot_Sheet_6",2024,"66441.0"
"SK02","pop_tot_Sheet_6",2015,"124908.0"
"SK02","pop_tot_Sheet_6",2016,"124295.0"
"SK02","pop_tot_Sheet_6",2017,"125050.0"
"SK02","pop_tot_Sheet_6",2018,"128067.0"
"SK02","pop_tot_Sheet_6",2019,"133140.0"
"SK02","pop_tot_Sheet_6",2020,"138499.0"
"SK02","pop_tot_Sheet_6",2021,"143839.0"
"SK02","pop_tot_Sheet_6",2022,"149182.0"
"SK02","pop_tot_Sheet_6",2023,"152675.0"
"SK02","pop_tot_Sheet_6",2024,"154552.0"
"SK03","pop_tot_Sheet_6",2015,"89100.0"
"SK03","pop_tot_Sheet_6",2016,"88120.0"
"SK03","pop_tot_Sheet_6",2017,"88637.0"
"SK03","pop_tot_Sheet_6",2018,"90882.0"
"SK03","pop_tot_Sheet_6",2019,"94390.0"
"SK03","pop_tot_Sheet_6",2020,"98152.0"
"SK03","pop_tot_Sheet_6",2021,"101645.0"
"SK03","pop_tot_Sheet_6",2022,"103825.0"
"SK03","pop_tot_Sheet_6",2023,"105791.0"
"SK03","pop_tot_Sheet_6",2024,"106533.0"
"SK04","pop_tot_Sheet_6",2015,"102209.0"
"SK04","pop_tot_Sheet_6",2016,"101938.0"
"SK04","pop_tot_Sheet_6",2017,"102483.0"
"SK04","pop_tot_Sheet_6",2018,"105117.0"
"SK04","pop_tot_Sheet_6",2019,"109489.0"
"SK04","pop_tot_Sheet_6",2020,"113662.0"
"SK04","pop_tot_Sheet_6",2021,"116920.0"
"SK04","pop_tot_Sheet_6",2022,"116993.0"
"SK04","pop_tot_Sheet_6",2023,"118482.0"
"SK04","pop_tot_Sheet_6",2024,"119136.0"
"FI19","pop_tot_Sheet_6",2015,"86054.0"
"FI19","pop_tot_Sheet_6",2016,"84328.0"
"FI19","pop_tot_Sheet_6",2017,"81953.0"
"FI19","pop_tot_Sheet_6",2018,"79300.0"
"FI19","pop_tot_Sheet_6",2019,"76494.0"
"FI19","pop_tot_Sheet_6",2020,"76026.0"
"FI19","pop_tot_Sheet_6",2021,"76629.0"
"FI19","pop_tot_Sheet_6",2022,"78417.0"
"FI19","pop_tot_Sheet_6",2023,"80470.0"
"FI19","pop_tot_Sheet_6",2024,"83433.0"
"FI1B","pop_tot_Sheet_6",2015,"114393.0"
"FI1B","pop_tot_Sheet_6",2016,"112437.0"
"FI1B","pop_tot_Sheet_6",2017,"109878.0"
"FI1B","pop_tot_Sheet_6",2018,"106946.0"
"FI1B","pop_tot_Sheet_6",2019,"103968.0"
"FI1B","pop_tot_Sheet_6",2020,"104935.0"
"FI1B","pop_tot_Sheet_6",2021,"107403.0"
"FI1B","pop_tot_Sheet_6",2022,"110718.0"
"FI1B","pop_tot_Sheet_6",2023,"114834.0"
"FI1B","pop_tot_Sheet_6",2024,"119624.0"
"FI1C","pop_tot_Sheet_6",2015,"77357.0"
"FI1C","pop_tot_Sheet_6",2016,"75176.0"
"FI1C","pop_tot_Sheet_6",2017,"72805.0"
"FI1C","pop_tot_Sheet_6",2018,"69867.0"
"FI1C","pop_tot_Sheet_6",2019,"66471.0"
"FI1C","pop_tot_Sheet_6",2020,"65599.0"
"FI1C","pop_tot_Sheet_6",2021,"65820.0"
"FI1C","pop_tot_Sheet_6",2022,"66737.0"
"FI1C","pop_tot_Sheet_6",2023,"68280.0"
"FI1C","pop_tot_Sheet_6",2024,"70578.0"
"FI1D","pop_tot_Sheet_6",2015,"79366.0"
"FI1D","pop_tot_Sheet_6",2016,"76354.0"
"FI1D","pop_tot_Sheet_6",2017,"73104.0"
"FI1D","pop_tot_Sheet_6",2018,"69799.0"
"FI1D","pop_tot_Sheet_6",2019,"66689.0"
"FI1D","pop_tot_Sheet_6",2020,"65864.0"
"FI1D","pop_tot_Sheet_6",2021,"66076.0"
"FI1D","pop_tot_Sheet_6",2022,"67579.0"
"FI1D","pop_tot_Sheet_6",2023,"69182.0"
"FI1D","pop_tot_Sheet_6",2024,"71700.0"
"FI20","pop_tot_Sheet_6",2015,"2147.0"
"FI20","pop_tot_Sheet_6",2016,"2074.0"
"FI20","pop_tot_Sheet_6",2017,"2078.0"
"FI20","pop_tot_Sheet_6",2018,"1977.0"
"FI20","pop_tot_Sheet_6",2019,"1956.0"
"FI20","pop_tot_Sheet_6",2020,"1949.0"
"FI20","pop_tot_Sheet_6",2021,"1962.0"
"FI20","pop_tot_Sheet_6",2022,"1972.0"
"FI20","pop_tot_Sheet_6",2023,"1936.0"
"FI20","pop_tot_Sheet_6",2024,"1917.0"
"SE11","pop_tot_Sheet_6",2015,"156703.0"
"SE11","pop_tot_Sheet_6",2016,"156180.0"
"SE11","pop_tot_Sheet_6",2017,"157457.0"
"SE11","pop_tot_Sheet_6",2018,"159952.0"
"SE11","pop_tot_Sheet_6",2019,"162990.0"
"SE11","pop_tot_Sheet_6",2020,"167384.0"
"SE11","pop_tot_Sheet_6",2021,"168409.0"
"SE11","pop_tot_Sheet_6",2022,"167375.0"
"SE11","pop_tot_Sheet_6",2023,"165875.0"
"SE11","pop_tot_Sheet_6",2024,"164163.0"
"SE12","pop_tot_Sheet_6",2015,"109873.0"
"SE12","pop_tot_Sheet_6",2016,"108205.0"
"SE12","pop_tot_Sheet_6",2017,"107531.0"
"SE12","pop_tot_Sheet_6",2018,"107049.0"
"SE12","pop_tot_Sheet_6",2019,"106976.0"
"SE12","pop_tot_Sheet_6",2020,"108317.0"
"SE12","pop_tot_Sheet_6",2021,"107988.0"
"SE12","pop_tot_Sheet_6",2022,"106414.0"
"SE12","pop_tot_Sheet_6",2023,"104967.0"
"SE12","pop_tot_Sheet_6",2024,"103439.0"
"SE21","pop_tot_Sheet_6",2015,"56191.0"
"SE21","pop_tot_Sheet_6",2016,"55274.0"
"SE21","pop_tot_Sheet_6",2017,"54790.0"
"SE21","pop_tot_Sheet_6",2018,"53932.0"
"SE21","pop_tot_Sheet_6",2019,"53454.0"
"SE21","pop_tot_Sheet_6",2020,"53405.0"
"SE21","pop_tot_Sheet_6",2021,"53065.0"
"SE21","pop_tot_Sheet_6",2022,"52282.0"
"SE21","pop_tot_Sheet_6",2023,"51690.0"
"SE21","pop_tot_Sheet_6",2024,"50831.0"
"SE22","pop_tot_Sheet_6",2015,"98217.0"
"SE22","pop_tot_Sheet_6",2016,"97567.0"
"SE22","pop_tot_Sheet_6",2017,"97240.0"
"SE22","pop_tot_Sheet_6",2018,"96816.0"
"SE22","pop_tot_Sheet_6",2019,"97409.0"
"SE22","pop_tot_Sheet_6",2020,"98754.0"
"SE22","pop_tot_Sheet_6",2021,"99356.0"
"SE22","pop_tot_Sheet_6",2022,"99285.0"
"SE22","pop_tot_Sheet_6",2023,"99325.0"
"SE22","pop_tot_Sheet_6",2024,"98855.0"
"SE23","pop_tot_Sheet_6",2015,"134336.0"
"SE23","pop_tot_Sheet_6",2016,"132392.0"
"SE23","pop_tot_Sheet_6",2017,"131196.0"
"SE23","pop_tot_Sheet_6",2018,"130427.0"
"SE23","pop_tot_Sheet_6",2019,"130238.0"
"SE23","pop_tot_Sheet_6",2020,"131575.0"
"SE23","pop_tot_Sheet_6",2021,"131698.0"
"SE23","pop_tot_Sheet_6",2022,"130400.0"
"SE23","pop_tot_Sheet_6",2023,"128913.0"
"SE23","pop_tot_Sheet_6",2024,"127590.0"
"SE31","pop_tot_Sheet_6",2015,"56423.0"
"SE31","pop_tot_Sheet_6",2016,"55201.0"
"SE31","pop_tot_Sheet_6",2017,"54433.0"
"SE31","pop_tot_Sheet_6",2018,"53380.0"
"SE31","pop_tot_Sheet_6",2019,"52844.0"
"SE31","pop_tot_Sheet_6",2020,"52980.0"
"SE31","pop_tot_Sheet_6",2021,"52360.0"
"SE31","pop_tot_Sheet_6",2022,"51121.0"
"SE31","pop_tot_Sheet_6",2023,"49526.0"
"SE31","pop_tot_Sheet_6",2024,"47900.0"
"SE32","pop_tot_Sheet_6",2015,"25242.0"
"SE32","pop_tot_Sheet_6",2016,"24626.0"
"SE32","pop_tot_Sheet_6",2017,"24081.0"
"SE32","pop_tot_Sheet_6",2018,"23499.0"
"SE32","pop_tot_Sheet_6",2019,"23298.0"
"SE32","pop_tot_Sheet_6",2020,"23479.0"
"SE32","pop_tot_Sheet_6",2021,"23348.0"
"SE32","pop_tot_Sheet_6",2022,"22889.0"
"SE32","pop_tot_Sheet_6",2023,"22494.0"
"SE32","pop_tot_Sheet_6",2024,"22037.0"
"SE33","pop_tot_Sheet_6",2015,"33759.0"
"SE33","pop_tot_Sheet_6",2016,"32978.0"
"SE33","pop_tot_Sheet_6",2017,"32263.0"
"SE33","pop_tot_Sheet_6",2018,"31622.0"
"SE33","pop_tot_Sheet_6",2019,"31130.0"
"SE33","pop_tot_Sheet_6",2020,"31198.0"
"SE33","pop_tot_Sheet_6",2021,"31003.0"
"SE33","pop_tot_Sheet_6",2022,"30577.0"
"SE33","pop_tot_Sheet_6",2023,"30086.0"
"SE33","pop_tot_Sheet_6",2024,"29630.0"
"IS00","pop_tot_Sheet_6",2015,"20978.0"
"IS00","pop_tot_Sheet_6",2016,"20567.0"
"IS00","pop_tot_Sheet_6",2017,"20547.0"
"IS00","pop_tot_Sheet_6",2018,"21602.0"
"IS00","pop_tot_Sheet_6",2019,"22554.0"
"IS00","pop_tot_Sheet_6",2020,"22965.0"
"IS00","pop_tot_Sheet_6",2021,"23513.0"
"IS00","pop_tot_Sheet_6",2022,"24092.0"
"IS00","pop_tot_Sheet_6",2023,"24434.0"
"IS00","pop_tot_Sheet_6",2024,"23822.0"
"LI00","pop_tot_Sheet_6",2015,"3218.0"
"LI00","pop_tot_Sheet_6",2016,"3252.0"
"LI00","pop_tot_Sheet_6",2017,"3200.0"
"LI00","pop_tot_Sheet_6",2018,"3126.0"
"LI00","pop_tot_Sheet_6",2019,"3023.0"
"LI00","pop_tot_Sheet_6",2020,"2937.0"
"LI00","pop_tot_Sheet_6",2021,"2831.0"
"LI00","pop_tot_Sheet_6",2022,"2784.0"
"LI00","pop_tot_Sheet_6",2023,"2754.0"
"LI00","pop_tot_Sheet_6",2024,"2684.0"
"NO02","pop_tot_Sheet_6",2015,"27152.0"
"NO02","pop_tot_Sheet_6",2016,"27173.0"
"NO02","pop_tot_Sheet_6",2017,"27135.0"
"NO02","pop_tot_Sheet_6",2018,"27076.0"
"NO02","pop_tot_Sheet_6",2019,"26762.0"
"NO02","pop_tot_Sheet_6",2020,"26120.0"
"NO02","pop_tot_Sheet_6",2021,"25328.0"
"NO02","pop_tot_Sheet_6",2022,"24430.0"
"NO02","pop_tot_Sheet_6",2023,"23517.0"
"NO02","pop_tot_Sheet_6",2024,"22899.0"
"NO06","pop_tot_Sheet_6",2015,"31893.0"
"NO06","pop_tot_Sheet_6",2016,"31833.0"
"NO06","pop_tot_Sheet_6",2017,"31819.0"
"NO06","pop_tot_Sheet_6",2018,"32006.0"
"NO06","pop_tot_Sheet_6",2019,"31646.0"
"NO06","pop_tot_Sheet_6",2020,"31337.0"
"NO06","pop_tot_Sheet_6",2021,"30851.0"
"NO06","pop_tot_Sheet_6",2022,"30028.0"
"NO06","pop_tot_Sheet_6",2023,"29323.0"
"NO06","pop_tot_Sheet_6",2024,"28950.0"
"NO07","pop_tot_Sheet_6",2015,"35347.0"
"NO07","pop_tot_Sheet_6",2016,"35435.0"
"NO07","pop_tot_Sheet_6",2017,"35335.0"
"NO07","pop_tot_Sheet_6",2018,"34930.0"
"NO07","pop_tot_Sheet_6",2019,"34189.0"
"NO07","pop_tot_Sheet_6",2020,"33207.0"
"NO07","pop_tot_Sheet_6",2021,"31935.0"
"NO07","pop_tot_Sheet_6",2022,"30429.0"
"NO07","pop_tot_Sheet_6",2023,"29324.0"
"NO07","pop_tot_Sheet_6",2024,"28763.0"
"NO08","pop_tot_Sheet_6",2015,"134054.0"
"NO08","pop_tot_Sheet_6",2016,"135751.0"
"NO08","pop_tot_Sheet_6",2017,"137449.0"
"NO08","pop_tot_Sheet_6",2018,"139416.0"
"NO08","pop_tot_Sheet_6",2019,"139448.0"
"NO08","pop_tot_Sheet_6",2020,"140476.0"
"NO08","pop_tot_Sheet_6",2021,"140100.0"
"NO08","pop_tot_Sheet_6",2022,"138655.0"
"NO08","pop_tot_Sheet_6",2023,"137289.0"
"NO08","pop_tot_Sheet_6",2024,"137617.0"
"NO09","pop_tot_Sheet_6",2015,"51243.0"
"NO09","pop_tot_Sheet_6",2016,"51375.0"
"NO09","pop_tot_Sheet_6",2017,"51715.0"
"NO09","pop_tot_Sheet_6",2018,"51909.0"
"NO09","pop_tot_Sheet_6",2019,"51531.0"
"NO09","pop_tot_Sheet_6",2020,"51006.0"
"NO09","pop_tot_Sheet_6",2021,"50514.0"
"NO09","pop_tot_Sheet_6",2022,"49768.0"
"NO09","pop_tot_Sheet_6",2023,"48688.0"
"NO09","pop_tot_Sheet_6",2024,"48313.0"
"NO0A","pop_tot_Sheet_6",2015,"93587.0"
"NO0A","pop_tot_Sheet_6",2016,"94704.0"
"NO0A","pop_tot_Sheet_6",2017,"95267.0"
"NO0A","pop_tot_Sheet_6",2018,"95337.0"
"NO0A","pop_tot_Sheet_6",2019,"94852.0"
"NO0A","pop_tot_Sheet_6",2020,"94002.0"
"NO0A","pop_tot_Sheet_6",2021,"93074.0"
"NO0A","pop_tot_Sheet_6",2022,"91617.0"
"NO0A","pop_tot_Sheet_6",2023,"90428.0"
"NO0A","pop_tot_Sheet_6",2024,"90466.0"
"CH01","pop_tot_Sheet_6",2015,"122009.0"
"CH01","pop_tot_Sheet_6",2016,"121424.0"
"CH01","pop_tot_Sheet_6",2017,"120628.0"
"CH01","pop_tot_Sheet_6",2018,"120921.0"
"CH01","pop_tot_Sheet_6",2019,"120846.0"
"CH01","pop_tot_Sheet_6",2020,"121326.0"
"CH01","pop_tot_Sheet_6",2021,"121244.0"
"CH01","pop_tot_Sheet_6",2022,"120687.0"
"CH01","pop_tot_Sheet_6",2023,"120605.0"
"CH01","pop_tot_Sheet_6",2024,"122055.0"
"CH02","pop_tot_Sheet_6",2015,"144663.0"
"CH02","pop_tot_Sheet_6",2016,"142951.0"
"CH02","pop_tot_Sheet_6",2017,"140778.0"
"CH02","pop_tot_Sheet_6",2018,"137862.0"
"CH02","pop_tot_Sheet_6",2019,"133977.0"
"CH02","pop_tot_Sheet_6",2020,"130734.0"
"CH02","pop_tot_Sheet_6",2021,"127737.0"
"CH02","pop_tot_Sheet_6",2022,"125256.0"
"CH02","pop_tot_Sheet_6",2023,"124284.0"
"CH02","pop_tot_Sheet_6",2024,"125306.0"
"CH03","pop_tot_Sheet_6",2015,"91239.0"
"CH03","pop_tot_Sheet_6",2016,"89668.0"
"CH03","pop_tot_Sheet_6",2017,"87941.0"
"CH03","pop_tot_Sheet_6",2018,"85655.0"
"CH03","pop_tot_Sheet_6",2019,"83179.0"
"CH03","pop_tot_Sheet_6",2020,"81592.0"
"CH03","pop_tot_Sheet_6",2021,"80610.0"
"CH03","pop_tot_Sheet_6",2022,"79982.0"
"CH03","pop_tot_Sheet_6",2023,"79991.0"
"CH03","pop_tot_Sheet_6",2024,"81724.0"
"CH04","pop_tot_Sheet_6",2015,"117627.0"
"CH04","pop_tot_Sheet_6",2016,"117076.0"
"CH04","pop_tot_Sheet_6",2017,"116069.0"
"CH04","pop_tot_Sheet_6",2018,"114340.0"
"CH04","pop_tot_Sheet_6",2019,"112761.0"
"CH04","pop_tot_Sheet_6",2020,"111752.0"
"CH04","pop_tot_Sheet_6",2021,"111137.0"
"CH04","pop_tot_Sheet_6",2022,"111022.0"
"CH04","pop_tot_Sheet_6",2023,"112036.0"
"CH04","pop_tot_Sheet_6",2024,"114734.0"
"CH05","pop_tot_Sheet_6",2015,"91340.0"
"CH05","pop_tot_Sheet_6",2016,"89517.0"
"CH05","pop_tot_Sheet_6",2017,"87234.0"
"CH05","pop_tot_Sheet_6",2018,"84459.0"
"CH05","pop_tot_Sheet_6",2019,"81727.0"
"CH05","pop_tot_Sheet_6",2020,"79232.0"
"CH05","pop_tot_Sheet_6",2021,"77301.0"
"CH05","pop_tot_Sheet_6",2022,"76129.0"
"CH05","pop_tot_Sheet_6",2023,"76736.0"
"CH05","pop_tot_Sheet_6",2024,"77978.0"
"CH06","pop_tot_Sheet_6",2015,"64965.0"
"CH06","pop_tot_Sheet_6",2016,"63786.0"
"CH06","pop_tot_Sheet_6",2017,"62522.0"
"CH06","pop_tot_Sheet_6",2018,"61357.0"
"CH06","pop_tot_Sheet_6",2019,"59792.0"
"CH06","pop_tot_Sheet_6",2020,"58034.0"
"CH06","pop_tot_Sheet_6",2021,"57122.0"
"CH06","pop_tot_Sheet_6",2022,"56379.0"
"CH06","pop_tot_Sheet_6",2023,"56168.0"
"CH06","pop_tot_Sheet_6",2024,"56924.0"
"CH07","pop_tot_Sheet_6",2015,"30257.0"
"CH07","pop_tot_Sheet_6",2016,"29823.0"
"CH07","pop_tot_Sheet_6",2017,"29507.0"
"CH07","pop_tot_Sheet_6",2018,"29002.0"
"CH07","pop_tot_Sheet_6",2019,"28367.0"
"CH07","pop_tot_Sheet_6",2020,"27499.0"
"CH07","pop_tot_Sheet_6",2021,"26708.0"
"CH07","pop_tot_Sheet_6",2022,"25930.0"
"CH07","pop_tot_Sheet_6",2023,"25420.0"
"CH07","pop_tot_Sheet_6",2024,"24833.0"
"ME00","pop_tot_Sheet_6",2015,"40791.0"
"ME00","pop_tot_Sheet_6",2016,"40092.0"
"ME00","pop_tot_Sheet_6",2017,"39917.0"
"ME00","pop_tot_Sheet_6",2018,"40032.0"
"ME00","pop_tot_Sheet_6",2019,"40380.0"
"ME00","pop_tot_Sheet_6",2020,"40509.0"
"ME00","pop_tot_Sheet_6",2021,"40932.0"
"ME00","pop_tot_Sheet_6",2022,"41167.0"
"ME00","pop_tot_Sheet_6",2023,"41562.0"
"ME00","pop_tot_Sheet_6",2024,"42699.0"
"MK00","pop_tot_Sheet_6",2015,"146740.0"
"MK00","pop_tot_Sheet_6",2016,"145049.0"
"MK00","pop_tot_Sheet_6",2017,"144456.0"
"MK00","pop_tot_Sheet_6",2018,"144798.0"
"MK00","pop_tot_Sheet_6",2019,"144811.0"
"MK00","pop_tot_Sheet_6",2020,"145144.0"
"MK00","pop_tot_Sheet_6",2021,"147049.0"
"MK00","pop_tot_Sheet_6",2022,"126220.0"
"MK00","pop_tot_Sheet_6",2023,"126057.0"
"MK00","pop_tot_Sheet_6",2024,"126264.0"
"TR10","pop_tot_Sheet_6",2015,"918360.0"
"TR10","pop_tot_Sheet_6",2016,"914801.0"
"TR10","pop_tot_Sheet_6",2017,"949652.0"
"TR10","pop_tot_Sheet_6",2018,"1026318.0"
"TR10","pop_tot_Sheet_6",2019,"1074259.0"
"TR10","pop_tot_Sheet_6",2020,"1145696.0"
"TR10","pop_tot_Sheet_6",2021,"1152690.0"
"TR10","pop_tot_Sheet_6",2022,"1183833.0"
"TR10","pop_tot_Sheet_6",2023,"1202013.0"
"TR10","pop_tot_Sheet_6",2024,"1196325.0"
"TR21","pop_tot_Sheet_6",2015,"112226.0"
"TR21","pop_tot_Sheet_6",2016,"111994.0"
"TR21","pop_tot_Sheet_6",2017,"115004.0"
"TR21","pop_tot_Sheet_6",2018,"120168.0"
"TR21","pop_tot_Sheet_6",2019,"123289.0"
"TR21","pop_tot_Sheet_6",2020,"127221.0"
"TR21","pop_tot_Sheet_6",2021,"129390.0"
"TR21","pop_tot_Sheet_6",2022,"132874.0"
"TR21","pop_tot_Sheet_6",2023,"137209.0"
"TR21","pop_tot_Sheet_6",2024,"141228.0"
"TR22","pop_tot_Sheet_6",2015,"120058.0"
"TR22","pop_tot_Sheet_6",2016,"117938.0"
"TR22","pop_tot_Sheet_6",2017,"119910.0"
"TR22","pop_tot_Sheet_6",2018,"122920.0"
"TR22","pop_tot_Sheet_6",2019,"125494.0"
"TR22","pop_tot_Sheet_6",2020,"126714.0"
"TR22","pop_tot_Sheet_6",2021,"127608.0"
"TR22","pop_tot_Sheet_6",2022,"129017.0"
"TR22","pop_tot_Sheet_6",2023,"130616.0"
"TR22","pop_tot_Sheet_6",2024,"132150.0"
"TR31","pop_tot_Sheet_6",2015,"282663.0"
"TR31","pop_tot_Sheet_6",2016,"280783.0"
"TR31","pop_tot_Sheet_6",2017,"288588.0"
"TR31","pop_tot_Sheet_6",2018,"302599.0"
"TR31","pop_tot_Sheet_6",2019,"312927.0"
"TR31","pop_tot_Sheet_6",2020,"323767.0"
"TR31","pop_tot_Sheet_6",2021,"327879.0"
"TR31","pop_tot_Sheet_6",2022,"332674.0"
"TR31","pop_tot_Sheet_6",2023,"338739.0"
"TR31","pop_tot_Sheet_6",2024,"345179.0"
"TR32","pop_tot_Sheet_6",2015,"200688.0"
"TR32","pop_tot_Sheet_6",2016,"200374.0"
"TR32","pop_tot_Sheet_6",2017,"204872.0"
"TR32","pop_tot_Sheet_6",2018,"213580.0"
"TR32","pop_tot_Sheet_6",2019,"219806.0"
"TR32","pop_tot_Sheet_6",2020,"224443.0"
"TR32","pop_tot_Sheet_6",2021,"227840.0"
"TR32","pop_tot_Sheet_6",2022,"233422.0"
"TR32","pop_tot_Sheet_6",2023,"238929.0"
"TR32","pop_tot_Sheet_6",2024,"244969.0"
"TR33","pop_tot_Sheet_6",2015,"194953.0"
"TR33","pop_tot_Sheet_6",2016,"192531.0"
"TR33","pop_tot_Sheet_6",2017,"195522.0"
"TR33","pop_tot_Sheet_6",2018,"202682.0"
"TR33","pop_tot_Sheet_6",2019,"207788.0"
"TR33","pop_tot_Sheet_6",2020,"210005.0"
"TR33","pop_tot_Sheet_6",2021,"210143.0"
"TR33","pop_tot_Sheet_6",2022,"213283.0"
"TR33","pop_tot_Sheet_6",2023,"217704.0"
"TR33","pop_tot_Sheet_6",2024,"221013.0"
"TR41","pop_tot_Sheet_6",2015,"256068.0"
"TR41","pop_tot_Sheet_6",2016,"255706.0"
"TR41","pop_tot_Sheet_6",2017,"263877.0"
"TR41","pop_tot_Sheet_6",2018,"277305.0"
"TR41","pop_tot_Sheet_6",2019,"288236.0"
"TR41","pop_tot_Sheet_6",2020,"299299.0"
"TR41","pop_tot_Sheet_6",2021,"302332.0"
"TR41","pop_tot_Sheet_6",2022,"307583.0"
"TR41","pop_tot_Sheet_6",2023,"314653.0"
"TR41","pop_tot_Sheet_6",2024,"319275.0"
"TR42","pop_tot_Sheet_6",2015,"220132.0"
"TR42","pop_tot_Sheet_6",2016,"218616.0"
"TR42","pop_tot_Sheet_6",2017,"227627.0"
"TR42","pop_tot_Sheet_6",2018,"245702.0"
"TR42","pop_tot_Sheet_6",2019,"259324.0"
"TR42","pop_tot_Sheet_6",2020,"271825.0"
"TR42","pop_tot_Sheet_6",2021,"278480.0"
"TR42","pop_tot_Sheet_6",2022,"286095.0"
"TR42","pop_tot_Sheet_6",2023,"294800.0"
"TR42","pop_tot_Sheet_6",2024,"302247.0"
"TR51","pop_tot_Sheet_6",2015,"349345.0"
"TR51","pop_tot_Sheet_6",2016,"345993.0"
"TR51","pop_tot_Sheet_6",2017,"357055.0"
"TR51","pop_tot_Sheet_6",2018,"378416.0"
"TR51","pop_tot_Sheet_6",2019,"390159.0"
"TR51","pop_tot_Sheet_6",2020,"404607.0"
"TR51","pop_tot_Sheet_6",2021,"407475.0"
"TR51","pop_tot_Sheet_6",2022,"414179.0"
"TR51","pop_tot_Sheet_6",2023,"422325.0"
"TR51","pop_tot_Sheet_6",2024,"428367.0"
"TR52","pop_tot_Sheet_6",2015,"138580.0"
"TR52","pop_tot_Sheet_6",2016,"137287.0"
"TR52","pop_tot_Sheet_6",2017,"142175.0"
"TR52","pop_tot_Sheet_6",2018,"148586.0"
"TR52","pop_tot_Sheet_6",2019,"153356.0"
"TR52","pop_tot_Sheet_6",2020,"156390.0"
"TR52","pop_tot_Sheet_6",2021,"155685.0"
"TR52","pop_tot_Sheet_6",2022,"157847.0"
"TR52","pop_tot_Sheet_6",2023,"161013.0"
"TR52","pop_tot_Sheet_6",2024,"164795.0"
"TR61","pop_tot_Sheet_6",2015,"195196.0"
"TR61","pop_tot_Sheet_6",2016,"196337.0"
"TR61","pop_tot_Sheet_6",2017,"203632.0"
"TR61","pop_tot_Sheet_6",2018,"216529.0"
"TR61","pop_tot_Sheet_6",2019,"228535.0"
"TR61","pop_tot_Sheet_6",2020,"237907.0"
"TR61","pop_tot_Sheet_6",2021,"239928.0"
"TR61","pop_tot_Sheet_6",2022,"246994.0"
"TR61","pop_tot_Sheet_6",2023,"253378.0"
"TR61","pop_tot_Sheet_6",2024,"257250.0"
"TR62","pop_tot_Sheet_6",2015,"243726.0"
"TR62","pop_tot_Sheet_6",2016,"236462.0"
"TR62","pop_tot_Sheet_6",2017,"244703.0"
"TR62","pop_tot_Sheet_6",2018,"258222.0"
"TR62","pop_tot_Sheet_6",2019,"269582.0"
"TR62","pop_tot_Sheet_6",2020,"279414.0"
"TR62","pop_tot_Sheet_6",2021,"281260.0"
"TR62","pop_tot_Sheet_6",2022,"284843.0"
"TR62","pop_tot_Sheet_6",2023,"290314.0"
"TR62","pop_tot_Sheet_6",2024,"293935.0"
"TR63","pop_tot_Sheet_6",2015,"173199.0"
"TR63","pop_tot_Sheet_6",2016,"169052.0"
"TR63","pop_tot_Sheet_6",2017,"178023.0"
"TR63","pop_tot_Sheet_6",2018,"189957.0"
"TR63","pop_tot_Sheet_6",2019,"202335.0"
"TR63","pop_tot_Sheet_6",2020,"211217.0"
"TR63","pop_tot_Sheet_6",2021,"211070.0"
"TR63","pop_tot_Sheet_6",2022,"213155.0"
"TR63","pop_tot_Sheet_6",2023,"217722.0"
"TR63","pop_tot_Sheet_6",2024,"207221.0"
"TR71","pop_tot_Sheet_6",2015,"93145.0"
"TR71","pop_tot_Sheet_6",2016,"89724.0"
"TR71","pop_tot_Sheet_6",2017,"92648.0"
"TR71","pop_tot_Sheet_6",2018,"97492.0"
"TR71","pop_tot_Sheet_6",2019,"102576.0"
"TR71","pop_tot_Sheet_6",2020,"104313.0"
"TR71","pop_tot_Sheet_6",2021,"103107.0"
"TR71","pop_tot_Sheet_6",2022,"103379.0"
"TR71","pop_tot_Sheet_6",2023,"104714.0"
"TR71","pop_tot_Sheet_6",2024,"108233.0"
"TR72","pop_tot_Sheet_6",2015,"137856.0"
"TR72","pop_tot_Sheet_6",2016,"133428.0"
"TR72","pop_tot_Sheet_6",2017,"136399.0"
"TR72","pop_tot_Sheet_6",2018,"145265.0"
"TR72","pop_tot_Sheet_6",2019,"153002.0"
"TR72","pop_tot_Sheet_6",2020,"157459.0"
"TR72","pop_tot_Sheet_6",2021,"157921.0"
"TR72","pop_tot_Sheet_6",2022,"160228.0"
"TR72","pop_tot_Sheet_6",2023,"162794.0"
"TR72","pop_tot_Sheet_6",2024,"167029.0"
"TR81","pop_tot_Sheet_6",2015,"68872.0"
"TR81","pop_tot_Sheet_6",2016,"67050.0"
"TR81","pop_tot_Sheet_6",2017,"68547.0"
"TR81","pop_tot_Sheet_6",2018,"70357.0"
"TR81","pop_tot_Sheet_6",2019,"72373.0"
"TR81","pop_tot_Sheet_6",2020,"72978.0"
"TR81","pop_tot_Sheet_6",2021,"74132.0"
"TR81","pop_tot_Sheet_6",2022,"74068.0"
"TR81","pop_tot_Sheet_6",2023,"75567.0"
"TR81","pop_tot_Sheet_6",2024,"77297.0"
"TR82","pop_tot_Sheet_6",2015,"43522.0"
"TR82","pop_tot_Sheet_6",2016,"41719.0"
"TR82","pop_tot_Sheet_6",2017,"42340.0"
"TR82","pop_tot_Sheet_6",2018,"44201.0"
"TR82","pop_tot_Sheet_6",2019,"49590.0"
"TR82","pop_tot_Sheet_6",2020,"48386.0"
"TR82","pop_tot_Sheet_6",2021,"47178.0"
"TR82","pop_tot_Sheet_6",2022,"47550.0"
"TR82","pop_tot_Sheet_6",2023,"48021.0"
"TR82","pop_tot_Sheet_6",2024,"51197.0"
"TR83","pop_tot_Sheet_6",2015,"170867.0"
"TR83","pop_tot_Sheet_6",2016,"160409.0"
"TR83","pop_tot_Sheet_6",2017,"164274.0"
"TR83","pop_tot_Sheet_6",2018,"175371.0"
"TR83","pop_tot_Sheet_6",2019,"185108.0"
"TR83","pop_tot_Sheet_6",2020,"190421.0"
"TR83","pop_tot_Sheet_6",2021,"187105.0"
"TR83","pop_tot_Sheet_6",2022,"189423.0"
"TR83","pop_tot_Sheet_6",2023,"191201.0"
"TR83","pop_tot_Sheet_6",2024,"195775.0"
"TR90","pop_tot_Sheet_6",2015,"165249.0"
"TR90","pop_tot_Sheet_6",2016,"155585.0"
"TR90","pop_tot_Sheet_6",2017,"162903.0"
"TR90","pop_tot_Sheet_6",2018,"170499.0"
"TR90","pop_tot_Sheet_6",2019,"182452.0"
"TR90","pop_tot_Sheet_6",2020,"183063.0"
"TR90","pop_tot_Sheet_6",2021,"179755.0"
"TR90","pop_tot_Sheet_6",2022,"179219.0"
"TR90","pop_tot_Sheet_6",2023,"178632.0"
"TR90","pop_tot_Sheet_6",2024,"182857.0"
"TRA1","pop_tot_Sheet_6",2015,"52829.0"
"TRA1","pop_tot_Sheet_6",2016,"50312.0"
"TRA1","pop_tot_Sheet_6",2017,"52628.0"
"TRA1","pop_tot_Sheet_6",2018,"56528.0"
"TRA1","pop_tot_Sheet_6",2019,"61237.0"
"TRA1","pop_tot_Sheet_6",2020,"63791.0"
"TRA1","pop_tot_Sheet_6",2021,"63480.0"
"TRA1","pop_tot_Sheet_6",2022,"63139.0"
"TRA1","pop_tot_Sheet_6",2023,"63060.0"
"TRA1","pop_tot_Sheet_6",2024,"63393.0"
"TRA2","pop_tot_Sheet_6",2015,"43584.0"
"TRA2","pop_tot_Sheet_6",2016,"39892.0"
"TRA2","pop_tot_Sheet_6",2017,"40540.0"
"TRA2","pop_tot_Sheet_6",2018,"46534.0"
"TRA2","pop_tot_Sheet_6",2019,"52160.0"
"TRA2","pop_tot_Sheet_6",2020,"57269.0"
"TRA2","pop_tot_Sheet_6",2021,"57015.0"
"TRA2","pop_tot_Sheet_6",2022,"56152.0"
"TRA2","pop_tot_Sheet_6",2023,"53929.0"
"TRA2","pop_tot_Sheet_6",2024,"53252.0"
"TRB1","pop_tot_Sheet_6",2015,"93357.0"
"TRB1","pop_tot_Sheet_6",2016,"89718.0"
"TRB1","pop_tot_Sheet_6",2017,"93380.0"
"TRB1","pop_tot_Sheet_6",2018,"101614.0"
"TRB1","pop_tot_Sheet_6",2019,"110328.0"
"TRB1","pop_tot_Sheet_6",2020,"115844.0"
"TRB1","pop_tot_Sheet_6",2021,"115373.0"
"TRB1","pop_tot_Sheet_6",2022,"115946.0"
"TRB1","pop_tot_Sheet_6",2023,"117188.0"
"TRB1","pop_tot_Sheet_6",2024,"114568.0"
"TRB2","pop_tot_Sheet_6",2015,"72559.0"
"TRB2","pop_tot_Sheet_6",2016,"67500.0"
"TRB2","pop_tot_Sheet_6",2017,"69136.0"
"TRB2","pop_tot_Sheet_6",2018,"79065.0"
"TRB2","pop_tot_Sheet_6",2019,"89034.0"
"TRB2","pop_tot_Sheet_6",2020,"98217.0"
"TRB2","pop_tot_Sheet_6",2021,"99139.0"
"TRB2","pop_tot_Sheet_6",2022,"98954.0"
"TRB2","pop_tot_Sheet_6",2023,"96651.0"
"TRB2","pop_tot_Sheet_6",2024,"97098.0"
"TRC1","pop_tot_Sheet_6",2015,"121925.0"
"TRC1","pop_tot_Sheet_6",2016,"118373.0"
"TRC1","pop_tot_Sheet_6",2017,"126154.0"
"TRC1","pop_tot_Sheet_6",2018,"136268.0"
"TRC1","pop_tot_Sheet_6",2019,"146728.0"
"TRC1","pop_tot_Sheet_6",2020,"154911.0"
"TRC1","pop_tot_Sheet_6",2021,"156492.0"
"TRC1","pop_tot_Sheet_6",2022,"161280.0"
"TRC1","pop_tot_Sheet_6",2023,"167378.0"
"TRC1","pop_tot_Sheet_6",2024,"168353.0"
"TRC2","pop_tot_Sheet_6",2015,"130736.0"
"TRC2","pop_tot_Sheet_6",2016,"125888.0"
"TRC2","pop_tot_Sheet_6",2017,"132571.0"
"TRC2","pop_tot_Sheet_6",2018,"144718.0"
"TRC2","pop_tot_Sheet_6",2019,"158161.0"
"TRC2","pop_tot_Sheet_6",2020,"168219.0"
"TRC2","pop_tot_Sheet_6",2021,"170350.0"
"TRC2","pop_tot_Sheet_6",2022,"174694.0"
"TRC2","pop_tot_Sheet_6",2023,"179956.0"
"TRC2","pop_tot_Sheet_6",2024,"184640.0"
"TRC3","pop_tot_Sheet_6",2015,"74567.0"
"TRC3","pop_tot_Sheet_6",2016,"72607.0"
"TRC3","pop_tot_Sheet_6",2017,"76354.0"
"TRC3","pop_tot_Sheet_6",2018,"84258.0"
"TRC3","pop_tot_Sheet_6",2019,"92868.0"
"TRC3","pop_tot_Sheet_6",2020,"100183.0"
"TRC3","pop_tot_Sheet_6",2021,"100839.0"
"TRC3","pop_tot_Sheet_6",2022,"102430.0"
"TRC3","pop_tot_Sheet_6",2023,"105028.0"
"TRC3","pop_tot_Sheet_6",2024,"109145.0"
