"region_id","indicator","year","value"
"BE10","pop_tot_total",2015,"78269.0"
"BE10","pop_tot_total",2016,"79083.0"
"BE10","pop_tot_total",2017,"76923.0"
"BE10","pop_tot_total",2018,"76814.0"
"BE10","pop_tot_total",2019,"77144.0"
"BE10","pop_tot_total",2020,"77902.0"
"BE10","pop_tot_total",2021,"78039.0"
"BE10","pop_tot_total",2022,"79273.0"
"BE10","pop_tot_total",2023,"83831.0"
"BE10","pop_tot_total",2024,"86553.0"
"BE21","pop_tot_total",2015,"109624.0"
"BE21","pop_tot_total",2016,"108977.0"
"BE21","pop_tot_total",2017,"107722.0"
"BE21","pop_tot_total",2018,"106372.0"
"BE21","pop_tot_total",2019,"105927.0"
"BE21","pop_tot_total",2020,"105858.0"
"BE21","pop_tot_total",2021,"105560.0"
"BE21","pop_tot_total",2022,"105471.0"
"BE21","pop_tot_total",2023,"106705.0"
"BE21","pop_tot_total",2024,"108293.0"
"BE22","pop_tot_total",2015,"51462.0"
"BE22","pop_tot_total",2016,"50732.0"
"BE22","pop_tot_total",2017,"49342.0"
"BE22","pop_tot_total",2018,"48357.0"
"BE22","pop_tot_total",2019,"47299.0"
"BE22","pop_tot_total",2020,"47359.0"
"BE22","pop_tot_total",2021,"47070.0"
"BE22","pop_tot_total",2022,"47271.0"
"BE22","pop_tot_total",2023,"47413.0"
"BE22","pop_tot_total",2024,"47483.0"
"BE23","pop_tot_total",2015,"87434.0"
"BE23","pop_tot_total",2016,"87114.0"
"BE23","pop_tot_total",2017,"86707.0"
"BE23","pop_tot_total",2018,"86393.0"
"BE23","pop_tot_total",2019,"85950.0"
"BE23","pop_tot_total",2020,"86255.0"
"BE23","pop_tot_total",2021,"86589.0"
"BE23","pop_tot_total",2022,"86577.0"
"BE23","pop_tot_total",2023,"87067.0"
"BE23","pop_tot_total",2024,"87527.0"
"BE24","pop_tot_total",2015,"66656.0"
"BE24","pop_tot_total",2016,"66784.0"
"BE24","pop_tot_total",2017,"66703.0"
"BE24","pop_tot_total",2018,"66608.0"
"BE24","pop_tot_total",2019,"66928.0"
"BE24","pop_tot_total",2020,"67262.0"
"BE24","pop_tot_total",2021,"67259.0"
"BE24","pop_tot_total",2022,"67808.0"
"BE24","pop_tot_total",2023,"68557.0"
"BE24","pop_tot_total",2024,"69545.0"
"BE25","pop_tot_total",2015,"71457.0"
"BE25","pop_tot_total",2016,"70480.0"
"BE25","pop_tot_total",2017,"69345.0"
"BE25","pop_tot_total",2018,"68115.0"
"BE25","pop_tot_total",2019,"67122.0"
"BE25","pop_tot_total",2020,"66083.0"
"BE25","pop_tot_total",2021,"65356.0"
"BE25","pop_tot_total",2022,"64797.0"
"BE25","pop_tot_total",2023,"64765.0"
"BE25","pop_tot_total",2024,"64665.0"
"BE31","pop_tot_total",2015,"26153.0"
"BE31","pop_tot_total",2016,"26076.0"
"BE31","pop_tot_total",2017,"25749.0"
"BE31","pop_tot_total",2018,"25383.0"
"BE31","pop_tot_total",2019,"25216.0"
"BE31","pop_tot_total",2020,"25213.0"
"BE31","pop_tot_total",2021,"25470.0"
"BE31","pop_tot_total",2022,"25499.0"
"BE31","pop_tot_total",2023,"25647.0"
"BE31","pop_tot_total",2024,"25702.0"
"BE32","pop_tot_total",2015,"83298.0"
"BE32","pop_tot_total",2016,"82093.0"
"BE32","pop_tot_total",2017,"80453.0"
"BE32","pop_tot_total",2018,"79306.0"
"BE32","pop_tot_total",2019,"79285.0"
"BE32","pop_tot_total",2020,"80225.0"
"BE32","pop_tot_total",2021,"81230.0"
"BE32","pop_tot_total",2022,"82173.0"
"BE32","pop_tot_total",2023,"82470.0"
"BE32","pop_tot_total",2024,"82627.0"
"BE33","pop_tot_total",2015,"71373.0"
"BE33","pop_tot_total",2016,"70004.0"
"BE33","pop_tot_total",2017,"68643.0"
"BE33","pop_tot_total",2018,"67595.0"
"BE33","pop_tot_total",2019,"66886.0"
"BE33","pop_tot_total",2020,"66946.0"
"BE33","pop_tot_total",2021,"67320.0"
"BE33","pop_tot_total",2022,"67804.0"
"BE33","pop_tot_total",2023,"68205.0"
"BE33","pop_tot_total",2024,"68436.0"
"BE34","pop_tot_total",2015,"18184.0"
"BE34","pop_tot_total",2016,"18515.0"
"BE34","pop_tot_total",2017,"18371.0"
"BE34","pop_tot_total",2018,"17952.0"
"BE34","pop_tot_total",2019,"17994.0"
"BE34","pop_tot_total",2020,"18466.0"
"BE34","pop_tot_total",2021,"18760.0"
"BE34","pop_tot_total",2022,"18919.0"
"BE34","pop_tot_total",2023,"19039.0"
"BE34","pop_tot_total",2024,"18892.0"
"BE35","pop_tot_total",2015,"31658.0"
"BE35","pop_tot_total",2016,"31402.0"
"BE35","pop_tot_total",2017,"31182.0"
"BE35","pop_tot_total",2018,"30567.0"
"BE35","pop_tot_total",2019,"30569.0"
"BE35","pop_tot_total",2020,"30748.0"
"BE35","pop_tot_total",2021,"31157.0"
"BE35","pop_tot_total",2022,"31417.0"
"BE35","pop_tot_total",2023,"31394.0"
"BE35","pop_tot_total",2024,"31392.0"
"BG31","pop_tot_total",2015,"35721.0"
"BG31","pop_tot_total",2016,"32900.0"
"BG31","pop_tot_total",2017,"30538.0"
"BG31","pop_tot_total",2018,"28394.0"
"BG31","pop_tot_total",2019,"26457.0"
"BG31","pop_tot_total",2020,"25720.0"
"BG31","pop_tot_total",2021,"26613.0"
"BG31","pop_tot_total",2022,"26052.0"
"BG31","pop_tot_total",2023,"26076.0"
"BG31","pop_tot_total",2024,"26293.0"
"BG32","pop_tot_total",2015,"40444.0"
"BG32","pop_tot_total",2016,"36992.0"
"BG32","pop_tot_total",2017,"34108.0"
"BG32","pop_tot_total",2018,"31059.0"
"BG32","pop_tot_total",2019,"27711.0"
"BG32","pop_tot_total",2020,"25259.0"
"BG32","pop_tot_total",2021,"25611.0"
"BG32","pop_tot_total",2022,"25562.0"
"BG32","pop_tot_total",2023,"26291.0"
"BG32","pop_tot_total",2024,"27027.0"
"BG33","pop_tot_total",2015,"49816.0"
"BG33","pop_tot_total",2016,"45405.0"
"BG33","pop_tot_total",2017,"41599.0"
"BG33","pop_tot_total",2018,"38291.0"
"BG33","pop_tot_total",2019,"34971.0"
"BG33","pop_tot_total",2020,"33039.0"
"BG33","pop_tot_total",2021,"34022.0"
"BG33","pop_tot_total",2022,"34504.0"
"BG33","pop_tot_total",2023,"35369.0"
"BG33","pop_tot_total",2024,"36709.0"
"BG34","pop_tot_total",2015,"51396.0"
"BG34","pop_tot_total",2016,"46762.0"
"BG34","pop_tot_total",2017,"43181.0"
"BG34","pop_tot_total",2018,"40163.0"
"BG34","pop_tot_total",2019,"37309.0"
"BG34","pop_tot_total",2020,"36154.0"
"BG34","pop_tot_total",2021,"37339.0"
"BG34","pop_tot_total",2022,"36945.0"
"BG34","pop_tot_total",2023,"37309.0"
"BG34","pop_tot_total",2024,"38380.0"
"BG41","pop_tot_total",2015,"128607.0"
"BG41","pop_tot_total",2016,"118147.0"
"BG41","pop_tot_total",2017,"109986.0"
"BG41","pop_tot_total",2018,"102860.0"
"BG41","pop_tot_total",2019,"95514.0"
"BG41","pop_tot_total",2020,"90373.0"
"BG41","pop_tot_total",2021,"90210.0"
"BG41","pop_tot_total",2022,"89943.0"
"BG41","pop_tot_total",2023,"93512.0"
"BG41","pop_tot_total",2024,"95887.0"
"BG42","pop_tot_total",2015,"73458.0"
"BG42","pop_tot_total",2016,"67335.0"
"BG42","pop_tot_total",2017,"62619.0"
"BG42","pop_tot_total",2018,"58260.0"
"BG42","pop_tot_total",2019,"53664.0"
"BG42","pop_tot_total",2020,"51528.0"
"BG42","pop_tot_total",2021,"52884.0"
"BG42","pop_tot_total",2022,"52493.0"
"BG42","pop_tot_total",2023,"53583.0"
"BG42","pop_tot_total",2024,"55170.0"
"CZ01","pop_tot_total",2015,"65740.0"
"CZ01","pop_tot_total",2016,"62181.0"
"CZ01","pop_tot_total",2017,"58818.0"
"CZ01","pop_tot_total",2018,"56819.0"
"CZ01","pop_tot_total",2019,"55105.0"
"CZ01","pop_tot_total",2020,"54717.0"
"CZ01","pop_tot_total",2021,"52749.0"
"CZ01","pop_tot_total",2022,"55225.0"
"CZ01","pop_tot_total",2023,"63416.0"
"CZ01","pop_tot_total",2024,"67668.0"
"CZ02","pop_tot_total",2015,"73074.0"
"CZ02","pop_tot_total",2016,"70081.0"
"CZ02","pop_tot_total",2017,"66313.0"
"CZ02","pop_tot_total",2018,"63566.0"
"CZ02","pop_tot_total",2019,"60904.0"
"CZ02","pop_tot_total",2020,"59461.0"
"CZ02","pop_tot_total",2021,"58709.0"
"CZ02","pop_tot_total",2022,"60041.0"
"CZ02","pop_tot_total",2023,"64030.0"
"CZ02","pop_tot_total",2024,"66007.0"
"CZ03","pop_tot_total",2015,"71321.0"
"CZ03","pop_tot_total",2016,"67570.0"
"CZ03","pop_tot_total",2017,"63410.0"
"CZ03","pop_tot_total",2018,"60465.0"
"CZ03","pop_tot_total",2019,"57404.0"
"CZ03","pop_tot_total",2020,"55724.0"
"CZ03","pop_tot_total",2021,"54367.0"
"CZ03","pop_tot_total",2022,"54917.0"
"CZ03","pop_tot_total",2023,"58996.0"
"CZ03","pop_tot_total",2024,"60185.0"
"CZ04","pop_tot_total",2015,"68255.0"
"CZ04","pop_tot_total",2016,"64754.0"
"CZ04","pop_tot_total",2017,"60576.0"
"CZ04","pop_tot_total",2018,"57360.0"
"CZ04","pop_tot_total",2019,"54305.0"
"CZ04","pop_tot_total",2020,"52365.0"
"CZ04","pop_tot_total",2021,"51465.0"
"CZ04","pop_tot_total",2022,"51829.0"
"CZ04","pop_tot_total",2023,"54067.0"
"CZ04","pop_tot_total",2024,"54791.0"
"CZ05","pop_tot_total",2015,"91244.0"
"CZ05","pop_tot_total",2016,"86700.0"
"CZ05","pop_tot_total",2017,"81552.0"
"CZ05","pop_tot_total",2018,"77315.0"
"CZ05","pop_tot_total",2019,"73503.0"
"CZ05","pop_tot_total",2020,"71807.0"
"CZ05","pop_tot_total",2021,"70311.0"
"CZ05","pop_tot_total",2022,"70346.0"
"CZ05","pop_tot_total",2023,"73312.0"
"CZ05","pop_tot_total",2024,"73632.0"
"CZ06","pop_tot_total",2015,"101950.0"
"CZ06","pop_tot_total",2016,"96353.0"
"CZ06","pop_tot_total",2017,"90293.0"
"CZ06","pop_tot_total",2018,"85205.0"
"CZ06","pop_tot_total",2019,"79889.0"
"CZ06","pop_tot_total",2020,"76732.0"
"CZ06","pop_tot_total",2021,"75168.0"
"CZ06","pop_tot_total",2022,"75421.0"
"CZ06","pop_tot_total",2023,"79273.0"
"CZ06","pop_tot_total",2024,"80558.0"
"CZ07","pop_tot_total",2015,"75190.0"
"CZ07","pop_tot_total",2016,"70654.0"
"CZ07","pop_tot_total",2017,"65537.0"
"CZ07","pop_tot_total",2018,"61389.0"
"CZ07","pop_tot_total",2019,"57712.0"
"CZ07","pop_tot_total",2020,"55506.0"
"CZ07","pop_tot_total",2021,"54156.0"
"CZ07","pop_tot_total",2022,"54386.0"
"CZ07","pop_tot_total",2023,"56037.0"
"CZ07","pop_tot_total",2024,"56429.0"
"CZ08","pop_tot_total",2015,"77215.0"
"CZ08","pop_tot_total",2016,"72229.0"
"CZ08","pop_tot_total",2017,"67202.0"
"CZ08","pop_tot_total",2018,"63079.0"
"CZ08","pop_tot_total",2019,"59195.0"
"CZ08","pop_tot_total",2020,"56720.0"
"CZ08","pop_tot_total",2021,"55051.0"
"CZ08","pop_tot_total",2022,"54841.0"
"CZ08","pop_tot_total",2023,"55887.0"
"CZ08","pop_tot_total",2024,"56540.0"
"DK01","pop_tot_total",2015,"128502.0"
"DK01","pop_tot_total",2016,"131876.0"
"DK01","pop_tot_total",2017,"133324.0"
"DK01","pop_tot_total",2018,"133674.0"
"DK01","pop_tot_total",2019,"132501.0"
"DK01","pop_tot_total",2020,"130155.0"
"DK01","pop_tot_total",2021,"129236.0"
"DK01","pop_tot_total",2022,"130341.0"
"DK01","pop_tot_total",2023,"131190.0"
"DK01","pop_tot_total",2024,"132571.0"
"DK02","pop_tot_total",2015,"41856.0"
"DK02","pop_tot_total",2016,"43666.0"
"DK02","pop_tot_total",2017,"44324.0"
"DK02","pop_tot_total",2018,"43762.0"
"DK02","pop_tot_total",2019,"43331.0"
"DK02","pop_tot_total",2020,"42018.0"
"DK02","pop_tot_total",2021,"40527.0"
"DK02","pop_tot_total",2022,"39857.0"
"DK02","pop_tot_total",2023,"40138.0"
"DK02","pop_tot_total",2024,"40746.0"
"DK03","pop_tot_total",2015,"73945.0"
"DK03","pop_tot_total",2016,"75418.0"
"DK03","pop_tot_total",2017,"76070.0"
"DK03","pop_tot_total",2018,"76284.0"
"DK03","pop_tot_total",2019,"75403.0"
"DK03","pop_tot_total",2020,"73740.0"
"DK03","pop_tot_total",2021,"72034.0"
"DK03","pop_tot_total",2022,"71490.0"
"DK03","pop_tot_total",2023,"70485.0"
"DK03","pop_tot_total",2024,"69899.0"
"DK04","pop_tot_total",2015,"92074.0"
"DK04","pop_tot_total",2016,"94108.0"
"DK04","pop_tot_total",2017,"95606.0"
"DK04","pop_tot_total",2018,"96262.0"
"DK04","pop_tot_total",2019,"96686.0"
"DK04","pop_tot_total",2020,"95512.0"
"DK04","pop_tot_total",2021,"94260.0"
"DK04","pop_tot_total",2022,"94474.0"
"DK04","pop_tot_total",2023,"95023.0"
"DK04","pop_tot_total",2024,"94928.0"
"DK05","pop_tot_total",2015,"40663.0"
"DK05","pop_tot_total",2016,"41681.0"
"DK05","pop_tot_total",2017,"41998.0"
"DK05","pop_tot_total",2018,"41590.0"
"DK05","pop_tot_total",2019,"41069.0"
"DK05","pop_tot_total",2020,"40466.0"
"DK05","pop_tot_total",2021,"39847.0"
"DK05","pop_tot_total",2022,"39285.0"
"DK05","pop_tot_total",2023,"38542.0"
"DK05","pop_tot_total",2024,"37534.0"
"DE11","pop_tot_total",2015,"236658.0"
"DE11","pop_tot_total",2016,"240874.0"
"DE11","pop_tot_total",2017,"241035.0"
"DE11","pop_tot_total",2018,"242688.0"
"DE11","pop_tot_total",2019,"240903.0"
"DE11","pop_tot_total",2020,"239133.0"
"DE11","pop_tot_total",2021,"234242.0"
"DE11","pop_tot_total",2022,"229688.0"
"DE11","pop_tot_total",2023,"226593.0"
"DE11","pop_tot_total",2024,"224573.0"
"DE12","pop_tot_total",2015,"174780.0"
"DE12","pop_tot_total",2016,"177858.0"
"DE12","pop_tot_total",2017,"178713.0"
"DE12","pop_tot_total",2018,"180719.0"
"DE12","pop_tot_total",2019,"179303.0"
"DE12","pop_tot_total",2020,"177845.0"
"DE12","pop_tot_total",2021,"174585.0"
"DE12","pop_tot_total",2022,"170588.0"
"DE12","pop_tot_total",2023,"170320.0"
"DE12","pop_tot_total",2024,"169847.0"
"DE13","pop_tot_total",2015,"137633.0"
"DE13","pop_tot_total",2016,"139556.0"
"DE13","pop_tot_total",2017,"139262.0"
"DE13","pop_tot_total",2018,"140692.0"
"DE13","pop_tot_total",2019,"139180.0"
"DE13","pop_tot_total",2020,"137763.0"
"DE13","pop_tot_total",2021,"135611.0"
"DE13","pop_tot_total",2022,"132942.0"
"DE13","pop_tot_total",2023,"131071.0"
"DE13","pop_tot_total",2024,"130709.0"
"DE14","pop_tot_total",2015,"115895.0"
"DE14","pop_tot_total",2016,"117549.0"
"DE14","pop_tot_total",2017,"117425.0"
"DE14","pop_tot_total",2018,"117699.0"
"DE14","pop_tot_total",2019,"117552.0"
"DE14","pop_tot_total",2020,"116956.0"
"DE14","pop_tot_total",2021,"114687.0"
"DE14","pop_tot_total",2022,"112910.0"
"DE14","pop_tot_total",2023,"111026.0"
"DE14","pop_tot_total",2024,"110144.0"
"DE21","pop_tot_total",2015,"267311.0"
"DE21","pop_tot_total",2016,"269841.0"
"DE21","pop_tot_total",2017,"273347.0"
"DE21","pop_tot_total",2018,"275008.0"
"DE21","pop_tot_total",2019,"276884.0"
"DE21","pop_tot_total",2020,"276717.0"
"DE21","pop_tot_total",2021,"271798.0"
"DE21","pop_tot_total",2022,"269461.0"
"DE21","pop_tot_total",2023,"257872.0"
"DE21","pop_tot_total",2024,"256970.0"
"DE22","pop_tot_total",2015,"74078.0"
"DE22","pop_tot_total",2016,"74442.0"
"DE22","pop_tot_total",2017,"73818.0"
"DE22","pop_tot_total",2018,"74070.0"
"DE22","pop_tot_total",2019,"73678.0"
"DE22","pop_tot_total",2020,"73239.0"
"DE22","pop_tot_total",2021,"72234.0"
"DE22","pop_tot_total",2022,"70916.0"
"DE22","pop_tot_total",2023,"67960.0"
"DE22","pop_tot_total",2024,"67521.0"
"DE23","pop_tot_total",2015,"67612.0"
"DE23","pop_tot_total",2016,"67065.0"
"DE23","pop_tot_total",2017,"66980.0"
"DE23","pop_tot_total",2018,"67131.0"
"DE23","pop_tot_total",2019,"66905.0"
"DE23","pop_tot_total",2020,"66238.0"
"DE23","pop_tot_total",2021,"64814.0"
"DE23","pop_tot_total",2022,"64128.0"
"DE23","pop_tot_total",2023,"61212.0"
"DE23","pop_tot_total",2024,"61012.0"
"DE24","pop_tot_total",2015,"63831.0"
"DE24","pop_tot_total",2016,"62509.0"
"DE24","pop_tot_total",2017,"61838.0"
"DE24","pop_tot_total",2018,"62039.0"
"DE24","pop_tot_total",2019,"61728.0"
"DE24","pop_tot_total",2020,"60858.0"
"DE24","pop_tot_total",2021,"59749.0"
"DE24","pop_tot_total",2022,"58588.0"
"DE24","pop_tot_total",2023,"55889.0"
"DE24","pop_tot_total",2024,"55020.0"
"DE25","pop_tot_total",2015,"103876.0"
"DE25","pop_tot_total",2016,"104404.0"
"DE25","pop_tot_total",2017,"104068.0"
"DE25","pop_tot_total",2018,"104085.0"
"DE25","pop_tot_total",2019,"103898.0"
"DE25","pop_tot_total",2020,"103070.0"
"DE25","pop_tot_total",2021,"101374.0"
"DE25","pop_tot_total",2022,"99625.0"
"DE25","pop_tot_total",2023,"95531.0"
"DE25","pop_tot_total",2024,"95015.0"
"DE26","pop_tot_total",2015,"80164.0"
"DE26","pop_tot_total",2016,"79028.0"
"DE26","pop_tot_total",2017,"78242.0"
"DE26","pop_tot_total",2018,"77827.0"
"DE26","pop_tot_total",2019,"77152.0"
"DE26","pop_tot_total",2020,"75785.0"
"DE26","pop_tot_total",2021,"74165.0"
"DE26","pop_tot_total",2022,"72958.0"
"DE26","pop_tot_total",2023,"69589.0"
"DE26","pop_tot_total",2024,"69337.0"
"DE27","pop_tot_total",2015,"110436.0"
"DE27","pop_tot_total",2016,"111438.0"
"DE27","pop_tot_total",2017,"110412.0"
"DE27","pop_tot_total",2018,"110832.0"
"DE27","pop_tot_total",2019,"110672.0"
"DE27","pop_tot_total",2020,"110992.0"
"DE27","pop_tot_total",2021,"109203.0"
"DE27","pop_tot_total",2022,"107881.0"
"DE27","pop_tot_total",2023,"103085.0"
"DE27","pop_tot_total",2024,"102440.0"
"DE30","pop_tot_total",2015,"197803.0"
"DE30","pop_tot_total",2016,"190476.0"
"DE30","pop_tot_total",2017,"194590.0"
"DE30","pop_tot_total",2018,"198040.0"
"DE30","pop_tot_total",2019,"200052.0"
"DE30","pop_tot_total",2020,"202015.0"
"DE30","pop_tot_total",2021,"197952.0"
"DE30","pop_tot_total",2022,"198651.0"
"DE30","pop_tot_total",2023,"195012.0"
"DE30","pop_tot_total",2024,"198753.0"
"DE40","pop_tot_total",2015,"85388.0"
"DE40","pop_tot_total",2016,"79502.0"
"DE40","pop_tot_total",2017,"79027.0"
"DE40","pop_tot_total",2018,"81485.0"
"DE40","pop_tot_total",2019,"85581.0"
"DE40","pop_tot_total",2020,"90100.0"
"DE40","pop_tot_total",2021,"94354.0"
"DE40","pop_tot_total",2022,"96881.0"
"DE40","pop_tot_total",2023,"97933.0"
"DE40","pop_tot_total",2024,"101388.0"
"DE50","pop_tot_total",2015,"43339.0"
"DE50","pop_tot_total",2016,"43072.0"
"DE50","pop_tot_total",2017,"43516.0"
"DE50","pop_tot_total",2018,"44003.0"
"DE50","pop_tot_total",2019,"44882.0"
"DE50","pop_tot_total",2020,"45010.0"
"DE50","pop_tot_total",2021,"44441.0"
"DE50","pop_tot_total",2022,"43494.0"
"DE50","pop_tot_total",2023,"44299.0"
"DE50","pop_tot_total",2024,"44105.0"
"DE60","pop_tot_total",2015,"107112.0"
"DE60","pop_tot_total",2016,"106528.0"
"DE60","pop_tot_total",2017,"109296.0"
"DE60","pop_tot_total",2018,"111908.0"
"DE60","pop_tot_total",2019,"112486.0"
"DE60","pop_tot_total",2020,"112172.0"
"DE60","pop_tot_total",2021,"112162.0"
"DE60","pop_tot_total",2022,"110866.0"
"DE60","pop_tot_total",2023,"108523.0"
"DE60","pop_tot_total",2024,"108977.0"
"DE71","pop_tot_total",2015,"214259.0"
"DE71","pop_tot_total",2016,"217482.0"
"DE71","pop_tot_total",2017,"219385.0"
"DE71","pop_tot_total",2018,"222920.0"
"DE71","pop_tot_total",2019,"224540.0"
"DE71","pop_tot_total",2020,"225317.0"
"DE71","pop_tot_total",2021,"223439.0"
"DE71","pop_tot_total",2022,"219754.0"
"DE71","pop_tot_total",2023,"213282.0"
"DE71","pop_tot_total",2024,"213744.0"
"DE72","pop_tot_total",2015,"70346.0"
"DE72","pop_tot_total",2016,"71341.0"
"DE72","pop_tot_total",2017,"71351.0"
"DE72","pop_tot_total",2018,"72475.0"
"DE72","pop_tot_total",2019,"72307.0"
"DE72","pop_tot_total",2020,"71952.0"
"DE72","pop_tot_total",2021,"70566.0"
"DE72","pop_tot_total",2022,"68750.0"
"DE72","pop_tot_total",2023,"64738.0"
"DE72","pop_tot_total",2024,"63816.0"
"DE73","pop_tot_total",2015,"68254.0"
"DE73","pop_tot_total",2016,"69678.0"
"DE73","pop_tot_total",2017,"69955.0"
"DE73","pop_tot_total",2018,"70491.0"
"DE73","pop_tot_total",2019,"70001.0"
"DE73","pop_tot_total",2020,"69151.0"
"DE73","pop_tot_total",2021,"67652.0"
"DE73","pop_tot_total",2022,"66858.0"
"DE73","pop_tot_total",2023,"62508.0"
"DE73","pop_tot_total",2024,"61432.0"
"DE80","pop_tot_total",2015,"64579.0"
"DE80","pop_tot_total",2016,"58601.0"
"DE80","pop_tot_total",2017,"57055.0"
"DE80","pop_tot_total",2018,"58188.0"
"DE80","pop_tot_total",2019,"60347.0"
"DE80","pop_tot_total",2020,"62919.0"
"DE80","pop_tot_total",2021,"65956.0"
"DE80","pop_tot_total",2022,"67620.0"
"DE80","pop_tot_total",2023,"65628.0"
"DE80","pop_tot_total",2024,"67371.0"
"DE91","pop_tot_total",2015,"93099.0"
"DE91","pop_tot_total",2016,"95135.0"
"DE91","pop_tot_total",2017,"93649.0"
"DE91","pop_tot_total",2018,"93989.0"
"DE91","pop_tot_total",2019,"93710.0"
"DE91","pop_tot_total",2020,"93162.0"
"DE91","pop_tot_total",2021,"90626.0"
"DE91","pop_tot_total",2022,"89052.0"
"DE91","pop_tot_total",2023,"86492.0"
"DE91","pop_tot_total",2024,"84958.0"
"DE92","pop_tot_total",2015,"118407.0"
"DE92","pop_tot_total",2016,"121582.0"
"DE92","pop_tot_total",2017,"122036.0"
"DE92","pop_tot_total",2018,"123363.0"
"DE92","pop_tot_total",2019,"124267.0"
"DE92","pop_tot_total",2020,"123061.0"
"DE92","pop_tot_total",2021,"121874.0"
"DE92","pop_tot_total",2022,"120335.0"
"DE92","pop_tot_total",2023,"113941.0"
"DE92","pop_tot_total",2024,"112420.0"
"DE93","pop_tot_total",2015,"86463.0"
"DE93","pop_tot_total",2016,"89275.0"
"DE93","pop_tot_total",2017,"89033.0"
"DE93","pop_tot_total",2018,"89134.0"
"DE93","pop_tot_total",2019,"88977.0"
"DE93","pop_tot_total",2020,"89008.0"
"DE93","pop_tot_total",2021,"88964.0"
"DE93","pop_tot_total",2022,"88156.0"
"DE93","pop_tot_total",2023,"83370.0"
"DE93","pop_tot_total",2024,"82462.0"
"DE94","pop_tot_total",2015,"151084.0"
"DE94","pop_tot_total",2016,"154634.0"
"DE94","pop_tot_total",2017,"154681.0"
"DE94","pop_tot_total",2018,"155792.0"
"DE94","pop_tot_total",2019,"155274.0"
"DE94","pop_tot_total",2020,"155160.0"
"DE94","pop_tot_total",2021,"154796.0"
"DE94","pop_tot_total",2022,"152935.0"
"DE94","pop_tot_total",2023,"145856.0"
"DE94","pop_tot_total",2024,"143361.0"
"DEA1","pop_tot_total",2015,"288825.0"
"DEA1","pop_tot_total",2016,"293168.0"
"DEA1","pop_tot_total",2017,"291022.0"
"DEA1","pop_tot_total",2018,"289009.0"
"DEA1","pop_tot_total",2019,"285261.0"
"DEA1","pop_tot_total",2020,"282280.0"
"DEA1","pop_tot_total",2021,"278443.0"
"DEA1","pop_tot_total",2022,"273523.0"
"DEA1","pop_tot_total",2023,"267626.0"
"DEA1","pop_tot_total",2024,"265986.0"
"DEA2","pop_tot_total",2015,"270727.0"
"DEA2","pop_tot_total",2016,"275345.0"
"DEA2","pop_tot_total",2017,"274899.0"
"DEA2","pop_tot_total",2018,"276605.0"
"DEA2","pop_tot_total",2019,"277048.0"
"DEA2","pop_tot_total",2020,"276492.0"
"DEA2","pop_tot_total",2021,"272846.0"
"DEA2","pop_tot_total",2022,"268512.0"
"DEA2","pop_tot_total",2023,"259176.0"
"DEA2","pop_tot_total",2024,"256680.0"
"DEA3","pop_tot_total",2015,"160293.0"
"DEA3","pop_tot_total",2016,"163268.0"
"DEA3","pop_tot_total",2017,"161979.0"
"DEA3","pop_tot_total",2018,"160939.0"
"DEA3","pop_tot_total",2019,"159351.0"
"DEA3","pop_tot_total",2020,"158413.0"
"DEA3","pop_tot_total",2021,"157106.0"
"DEA3","pop_tot_total",2022,"155537.0"
"DEA3","pop_tot_total",2023,"151568.0"
"DEA3","pop_tot_total",2024,"150265.0"
"DEA4","pop_tot_total",2015,"122582.0"
"DEA4","pop_tot_total",2016,"125517.0"
"DEA4","pop_tot_total",2017,"123357.0"
"DEA4","pop_tot_total",2018,"123394.0"
"DEA4","pop_tot_total",2019,"122637.0"
"DEA4","pop_tot_total",2020,"122206.0"
"DEA4","pop_tot_total",2021,"121163.0"
"DEA4","pop_tot_total",2022,"119462.0"
"DEA4","pop_tot_total",2023,"116622.0"
"DEA4","pop_tot_total",2024,"115282.0"
"DEA5","pop_tot_total",2015,"212637.0"
"DEA5","pop_tot_total",2016,"216386.0"
"DEA5","pop_tot_total",2017,"211746.0"
"DEA5","pop_tot_total",2018,"210936.0"
"DEA5","pop_tot_total",2019,"209391.0"
"DEA5","pop_tot_total",2020,"207741.0"
"DEA5","pop_tot_total",2021,"204744.0"
"DEA5","pop_tot_total",2022,"200365.0"
"DEA5","pop_tot_total",2023,"195129.0"
"DEA5","pop_tot_total",2024,"192209.0"
"DEB1","pop_tot_total",2015,"82156.0"
"DEB1","pop_tot_total",2016,"82051.0"
"DEB1","pop_tot_total",2017,"81144.0"
"DEB1","pop_tot_total",2018,"80031.0"
"DEB1","pop_tot_total",2019,"79646.0"
"DEB1","pop_tot_total",2020,"78635.0"
"DEB1","pop_tot_total",2021,"78043.0"
"DEB1","pop_tot_total",2022,"76456.0"
"DEB1","pop_tot_total",2023,"74487.0"
"DEB1","pop_tot_total",2024,"73455.0"
"DEB2","pop_tot_total",2015,"33832.0"
"DEB2","pop_tot_total",2016,"34453.0"
"DEB2","pop_tot_total",2017,"32549.0"
"DEB2","pop_tot_total",2018,"32012.0"
"DEB2","pop_tot_total",2019,"31540.0"
"DEB2","pop_tot_total",2020,"31215.0"
"DEB2","pop_tot_total",2021,"30773.0"
"DEB2","pop_tot_total",2022,"30264.0"
"DEB2","pop_tot_total",2023,"27990.0"
"DEB2","pop_tot_total",2024,"27500.0"
"DEB3","pop_tot_total",2015,"121622.0"
"DEB3","pop_tot_total",2016,"121454.0"
"DEB3","pop_tot_total",2017,"121272.0"
"DEB3","pop_tot_total",2018,"121280.0"
"DEB3","pop_tot_total",2019,"120365.0"
"DEB3","pop_tot_total",2020,"119358.0"
"DEB3","pop_tot_total",2021,"116947.0"
"DEB3","pop_tot_total",2022,"114407.0"
"DEB3","pop_tot_total",2023,"110770.0"
"DEB3","pop_tot_total",2024,"109795.0"
"DEC0","pop_tot_total",2015,"56283.0"
"DEC0","pop_tot_total",2016,"55848.0"
"DEC0","pop_tot_total",2017,"54948.0"
"DEC0","pop_tot_total",2018,"54024.0"
"DEC0","pop_tot_total",2019,"52859.0"
"DEC0","pop_tot_total",2020,"52043.0"
"DEC0","pop_tot_total",2021,"51180.0"
"DEC0","pop_tot_total",2022,"49920.0"
"DEC0","pop_tot_total",2023,"50057.0"
"DEC0","pop_tot_total",2024,"49569.0"
"DED2","pop_tot_total",2015,"68417.0"
"DED2","pop_tot_total",2016,"62530.0"
"DED2","pop_tot_total",2017,"60832.0"
"DED2","pop_tot_total",2018,"61880.0"
"DED2","pop_tot_total",2019,"63829.0"
"DED2","pop_tot_total",2020,"66571.0"
"DED2","pop_tot_total",2021,"68733.0"
"DED2","pop_tot_total",2022,"70017.0"
"DED2","pop_tot_total",2023,"70842.0"
"DED2","pop_tot_total",2024,"73020.0"
"DED4","pop_tot_total",2015,"52574.0"
"DED4","pop_tot_total",2016,"48047.0"
"DED4","pop_tot_total",2017,"46076.0"
"DED4","pop_tot_total",2018,"46635.0"
"DED4","pop_tot_total",2019,"48091.0"
"DED4","pop_tot_total",2020,"50080.0"
"DED4","pop_tot_total",2021,"52098.0"
"DED4","pop_tot_total",2022,"53686.0"
"DED4","pop_tot_total",2023,"54794.0"
"DED4","pop_tot_total",2024,"56875.0"
"DED5","pop_tot_total",2015,"49435.0"
"DED5","pop_tot_total",2016,"46195.0"
"DED5","pop_tot_total",2017,"46447.0"
"DED5","pop_tot_total",2018,"49610.0"
"DED5","pop_tot_total",2019,"51733.0"
"DED5","pop_tot_total",2020,"54270.0"
"DED5","pop_tot_total",2021,"56720.0"
"DED5","pop_tot_total",2022,"58489.0"
"DED5","pop_tot_total",2023,"59688.0"
"DED5","pop_tot_total",2024,"60883.0"
"DEE0","pop_tot_total",2015,"91574.0"
"DEE0","pop_tot_total",2016,"84675.0"
"DEE0","pop_tot_total",2017,"82703.0"
"DEE0","pop_tot_total",2018,"83240.0"
"DEE0","pop_tot_total",2019,"84804.0"
"DEE0","pop_tot_total",2020,"87400.0"
"DEE0","pop_tot_total",2021,"90096.0"
"DEE0","pop_tot_total",2022,"92295.0"
"DEE0","pop_tot_total",2023,"91999.0"
"DEE0","pop_tot_total",2024,"93396.0"
"DEF0","pop_tot_total",2015,"155376.0"
"DEF0","pop_tot_total",2016,"156127.0"
"DEF0","pop_tot_total",2017,"157657.0"
"DEF0","pop_tot_total",2018,"158124.0"
"DEF0","pop_tot_total",2019,"157643.0"
"DEF0","pop_tot_total",2020,"158042.0"
"DEF0","pop_tot_total",2021,"157846.0"
"DEF0","pop_tot_total",2022,"155547.0"
"DEF0","pop_tot_total",2023,"150688.0"
"DEF0","pop_tot_total",2024,"149911.0"
"DEG0","pop_tot_total",2015,"87588.0"
"DEG0","pop_tot_total",2016,"80944.0"
"DEG0","pop_tot_total",2017,"78686.0"
"DEG0","pop_tot_total",2018,"80217.0"
"DEG0","pop_tot_total",2019,"82795.0"
"DEG0","pop_tot_total",2020,"86062.0"
"DEG0","pop_tot_total",2021,"88509.0"
"DEG0","pop_tot_total",2022,"91010.0"
"DEG0","pop_tot_total",2023,"93707.0"
"DEG0","pop_tot_total",2024,"95817.0"
"EE00","pop_tot_total",2015,"80499.0"
"EE00","pop_tot_total",2016,"74489.0"
"EE00","pop_tot_total",2017,"70389.0"
"EE00","pop_tot_total",2018,"66593.0"
"EE00","pop_tot_total",2019,"64692.0"
"EE00","pop_tot_total",2020,"63051.0"
"EE00","pop_tot_total",2021,"62518.0"
"EE00","pop_tot_total",2022,"62027.0"
"EE00","pop_tot_total",2023,"64477.0"
"EE00","pop_tot_total",2024,"66338.0"
"IE04","pop_tot_total",2015,"45484.0"
"IE04","pop_tot_total",2016,"44624.0"
"IE04","pop_tot_total",2017,"45496.0"
"IE04","pop_tot_total",2018,"47657.0"
"IE04","pop_tot_total",2019,"50088.0"
"IE04","pop_tot_total",2020,"51948.0"
"IE04","pop_tot_total",2021,"51501.0"
"IE04","pop_tot_total",2022,"51017.0"
"IE04","pop_tot_total",2023,"52410.0"
"IE04","pop_tot_total",2024,"54302.0"
"IE05","pop_tot_total",2015,"89173.0"
"IE05","pop_tot_total",2016,"87682.0"
"IE05","pop_tot_total",2017,"89973.0"
"IE05","pop_tot_total",2018,"93683.0"
"IE05","pop_tot_total",2019,"97466.0"
"IE05","pop_tot_total",2020,"99651.0"
"IE05","pop_tot_total",2021,"99451.0"
"IE05","pop_tot_total",2022,"98920.0"
"IE05","pop_tot_total",2023,"101521.0"
"IE05","pop_tot_total",2024,"107395.0"
"IE06","pop_tot_total",2015,"141334.0"
"IE06","pop_tot_total",2016,"141690.0"
"IE06","pop_tot_total",2017,"141604.0"
"IE06","pop_tot_total",2018,"145387.0"
"IE06","pop_tot_total",2019,"151979.0"
"IE06","pop_tot_total",2020,"157398.0"
"IE06","pop_tot_total",2021,"159440.0"
"IE06","pop_tot_total",2022,"161075.0"
"IE06","pop_tot_total",2023,"160506.0"
"IE06","pop_tot_total",2024,"157887.0"
"EL30","pop_tot_total",2015,"197437.0"
"EL30","pop_tot_total",2016,"190275.0"
"EL30","pop_tot_total",2017,"188025.0"
"EL30","pop_tot_total",2018,"186377.0"
"EL30","pop_tot_total",2019,"187926.0"
"EL30","pop_tot_total",2020,"191688.0"
"EL30","pop_tot_total",2021,"194840.0"
"EL30","pop_tot_total",2022,"182033.0"
"EL30","pop_tot_total",2023,"182985.0"
"EL30","pop_tot_total",2024,"186816.0"
"EL41","pop_tot_total",2015,"12035.0"
"EL41","pop_tot_total",2016,"11488.0"
"EL41","pop_tot_total",2017,"12021.0"
"EL41","pop_tot_total",2018,"12620.0"
"EL41","pop_tot_total",2019,"13452.0"
"EL41","pop_tot_total",2020,"14758.0"
"EL41","pop_tot_total",2021,"14624.0"
"EL41","pop_tot_total",2022,"10521.0"
"EL41","pop_tot_total",2023,"11503.0"
"EL41","pop_tot_total",2024,"13694.0"
"EL42","pop_tot_total",2015,"16846.0"
"EL42","pop_tot_total",2016,"16282.0"
"EL42","pop_tot_total",2017,"16863.0"
"EL42","pop_tot_total",2018,"17530.0"
"EL42","pop_tot_total",2019,"18313.0"
"EL42","pop_tot_total",2020,"19228.0"
"EL42","pop_tot_total",2021,"19684.0"
"EL42","pop_tot_total",2022,"15806.0"
"EL42","pop_tot_total",2023,"16175.0"
"EL42","pop_tot_total",2024,"17203.0"
"EL43","pop_tot_total",2015,"36908.0"
"EL43","pop_tot_total",2016,"35978.0"
"EL43","pop_tot_total",2017,"35310.0"
"EL43","pop_tot_total",2018,"34772.0"
"EL43","pop_tot_total",2019,"34926.0"
"EL43","pop_tot_total",2020,"35120.0"
"EL43","pop_tot_total",2021,"35323.0"
"EL43","pop_tot_total",2022,"34005.0"
"EL43","pop_tot_total",2023,"33241.0"
"EL43","pop_tot_total",2024,"32639.0"
"EL51","pop_tot_total",2015,"36797.0"
"EL51","pop_tot_total",2016,"36210.0"
"EL51","pop_tot_total",2017,"35334.0"
"EL51","pop_tot_total",2018,"34561.0"
"EL51","pop_tot_total",2019,"34204.0"
"EL51","pop_tot_total",2020,"33730.0"
"EL51","pop_tot_total",2021,"33096.0"
"EL51","pop_tot_total",2022,"30944.0"
"EL51","pop_tot_total",2023,"32648.0"
"EL51","pop_tot_total",2024,"35550.0"
"EL52","pop_tot_total",2015,"103441.0"
"EL52","pop_tot_total",2016,"100901.0"
"EL52","pop_tot_total",2017,"99349.0"
"EL52","pop_tot_total",2018,"99089.0"
"EL52","pop_tot_total",2019,"99948.0"
"EL52","pop_tot_total",2020,"100624.0"
"EL52","pop_tot_total",2021,"100293.0"
"EL52","pop_tot_total",2022,"96029.0"
"EL52","pop_tot_total",2023,"94895.0"
"EL52","pop_tot_total",2024,"94496.0"
"EL53","pop_tot_total",2015,"13816.0"
"EL53","pop_tot_total",2016,"13980.0"
"EL53","pop_tot_total",2017,"14063.0"
"EL53","pop_tot_total",2018,"13949.0"
"EL53","pop_tot_total",2019,"13963.0"
"EL53","pop_tot_total",2020,"13947.0"
"EL53","pop_tot_total",2021,"13922.0"
"EL53","pop_tot_total",2022,"12488.0"
"EL53","pop_tot_total",2023,"12340.0"
"EL53","pop_tot_total",2024,"12299.0"
"EL54","pop_tot_total",2015,"18814.0"
"EL54","pop_tot_total",2016,"18022.0"
"EL54","pop_tot_total",2017,"17232.0"
"EL54","pop_tot_total",2018,"16816.0"
"EL54","pop_tot_total",2019,"16928.0"
"EL54","pop_tot_total",2020,"16961.0"
"EL54","pop_tot_total",2021,"16860.0"
"EL54","pop_tot_total",2022,"15920.0"
"EL54","pop_tot_total",2023,"16200.0"
"EL54","pop_tot_total",2024,"16939.0"
"EL61","pop_tot_total",2015,"38216.0"
"EL61","pop_tot_total",2016,"37454.0"
"EL61","pop_tot_total",2017,"36665.0"
"EL61","pop_tot_total",2018,"35798.0"
"EL61","pop_tot_total",2019,"35666.0"
"EL61","pop_tot_total",2020,"35321.0"
"EL61","pop_tot_total",2021,"35105.0"
"EL61","pop_tot_total",2022,"33035.0"
"EL61","pop_tot_total",2023,"32969.0"
"EL61","pop_tot_total",2024,"33160.0"
"EL62","pop_tot_total",2015,"9266.0"
"EL62","pop_tot_total",2016,"9194.0"
"EL62","pop_tot_total",2017,"9258.0"
"EL62","pop_tot_total",2018,"9249.0"
"EL62","pop_tot_total",2019,"9223.0"
"EL62","pop_tot_total",2020,"9265.0"
"EL62","pop_tot_total",2021,"9251.0"
"EL62","pop_tot_total",2022,"8226.0"
"EL62","pop_tot_total",2023,"7835.0"
"EL62","pop_tot_total",2024,"7630.0"
"EL63","pop_tot_total",2015,"41939.0"
"EL63","pop_tot_total",2016,"40319.0"
"EL63","pop_tot_total",2017,"39235.0"
"EL63","pop_tot_total",2018,"38036.0"
"EL63","pop_tot_total",2019,"37675.0"
"EL63","pop_tot_total",2020,"37116.0"
"EL63","pop_tot_total",2021,"36789.0"
"EL63","pop_tot_total",2022,"36828.0"
"EL63","pop_tot_total",2023,"37260.0"
"EL63","pop_tot_total",2024,"37244.0"
"EL64","pop_tot_total",2015,"25577.0"
"EL64","pop_tot_total",2016,"24722.0"
"EL64","pop_tot_total",2017,"24850.0"
"EL64","pop_tot_total",2018,"25367.0"
"EL64","pop_tot_total",2019,"26267.0"
"EL64","pop_tot_total",2020,"27266.0"
"EL64","pop_tot_total",2021,"28061.0"
"EL64","pop_tot_total",2022,"21944.0"
"EL64","pop_tot_total",2023,"21934.0"
"EL64","pop_tot_total",2024,"22714.0"
"EL65","pop_tot_total",2015,"24042.0"
"EL65","pop_tot_total",2016,"23300.0"
"EL65","pop_tot_total",2017,"23294.0"
"EL65","pop_tot_total",2018,"23270.0"
"EL65","pop_tot_total",2019,"23831.0"
"EL65","pop_tot_total",2020,"24582.0"
"EL65","pop_tot_total",2021,"25202.0"
"EL65","pop_tot_total",2022,"23002.0"
"EL65","pop_tot_total",2023,"22873.0"
"EL65","pop_tot_total",2024,"22947.0"
"ES11","pop_tot_total",2015,"119230.0"
"ES11","pop_tot_total",2016,"115405.0"
"ES11","pop_tot_total",2017,"111984.0"
"ES11","pop_tot_total",2018,"109732.0"
"ES11","pop_tot_total",2019,"107907.0"
"ES11","pop_tot_total",2020,"108478.0"
"ES11","pop_tot_total",2021,"109784.0"
"ES11","pop_tot_total",2022,"111174.0"
"ES11","pop_tot_total",2023,"113662.0"
"ES11","pop_tot_total",2024,"117159.0"
"ES12","pop_tot_total",2015,"40956.0"
"ES12","pop_tot_total",2016,"39859.0"
"ES12","pop_tot_total",2017,"38812.0"
"ES12","pop_tot_total",2018,"38029.0"
"ES12","pop_tot_total",2019,"37717.0"
"ES12","pop_tot_total",2020,"38249.0"
"ES12","pop_tot_total",2021,"38647.0"
"ES12","pop_tot_total",2022,"38776.0"
"ES12","pop_tot_total",2023,"39876.0"
"ES12","pop_tot_total",2024,"41183.0"
"ES13","pop_tot_total",2015,"25270.0"
"ES13","pop_tot_total",2016,"24469.0"
"ES13","pop_tot_total",2017,"24106.0"
"ES13","pop_tot_total",2018,"23825.0"
"ES13","pop_tot_total",2019,"23780.0"
"ES13","pop_tot_total",2020,"24401.0"
"ES13","pop_tot_total",2021,"25215.0"
"ES13","pop_tot_total",2022,"25748.0"
"ES13","pop_tot_total",2023,"26732.0"
"ES13","pop_tot_total",2024,"27955.0"
"ES21","pop_tot_total",2015,"88763.0"
"ES21","pop_tot_total",2016,"88581.0"
"ES21","pop_tot_total",2017,"89781.0"
"ES21","pop_tot_total",2018,"91697.0"
"ES21","pop_tot_total",2019,"94172.0"
"ES21","pop_tot_total",2020,"98602.0"
"ES21","pop_tot_total",2021,"101241.0"
"ES21","pop_tot_total",2022,"102818.0"
"ES21","pop_tot_total",2023,"106685.0"
"ES21","pop_tot_total",2024,"111917.0"
"ES22","pop_tot_total",2015,"30359.0"
"ES22","pop_tot_total",2016,"30443.0"
"ES22","pop_tot_total",2017,"30963.0"
"ES22","pop_tot_total",2018,"31833.0"
"ES22","pop_tot_total",2019,"33038.0"
"ES22","pop_tot_total",2020,"34184.0"
"ES22","pop_tot_total",2021,"35089.0"
"ES22","pop_tot_total",2022,"35871.0"
"ES22","pop_tot_total",2023,"36976.0"
"ES22","pop_tot_total",2024,"38469.0"
"ES23","pop_tot_total",2015,"14607.0"
"ES23","pop_tot_total",2016,"14264.0"
"ES23","pop_tot_total",2017,"14147.0"
"ES23","pop_tot_total",2018,"14328.0"
"ES23","pop_tot_total",2019,"14687.0"
"ES23","pop_tot_total",2020,"14978.0"
"ES23","pop_tot_total",2021,"15290.0"
"ES23","pop_tot_total",2022,"15482.0"
"ES23","pop_tot_total",2023,"15864.0"
"ES23","pop_tot_total",2024,"16392.0"
"ES24","pop_tot_total",2015,"61749.0"
"ES24","pop_tot_total",2016,"60619.0"
"ES24","pop_tot_total",2017,"60325.0"
"ES24","pop_tot_total",2018,"60550.0"
"ES24","pop_tot_total",2019,"61817.0"
"ES24","pop_tot_total",2020,"63195.0"
"ES24","pop_tot_total",2021,"64295.0"
"ES24","pop_tot_total",2022,"64883.0"
"ES24","pop_tot_total",2023,"67149.0"
"ES24","pop_tot_total",2024,"69415.0"
"ES30","pop_tot_total",2015,"308635.0"
"ES30","pop_tot_total",2016,"306994.0"
"ES30","pop_tot_total",2017,"308444.0"
"ES30","pop_tot_total",2018,"314121.0"
"ES30","pop_tot_total",2019,"322822.0"
"ES30","pop_tot_total",2020,"337403.0"
"ES30","pop_tot_total",2021,"343456.0"
"ES30","pop_tot_total",2022,"350100.0"
"ES30","pop_tot_total",2023,"372574.0"
"ES30","pop_tot_total",2024,"394501.0"
"ES41","pop_tot_total",2015,"111951.0"
"ES41","pop_tot_total",2016,"108152.0"
"ES41","pop_tot_total",2017,"105360.0"
"ES41","pop_tot_total",2018,"103734.0"
"ES41","pop_tot_total",2019,"102517.0"
"ES41","pop_tot_total",2020,"103200.0"
"ES41","pop_tot_total",2021,"104330.0"
"ES41","pop_tot_total",2022,"104681.0"
"ES41","pop_tot_total",2023,"106633.0"
"ES41","pop_tot_total",2024,"109716.0"
"ES42","pop_tot_total",2015,"113751.0"
"ES42","pop_tot_total",2016,"110297.0"
"ES42","pop_tot_total",2017,"107391.0"
"ES42","pop_tot_total",2018,"105513.0"
"ES42","pop_tot_total",2019,"105172.0"
"ES42","pop_tot_total",2020,"106388.0"
"ES42","pop_tot_total",2021,"107903.0"
"ES42","pop_tot_total",2022,"108827.0"
"ES42","pop_tot_total",2023,"111182.0"
"ES42","pop_tot_total",2024,"113954.0"
"ES43","pop_tot_total",2015,"63577.0"
"ES43","pop_tot_total",2016,"61317.0"
"ES43","pop_tot_total",2017,"58996.0"
"ES43","pop_tot_total",2018,"56853.0"
"ES43","pop_tot_total",2019,"55274.0"
"ES43","pop_tot_total",2020,"54598.0"
"ES43","pop_tot_total",2021,"54512.0"
"ES43","pop_tot_total",2022,"54175.0"
"ES43","pop_tot_total",2023,"53891.0"
"ES43","pop_tot_total",2024,"54398.0"
"ES51","pop_tot_total",2015,"354449.0"
"ES51","pop_tot_total",2016,"354100.0"
"ES51","pop_tot_total",2017,"356486.0"
"ES51","pop_tot_total",2018,"363889.0"
"ES51","pop_tot_total",2019,"374810.0"
"ES51","pop_tot_total",2020,"389934.0"
"ES51","pop_tot_total",2021,"399107.0"
"ES51","pop_tot_total",2022,"406098.0"
"ES51","pop_tot_total",2023,"427480.0"
"ES51","pop_tot_total",2024,"447805.0"
"ES52","pop_tot_total",2015,"245588.0"
"ES52","pop_tot_total",2016,"241040.0"
"ES52","pop_tot_total",2017,"238857.0"
"ES52","pop_tot_total",2018,"238929.0"
"ES52","pop_tot_total",2019,"241455.0"
"ES52","pop_tot_total",2020,"248438.0"
"ES52","pop_tot_total",2021,"253204.0"
"ES52","pop_tot_total",2022,"258600.0"
"ES52","pop_tot_total",2023,"270270.0"
"ES52","pop_tot_total",2024,"284864.0"
"ES53","pop_tot_total",2015,"57929.0"
"ES53","pop_tot_total",2016,"57321.0"
"ES53","pop_tot_total",2017,"57312.0"
"ES53","pop_tot_total",2018,"57947.0"
"ES53","pop_tot_total",2019,"59559.0"
"ES53","pop_tot_total",2020,"61542.0"
"ES53","pop_tot_total",2021,"61824.0"
"ES53","pop_tot_total",2022,"62204.0"
"ES53","pop_tot_total",2023,"65674.0"
"ES53","pop_tot_total",2024,"69210.0"
"ES61","pop_tot_total",2015,"477952.0"
"ES61","pop_tot_total",2016,"466152.0"
"ES61","pop_tot_total",2017,"454369.0"
"ES61","pop_tot_total",2018,"445373.0"
"ES61","pop_tot_total",2019,"439951.0"
"ES61","pop_tot_total",2020,"443459.0"
"ES61","pop_tot_total",2021,"447904.0"
"ES61","pop_tot_total",2022,"454009.0"
"ES61","pop_tot_total",2023,"462857.0"
"ES61","pop_tot_total",2024,"473358.0"
"ES62","pop_tot_total",2015,"81793.0"
"ES62","pop_tot_total",2016,"80427.0"
"ES62","pop_tot_total",2017,"79802.0"
"ES62","pop_tot_total",2018,"79918.0"
"ES62","pop_tot_total",2019,"81142.0"
"ES62","pop_tot_total",2020,"83678.0"
"ES62","pop_tot_total",2021,"85374.0"
"ES62","pop_tot_total",2022,"87735.0"
"ES62","pop_tot_total",2023,"90577.0"
"ES62","pop_tot_total",2024,"93331.0"
"ES63","pop_tot_total",2015,"5581.0"
"ES63","pop_tot_total",2016,"5525.0"
"ES63","pop_tot_total",2017,"5523.0"
"ES63","pop_tot_total",2018,"5520.0"
"ES63","pop_tot_total",2019,"5449.0"
"ES63","pop_tot_total",2020,"5460.0"
"ES63","pop_tot_total",2021,"5459.0"
"ES63","pop_tot_total",2022,"5615.0"
"ES63","pop_tot_total",2023,"5737.0"
"ES63","pop_tot_total",2024,"5940.0"
"ES64","pop_tot_total",2015,"6004.0"
"ES64","pop_tot_total",2016,"5964.0"
"ES64","pop_tot_total",2017,"5943.0"
"ES64","pop_tot_total",2018,"5879.0"
"ES64","pop_tot_total",2019,"5997.0"
"ES64","pop_tot_total",2020,"5958.0"
"ES64","pop_tot_total",2021,"6015.0"
"ES64","pop_tot_total",2022,"6168.0"
"ES64","pop_tot_total",2023,"6275.0"
"ES64","pop_tot_total",2024,"6373.0"
"ES70","pop_tot_total",2015,"114511.0"
"ES70","pop_tot_total",2016,"112783.0"
"ES70","pop_tot_total",2017,"112719.0"
"ES70","pop_tot_total",2018,"112739.0"
"ES70","pop_tot_total",2019,"113921.0"
"ES70","pop_tot_total",2020,"117184.0"
"ES70","pop_tot_total",2021,"117863.0"
"ES70","pop_tot_total",2022,"119271.0"
"ES70","pop_tot_total",2023,"122896.0"
"ES70","pop_tot_total",2024,"126821.0"
"FR10","pop_tot_total",2015,"801071.0"
"FR10","pop_tot_total",2016,"792903.0"
"FR10","pop_tot_total",2017,"789161.0"
"FR10","pop_tot_total",2018,"783901.0"
"FR10","pop_tot_total",2019,"758097.0"
"FR10","pop_tot_total",2020,"773066.0"
"FR10","pop_tot_total",2021,"804102.0"
"FR10","pop_tot_total",2022,"832574.0"
"FR10","pop_tot_total",2023,"843880.0"
"FR10","pop_tot_total",2024,"842743.0"
"FRB0","pop_tot_total",2015,"130771.0"
"FRB0","pop_tot_total",2016,"127623.0"
"FRB0","pop_tot_total",2017,"124969.0"
"FRB0","pop_tot_total",2018,"123941.0"
"FRB0","pop_tot_total",2019,"127601.0"
"FRB0","pop_tot_total",2020,"129247.0"
"FRB0","pop_tot_total",2021,"131178.0"
"FRB0","pop_tot_total",2022,"132329.0"
"FRB0","pop_tot_total",2023,"132973.0"
"FRB0","pop_tot_total",2024,"133011.0"
"FRC1","pop_tot_total",2015,"81699.0"
"FRC1","pop_tot_total",2016,"81444.0"
"FRC1","pop_tot_total",2017,"80101.0"
"FRC1","pop_tot_total",2018,"79131.0"
"FRC1","pop_tot_total",2019,"81559.0"
"FRC1","pop_tot_total",2020,"81272.0"
"FRC1","pop_tot_total",2021,"82405.0"
"FRC1","pop_tot_total",2022,"83722.0"
"FRC1","pop_tot_total",2023,"83904.0"
"FRC1","pop_tot_total",2024,"83184.0"
"FRC2","pop_tot_total",2015,"63694.0"
"FRC2","pop_tot_total",2016,"62787.0"
"FRC2","pop_tot_total",2017,"61964.0"
"FRC2","pop_tot_total",2018,"60984.0"
"FRC2","pop_tot_total",2019,"62371.0"
"FRC2","pop_tot_total",2020,"63030.0"
"FRC2","pop_tot_total",2021,"63153.0"
"FRC2","pop_tot_total",2022,"63564.0"
"FRC2","pop_tot_total",2023,"64060.0"
"FRC2","pop_tot_total",2024,"64351.0"
"FRD1","pop_tot_total",2015,"76884.0"
"FRD1","pop_tot_total",2016,"76325.0"
"FRD1","pop_tot_total",2017,"76336.0"
"FRD1","pop_tot_total",2018,"75712.0"
"FRD1","pop_tot_total",2019,"77947.0"
"FRD1","pop_tot_total",2020,"76483.0"
"FRD1","pop_tot_total",2021,"76963.0"
"FRD1","pop_tot_total",2022,"77512.0"
"FRD1","pop_tot_total",2023,"77819.0"
"FRD1","pop_tot_total",2024,"77697.0"
"FRD2","pop_tot_total",2015,"105097.0"
"FRD2","pop_tot_total",2016,"103063.0"
"FRD2","pop_tot_total",2017,"101668.0"
"FRD2","pop_tot_total",2018,"100752.0"
"FRD2","pop_tot_total",2019,"102544.0"
"FRD2","pop_tot_total",2020,"102809.0"
"FRD2","pop_tot_total",2021,"104131.0"
"FRD2","pop_tot_total",2022,"106072.0"
"FRD2","pop_tot_total",2023,"106596.0"
"FRD2","pop_tot_total",2024,"106124.0"
"FRE1","pop_tot_total",2015,"258352.0"
"FRE1","pop_tot_total",2016,"256280.0"
"FRE1","pop_tot_total",2017,"253682.0"
"FRE1","pop_tot_total",2018,"251140.0"
"FRE1","pop_tot_total",2019,"255489.0"
"FRE1","pop_tot_total",2020,"254093.0"
"FRE1","pop_tot_total",2021,"256354.0"
"FRE1","pop_tot_total",2022,"259221.0"
"FRE1","pop_tot_total",2023,"259802.0"
"FRE1","pop_tot_total",2024,"259318.0"
"FRE2","pop_tot_total",2015,"106297.0"
"FRE2","pop_tot_total",2016,"105665.0"
"FRE2","pop_tot_total",2017,"104632.0"
"FRE2","pop_tot_total",2018,"103921.0"
"FRE2","pop_tot_total",2019,"105514.0"
"FRE2","pop_tot_total",2020,"105216.0"
"FRE2","pop_tot_total",2021,"105873.0"
"FRE2","pop_tot_total",2022,"107770.0"
"FRE2","pop_tot_total",2023,"109155.0"
"FRE2","pop_tot_total",2024,"108757.0"
"FRF1","pop_tot_total",2015,"114514.0"
"FRF1","pop_tot_total",2016,"111071.0"
"FRF1","pop_tot_total",2017,"110278.0"
"FRF1","pop_tot_total",2018,"109873.0"
"FRF1","pop_tot_total",2019,"111042.0"
"FRF1","pop_tot_total",2020,"112575.0"
"FRF1","pop_tot_total",2021,"113565.0"
"FRF1","pop_tot_total",2022,"113317.0"
"FRF1","pop_tot_total",2023,"113146.0"
"FRF1","pop_tot_total",2024,"112731.0"
"FRF2","pop_tot_total",2015,"77029.0"
"FRF2","pop_tot_total",2016,"75639.0"
"FRF2","pop_tot_total",2017,"74133.0"
"FRF2","pop_tot_total",2018,"72579.0"
"FRF2","pop_tot_total",2019,"73839.0"
"FRF2","pop_tot_total",2020,"74120.0"
"FRF2","pop_tot_total",2021,"74823.0"
"FRF2","pop_tot_total",2022,"74556.0"
"FRF2","pop_tot_total",2023,"74938.0"
"FRF2","pop_tot_total",2024,"74640.0"
"FRF3","pop_tot_total",2015,"137824.0"
"FRF3","pop_tot_total",2016,"134419.0"
"FRF3","pop_tot_total",2017,"130818.0"
"FRF3","pop_tot_total",2018,"129112.0"
"FRF3","pop_tot_total",2019,"131020.0"
"FRF3","pop_tot_total",2020,"131012.0"
"FRF3","pop_tot_total",2021,"131730.0"
"FRF3","pop_tot_total",2022,"131271.0"
"FRF3","pop_tot_total",2023,"131437.0"
"FRF3","pop_tot_total",2024,"130534.0"
"FRG0","pop_tot_total",2015,"202336.0"
"FRG0","pop_tot_total",2016,"200128.0"
"FRG0","pop_tot_total",2017,"199886.0"
"FRG0","pop_tot_total",2018,"201058.0"
"FRG0","pop_tot_total",2019,"208923.0"
"FRG0","pop_tot_total",2020,"211249.0"
"FRG0","pop_tot_total",2021,"213207.0"
"FRG0","pop_tot_total",2022,"216819.0"
"FRG0","pop_tot_total",2023,"220266.0"
"FRG0","pop_tot_total",2024,"222954.0"
"FRH0","pop_tot_total",2015,"175045.0"
"FRH0","pop_tot_total",2016,"173242.0"
"FRH0","pop_tot_total",2017,"171905.0"
"FRH0","pop_tot_total",2018,"171977.0"
"FRH0","pop_tot_total",2019,"179199.0"
"FRH0","pop_tot_total",2020,"180013.0"
"FRH0","pop_tot_total",2021,"183099.0"
"FRH0","pop_tot_total",2022,"185102.0"
"FRH0","pop_tot_total",2023,"186026.0"
"FRH0","pop_tot_total",2024,"187018.0"
"FRI1","pop_tot_total",2015,"181981.0"
"FRI1","pop_tot_total",2016,"179974.0"
"FRI1","pop_tot_total",2017,"179626.0"
"FRI1","pop_tot_total",2018,"178509.0"
"FRI1","pop_tot_total",2019,"183134.0"
"FRI1","pop_tot_total",2020,"184400.0"
"FRI1","pop_tot_total",2021,"186526.0"
"FRI1","pop_tot_total",2022,"188977.0"
"FRI1","pop_tot_total",2023,"190380.0"
"FRI1","pop_tot_total",2024,"190753.0"
"FRI2","pop_tot_total",2015,"36239.0"
"FRI2","pop_tot_total",2016,"35819.0"
"FRI2","pop_tot_total",2017,"35239.0"
"FRI2","pop_tot_total",2018,"34558.0"
"FRI2","pop_tot_total",2019,"36052.0"
"FRI2","pop_tot_total",2020,"36825.0"
"FRI2","pop_tot_total",2021,"36995.0"
"FRI2","pop_tot_total",2022,"36917.0"
"FRI2","pop_tot_total",2023,"36996.0"
"FRI2","pop_tot_total",2024,"36724.0"
"FRI3","pop_tot_total",2015,"87343.0"
"FRI3","pop_tot_total",2016,"87432.0"
"FRI3","pop_tot_total",2017,"87378.0"
"FRI3","pop_tot_total",2018,"86642.0"
"FRI3","pop_tot_total",2019,"89639.0"
"FRI3","pop_tot_total",2020,"90248.0"
"FRI3","pop_tot_total",2021,"91504.0"
"FRI3","pop_tot_total",2022,"92816.0"
"FRI3","pop_tot_total",2023,"94178.0"
"FRI3","pop_tot_total",2024,"94381.0"
"FRJ1","pop_tot_total",2015,"153649.0"
"FRJ1","pop_tot_total",2016,"150108.0"
"FRJ1","pop_tot_total",2017,"149699.0"
"FRJ1","pop_tot_total",2018,"150109.0"
"FRJ1","pop_tot_total",2019,"154586.0"
"FRJ1","pop_tot_total",2020,"156550.0"
"FRJ1","pop_tot_total",2021,"158587.0"
"FRJ1","pop_tot_total",2022,"159360.0"
"FRJ1","pop_tot_total",2023,"161368.0"
"FRJ1","pop_tot_total",2024,"162491.0"
"FRJ2","pop_tot_total",2015,"172453.0"
"FRJ2","pop_tot_total",2016,"168593.0"
"FRJ2","pop_tot_total",2017,"169596.0"
"FRJ2","pop_tot_total",2018,"171647.0"
"FRJ2","pop_tot_total",2019,"175908.0"
"FRJ2","pop_tot_total",2020,"176565.0"
"FRJ2","pop_tot_total",2021,"178601.0"
"FRJ2","pop_tot_total",2022,"180202.0"
"FRJ2","pop_tot_total",2023,"182311.0"
"FRJ2","pop_tot_total",2024,"183883.0"
"FRK1","pop_tot_total",2015,"70492.0"
"FRK1","pop_tot_total",2016,"68757.0"
"FRK1","pop_tot_total",2017,"68128.0"
"FRK1","pop_tot_total",2018,"68485.0"
"FRK1","pop_tot_total",2019,"70990.0"
"FRK1","pop_tot_total",2020,"71055.0"
"FRK1","pop_tot_total",2021,"71461.0"
"FRK1","pop_tot_total",2022,"72338.0"
"FRK1","pop_tot_total",2023,"72846.0"
"FRK1","pop_tot_total",2024,"73114.0"
"FRK2","pop_tot_total",2015,"388389.0"
"FRK2","pop_tot_total",2016,"386569.0"
"FRK2","pop_tot_total",2017,"381604.0"
"FRK2","pop_tot_total",2018,"378877.0"
"FRK2","pop_tot_total",2019,"385391.0"
"FRK2","pop_tot_total",2020,"386789.0"
"FRK2","pop_tot_total",2021,"392192.0"
"FRK2","pop_tot_total",2022,"395448.0"
"FRK2","pop_tot_total",2023,"396935.0"
"FRK2","pop_tot_total",2024,"397347.0"
"FRL0","pop_tot_total",2015,"269737.0"
"FRL0","pop_tot_total",2016,"264750.0"
"FRL0","pop_tot_total",2017,"260186.0"
"FRL0","pop_tot_total",2018,"256321.0"
"FRL0","pop_tot_total",2019,"260959.0"
"FRL0","pop_tot_total",2020,"263853.0"
"FRL0","pop_tot_total",2021,"270474.0"
"FRL0","pop_tot_total",2022,"273320.0"
"FRL0","pop_tot_total",2023,"274411.0"
"FRL0","pop_tot_total",2024,"272357.0"
"FRM0","pop_tot_total",2015,"15834.0"
"FRM0","pop_tot_total",2016,"15821.0"
"FRM0","pop_tot_total",2017,"15917.0"
"FRM0","pop_tot_total",2018,"15759.0"
"FRM0","pop_tot_total",2019,"16042.0"
"FRM0","pop_tot_total",2020,"16364.0"
"FRM0","pop_tot_total",2021,"15491.0"
"FRM0","pop_tot_total",2022,"15838.0"
"FRM0","pop_tot_total",2023,"16229.0"
"FRM0","pop_tot_total",2024,"16413.0"
"FRY1","pop_tot_total",2015,"22528.0"
"FRY1","pop_tot_total",2016,"21609.0"
"FRY1","pop_tot_total",2017,"20960.0"
"FRY1","pop_tot_total",2018,"20641.0"
"FRY1","pop_tot_total",2019,"20469.0"
"FRY1","pop_tot_total",2020,"19753.0"
"FRY1","pop_tot_total",2021,"20040.0"
"FRY1","pop_tot_total",2022,"20361.0"
"FRY1","pop_tot_total",2023,"20312.0"
"FRY1","pop_tot_total",2024,"20015.0"
"FRY2","pop_tot_total",2015,"19423.0"
"FRY2","pop_tot_total",2016,"18698.0"
"FRY2","pop_tot_total",2017,"17618.0"
"FRY2","pop_tot_total",2018,"16901.0"
"FRY2","pop_tot_total",2019,"16886.0"
"FRY2","pop_tot_total",2020,"16652.0"
"FRY2","pop_tot_total",2021,"17387.0"
"FRY2","pop_tot_total",2022,"16521.0"
"FRY2","pop_tot_total",2023,"16143.0"
"FRY2","pop_tot_total",2024,"15432.0"
"FRY3","pop_tot_total",2015,"18269.0"
"FRY3","pop_tot_total",2016,"18147.0"
"FRY3","pop_tot_total",2017,"18587.0"
"FRY3","pop_tot_total",2018,"18797.0"
"FRY3","pop_tot_total",2019,"19123.0"
"FRY3","pop_tot_total",2020,"19842.0"
"FRY3","pop_tot_total",2021,"20179.0"
"FRY3","pop_tot_total",2022,"20197.0"
"FRY3","pop_tot_total",2023,"20596.0"
"FRY3","pop_tot_total",2024,"20214.0"
"FRY4","pop_tot_total",2015,"55580.0"
"FRY4","pop_tot_total",2016,"53276.0"
"FRY4","pop_tot_total",2017,"52018.0"
"FRY4","pop_tot_total",2018,"50630.0"
"FRY4","pop_tot_total",2019,"50440.0"
"FRY4","pop_tot_total",2020,"49628.0"
"FRY4","pop_tot_total",2021,"49729.0"
"FRY4","pop_tot_total",2022,"50608.0"
"FRY4","pop_tot_total",2023,"50445.0"
"FRY4","pop_tot_total",2024,"49186.0"
"FRY5","pop_tot_total",2015,"14973.0"
"FRY5","pop_tot_total",2016,"15542.0"
"FRY5","pop_tot_total",2017,"16132.0"
"FRY5","pop_tot_total",2018,"16745.0"
"FRY5","pop_tot_total",2019,"17386.0"
"FRY5","pop_tot_total",2020,"18039.0"
"FRY5","pop_tot_total",2021,"18642.0"
"FRY5","pop_tot_total",2022,"19324.0"
"FRY5","pop_tot_total",2023,"20007.0"
"FRY5","pop_tot_total",2024,"20659.0"
"HR02","pop_tot_total",2015,"70786.0"
"HR02","pop_tot_total",2016,"68690.0"
"HR02","pop_tot_total",2017,"66472.0"
"HR02","pop_tot_total",2018,"64808.0"
"HR02","pop_tot_total",2019,"62919.0"
"HR02","pop_tot_total",2020,"61265.0"
"HR02","pop_tot_total",2021,"59431.0"
"HR02","pop_tot_total",2022,"57187.0"
"HR02","pop_tot_total",2023,"55031.0"
"HR02","pop_tot_total",2024,"53509.0"
"HR03","pop_tot_total",2015,"77108.0"
"HR03","pop_tot_total",2016,"74881.0"
"HR03","pop_tot_total",2017,"73252.0"
"HR03","pop_tot_total",2018,"72903.0"
"HR03","pop_tot_total",2019,"71868.0"
"HR03","pop_tot_total",2020,"70721.0"
"HR03","pop_tot_total",2021,"68780.0"
"HR03","pop_tot_total",2022,"66594.0"
"HR03","pop_tot_total",2023,"65475.0"
"HR03","pop_tot_total",2024,"65627.0"
"HR05","pop_tot_total",2015,"42593.0"
"HR05","pop_tot_total",2016,"42149.0"
"HR05","pop_tot_total",2017,"42252.0"
"HR05","pop_tot_total",2018,"42760.0"
"HR05","pop_tot_total",2019,"42774.0"
"HR05","pop_tot_total",2020,"42327.0"
"HR05","pop_tot_total",2021,"41104.0"
"HR05","pop_tot_total",2022,"39214.0"
"HR05","pop_tot_total",2023,"38264.0"
"HR05","pop_tot_total",2024,"37800.0"
"HR06","pop_tot_total",2015,"48449.0"
"HR06","pop_tot_total",2016,"47528.0"
"HR06","pop_tot_total",2017,"46381.0"
"HR06","pop_tot_total",2018,"45855.0"
"HR06","pop_tot_total",2019,"45451.0"
"HR06","pop_tot_total",2020,"45388.0"
"HR06","pop_tot_total",2021,"44793.0"
"HR06","pop_tot_total",2022,"43982.0"
"HR06","pop_tot_total",2023,"42996.0"
"HR06","pop_tot_total",2024,"42781.0"
"ITC1","pop_tot_total",2015,"195649.0"
"ITC1","pop_tot_total",2016,"193635.0"
"ITC1","pop_tot_total",2017,"194087.0"
"ITC1","pop_tot_total",2018,"195234.0"
"ITC1","pop_tot_total",2019,"197207.0"
"ITC1","pop_tot_total",2020,"198118.0"
"ITC1","pop_tot_total",2021,"200623.0"
"ITC1","pop_tot_total",2022,"198483.0"
"ITC1","pop_tot_total",2023,"199940.0"
"ITC1","pop_tot_total",2024,"202168.0"
"ITC2","pop_tot_total",2015,"5716.0"
"ITC2","pop_tot_total",2016,"5627.0"
"ITC2","pop_tot_total",2017,"5754.0"
"ITC2","pop_tot_total",2018,"5748.0"
"ITC2","pop_tot_total",2019,"5843.0"
"ITC2","pop_tot_total",2020,"5895.0"
"ITC2","pop_tot_total",2021,"5991.0"
"ITC2","pop_tot_total",2022,"5965.0"
"ITC2","pop_tot_total",2023,"6043.0"
"ITC2","pop_tot_total",2024,"6111.0"
"ITC3","pop_tot_total",2015,"66307.0"
"ITC3","pop_tot_total",2016,"65583.0"
"ITC3","pop_tot_total",2017,"66205.0"
"ITC3","pop_tot_total",2018,"66024.0"
"ITC3","pop_tot_total",2019,"66525.0"
"ITC3","pop_tot_total",2020,"66774.0"
"ITC3","pop_tot_total",2021,"67687.0"
"ITC3","pop_tot_total",2022,"66898.0"
"ITC3","pop_tot_total",2023,"67830.0"
"ITC3","pop_tot_total",2024,"68491.0"
"ITC4","pop_tot_total",2015,"460248.0"
"ITC4","pop_tot_total",2016,"457098.0"
"ITC4","pop_tot_total",2017,"458441.0"
"ITC4","pop_tot_total",2018,"463740.0"
"ITC4","pop_tot_total",2019,"472619.0"
"ITC4","pop_tot_total",2020,"479236.0"
"ITC4","pop_tot_total",2021,"489517.0"
"ITC4","pop_tot_total",2022,"484758.0"
"ITC4","pop_tot_total",2023,"491008.0"
"ITC4","pop_tot_total",2024,"497724.0"
"ITF1","pop_tot_total",2015,"68679.0"
"ITF1","pop_tot_total",2016,"66669.0"
"ITF1","pop_tot_total",2017,"65248.0"
"ITF1","pop_tot_total",2018,"63791.0"
"ITF1","pop_tot_total",2019,"63041.0"
"ITF1","pop_tot_total",2020,"61884.0"
"ITF1","pop_tot_total",2021,"61346.0"
"ITF1","pop_tot_total",2022,"60357.0"
"ITF1","pop_tot_total",2023,"60323.0"
"ITF1","pop_tot_total",2024,"60069.0"
"ITF2","pop_tot_total",2015,"16965.0"
"ITF2","pop_tot_total",2016,"16784.0"
"ITF2","pop_tot_total",2017,"16472.0"
"ITF2","pop_tot_total",2018,"16264.0"
"ITF2","pop_tot_total",2019,"16072.0"
"ITF2","pop_tot_total",2020,"15400.0"
"ITF2","pop_tot_total",2021,"14763.0"
"ITF2","pop_tot_total",2022,"14448.0"
"ITF2","pop_tot_total",2023,"14455.0"
"ITF2","pop_tot_total",2024,"14325.0"
"ITF3","pop_tot_total",2015,"372745.0"
"ITF3","pop_tot_total",2016,"365236.0"
"ITF3","pop_tot_total",2017,"357400.0"
"ITF3","pop_tot_total",2018,"350026.0"
"ITF3","pop_tot_total",2019,"344669.0"
"ITF3","pop_tot_total",2020,"339167.0"
"ITF3","pop_tot_total",2021,"325882.0"
"ITF3","pop_tot_total",2022,"322914.0"
"ITF3","pop_tot_total",2023,"322455.0"
"ITF3","pop_tot_total",2024,"321197.0"
"ITF4","pop_tot_total",2015,"238415.0"
"ITF4","pop_tot_total",2016,"232882.0"
"ITF4","pop_tot_total",2017,"227249.0"
"ITF4","pop_tot_total",2018,"221506.0"
"ITF4","pop_tot_total",2019,"218057.0"
"ITF4","pop_tot_total",2020,"215618.0"
"ITF4","pop_tot_total",2021,"213889.0"
"ITF4","pop_tot_total",2022,"212210.0"
"ITF4","pop_tot_total",2023,"210569.0"
"ITF4","pop_tot_total",2024,"208183.0"
"ITF5","pop_tot_total",2015,"33189.0"
"ITF5","pop_tot_total",2016,"32002.0"
"ITF5","pop_tot_total",2017,"31169.0"
"ITF5","pop_tot_total",2018,"30258.0"
"ITF5","pop_tot_total",2019,"29704.0"
"ITF5","pop_tot_total",2020,"29140.0"
"ITF5","pop_tot_total",2021,"28599.0"
"ITF5","pop_tot_total",2022,"28248.0"
"ITF5","pop_tot_total",2023,"28200.0"
"ITF5","pop_tot_total",2024,"27965.0"
"ITF6","pop_tot_total",2015,"118429.0"
"ITF6","pop_tot_total",2016,"114779.0"
"ITF6","pop_tot_total",2017,"111764.0"
"ITF6","pop_tot_total",2018,"107985.0"
"ITF6","pop_tot_total",2019,"105118.0"
"ITF6","pop_tot_total",2020,"101946.0"
"ITF6","pop_tot_total",2021,"98101.0"
"ITF6","pop_tot_total",2022,"96894.0"
"ITF6","pop_tot_total",2023,"96367.0"
"ITF6","pop_tot_total",2024,"95373.0"
"ITG1","pop_tot_total",2015,"309875.0"
"ITG1","pop_tot_total",2016,"301883.0"
"ITG1","pop_tot_total",2017,"293001.0"
"ITG1","pop_tot_total",2018,"282212.0"
"ITG1","pop_tot_total",2019,"275162.0"
"ITG1","pop_tot_total",2020,"270648.0"
"ITG1","pop_tot_total",2021,"261204.0"
"ITG1","pop_tot_total",2022,"259484.0"
"ITG1","pop_tot_total",2023,"258593.0"
"ITG1","pop_tot_total",2024,"257212.0"
"ITG2","pop_tot_total",2015,"81837.0"
"ITG2","pop_tot_total",2016,"79038.0"
"ITG2","pop_tot_total",2017,"76710.0"
"ITG2","pop_tot_total",2018,"75058.0"
"ITG2","pop_tot_total",2019,"73337.0"
"ITG2","pop_tot_total",2020,"72082.0"
"ITG2","pop_tot_total",2021,"70093.0"
"ITG2","pop_tot_total",2022,"69358.0"
"ITG2","pop_tot_total",2023,"69328.0"
"ITG2","pop_tot_total",2024,"69861.0"
"ITH1","pop_tot_total",2015,"29171.0"
"ITH1","pop_tot_total",2016,"29234.0"
"ITH1","pop_tot_total",2017,"29544.0"
"ITH1","pop_tot_total",2018,"30008.0"
"ITH1","pop_tot_total",2019,"30409.0"
"ITH1","pop_tot_total",2020,"30524.0"
"ITH1","pop_tot_total",2021,"30934.0"
"ITH1","pop_tot_total",2022,"30416.0"
"ITH1","pop_tot_total",2023,"30101.0"
"ITH1","pop_tot_total",2024,"30008.0"
"ITH2","pop_tot_total",2015,"27576.0"
"ITH2","pop_tot_total",2016,"27612.0"
"ITH2","pop_tot_total",2017,"27722.0"
"ITH2","pop_tot_total",2018,"27958.0"
"ITH2","pop_tot_total",2019,"28276.0"
"ITH2","pop_tot_total",2020,"28582.0"
"ITH2","pop_tot_total",2021,"28916.0"
"ITH2","pop_tot_total",2022,"28683.0"
"ITH2","pop_tot_total",2023,"28907.0"
"ITH2","pop_tot_total",2024,"28853.0"
"ITH3","pop_tot_total",2015,"231791.0"
"ITH3","pop_tot_total",2016,"229176.0"
"ITH3","pop_tot_total",2017,"229547.0"
"ITH3","pop_tot_total",2018,"231374.0"
"ITH3","pop_tot_total",2019,"235740.0"
"ITH3","pop_tot_total",2020,"237762.0"
"ITH3","pop_tot_total",2021,"242771.0"
"ITH3","pop_tot_total",2022,"239649.0"
"ITH3","pop_tot_total",2023,"240677.0"
"ITH3","pop_tot_total",2024,"241821.0"
"ITH4","pop_tot_total",2015,"52134.0"
"ITH4","pop_tot_total",2016,"51584.0"
"ITH4","pop_tot_total",2017,"51687.0"
"ITH4","pop_tot_total",2018,"51933.0"
"ITH4","pop_tot_total",2019,"52830.0"
"ITH4","pop_tot_total",2020,"53324.0"
"ITH4","pop_tot_total",2021,"54764.0"
"ITH4","pop_tot_total",2022,"54650.0"
"ITH4","pop_tot_total",2023,"55373.0"
"ITH4","pop_tot_total",2024,"55873.0"
"ITH5","pop_tot_total",2015,"191507.0"
"ITH5","pop_tot_total",2016,"190432.0"
"ITH5","pop_tot_total",2017,"191421.0"
"ITH5","pop_tot_total",2018,"195245.0"
"ITH5","pop_tot_total",2019,"199051.0"
"ITH5","pop_tot_total",2020,"201857.0"
"ITH5","pop_tot_total",2021,"208013.0"
"ITH5","pop_tot_total",2022,"206196.0"
"ITH5","pop_tot_total",2023,"209587.0"
"ITH5","pop_tot_total",2024,"212783.0"
"ITI1","pop_tot_total",2015,"163429.0"
"ITI1","pop_tot_total",2016,"160825.0"
"ITI1","pop_tot_total",2017,"161201.0"
"ITI1","pop_tot_total",2018,"162318.0"
"ITI1","pop_tot_total",2019,"163951.0"
"ITI1","pop_tot_total",2020,"164705.0"
"ITI1","pop_tot_total",2021,"169549.0"
"ITI1","pop_tot_total",2022,"166209.0"
"ITI1","pop_tot_total",2023,"168506.0"
"ITI1","pop_tot_total",2024,"170507.0"
"ITI2","pop_tot_total",2015,"40782.0"
"ITI2","pop_tot_total",2016,"40107.0"
"ITI2","pop_tot_total",2017,"39725.0"
"ITI2","pop_tot_total",2018,"39378.0"
"ITI2","pop_tot_total",2019,"39392.0"
"ITI2","pop_tot_total",2020,"39422.0"
"ITI2","pop_tot_total",2021,"40060.0"
"ITI2","pop_tot_total",2022,"39271.0"
"ITI2","pop_tot_total",2023,"39696.0"
"ITI2","pop_tot_total",2024,"39934.0"
"ITI3","pop_tot_total",2015,"73638.0"
"ITI3","pop_tot_total",2016,"72354.0"
"ITI3","pop_tot_total",2017,"71514.0"
"ITI3","pop_tot_total",2018,"71308.0"
"ITI3","pop_tot_total",2019,"71730.0"
"ITI3","pop_tot_total",2020,"71924.0"
"ITI3","pop_tot_total",2021,"72219.0"
"ITI3","pop_tot_total",2022,"71316.0"
"ITI3","pop_tot_total",2023,"71671.0"
"ITI3","pop_tot_total",2024,"71848.0"
"ITI4","pop_tot_total",2015,"282186.0"
"ITI4","pop_tot_total",2016,"278893.0"
"ITI4","pop_tot_total",2017,"276323.0"
"ITI4","pop_tot_total",2018,"273694.0"
"ITI4","pop_tot_total",2019,"273574.0"
"ITI4","pop_tot_total",2020,"271880.0"
"ITI4","pop_tot_total",2021,"272419.0"
"ITI4","pop_tot_total",2022,"266934.0"
"ITI4","pop_tot_total",2023,"268715.0"
"ITI4","pop_tot_total",2024,"270053.0"
"CY00","pop_tot_total",2015,"66865.0"
"CY00","pop_tot_total",2016,"64641.0"
"CY00","pop_tot_total",2017,"62883.0"
"CY00","pop_tot_total",2018,"60071.0"
"CY00","pop_tot_total",2019,"58061.0"
"CY00","pop_tot_total",2020,"56713.0"
"CY00","pop_tot_total",2021,"55405.0"
"CY00","pop_tot_total",2022,"55007.0"
"CY00","pop_tot_total",2023,"53384.0"
"CY00","pop_tot_total",2024,"52740.0"
"LV00","pop_tot_total",2015,"124503.0"
"LV00","pop_tot_total",2016,"113332.0"
"LV00","pop_tot_total",2017,"102510.0"
"LV00","pop_tot_total",2018,"92989.0"
"LV00","pop_tot_total",2019,"87077.0"
"LV00","pop_tot_total",2020,"83996.0"
"LV00","pop_tot_total",2021,"83094.0"
"LV00","pop_tot_total",2022,"82883.0"
"LV00","pop_tot_total",2023,"84994.0"
"LV00","pop_tot_total",2024,"87628.0"
"LT01","pop_tot_total",2015,"49926.0"
"LT01","pop_tot_total",2016,"44200.0"
"LT01","pop_tot_total",2017,"38116.0"
"LT01","pop_tot_total",2018,"34314.0"
"LT01","pop_tot_total",2019,"33025.0"
"LT01","pop_tot_total",2020,"32295.0"
"LT01","pop_tot_total",2021,"36711.0"
"LT01","pop_tot_total",2022,"36531.0"
"LT01","pop_tot_total",2023,"37229.0"
"LT01","pop_tot_total",2024,"38435.0"
"LT02","pop_tot_total",2015,"150195.0"
"LT02","pop_tot_total",2016,"143372.0"
"LT02","pop_tot_total",2017,"133925.0"
"LT02","pop_tot_total",2018,"122262.0"
"LT02","pop_tot_total",2019,"115502.0"
"LT02","pop_tot_total",2020,"113695.0"
"LT02","pop_tot_total",2021,"106351.0"
"LT02","pop_tot_total",2022,"102634.0"
"LT02","pop_tot_total",2023,"99802.0"
"LT02","pop_tot_total",2024,"97906.0"
"LU00","pop_tot_total",2015,"34703.0"
"LU00","pop_tot_total",2016,"35377.0"
"LU00","pop_tot_total",2017,"37040.0"
"LU00","pop_tot_total",2018,"37836.0"
"LU00","pop_tot_total",2019,"38038.0"
"LU00","pop_tot_total",2020,"38540.0"
"LU00","pop_tot_total",2021,"38714.0"
"LU00","pop_tot_total",2022,"38757.0"
"LU00","pop_tot_total",2023,"38892.0"
"LU00","pop_tot_total",2024,"39132.0"
"HU11","pop_tot_total",2015,"103124.0"
"HU11","pop_tot_total",2016,"99008.0"
"HU11","pop_tot_total",2017,"94049.0"
"HU11","pop_tot_total",2018,"90943.0"
"HU11","pop_tot_total",2019,"89348.0"
"HU11","pop_tot_total",2020,"87165.0"
"HU11","pop_tot_total",2021,"84423.0"
"HU11","pop_tot_total",2022,"83042.0"
"HU11","pop_tot_total",2023,"92517.0"
"HU11","pop_tot_total",2024,"96543.0"
"HU12","pop_tot_total",2015,"74047.0"
"HU12","pop_tot_total",2016,"73046.0"
"HU12","pop_tot_total",2017,"71209.0"
"HU12","pop_tot_total",2018,"69188.0"
"HU12","pop_tot_total",2019,"67073.0"
"HU12","pop_tot_total",2020,"65453.0"
"HU12","pop_tot_total",2021,"64316.0"
"HU12","pop_tot_total",2022,"64024.0"
"HU12","pop_tot_total",2023,"67291.0"
"HU12","pop_tot_total",2024,"67759.0"
"HU21","pop_tot_total",2015,"67140.0"
"HU21","pop_tot_total",2016,"65392.0"
"HU21","pop_tot_total",2017,"62627.0"
"HU21","pop_tot_total",2018,"60114.0"
"HU21","pop_tot_total",2019,"58300.0"
"HU21","pop_tot_total",2020,"55875.0"
"HU21","pop_tot_total",2021,"52942.0"
"HU21","pop_tot_total",2022,"51748.0"
"HU21","pop_tot_total",2023,"52977.0"
"HU21","pop_tot_total",2024,"52888.0"
"HU22","pop_tot_total",2015,"56951.0"
"HU22","pop_tot_total",2016,"56278.0"
"HU22","pop_tot_total",2017,"54535.0"
"HU22","pop_tot_total",2018,"52628.0"
"HU22","pop_tot_total",2019,"50796.0"
"HU22","pop_tot_total",2020,"48641.0"
"HU22","pop_tot_total",2021,"46417.0"
"HU22","pop_tot_total",2022,"45294.0"
"HU22","pop_tot_total",2023,"47994.0"
"HU22","pop_tot_total",2024,"47587.0"
"HU23","pop_tot_total",2015,"57055.0"
"HU23","pop_tot_total",2016,"55437.0"
"HU23","pop_tot_total",2017,"53966.0"
"HU23","pop_tot_total",2018,"52124.0"
"HU23","pop_tot_total",2019,"49510.0"
"HU23","pop_tot_total",2020,"47234.0"
"HU23","pop_tot_total",2021,"45281.0"
"HU23","pop_tot_total",2022,"44084.0"
"HU23","pop_tot_total",2023,"45635.0"
"HU23","pop_tot_total",2024,"44972.0"
"HU31","pop_tot_total",2015,"75982.0"
"HU31","pop_tot_total",2016,"74194.0"
"HU31","pop_tot_total",2017,"72032.0"
"HU31","pop_tot_total",2018,"70055.0"
"HU31","pop_tot_total",2019,"68268.0"
"HU31","pop_tot_total",2020,"64993.0"
"HU31","pop_tot_total",2021,"63228.0"
"HU31","pop_tot_total",2022,"61679.0"
"HU31","pop_tot_total",2023,"61640.0"
"HU31","pop_tot_total",2024,"60004.0"
"HU32","pop_tot_total",2015,"100264.0"
"HU32","pop_tot_total",2016,"99103.0"
"HU32","pop_tot_total",2017,"96938.0"
"HU32","pop_tot_total",2018,"93981.0"
"HU32","pop_tot_total",2019,"90785.0"
"HU32","pop_tot_total",2020,"86847.0"
"HU32","pop_tot_total",2021,"84260.0"
"HU32","pop_tot_total",2022,"82100.0"
"HU32","pop_tot_total",2023,"84420.0"
"HU32","pop_tot_total",2024,"83140.0"
"HU33","pop_tot_total",2015,"80681.0"
"HU33","pop_tot_total",2016,"78949.0"
"HU33","pop_tot_total",2017,"75742.0"
"HU33","pop_tot_total",2018,"72477.0"
"HU33","pop_tot_total",2019,"69369.0"
"HU33","pop_tot_total",2020,"65926.0"
"HU33","pop_tot_total",2021,"62746.0"
"HU33","pop_tot_total",2022,"60983.0"
"HU33","pop_tot_total",2023,"64359.0"
"HU33","pop_tot_total",2024,"63725.0"
"MT00","pop_tot_total",2015,"29799.0"
"MT00","pop_tot_total",2016,"29621.0"
"MT00","pop_tot_total",2017,"29471.0"
"MT00","pop_tot_total",2018,"30136.0"
"MT00","pop_tot_total",2019,"31208.0"
"MT00","pop_tot_total",2020,"32284.0"
"MT00","pop_tot_total",2021,"30736.0"
"MT00","pop_tot_total",2022,"29447.0"
"MT00","pop_tot_total",2023,"30742.0"
"MT00","pop_tot_total",2024,"31883.0"
"NL11","pop_tot_total",2015,"52777.0"
"NL11","pop_tot_total",2016,"52753.0"
"NL11","pop_tot_total",2017,"52387.0"
"NL11","pop_tot_total",2018,"52290.0"
"NL11","pop_tot_total",2019,"52745.0"
"NL11","pop_tot_total",2020,"53398.0"
"NL11","pop_tot_total",2021,"53110.0"
"NL11","pop_tot_total",2022,"54258.0"
"NL11","pop_tot_total",2023,"55192.0"
"NL11","pop_tot_total",2024,"57410.0"
"NL12","pop_tot_total",2015,"36919.0"
"NL12","pop_tot_total",2016,"36924.0"
"NL12","pop_tot_total",2017,"36889.0"
"NL12","pop_tot_total",2018,"36618.0"
"NL12","pop_tot_total",2019,"36896.0"
"NL12","pop_tot_total",2020,"37730.0"
"NL12","pop_tot_total",2021,"38541.0"
"NL12","pop_tot_total",2022,"39424.0"
"NL12","pop_tot_total",2023,"40437.0"
"NL12","pop_tot_total",2024,"40662.0"
"NL13","pop_tot_total",2015,"22238.0"
"NL13","pop_tot_total",2016,"21906.0"
"NL13","pop_tot_total",2017,"22216.0"
"NL13","pop_tot_total",2018,"22440.0"
"NL13","pop_tot_total",2019,"23335.0"
"NL13","pop_tot_total",2020,"24358.0"
"NL13","pop_tot_total",2021,"25244.0"
"NL13","pop_tot_total",2022,"26113.0"
"NL13","pop_tot_total",2023,"27262.0"
"NL13","pop_tot_total",2024,"27166.0"
"NL21","pop_tot_total",2015,"69764.0"
"NL21","pop_tot_total",2016,"69446.0"
"NL21","pop_tot_total",2017,"69409.0"
"NL21","pop_tot_total",2018,"70136.0"
"NL21","pop_tot_total",2019,"71502.0"
"NL21","pop_tot_total",2020,"73577.0"
"NL21","pop_tot_total",2021,"75681.0"
"NL21","pop_tot_total",2022,"77292.0"
"NL21","pop_tot_total",2023,"79732.0"
"NL21","pop_tot_total",2024,"80203.0"
"NL22","pop_tot_total",2015,"125626.0"
"NL22","pop_tot_total",2016,"126032.0"
"NL22","pop_tot_total",2017,"126573.0"
"NL22","pop_tot_total",2018,"127333.0"
"NL22","pop_tot_total",2019,"129345.0"
"NL22","pop_tot_total",2020,"130613.0"
"NL22","pop_tot_total",2021,"132521.0"
"NL22","pop_tot_total",2022,"135150.0"
"NL22","pop_tot_total",2023,"139186.0"
"NL22","pop_tot_total",2024,"141347.0"
"NL23","pop_tot_total",2015,"25335.0"
"NL23","pop_tot_total",2016,"25002.0"
"NL23","pop_tot_total",2017,"24759.0"
"NL23","pop_tot_total",2018,"24768.0"
"NL23","pop_tot_total",2019,"25114.0"
"NL23","pop_tot_total",2020,"25578.0"
"NL23","pop_tot_total",2021,"25901.0"
"NL23","pop_tot_total",2022,"26626.0"
"NL23","pop_tot_total",2023,"27856.0"
"NL23","pop_tot_total",2024,"28238.0"
"NL32","pop_tot_total",2015,"173991.0"
"NL32","pop_tot_total",2016,"173914.0"
"NL32","pop_tot_total",2017,"173663.0"
"NL32","pop_tot_total",2018,"173473.0"
"NL32","pop_tot_total",2019,"173881.0"
"NL32","pop_tot_total",2020,"175502.0"
"NL32","pop_tot_total",2021,"177040.0"
"NL32","pop_tot_total",2022,"183195.0"
"NL32","pop_tot_total",2023,"190271.0"
"NL32","pop_tot_total",2024,"193473.0"
"NL34","pop_tot_total",2015,"19447.0"
"NL34","pop_tot_total",2016,"19351.0"
"NL34","pop_tot_total",2017,"19353.0"
"NL34","pop_tot_total",2018,"19330.0"
"NL34","pop_tot_total",2019,"19643.0"
"NL34","pop_tot_total",2020,"19791.0"
"NL34","pop_tot_total",2021,"20443.0"
"NL34","pop_tot_total",2022,"20566.0"
"NL34","pop_tot_total",2023,"20922.0"
"NL34","pop_tot_total",2024,"20594.0"
"NL41","pop_tot_total",2015,"151449.0"
"NL41","pop_tot_total",2016,"151140.0"
"NL41","pop_tot_total",2017,"152058.0"
"NL41","pop_tot_total",2018,"153189.0"
"NL41","pop_tot_total",2019,"156201.0"
"NL41","pop_tot_total",2020,"158019.0"
"NL41","pop_tot_total",2021,"160052.0"
"NL41","pop_tot_total",2022,"162895.0"
"NL41","pop_tot_total",2023,"167247.0"
"NL41","pop_tot_total",2024,"167798.0"
"NL42","pop_tot_total",2015,"66881.0"
"NL42","pop_tot_total",2016,"65859.0"
"NL42","pop_tot_total",2017,"65653.0"
"NL42","pop_tot_total",2018,"65651.0"
"NL42","pop_tot_total",2019,"65925.0"
"NL42","pop_tot_total",2020,"66719.0"
"NL42","pop_tot_total",2021,"66813.0"
"NL42","pop_tot_total",2022,"68026.0"
"NL42","pop_tot_total",2023,"70126.0"
"NL42","pop_tot_total",2024,"70630.0"
"AT11","pop_tot_total",2015,"15113.0"
"AT11","pop_tot_total",2016,"15141.0"
"AT11","pop_tot_total",2017,"14658.0"
"AT11","pop_tot_total",2018,"14427.0"
"AT11","pop_tot_total",2019,"14112.0"
"AT11","pop_tot_total",2020,"13694.0"
"AT11","pop_tot_total",2021,"13481.0"
"AT11","pop_tot_total",2022,"13335.0"
"AT11","pop_tot_total",2023,"13200.0"
"AT11","pop_tot_total",2024,"13091.0"
"AT12","pop_tot_total",2015,"95450.0"
"AT12","pop_tot_total",2016,"95290.0"
"AT12","pop_tot_total",2017,"94323.0"
"AT12","pop_tot_total",2018,"92571.0"
"AT12","pop_tot_total",2019,"90337.0"
"AT12","pop_tot_total",2020,"87798.0"
"AT12","pop_tot_total",2021,"85815.0"
"AT12","pop_tot_total",2022,"83735.0"
"AT12","pop_tot_total",2023,"83126.0"
"AT12","pop_tot_total",2024,"82510.0"
"AT13","pop_tot_total",2015,"130673.0"
"AT13","pop_tot_total",2016,"135060.0"
"AT13","pop_tot_total",2017,"135713.0"
"AT13","pop_tot_total",2018,"134217.0"
"AT13","pop_tot_total",2019,"131252.0"
"AT13","pop_tot_total",2020,"129282.0"
"AT13","pop_tot_total",2021,"128027.0"
"AT13","pop_tot_total",2022,"127371.0"
"AT13","pop_tot_total",2023,"132668.0"
"AT13","pop_tot_total",2024,"133874.0"
"AT21","pop_tot_total",2015,"30962.0"
"AT21","pop_tot_total",2016,"30802.0"
"AT21","pop_tot_total",2017,"30080.0"
"AT21","pop_tot_total",2018,"29190.0"
"AT21","pop_tot_total",2019,"28556.0"
"AT21","pop_tot_total",2020,"27840.0"
"AT21","pop_tot_total",2021,"27429.0"
"AT21","pop_tot_total",2022,"27092.0"
"AT21","pop_tot_total",2023,"27164.0"
"AT21","pop_tot_total",2024,"26869.0"
"AT22","pop_tot_total",2015,"79189.0"
"AT22","pop_tot_total",2016,"79385.0"
"AT22","pop_tot_total",2017,"78230.0"
"AT22","pop_tot_total",2018,"76119.0"
"AT22","pop_tot_total",2019,"73728.0"
"AT22","pop_tot_total",2020,"71259.0"
"AT22","pop_tot_total",2021,"68943.0"
"AT22","pop_tot_total",2022,"66948.0"
"AT22","pop_tot_total",2023,"66716.0"
"AT22","pop_tot_total",2024,"65897.0"
"AT31","pop_tot_total",2015,"90517.0"
"AT31","pop_tot_total",2016,"91765.0"
"AT31","pop_tot_total",2017,"91291.0"
"AT31","pop_tot_total",2018,"90280.0"
"AT31","pop_tot_total",2019,"88402.0"
"AT31","pop_tot_total",2020,"85947.0"
"AT31","pop_tot_total",2021,"84123.0"
"AT31","pop_tot_total",2022,"82636.0"
"AT31","pop_tot_total",2023,"82866.0"
"AT31","pop_tot_total",2024,"82498.0"
"AT32","pop_tot_total",2015,"33196.0"
"AT32","pop_tot_total",2016,"33786.0"
"AT32","pop_tot_total",2017,"33392.0"
"AT32","pop_tot_total",2018,"32984.0"
"AT32","pop_tot_total",2019,"32745.0"
"AT32","pop_tot_total",2020,"32544.0"
"AT32","pop_tot_total",2021,"31864.0"
"AT32","pop_tot_total",2022,"31264.0"
"AT32","pop_tot_total",2023,"31489.0"
"AT32","pop_tot_total",2024,"31158.0"
"AT33","pop_tot_total",2015,"50686.0"
"AT33","pop_tot_total",2016,"51887.0"
"AT33","pop_tot_total",2017,"51555.0"
"AT33","pop_tot_total",2018,"50044.0"
"AT33","pop_tot_total",2019,"48359.0"
"AT33","pop_tot_total",2020,"46401.0"
"AT33","pop_tot_total",2021,"44560.0"
"AT33","pop_tot_total",2022,"43068.0"
"AT33","pop_tot_total",2023,"42829.0"
"AT33","pop_tot_total",2024,"42333.0"
"AT34","pop_tot_total",2015,"23333.0"
"AT34","pop_tot_total",2016,"23657.0"
"AT34","pop_tot_total",2017,"23765.0"
"AT34","pop_tot_total",2018,"23503.0"
"AT34","pop_tot_total",2019,"23272.0"
"AT34","pop_tot_total",2020,"23005.0"
"AT34","pop_tot_total",2021,"22491.0"
"AT34","pop_tot_total",2022,"22122.0"
"AT34","pop_tot_total",2023,"22331.0"
"AT34","pop_tot_total",2024,"22512.0"
"PL21","pop_tot_total",2015,"231232.0"
"PL21","pop_tot_total",2016,"220857.0"
"PL21","pop_tot_total",2017,"209759.0"
"PL21","pop_tot_total",2018,"201303.0"
"PL21","pop_tot_total",2019,"193928.0"
"PL21","pop_tot_total",2020,"187570.0"
"PL21","pop_tot_total",2021,"186813.0"
"PL21","pop_tot_total",2022,"180989.0"
"PL21","pop_tot_total",2023,"175363.0"
"PL21","pop_tot_total",2024,"169355.0"
"PL22","pop_tot_total",2015,"278980.0"
"PL22","pop_tot_total",2016,"265148.0"
"PL22","pop_tot_total",2017,"251949.0"
"PL22","pop_tot_total",2018,"240539.0"
"PL22","pop_tot_total",2019,"229898.0"
"PL22","pop_tot_total",2020,"219789.0"
"PL22","pop_tot_total",2021,"202374.0"
"PL22","pop_tot_total",2022,"197039.0"
"PL22","pop_tot_total",2023,"192020.0"
"PL22","pop_tot_total",2024,"187573.0"
"PL41","pop_tot_total",2015,"232701.0"
"PL41","pop_tot_total",2016,"222197.0"
"PL41","pop_tot_total",2017,"211592.0"
"PL41","pop_tot_total",2018,"203063.0"
"PL41","pop_tot_total",2019,"195058.0"
"PL41","pop_tot_total",2020,"188283.0"
"PL41","pop_tot_total",2021,"186542.0"
"PL41","pop_tot_total",2022,"181398.0"
"PL41","pop_tot_total",2023,"175593.0"
"PL41","pop_tot_total",2024,"170438.0"
"PL42","pop_tot_total",2015,"110106.0"
"PL42","pop_tot_total",2016,"106347.0"
"PL42","pop_tot_total",2017,"101863.0"
"PL42","pop_tot_total",2018,"97449.0"
"PL42","pop_tot_total",2019,"92731.0"
"PL42","pop_tot_total",2020,"88348.0"
"PL42","pop_tot_total",2021,"79148.0"
"PL42","pop_tot_total",2022,"76909.0"
"PL42","pop_tot_total",2023,"75028.0"
"PL42","pop_tot_total",2024,"73182.0"
"PL43","pop_tot_total",2015,"66356.0"
"PL43","pop_tot_total",2016,"63633.0"
"PL43","pop_tot_total",2017,"61422.0"
"PL43","pop_tot_total",2018,"58927.0"
"PL43","pop_tot_total",2019,"56625.0"
"PL43","pop_tot_total",2020,"54233.0"
"PL43","pop_tot_total",2021,"48212.0"
"PL43","pop_tot_total",2022,"47279.0"
"PL43","pop_tot_total",2023,"46175.0"
"PL43","pop_tot_total",2024,"44806.0"
"PL51","pop_tot_total",2015,"175954.0"
"PL51","pop_tot_total",2016,"167089.0"
"PL51","pop_tot_total",2017,"158904.0"
"PL51","pop_tot_total",2018,"152707.0"
"PL51","pop_tot_total",2019,"146216.0"
"PL51","pop_tot_total",2020,"139415.0"
"PL51","pop_tot_total",2021,"141709.0"
"PL51","pop_tot_total",2022,"135145.0"
"PL51","pop_tot_total",2023,"128367.0"
"PL51","pop_tot_total",2024,"122115.0"
"PL52","pop_tot_total",2015,"63909.0"
"PL52","pop_tot_total",2016,"60584.0"
"PL52","pop_tot_total",2017,"57288.0"
"PL52","pop_tot_total",2018,"55032.0"
"PL52","pop_tot_total",2019,"52530.0"
"PL52","pop_tot_total",2020,"50130.0"
"PL52","pop_tot_total",2021,"45016.0"
"PL52","pop_tot_total",2022,"43881.0"
"PL52","pop_tot_total",2023,"42628.0"
"PL52","pop_tot_total",2024,"41104.0"
"PL61","pop_tot_total",2015,"141033.0"
"PL61","pop_tot_total",2016,"135165.0"
"PL61","pop_tot_total",2017,"129805.0"
"PL61","pop_tot_total",2018,"124718.0"
"PL61","pop_tot_total",2019,"119109.0"
"PL61","pop_tot_total",2020,"113921.0"
"PL61","pop_tot_total",2021,"102112.0"
"PL61","pop_tot_total",2022,"99729.0"
"PL61","pop_tot_total",2023,"97341.0"
"PL61","pop_tot_total",2024,"95016.0"
"PL62","pop_tot_total",2015,"101205.0"
"PL62","pop_tot_total",2016,"97011.0"
"PL62","pop_tot_total",2017,"92634.0"
"PL62","pop_tot_total",2018,"88501.0"
"PL62","pop_tot_total",2019,"84287.0"
"PL62","pop_tot_total",2020,"80827.0"
"PL62","pop_tot_total",2021,"68810.0"
"PL62","pop_tot_total",2022,"68043.0"
"PL62","pop_tot_total",2023,"67215.0"
"PL62","pop_tot_total",2024,"66058.0"
"PL63","pop_tot_total",2015,"150700.0"
"PL63","pop_tot_total",2016,"143754.0"
"PL63","pop_tot_total",2017,"137178.0"
"PL63","pop_tot_total",2018,"132653.0"
"PL63","pop_tot_total",2019,"128139.0"
"PL63","pop_tot_total",2020,"124579.0"
"PL63","pop_tot_total",2021,"123274.0"
"PL63","pop_tot_total",2022,"119806.0"
"PL63","pop_tot_total",2023,"115658.0"
"PL63","pop_tot_total",2024,"112449.0"
"PL71","pop_tot_total",2015,"156018.0"
"PL71","pop_tot_total",2016,"150307.0"
"PL71","pop_tot_total",2017,"143922.0"
"PL71","pop_tot_total",2018,"137629.0"
"PL71","pop_tot_total",2019,"130995.0"
"PL71","pop_tot_total",2020,"125174.0"
"PL71","pop_tot_total",2021,"118214.0"
"PL71","pop_tot_total",2022,"114428.0"
"PL71","pop_tot_total",2023,"111124.0"
"PL71","pop_tot_total",2024,"108174.0"
"PL72","pop_tot_total",2015,"85154.0"
"PL72","pop_tot_total",2016,"82052.0"
"PL72","pop_tot_total",2017,"78485.0"
"PL72","pop_tot_total",2018,"74738.0"
"PL72","pop_tot_total",2019,"71377.0"
"PL72","pop_tot_total",2020,"67851.0"
"PL72","pop_tot_total",2021,"58658.0"
"PL72","pop_tot_total",2022,"57805.0"
"PL72","pop_tot_total",2023,"56767.0"
"PL72","pop_tot_total",2024,"55462.0"
"PL81","pop_tot_total",2015,"150817.0"
"PL81","pop_tot_total",2016,"144303.0"
"PL81","pop_tot_total",2017,"137734.0"
"PL81","pop_tot_total",2018,"131122.0"
"PL81","pop_tot_total",2019,"125344.0"
"PL81","pop_tot_total",2020,"119952.0"
"PL81","pop_tot_total",2021,"107610.0"
"PL81","pop_tot_total",2022,"106109.0"
"PL81","pop_tot_total",2023,"103382.0"
"PL81","pop_tot_total",2024,"101054.0"
"PL82","pop_tot_total",2015,"155228.0"
"PL82","pop_tot_total",2016,"148746.0"
"PL82","pop_tot_total",2017,"142284.0"
"PL82","pop_tot_total",2018,"135486.0"
"PL82","pop_tot_total",2019,"129996.0"
"PL82","pop_tot_total",2020,"125104.0"
"PL82","pop_tot_total",2021,"110596.0"
"PL82","pop_tot_total",2022,"108800.0"
"PL82","pop_tot_total",2023,"107196.0"
"PL82","pop_tot_total",2024,"104642.0"
"PL84","pop_tot_total",2015,"84144.0"
"PL84","pop_tot_total",2016,"80625.0"
"PL84","pop_tot_total",2017,"76979.0"
"PL84","pop_tot_total",2018,"73296.0"
"PL84","pop_tot_total",2019,"69335.0"
"PL84","pop_tot_total",2020,"65800.0"
"PL84","pop_tot_total",2021,"58398.0"
"PL84","pop_tot_total",2022,"56836.0"
"PL84","pop_tot_total",2023,"55471.0"
"PL84","pop_tot_total",2024,"53894.0"
"PL91","pop_tot_total",2015,"152455.0"
"PL91","pop_tot_total",2016,"144225.0"
"PL91","pop_tot_total",2017,"137402.0"
"PL91","pop_tot_total",2018,"133274.0"
"PL91","pop_tot_total",2019,"130430.0"
"PL91","pop_tot_total",2020,"127780.0"
"PL91","pop_tot_total",2021,"157786.0"
"PL91","pop_tot_total",2022,"150063.0"
"PL91","pop_tot_total",2023,"143529.0"
"PL91","pop_tot_total",2024,"139434.0"
"PL92","pop_tot_total",2015,"171501.0"
"PL92","pop_tot_total",2016,"166488.0"
"PL92","pop_tot_total",2017,"160702.0"
"PL92","pop_tot_total",2018,"154093.0"
"PL92","pop_tot_total",2019,"146659.0"
"PL92","pop_tot_total",2020,"140095.0"
"PL92","pop_tot_total",2021,"124223.0"
"PL92","pop_tot_total",2022,"122052.0"
"PL92","pop_tot_total",2023,"120116.0"
"PL92","pop_tot_total",2024,"117507.0"
"PT11","pop_tot_total",2015,"202155.0"
"PT11","pop_tot_total",2016,"198906.0"
"PT11","pop_tot_total",2017,"196422.0"
"PT11","pop_tot_total",2018,"196019.0"
"PT11","pop_tot_total",2019,"196009.0"
"PT11","pop_tot_total",2020,"198256.0"
"PT11","pop_tot_total",2021,"201715.0"
"PT11","pop_tot_total",2022,"201330.0"
"PT11","pop_tot_total",2023,"202009.0"
"PT11","pop_tot_total",2024,"201765.0"
"PT15","pop_tot_total",2015,"22491.0"
"PT15","pop_tot_total",2016,"22341.0"
"PT15","pop_tot_total",2017,"21972.0"
"PT15","pop_tot_total",2018,"21907.0"
"PT15","pop_tot_total",2019,"21852.0"
"PT15","pop_tot_total",2020,"22363.0"
"PT15","pop_tot_total",2021,"22820.0"
"PT15","pop_tot_total",2022,"22719.0"
"PT15","pop_tot_total",2023,"23413.0"
"PT15","pop_tot_total",2024,"23905.0"
"PT20","pop_tot_total",2015,"16080.0"
"PT20","pop_tot_total",2016,"15466.0"
"PT20","pop_tot_total",2017,"14910.0"
"PT20","pop_tot_total",2018,"14544.0"
"PT20","pop_tot_total",2019,"14131.0"
"PT20","pop_tot_total",2020,"13968.0"
"PT20","pop_tot_total",2021,"14479.0"
"PT20","pop_tot_total",2022,"14524.0"
"PT20","pop_tot_total",2023,"14547.0"
"PT20","pop_tot_total",2024,"14567.0"
"PT30","pop_tot_total",2015,"14804.0"
"PT30","pop_tot_total",2016,"14126.0"
"PT30","pop_tot_total",2017,"13507.0"
"PT30","pop_tot_total",2018,"13123.0"
"PT30","pop_tot_total",2019,"12877.0"
"PT30","pop_tot_total",2020,"12950.0"
"PT30","pop_tot_total",2021,"13745.0"
"PT30","pop_tot_total",2022,"14372.0"
"PT30","pop_tot_total",2023,"14727.0"
"PT30","pop_tot_total",2024,"15150.0"
"RO11","pop_tot_total",2015,"164426.0"
"RO11","pop_tot_total",2016,"153062.0"
"RO11","pop_tot_total",2017,"144181.0"
"RO11","pop_tot_total",2018,"137124.0"
"RO11","pop_tot_total",2019,"135039.0"
"RO11","pop_tot_total",2020,"132307.0"
"RO11","pop_tot_total",2021,"132646.0"
"RO11","pop_tot_total",2022,"134754.0"
"RO11","pop_tot_total",2023,"135918.0"
"RO11","pop_tot_total",2024,"137252.0"
"RO12","pop_tot_total",2015,"132912.0"
"RO12","pop_tot_total",2016,"125870.0"
"RO12","pop_tot_total",2017,"121269.0"
"RO12","pop_tot_total",2018,"118810.0"
"RO12","pop_tot_total",2019,"118324.0"
"RO12","pop_tot_total",2020,"117959.0"
"RO12","pop_tot_total",2021,"119265.0"
"RO12","pop_tot_total",2022,"116008.0"
"RO12","pop_tot_total",2023,"118082.0"
"RO12","pop_tot_total",2024,"120283.0"
"RO21","pop_tot_total",2015,"198821.0"
"RO21","pop_tot_total",2016,"197239.0"
"RO21","pop_tot_total",2017,"196490.0"
"RO21","pop_tot_total",2018,"197242.0"
"RO21","pop_tot_total",2019,"196697.0"
"RO21","pop_tot_total",2020,"195335.0"
"RO21","pop_tot_total",2021,"196822.0"
"RO21","pop_tot_total",2022,"179456.0"
"RO21","pop_tot_total",2023,"184258.0"
"RO21","pop_tot_total",2024,"190373.0"
"RO22","pop_tot_total",2015,"127266.0"
"RO22","pop_tot_total",2016,"125960.0"
"RO22","pop_tot_total",2017,"127516.0"
"RO22","pop_tot_total",2018,"128945.0"
"RO22","pop_tot_total",2019,"128131.0"
"RO22","pop_tot_total",2020,"126899.0"
"RO22","pop_tot_total",2021,"126721.0"
"RO22","pop_tot_total",2022,"112547.0"
"RO22","pop_tot_total",2023,"115068.0"
"RO22","pop_tot_total",2024,"119281.0"
"RO31","pop_tot_total",2015,"161824.0"
"RO31","pop_tot_total",2016,"159517.0"
"RO31","pop_tot_total",2017,"158927.0"
"RO31","pop_tot_total",2018,"158571.0"
"RO31","pop_tot_total",2019,"155389.0"
"RO31","pop_tot_total",2020,"152651.0"
"RO31","pop_tot_total",2021,"151547.0"
"RO31","pop_tot_total",2022,"138877.0"
"RO31","pop_tot_total",2023,"140332.0"
"RO31","pop_tot_total",2024,"143608.0"
"RO32","pop_tot_total",2015,"121025.0"
"RO32","pop_tot_total",2016,"104649.0"
"RO32","pop_tot_total",2017,"92612.0"
"RO32","pop_tot_total",2018,"84142.0"
"RO32","pop_tot_total",2019,"84770.0"
"RO32","pop_tot_total",2020,"83882.0"
"RO32","pop_tot_total",2021,"86485.0"
"RO32","pop_tot_total",2022,"98391.0"
"RO32","pop_tot_total",2023,"97452.0"
"RO32","pop_tot_total",2024,"97411.0"
"RO41","pop_tot_total",2015,"111109.0"
"RO41","pop_tot_total",2016,"110095.0"
"RO41","pop_tot_total",2017,"110032.0"
"RO41","pop_tot_total",2018,"110204.0"
"RO41","pop_tot_total",2019,"107398.0"
"RO41","pop_tot_total",2020,"104593.0"
"RO41","pop_tot_total",2021,"103940.0"
"RO41","pop_tot_total",2022,"93211.0"
"RO41","pop_tot_total",2023,"93741.0"
"RO41","pop_tot_total",2024,"95349.0"
"RO42","pop_tot_total",2015,"111330.0"
"RO42","pop_tot_total",2016,"103352.0"
"RO42","pop_tot_total",2017,"96586.0"
"RO42","pop_tot_total",2018,"91774.0"
"RO42","pop_tot_total",2019,"90357.0"
"RO42","pop_tot_total",2020,"88276.0"
"RO42","pop_tot_total",2021,"87799.0"
"RO42","pop_tot_total",2022,"80266.0"
"RO42","pop_tot_total",2023,"80670.0"
"RO42","pop_tot_total",2024,"81762.0"
"SI03","pop_tot_total",2015,"52854.0"
"SI03","pop_tot_total",2016,"51430.0"
"SI03","pop_tot_total",2017,"50328.0"
"SI03","pop_tot_total",2018,"49452.0"
"SI03","pop_tot_total",2019,"49110.0"
"SI03","pop_tot_total",2020,"49373.0"
"SI03","pop_tot_total",2021,"48915.0"
"SI03","pop_tot_total",2022,"48069.0"
"SI03","pop_tot_total",2023,"48048.0"
"SI03","pop_tot_total",2024,"48224.0"
"SI04","pop_tot_total",2015,"54864.0"
"SI04","pop_tot_total",2016,"53070.0"
"SI04","pop_tot_total",2017,"51894.0"
"SI04","pop_tot_total",2018,"51621.0"
"SI04","pop_tot_total",2019,"52830.0"
"SI04","pop_tot_total",2020,"53716.0"
"SI04","pop_tot_total",2021,"54743.0"
"SI04","pop_tot_total",2022,"53664.0"
"SI04","pop_tot_total",2023,"54222.0"
"SI04","pop_tot_total",2024,"54560.0"
"SK01","pop_tot_total",2015,"32345.0"
"SK01","pop_tot_total",2016,"30436.0"
"SK01","pop_tot_total",2017,"28362.0"
"SK01","pop_tot_total",2018,"26725.0"
"SK01","pop_tot_total",2019,"25118.0"
"SK01","pop_tot_total",2020,"24132.0"
"SK01","pop_tot_total",2021,"23687.0"
"SK01","pop_tot_total",2022,"25431.0"
"SK01","pop_tot_total",2023,"25102.0"
"SK01","pop_tot_total",2024,"25340.0"
"SK02","pop_tot_total",2015,"120586.0"
"SK02","pop_tot_total",2016,"113972.0"
"SK02","pop_tot_total",2017,"107539.0"
"SK02","pop_tot_total",2018,"101823.0"
"SK02","pop_tot_total",2019,"95661.0"
"SK02","pop_tot_total",2020,"91879.0"
"SK02","pop_tot_total",2021,"89207.0"
"SK02","pop_tot_total",2022,"85596.0"
"SK02","pop_tot_total",2023,"82403.0"
"SK02","pop_tot_total",2024,"80111.0"
"SK03","pop_tot_total",2015,"94300.0"
"SK03","pop_tot_total",2016,"90210.0"
"SK03","pop_tot_total",2017,"85790.0"
"SK03","pop_tot_total",2018,"82061.0"
"SK03","pop_tot_total",2019,"78097.0"
"SK03","pop_tot_total",2020,"75428.0"
"SK03","pop_tot_total",2021,"73603.0"
"SK03","pop_tot_total",2022,"69808.0"
"SK03","pop_tot_total",2023,"67582.0"
"SK03","pop_tot_total",2024,"65917.0"
"SK04","pop_tot_total",2015,"120014.0"
"SK04","pop_tot_total",2016,"115347.0"
"SK04","pop_tot_total",2017,"111063.0"
"SK04","pop_tot_total",2018,"107173.0"
"SK04","pop_tot_total",2019,"103361.0"
"SK04","pop_tot_total",2020,"100805.0"
"SK04","pop_tot_total",2021,"99710.0"
"SK04","pop_tot_total",2022,"94396.0"
"SK04","pop_tot_total",2023,"91981.0"
"SK04","pop_tot_total",2024,"90122.0"
"FI19","pop_tot_total",2015,"87684.0"
"FI19","pop_tot_total",2016,"86979.0"
"FI19","pop_tot_total",2017,"86435.0"
"FI19","pop_tot_total",2018,"84713.0"
"FI19","pop_tot_total",2019,"83330.0"
"FI19","pop_tot_total",2020,"81837.0"
"FI19","pop_tot_total",2021,"80722.0"
"FI19","pop_tot_total",2022,"80394.0"
"FI19","pop_tot_total",2023,"80577.0"
"FI19","pop_tot_total",2024,"81523.0"
"FI1B","pop_tot_total",2015,"105051.0"
"FI1B","pop_tot_total",2016,"104363.0"
"FI1B","pop_tot_total",2017,"103280.0"
"FI1B","pop_tot_total",2018,"101404.0"
"FI1B","pop_tot_total",2019,"99076.0"
"FI1B","pop_tot_total",2020,"97640.0"
"FI1B","pop_tot_total",2021,"95659.0"
"FI1B","pop_tot_total",2022,"94309.0"
"FI1B","pop_tot_total",2023,"94342.0"
"FI1B","pop_tot_total",2024,"96260.0"
"FI1C","pop_tot_total",2015,"67746.0"
"FI1C","pop_tot_total",2016,"67178.0"
"FI1C","pop_tot_total",2017,"66232.0"
"FI1C","pop_tot_total",2018,"65087.0"
"FI1C","pop_tot_total",2019,"63568.0"
"FI1C","pop_tot_total",2020,"62160.0"
"FI1C","pop_tot_total",2021,"61236.0"
"FI1C","pop_tot_total",2022,"60087.0"
"FI1C","pop_tot_total",2023,"59554.0"
"FI1C","pop_tot_total",2024,"60445.0"
"FI1D","pop_tot_total",2015,"80087.0"
"FI1D","pop_tot_total",2016,"79208.0"
"FI1D","pop_tot_total",2017,"77678.0"
"FI1D","pop_tot_total",2018,"75202.0"
"FI1D","pop_tot_total",2019,"73109.0"
"FI1D","pop_tot_total",2020,"71007.0"
"FI1D","pop_tot_total",2021,"69529.0"
"FI1D","pop_tot_total",2022,"69276.0"
"FI1D","pop_tot_total",2023,"68703.0"
"FI1D","pop_tot_total",2024,"68805.0"
"FI20","pop_tot_total",2015,"1518.0"
"FI20","pop_tot_total",2016,"1488.0"
"FI20","pop_tot_total",2017,"1415.0"
"FI20","pop_tot_total",2018,"1346.0"
"FI20","pop_tot_total",2019,"1293.0"
"FI20","pop_tot_total",2020,"1300.0"
"FI20","pop_tot_total",2021,"1264.0"
"FI20","pop_tot_total",2022,"1200.0"
"FI20","pop_tot_total",2023,"1209.0"
"FI20","pop_tot_total",2024,"1189.0"
"SE11","pop_tot_total",2015,"141637.0"
"SE11","pop_tot_total",2016,"139269.0"
"SE11","pop_tot_total",2017,"136687.0"
"SE11","pop_tot_total",2018,"132980.0"
"SE11","pop_tot_total",2019,"129825.0"
"SE11","pop_tot_total",2020,"127156.0"
"SE11","pop_tot_total",2021,"124781.0"
"SE11","pop_tot_total",2022,"124555.0"
"SE11","pop_tot_total",2023,"126554.0"
"SE11","pop_tot_total",2024,"128752.0"
"SE12","pop_tot_total",2015,"119685.0"
"SE12","pop_tot_total",2016,"117431.0"
"SE12","pop_tot_total",2017,"114923.0"
"SE12","pop_tot_total",2018,"111443.0"
"SE12","pop_tot_total",2019,"108912.0"
"SE12","pop_tot_total",2020,"107892.0"
"SE12","pop_tot_total",2021,"107258.0"
"SE12","pop_tot_total",2022,"107496.0"
"SE12","pop_tot_total",2023,"109075.0"
"SE12","pop_tot_total",2024,"110421.0"
"SE21","pop_tot_total",2015,"57240.0"
"SE21","pop_tot_total",2016,"55629.0"
"SE21","pop_tot_total",2017,"54439.0"
"SE21","pop_tot_total",2018,"52404.0"
"SE21","pop_tot_total",2019,"50356.0"
"SE21","pop_tot_total",2020,"49499.0"
"SE21","pop_tot_total",2021,"48529.0"
"SE21","pop_tot_total",2022,"48300.0"
"SE21","pop_tot_total",2023,"48747.0"
"SE21","pop_tot_total",2024,"48471.0"
"SE22","pop_tot_total",2015,"99350.0"
"SE22","pop_tot_total",2016,"97535.0"
"SE22","pop_tot_total",2017,"95444.0"
"SE22","pop_tot_total",2018,"92361.0"
"SE22","pop_tot_total",2019,"89538.0"
"SE22","pop_tot_total",2020,"88474.0"
"SE22","pop_tot_total",2021,"87799.0"
"SE22","pop_tot_total",2022,"87863.0"
"SE22","pop_tot_total",2023,"89101.0"
"SE22","pop_tot_total",2024,"91044.0"
"SE23","pop_tot_total",2015,"136086.0"
"SE23","pop_tot_total",2016,"132545.0"
"SE23","pop_tot_total",2017,"128836.0"
"SE23","pop_tot_total",2018,"123677.0"
"SE23","pop_tot_total",2019,"119573.0"
"SE23","pop_tot_total",2020,"117486.0"
"SE23","pop_tot_total",2021,"115583.0"
"SE23","pop_tot_total",2022,"115403.0"
"SE23","pop_tot_total",2023,"117206.0"
"SE23","pop_tot_total",2024,"118644.0"
"SE31","pop_tot_total",2015,"54659.0"
"SE31","pop_tot_total",2016,"53128.0"
"SE31","pop_tot_total",2017,"51536.0"
"SE31","pop_tot_total",2018,"48474.0"
"SE31","pop_tot_total",2019,"46424.0"
"SE31","pop_tot_total",2020,"45327.0"
"SE31","pop_tot_total",2021,"44317.0"
"SE31","pop_tot_total",2022,"43375.0"
"SE31","pop_tot_total",2023,"43311.0"
"SE31","pop_tot_total",2024,"42834.0"
"SE32","pop_tot_total",2015,"23429.0"
"SE32","pop_tot_total",2016,"22661.0"
"SE32","pop_tot_total",2017,"21852.0"
"SE32","pop_tot_total",2018,"20574.0"
"SE32","pop_tot_total",2019,"19463.0"
"SE32","pop_tot_total",2020,"18931.0"
"SE32","pop_tot_total",2021,"18318.0"
"SE32","pop_tot_total",2022,"18237.0"
"SE32","pop_tot_total",2023,"18175.0"
"SE32","pop_tot_total",2024,"18168.0"
"SE33","pop_tot_total",2015,"39443.0"
"SE33","pop_tot_total",2016,"38250.0"
"SE33","pop_tot_total",2017,"36462.0"
"SE33","pop_tot_total",2018,"35006.0"
"SE33","pop_tot_total",2019,"33502.0"
"SE33","pop_tot_total",2020,"32934.0"
"SE33","pop_tot_total",2021,"32879.0"
"SE33","pop_tot_total",2022,"32986.0"
"SE33","pop_tot_total",2023,"33321.0"
"SE33","pop_tot_total",2024,"33534.0"
"IS00","pop_tot_total",2015,"25039.0"
"IS00","pop_tot_total",2016,"24886.0"
"IS00","pop_tot_total",2017,"25186.0"
"IS00","pop_tot_total",2018,"25721.0"
"IS00","pop_tot_total",2019,"25913.0"
"IS00","pop_tot_total",2020,"25770.0"
"IS00","pop_tot_total",2021,"25466.0"
"IS00","pop_tot_total",2022,"25748.0"
"IS00","pop_tot_total",2023,"26512.0"
"IS00","pop_tot_total",2024,"25105.0"
"LI00","pop_tot_total",2015,"2229.0"
"LI00","pop_tot_total",2016,"2244.0"
"LI00","pop_tot_total",2017,"2216.0"
"LI00","pop_tot_total",2018,"2262.0"
"LI00","pop_tot_total",2019,"2222.0"
"LI00","pop_tot_total",2020,"2211.0"
"LI00","pop_tot_total",2021,"2153.0"
"LI00","pop_tot_total",2022,"2106.0"
"LI00","pop_tot_total",2023,"2065.0"
"LI00","pop_tot_total",2024,"2047.0"
"NO02","pop_tot_total",2015,"23248.0"
"NO02","pop_tot_total",2016,"23039.0"
"NO02","pop_tot_total",2017,"23180.0"
"NO02","pop_tot_total",2018,"23091.0"
"NO02","pop_tot_total",2019,"22761.0"
"NO02","pop_tot_total",2020,"22752.0"
"NO02","pop_tot_total",2021,"22394.0"
"NO02","pop_tot_total",2022,"21844.0"
"NO02","pop_tot_total",2023,"21511.0"
"NO02","pop_tot_total",2024,"21106.0"
"NO06","pop_tot_total",2015,"33602.0"
"NO06","pop_tot_total",2016,"33626.0"
"NO06","pop_tot_total",2017,"34018.0"
"NO06","pop_tot_total",2018,"34055.0"
"NO06","pop_tot_total",2019,"33942.0"
"NO06","pop_tot_total",2020,"33718.0"
"NO06","pop_tot_total",2021,"33977.0"
"NO06","pop_tot_total",2022,"34172.0"
"NO06","pop_tot_total",2023,"34024.0"
"NO06","pop_tot_total",2024,"33545.0"
"NO07","pop_tot_total",2015,"33587.0"
"NO07","pop_tot_total",2016,"33378.0"
"NO07","pop_tot_total",2017,"33566.0"
"NO07","pop_tot_total",2018,"33202.0"
"NO07","pop_tot_total",2019,"32814.0"
"NO07","pop_tot_total",2020,"32151.0"
"NO07","pop_tot_total",2021,"31272.0"
"NO07","pop_tot_total",2022,"30479.0"
"NO07","pop_tot_total",2023,"29828.0"
"NO07","pop_tot_total",2024,"29294.0"
"NO08","pop_tot_total",2015,"115170.0"
"NO08","pop_tot_total",2016,"114948.0"
"NO08","pop_tot_total",2017,"115095.0"
"NO08","pop_tot_total",2018,"115274.0"
"NO08","pop_tot_total",2019,"115200.0"
"NO08","pop_tot_total",2020,"116181.0"
"NO08","pop_tot_total",2021,"115544.0"
"NO08","pop_tot_total",2022,"115040.0"
"NO08","pop_tot_total",2023,"116496.0"
"NO08","pop_tot_total",2024,"118460.0"
"NO09","pop_tot_total",2015,"45774.0"
"NO09","pop_tot_total",2016,"45799.0"
"NO09","pop_tot_total",2017,"45738.0"
"NO09","pop_tot_total",2018,"46087.0"
"NO09","pop_tot_total",2019,"46026.0"
"NO09","pop_tot_total",2020,"45631.0"
"NO09","pop_tot_total",2021,"45027.0"
"NO09","pop_tot_total",2022,"44050.0"
"NO09","pop_tot_total",2023,"43553.0"
"NO09","pop_tot_total",2024,"43436.0"
"NO0A","pop_tot_total",2015,"92696.0"
"NO0A","pop_tot_total",2016,"92044.0"
"NO0A","pop_tot_total",2017,"91705.0"
"NO0A","pop_tot_total",2018,"90661.0"
"NO0A","pop_tot_total",2019,"90488.0"
"NO0A","pop_tot_total",2020,"90396.0"
"NO0A","pop_tot_total",2021,"90207.0"
"NO0A","pop_tot_total",2022,"89325.0"
"NO0A","pop_tot_total",2023,"88554.0"
"NO0A","pop_tot_total",2024,"89037.0"
"CH01","pop_tot_total",2015,"101808.0"
"CH01","pop_tot_total",2016,"102806.0"
"CH01","pop_tot_total",2017,"102686.0"
"CH01","pop_tot_total",2018,"101567.0"
"CH01","pop_tot_total",2019,"100471.0"
"CH01","pop_tot_total",2020,"100171.0"
"CH01","pop_tot_total",2021,"100877.0"
"CH01","pop_tot_total",2022,"100582.0"
"CH01","pop_tot_total",2023,"100589.0"
"CH01","pop_tot_total",2024,"101880.0"
"CH02","pop_tot_total",2015,"111451.0"
"CH02","pop_tot_total",2016,"110744.0"
"CH02","pop_tot_total",2017,"110527.0"
"CH02","pop_tot_total",2018,"108708.0"
"CH02","pop_tot_total",2019,"107156.0"
"CH02","pop_tot_total",2020,"105532.0"
"CH02","pop_tot_total",2021,"104484.0"
"CH02","pop_tot_total",2022,"102636.0"
"CH02","pop_tot_total",2023,"101053.0"
"CH02","pop_tot_total",2024,"100975.0"
"CH03","pop_tot_total",2015,"64225.0"
"CH03","pop_tot_total",2016,"63436.0"
"CH03","pop_tot_total",2017,"63620.0"
"CH03","pop_tot_total",2018,"62557.0"
"CH03","pop_tot_total",2019,"62020.0"
"CH03","pop_tot_total",2020,"61528.0"
"CH03","pop_tot_total",2021,"61345.0"
"CH03","pop_tot_total",2022,"60233.0"
"CH03","pop_tot_total",2023,"59507.0"
"CH03","pop_tot_total",2024,"60021.0"
"CH04","pop_tot_total",2015,"78324.0"
"CH04","pop_tot_total",2016,"78358.0"
"CH04","pop_tot_total",2017,"78930.0"
"CH04","pop_tot_total",2018,"78646.0"
"CH04","pop_tot_total",2019,"78606.0"
"CH04","pop_tot_total",2020,"78910.0"
"CH04","pop_tot_total",2021,"79140.0"
"CH04","pop_tot_total",2022,"78651.0"
"CH04","pop_tot_total",2023,"79155.0"
"CH04","pop_tot_total",2024,"80090.0"
"CH05","pop_tot_total",2015,"74882.0"
"CH05","pop_tot_total",2016,"73318.0"
"CH05","pop_tot_total",2017,"72212.0"
"CH05","pop_tot_total",2018,"70501.0"
"CH05","pop_tot_total",2019,"69354.0"
"CH05","pop_tot_total",2020,"68320.0"
"CH05","pop_tot_total",2021,"67877.0"
"CH05","pop_tot_total",2022,"66434.0"
"CH05","pop_tot_total",2023,"65492.0"
"CH05","pop_tot_total",2024,"65212.0"
"CH06","pop_tot_total",2015,"48795.0"
"CH06","pop_tot_total",2016,"48502.0"
"CH06","pop_tot_total",2017,"48655.0"
"CH06","pop_tot_total",2018,"48113.0"
"CH06","pop_tot_total",2019,"47226.0"
"CH06","pop_tot_total",2020,"46634.0"
"CH06","pop_tot_total",2021,"45810.0"
"CH06","pop_tot_total",2022,"44519.0"
"CH06","pop_tot_total",2023,"43606.0"
"CH06","pop_tot_total",2024,"43400.0"
"CH07","pop_tot_total",2015,"18828.0"
"CH07","pop_tot_total",2016,"18884.0"
"CH07","pop_tot_total",2017,"18905.0"
"CH07","pop_tot_total",2018,"18617.0"
"CH07","pop_tot_total",2019,"18612.0"
"CH07","pop_tot_total",2020,"18408.0"
"CH07","pop_tot_total",2021,"18648.0"
"CH07","pop_tot_total",2022,"18547.0"
"CH07","pop_tot_total",2023,"18690.0"
"CH07","pop_tot_total",2024,"18749.0"
"ME00","pop_tot_total",2015,"40560.0"
"ME00","pop_tot_total",2016,"40874.0"
"ME00","pop_tot_total",2017,"40937.0"
"ME00","pop_tot_total",2018,"40372.0"
"ME00","pop_tot_total",2019,"40258.0"
"ME00","pop_tot_total",2020,"39671.0"
"ME00","pop_tot_total",2021,"38834.0"
"ME00","pop_tot_total",2022,"38475.0"
"ME00","pop_tot_total",2023,"38273.0"
"ME00","pop_tot_total",2024,"34625.0"
"MK00","pop_tot_total",2015,"153943.0"
"MK00","pop_tot_total",2016,"150878.0"
"MK00","pop_tot_total",2017,"146511.0"
"MK00","pop_tot_total",2018,"141251.0"
"MK00","pop_tot_total",2019,"137043.0"
"MK00","pop_tot_total",2020,"131125.0"
"MK00","pop_tot_total",2021,"128075.0"
"MK00","pop_tot_total",2022,"106649.0"
"MK00","pop_tot_total",2023,"106237.0"
"MK00","pop_tot_total",2024,"105972.0"
"TR10","pop_tot_total",2015,"1136062.0"
"TR10","pop_tot_total",2016,"1157736.0"
"TR10","pop_tot_total",2017,"1158213.0"
"TR10","pop_tot_total",2018,"1172927.0"
"TR10","pop_tot_total",2019,"1175218.0"
"TR10","pop_tot_total",2020,"1217874.0"
"TR10","pop_tot_total",2021,"1194847.0"
"TR10","pop_tot_total",2022,"1249289.0"
"TR10","pop_tot_total",2023,"1241736.0"
"TR10","pop_tot_total",2024,"1207047.0"
"TR21","pop_tot_total",2015,"134582.0"
"TR21","pop_tot_total",2016,"136495.0"
"TR21","pop_tot_total",2017,"136861.0"
"TR21","pop_tot_total",2018,"141588.0"
"TR21","pop_tot_total",2019,"144141.0"
"TR21","pop_tot_total",2020,"147613.0"
"TR21","pop_tot_total",2021,"143496.0"
"TR21","pop_tot_total",2022,"146942.0"
"TR21","pop_tot_total",2023,"140560.0"
"TR21","pop_tot_total",2024,"139408.0"
"TR22","pop_tot_total",2015,"127720.0"
"TR22","pop_tot_total",2016,"124131.0"
"TR22","pop_tot_total",2017,"122266.0"
"TR22","pop_tot_total",2018,"128006.0"
"TR22","pop_tot_total",2019,"129761.0"
"TR22","pop_tot_total",2020,"127399.0"
"TR22","pop_tot_total",2021,"126698.0"
"TR22","pop_tot_total",2022,"132550.0"
"TR22","pop_tot_total",2023,"123243.0"
"TR22","pop_tot_total",2024,"123286.0"
"TR31","pop_tot_total",2015,"307443.0"
"TR31","pop_tot_total",2016,"306314.0"
"TR31","pop_tot_total",2017,"306168.0"
"TR31","pop_tot_total",2018,"310524.0"
"TR31","pop_tot_total",2019,"310397.0"
"TR31","pop_tot_total",2020,"307614.0"
"TR31","pop_tot_total",2021,"309465.0"
"TR31","pop_tot_total",2022,"306628.0"
"TR31","pop_tot_total",2023,"302431.0"
"TR31","pop_tot_total",2024,"299361.0"
"TR32","pop_tot_total",2015,"204521.0"
"TR32","pop_tot_total",2016,"206345.0"
"TR32","pop_tot_total",2017,"209736.0"
"TR32","pop_tot_total",2018,"215845.0"
"TR32","pop_tot_total",2019,"217640.0"
"TR32","pop_tot_total",2020,"221323.0"
"TR32","pop_tot_total",2021,"221665.0"
"TR32","pop_tot_total",2022,"222975.0"
"TR32","pop_tot_total",2023,"219376.0"
"TR32","pop_tot_total",2024,"215161.0"
"TR33","pop_tot_total",2015,"233237.0"
"TR33","pop_tot_total",2016,"229621.0"
"TR33","pop_tot_total",2017,"229970.0"
"TR33","pop_tot_total",2018,"232231.0"
"TR33","pop_tot_total",2019,"237599.0"
"TR33","pop_tot_total",2020,"241139.0"
"TR33","pop_tot_total",2021,"242797.0"
"TR33","pop_tot_total",2022,"241550.0"
"TR33","pop_tot_total",2023,"238518.0"
"TR33","pop_tot_total",2024,"230547.0"
"TR41","pop_tot_total",2015,"288934.0"
"TR41","pop_tot_total",2016,"289923.0"
"TR41","pop_tot_total",2017,"298271.0"
"TR41","pop_tot_total",2018,"299900.0"
"TR41","pop_tot_total",2019,"304220.0"
"TR41","pop_tot_total",2020,"307036.0"
"TR41","pop_tot_total",2021,"310510.0"
"TR41","pop_tot_total",2022,"316322.0"
"TR41","pop_tot_total",2023,"310834.0"
"TR41","pop_tot_total",2024,"301243.0"
"TR42","pop_tot_total",2015,"277292.0"
"TR42","pop_tot_total",2016,"283173.0"
"TR42","pop_tot_total",2017,"292630.0"
"TR42","pop_tot_total",2018,"297472.0"
"TR42","pop_tot_total",2019,"302220.0"
"TR42","pop_tot_total",2020,"309796.0"
"TR42","pop_tot_total",2021,"315632.0"
"TR42","pop_tot_total",2022,"320022.0"
"TR42","pop_tot_total",2023,"322002.0"
"TR42","pop_tot_total",2024,"320009.0"
"TR51","pop_tot_total",2015,"417387.0"
"TR51","pop_tot_total",2016,"421182.0"
"TR51","pop_tot_total",2017,"415966.0"
"TR51","pop_tot_total",2018,"425363.0"
"TR51","pop_tot_total",2019,"432140.0"
"TR51","pop_tot_total",2020,"440512.0"
"TR51","pop_tot_total",2021,"439013.0"
"TR51","pop_tot_total",2022,"453428.0"
"TR51","pop_tot_total",2023,"451493.0"
"TR51","pop_tot_total",2024,"447328.0"
"TR52","pop_tot_total",2015,"189759.0"
"TR52","pop_tot_total",2016,"191834.0"
"TR52","pop_tot_total",2017,"196471.0"
"TR52","pop_tot_total",2018,"200454.0"
"TR52","pop_tot_total",2019,"204753.0"
"TR52","pop_tot_total",2020,"211181.0"
"TR52","pop_tot_total",2021,"214042.0"
"TR52","pop_tot_total",2022,"217762.0"
"TR52","pop_tot_total",2023,"214883.0"
"TR52","pop_tot_total",2024,"209802.0"
"TR61","pop_tot_total",2015,"208940.0"
"TR61","pop_tot_total",2016,"215346.0"
"TR61","pop_tot_total",2017,"219855.0"
"TR61","pop_tot_total",2018,"231642.0"
"TR61","pop_tot_total",2019,"234848.0"
"TR61","pop_tot_total",2020,"247523.0"
"TR61","pop_tot_total",2021,"246561.0"
"TR61","pop_tot_total",2022,"250700.0"
"TR61","pop_tot_total",2023,"248714.0"
"TR61","pop_tot_total",2024,"245868.0"
"TR62","pop_tot_total",2015,"288320.0"
"TR62","pop_tot_total",2016,"288464.0"
"TR62","pop_tot_total",2017,"292015.0"
"TR62","pop_tot_total",2018,"292988.0"
"TR62","pop_tot_total",2019,"290455.0"
"TR62","pop_tot_total",2020,"294359.0"
"TR62","pop_tot_total",2021,"306690.0"
"TR62","pop_tot_total",2022,"303329.0"
"TR62","pop_tot_total",2023,"300388.0"
"TR62","pop_tot_total",2024,"288875.0"
"TR63","pop_tot_total",2015,"237099.0"
"TR63","pop_tot_total",2016,"233012.0"
"TR63","pop_tot_total",2017,"236363.0"
"TR63","pop_tot_total",2018,"235870.0"
"TR63","pop_tot_total",2019,"242426.0"
"TR63","pop_tot_total",2020,"248347.0"
"TR63","pop_tot_total",2021,"261355.0"
"TR63","pop_tot_total",2022,"261108.0"
"TR63","pop_tot_total",2023,"257746.0"
"TR63","pop_tot_total",2024,"231693.0"
"TR71","pop_tot_total",2015,"120266.0"
"TR71","pop_tot_total",2016,"120014.0"
"TR71","pop_tot_total",2017,"126568.0"
"TR71","pop_tot_total",2018,"130550.0"
"TR71","pop_tot_total",2019,"137644.0"
"TR71","pop_tot_total",2020,"142023.0"
"TR71","pop_tot_total",2021,"143051.0"
"TR71","pop_tot_total",2022,"142192.0"
"TR71","pop_tot_total",2023,"139165.0"
"TR71","pop_tot_total",2024,"136478.0"
"TR72","pop_tot_total",2015,"188753.0"
"TR72","pop_tot_total",2016,"188192.0"
"TR72","pop_tot_total",2017,"190734.0"
"TR72","pop_tot_total",2018,"196969.0"
"TR72","pop_tot_total",2019,"201928.0"
"TR72","pop_tot_total",2020,"203738.0"
"TR72","pop_tot_total",2021,"207031.0"
"TR72","pop_tot_total",2022,"206812.0"
"TR72","pop_tot_total",2023,"201228.0"
"TR72","pop_tot_total",2024,"196435.0"
"TR81","pop_tot_total",2015,"78422.0"
"TR81","pop_tot_total",2016,"78854.0"
"TR81","pop_tot_total",2017,"80784.0"
"TR81","pop_tot_total",2018,"81296.0"
"TR81","pop_tot_total",2019,"84135.0"
"TR81","pop_tot_total",2020,"84743.0"
"TR81","pop_tot_total",2021,"81997.0"
"TR81","pop_tot_total",2022,"85993.0"
"TR81","pop_tot_total",2023,"85509.0"
"TR81","pop_tot_total",2024,"85608.0"
"TR82","pop_tot_total",2015,"57312.0"
"TR82","pop_tot_total",2016,"56381.0"
"TR82","pop_tot_total",2017,"59844.0"
"TR82","pop_tot_total",2018,"59334.0"
"TR82","pop_tot_total",2019,"63849.0"
"TR82","pop_tot_total",2020,"61449.0"
"TR82","pop_tot_total",2021,"59417.0"
"TR82","pop_tot_total",2022,"59922.0"
"TR82","pop_tot_total",2023,"58524.0"
"TR82","pop_tot_total",2024,"58795.0"
"TR83","pop_tot_total",2015,"202449.0"
"TR83","pop_tot_total",2016,"200632.0"
"TR83","pop_tot_total",2017,"205223.0"
"TR83","pop_tot_total",2018,"209269.0"
"TR83","pop_tot_total",2019,"213630.0"
"TR83","pop_tot_total",2020,"212900.0"
"TR83","pop_tot_total",2021,"216015.0"
"TR83","pop_tot_total",2022,"213054.0"
"TR83","pop_tot_total",2023,"207630.0"
"TR83","pop_tot_total",2024,"199802.0"
"TR90","pop_tot_total",2015,"202382.0"
"TR90","pop_tot_total",2016,"201637.0"
"TR90","pop_tot_total",2017,"208707.0"
"TR90","pop_tot_total",2018,"209552.0"
"TR90","pop_tot_total",2019,"213019.0"
"TR90","pop_tot_total",2020,"210540.0"
"TR90","pop_tot_total",2021,"204932.0"
"TR90","pop_tot_total",2022,"204346.0"
"TR90","pop_tot_total",2023,"196542.0"
"TR90","pop_tot_total",2024,"189396.0"
"TRA1","pop_tot_total",2015,"103405.0"
"TRA1","pop_tot_total",2016,"107035.0"
"TRA1","pop_tot_total",2017,"110622.0"
"TRA1","pop_tot_total",2018,"115068.0"
"TRA1","pop_tot_total",2019,"113463.0"
"TRA1","pop_tot_total",2020,"111448.0"
"TRA1","pop_tot_total",2021,"110238.0"
"TRA1","pop_tot_total",2022,"111473.0"
"TRA1","pop_tot_total",2023,"106667.0"
"TRA1","pop_tot_total",2024,"103788.0"
"TRA2","pop_tot_total",2015,"114481.0"
"TRA2","pop_tot_total",2016,"116061.0"
"TRA2","pop_tot_total",2017,"111855.0"
"TRA2","pop_tot_total",2018,"111495.0"
"TRA2","pop_tot_total",2019,"114136.0"
"TRA2","pop_tot_total",2020,"108828.0"
"TRA2","pop_tot_total",2021,"109873.0"
"TRA2","pop_tot_total",2022,"110517.0"
"TRA2","pop_tot_total",2023,"105611.0"
"TRA2","pop_tot_total",2024,"107179.0"
"TRB1","pop_tot_total",2015,"155763.0"
"TRB1","pop_tot_total",2016,"157335.0"
"TRB1","pop_tot_total",2017,"154820.0"
"TRB1","pop_tot_total",2018,"156102.0"
"TRB1","pop_tot_total",2019,"156871.0"
"TRB1","pop_tot_total",2020,"151663.0"
"TRB1","pop_tot_total",2021,"150801.0"
"TRB1","pop_tot_total",2022,"149505.0"
"TRB1","pop_tot_total",2023,"143923.0"
"TRB1","pop_tot_total",2024,"134495.0"
"TRB2","pop_tot_total",2015,"228763.0"
"TRB2","pop_tot_total",2016,"232784.0"
"TRB2","pop_tot_total",2017,"223916.0"
"TRB2","pop_tot_total",2018,"221631.0"
"TRB2","pop_tot_total",2019,"227334.0"
"TRB2","pop_tot_total",2020,"216847.0"
"TRB2","pop_tot_total",2021,"223533.0"
"TRB2","pop_tot_total",2022,"220978.0"
"TRB2","pop_tot_total",2023,"212207.0"
"TRB2","pop_tot_total",2024,"209172.0"
"TRC1","pop_tot_total",2015,"216764.0"
"TRC1","pop_tot_total",2016,"220968.0"
"TRC1","pop_tot_total",2017,"226267.0"
"TRC1","pop_tot_total",2018,"228513.0"
"TRC1","pop_tot_total",2019,"230813.0"
"TRC1","pop_tot_total",2020,"234828.0"
"TRC1","pop_tot_total",2021,"243043.0"
"TRC1","pop_tot_total",2022,"242463.0"
"TRC1","pop_tot_total",2023,"239876.0"
"TRC1","pop_tot_total",2024,"232510.0"
"TRC2","pop_tot_total",2015,"321018.0"
"TRC2","pop_tot_total",2016,"324564.0"
"TRC2","pop_tot_total",2017,"327293.0"
"TRC2","pop_tot_total",2018,"326226.0"
"TRC2","pop_tot_total",2019,"331425.0"
"TRC2","pop_tot_total",2020,"334360.0"
"TRC2","pop_tot_total",2021,"347305.0"
"TRC2","pop_tot_total",2022,"339957.0"
"TRC2","pop_tot_total",2023,"337144.0"
"TRC2","pop_tot_total",2024,"333253.0"
"TRC3","pop_tot_total",2015,"222386.0"
"TRC3","pop_tot_total",2016,"226134.0"
"TRC3","pop_tot_total",2017,"224305.0"
"TRC3","pop_tot_total",2018,"225695.0"
"TRC3","pop_tot_total",2019,"233064.0"
"TRC3","pop_tot_total",2020,"228995.0"
"TRC3","pop_tot_total",2021,"233629.0"
"TRC3","pop_tot_total",2022,"231763.0"
"TRC3","pop_tot_total",2023,"228758.0"
"TRC3","pop_tot_total",2024,"228981.0"
