"region_id","indicator","year","value"
"BE10","pop_tot_Sheet_9",2015,"52038.0"
"BE10","pop_tot_Sheet_9",2016,"52493.0"
"BE10","pop_tot_Sheet_9",2017,"53547.0"
"BE10","pop_tot_Sheet_9",2018,"53866.0"
"BE10","pop_tot_Sheet_9",2019,"54802.0"
"BE10","pop_tot_Sheet_9",2020,"55843.0"
"BE10","pop_tot_Sheet_9",2021,"57151.0"
"BE10","pop_tot_Sheet_9",2022,"57776.0"
"BE10","pop_tot_Sheet_9",2023,"59194.0"
"BE10","pop_tot_Sheet_9",2024,"60271.0"
"BE21","pop_tot_Sheet_9",2015,"107002.0"
"BE21","pop_tot_Sheet_9",2016,"109469.0"
"BE21","pop_tot_Sheet_9",2017,"112423.0"
"BE21","pop_tot_Sheet_9",2018,"114389.0"
"BE21","pop_tot_Sheet_9",2019,"116839.0"
"BE21","pop_tot_Sheet_9",2020,"119684.0"
"BE21","pop_tot_Sheet_9",2021,"121469.0"
"BE21","pop_tot_Sheet_9",2022,"123747.0"
"BE21","pop_tot_Sheet_9",2023,"126190.0"
"BE21","pop_tot_Sheet_9",2024,"128073.0"
"BE22","pop_tot_Sheet_9",2015,"56191.0"
"BE22","pop_tot_Sheet_9",2016,"57563.0"
"BE22","pop_tot_Sheet_9",2017,"58697.0"
"BE22","pop_tot_Sheet_9",2018,"59868.0"
"BE22","pop_tot_Sheet_9",2019,"61230.0"
"BE22","pop_tot_Sheet_9",2020,"62725.0"
"BE22","pop_tot_Sheet_9",2021,"63781.0"
"BE22","pop_tot_Sheet_9",2022,"65137.0"
"BE22","pop_tot_Sheet_9",2023,"66269.0"
"BE22","pop_tot_Sheet_9",2024,"66994.0"
"BE23","pop_tot_Sheet_9",2015,"86868.0"
"BE23","pop_tot_Sheet_9",2016,"88418.0"
"BE23","pop_tot_Sheet_9",2017,"90097.0"
"BE23","pop_tot_Sheet_9",2018,"91840.0"
"BE23","pop_tot_Sheet_9",2019,"94166.0"
"BE23","pop_tot_Sheet_9",2020,"96127.0"
"BE23","pop_tot_Sheet_9",2021,"97716.0"
"BE23","pop_tot_Sheet_9",2022,"99382.0"
"BE23","pop_tot_Sheet_9",2023,"101476.0"
"BE23","pop_tot_Sheet_9",2024,"103118.0"
"BE24","pop_tot_Sheet_9",2015,"65957.0"
"BE24","pop_tot_Sheet_9",2016,"67229.0"
"BE24","pop_tot_Sheet_9",2017,"68835.0"
"BE24","pop_tot_Sheet_9",2018,"70542.0"
"BE24","pop_tot_Sheet_9",2019,"71920.0"
"BE24","pop_tot_Sheet_9",2020,"73525.0"
"BE24","pop_tot_Sheet_9",2021,"74906.0"
"BE24","pop_tot_Sheet_9",2022,"76081.0"
"BE24","pop_tot_Sheet_9",2023,"77016.0"
"BE24","pop_tot_Sheet_9",2024,"78176.0"
"BE25","pop_tot_Sheet_9",2015,"75386.0"
"BE25","pop_tot_Sheet_9",2016,"77024.0"
"BE25","pop_tot_Sheet_9",2017,"78833.0"
"BE25","pop_tot_Sheet_9",2018,"79991.0"
"BE25","pop_tot_Sheet_9",2019,"81562.0"
"BE25","pop_tot_Sheet_9",2020,"82841.0"
"BE25","pop_tot_Sheet_9",2021,"83899.0"
"BE25","pop_tot_Sheet_9",2022,"85186.0"
"BE25","pop_tot_Sheet_9",2023,"86445.0"
"BE25","pop_tot_Sheet_9",2024,"87847.0"
"BE31","pop_tot_Sheet_9",2015,"23750.0"
"BE31","pop_tot_Sheet_9",2016,"24071.0"
"BE31","pop_tot_Sheet_9",2017,"24461.0"
"BE31","pop_tot_Sheet_9",2018,"24762.0"
"BE31","pop_tot_Sheet_9",2019,"25159.0"
"BE31","pop_tot_Sheet_9",2020,"25698.0"
"BE31","pop_tot_Sheet_9",2021,"26166.0"
"BE31","pop_tot_Sheet_9",2022,"26614.0"
"BE31","pop_tot_Sheet_9",2023,"26991.0"
"BE31","pop_tot_Sheet_9",2024,"27284.0"
"BE32","pop_tot_Sheet_9",2015,"82712.0"
"BE32","pop_tot_Sheet_9",2016,"83375.0"
"BE32","pop_tot_Sheet_9",2017,"84323.0"
"BE32","pop_tot_Sheet_9",2018,"85059.0"
"BE32","pop_tot_Sheet_9",2019,"85961.0"
"BE32","pop_tot_Sheet_9",2020,"86842.0"
"BE32","pop_tot_Sheet_9",2021,"87418.0"
"BE32","pop_tot_Sheet_9",2022,"87784.0"
"BE32","pop_tot_Sheet_9",2023,"88009.0"
"BE32","pop_tot_Sheet_9",2024,"88218.0"
"BE33","pop_tot_Sheet_9",2015,"67402.0"
"BE33","pop_tot_Sheet_9",2016,"67629.0"
"BE33","pop_tot_Sheet_9",2017,"68256.0"
"BE33","pop_tot_Sheet_9",2018,"69374.0"
"BE33","pop_tot_Sheet_9",2019,"70306.0"
"BE33","pop_tot_Sheet_9",2020,"71231.0"
"BE33","pop_tot_Sheet_9",2021,"71882.0"
"BE33","pop_tot_Sheet_9",2022,"72625.0"
"BE33","pop_tot_Sheet_9",2023,"72786.0"
"BE33","pop_tot_Sheet_9",2024,"73366.0"
"BE34","pop_tot_Sheet_9",2015,"15726.0"
"BE34","pop_tot_Sheet_9",2016,"16016.0"
"BE34","pop_tot_Sheet_9",2017,"16347.0"
"BE34","pop_tot_Sheet_9",2018,"16578.0"
"BE34","pop_tot_Sheet_9",2019,"16953.0"
"BE34","pop_tot_Sheet_9",2020,"17448.0"
"BE34","pop_tot_Sheet_9",2021,"17873.0"
"BE34","pop_tot_Sheet_9",2022,"18422.0"
"BE34","pop_tot_Sheet_9",2023,"18674.0"
"BE34","pop_tot_Sheet_9",2024,"18989.0"
"BE35","pop_tot_Sheet_9",2015,"30289.0"
"BE35","pop_tot_Sheet_9",2016,"30402.0"
"BE35","pop_tot_Sheet_9",2017,"30856.0"
"BE35","pop_tot_Sheet_9",2018,"31152.0"
"BE35","pop_tot_Sheet_9",2019,"31505.0"
"BE35","pop_tot_Sheet_9",2020,"32020.0"
"BE35","pop_tot_Sheet_9",2021,"32637.0"
"BE35","pop_tot_Sheet_9",2022,"33286.0"
"BE35","pop_tot_Sheet_9",2023,"33631.0"
"BE35","pop_tot_Sheet_9",2024,"34049.0"
"BG31","pop_tot_Sheet_9",2015,"64229.0"
"BG31","pop_tot_Sheet_9",2016,"60986.0"
"BG31","pop_tot_Sheet_9",2017,"59500.0"
"BG31","pop_tot_Sheet_9",2018,"58198.0"
"BG31","pop_tot_Sheet_9",2019,"56071.0"
"BG31","pop_tot_Sheet_9",2020,"55016.0"
"BG31","pop_tot_Sheet_9",2021,"53883.0"
"BG31","pop_tot_Sheet_9",2022,"52458.0"
"BG31","pop_tot_Sheet_9",2023,"51445.0"
"BG31","pop_tot_Sheet_9",2024,"50807.0"
"BG32","pop_tot_Sheet_9",2015,"65030.0"
"BG32","pop_tot_Sheet_9",2016,"63139.0"
"BG32","pop_tot_Sheet_9",2017,"62364.0"
"BG32","pop_tot_Sheet_9",2018,"60885.0"
"BG32","pop_tot_Sheet_9",2019,"59048.0"
"BG32","pop_tot_Sheet_9",2020,"57627.0"
"BG32","pop_tot_Sheet_9",2021,"55623.0"
"BG32","pop_tot_Sheet_9",2022,"53883.0"
"BG32","pop_tot_Sheet_9",2023,"53275.0"
"BG32","pop_tot_Sheet_9",2024,"53058.0"
"BG33","pop_tot_Sheet_9",2015,"68023.0"
"BG33","pop_tot_Sheet_9",2016,"65839.0"
"BG33","pop_tot_Sheet_9",2017,"64932.0"
"BG33","pop_tot_Sheet_9",2018,"63406.0"
"BG33","pop_tot_Sheet_9",2019,"61845.0"
"BG33","pop_tot_Sheet_9",2020,"60909.0"
"BG33","pop_tot_Sheet_9",2021,"59776.0"
"BG33","pop_tot_Sheet_9",2022,"58931.0"
"BG33","pop_tot_Sheet_9",2023,"58499.0"
"BG33","pop_tot_Sheet_9",2024,"58676.0"
"BG34","pop_tot_Sheet_9",2015,"78043.0"
"BG34","pop_tot_Sheet_9",2016,"75801.0"
"BG34","pop_tot_Sheet_9",2017,"75366.0"
"BG34","pop_tot_Sheet_9",2018,"74096.0"
"BG34","pop_tot_Sheet_9",2019,"72352.0"
"BG34","pop_tot_Sheet_9",2020,"70906.0"
"BG34","pop_tot_Sheet_9",2021,"70094.0"
"BG34","pop_tot_Sheet_9",2022,"68713.0"
"BG34","pop_tot_Sheet_9",2023,"68336.0"
"BG34","pop_tot_Sheet_9",2024,"68083.0"
"BG41","pop_tot_Sheet_9",2015,"146398.0"
"BG41","pop_tot_Sheet_9",2016,"142568.0"
"BG41","pop_tot_Sheet_9",2017,"140994.0"
"BG41","pop_tot_Sheet_9",2018,"138865.0"
"BG41","pop_tot_Sheet_9",2019,"136553.0"
"BG41","pop_tot_Sheet_9",2020,"134530.0"
"BG41","pop_tot_Sheet_9",2021,"131680.0"
"BG41","pop_tot_Sheet_9",2022,"129186.0"
"BG41","pop_tot_Sheet_9",2023,"126941.0"
"BG41","pop_tot_Sheet_9",2024,"125424.0"
"BG42","pop_tot_Sheet_9",2015,"104870.0"
"BG42","pop_tot_Sheet_9",2016,"102536.0"
"BG42","pop_tot_Sheet_9",2017,"103176.0"
"BG42","pop_tot_Sheet_9",2018,"103667.0"
"BG42","pop_tot_Sheet_9",2019,"103432.0"
"BG42","pop_tot_Sheet_9",2020,"104561.0"
"BG42","pop_tot_Sheet_9",2021,"103917.0"
"BG42","pop_tot_Sheet_9",2022,"102279.0"
"BG42","pop_tot_Sheet_9",2023,"100584.0"
"BG42","pop_tot_Sheet_9",2024,"99540.0"
"CZ01","pop_tot_Sheet_9",2015,"82058.0"
"CZ01","pop_tot_Sheet_9",2016,"81004.0"
"CZ01","pop_tot_Sheet_9",2017,"78873.0"
"CZ01","pop_tot_Sheet_9",2018,"76262.0"
"CZ01","pop_tot_Sheet_9",2019,"73005.0"
"CZ01","pop_tot_Sheet_9",2020,"69158.0"
"CZ01","pop_tot_Sheet_9",2021,"64083.0"
"CZ01","pop_tot_Sheet_9",2022,"62096.0"
"CZ01","pop_tot_Sheet_9",2023,"63691.0"
"CZ01","pop_tot_Sheet_9",2024,"66681.0"
"CZ02","pop_tot_Sheet_9",2015,"88075.0"
"CZ02","pop_tot_Sheet_9",2016,"87377.0"
"CZ02","pop_tot_Sheet_9",2017,"86598.0"
"CZ02","pop_tot_Sheet_9",2018,"84679.0"
"CZ02","pop_tot_Sheet_9",2019,"82376.0"
"CZ02","pop_tot_Sheet_9",2020,"78773.0"
"CZ02","pop_tot_Sheet_9",2021,"74932.0"
"CZ02","pop_tot_Sheet_9",2022,"72160.0"
"CZ02","pop_tot_Sheet_9",2023,"72365.0"
"CZ02","pop_tot_Sheet_9",2024,"74508.0"
"CZ03","pop_tot_Sheet_9",2015,"85987.0"
"CZ03","pop_tot_Sheet_9",2016,"86227.0"
"CZ03","pop_tot_Sheet_9",2017,"85965.0"
"CZ03","pop_tot_Sheet_9",2018,"84739.0"
"CZ03","pop_tot_Sheet_9",2019,"82435.0"
"CZ03","pop_tot_Sheet_9",2020,"79219.0"
"CZ03","pop_tot_Sheet_9",2021,"75331.0"
"CZ03","pop_tot_Sheet_9",2022,"72300.0"
"CZ03","pop_tot_Sheet_9",2023,"71330.0"
"CZ03","pop_tot_Sheet_9",2024,"72674.0"
"CZ04","pop_tot_Sheet_9",2015,"81027.0"
"CZ04","pop_tot_Sheet_9",2016,"79007.0"
"CZ04","pop_tot_Sheet_9",2017,"76802.0"
"CZ04","pop_tot_Sheet_9",2018,"75068.0"
"CZ04","pop_tot_Sheet_9",2019,"72523.0"
"CZ04","pop_tot_Sheet_9",2020,"69124.0"
"CZ04","pop_tot_Sheet_9",2021,"65662.0"
"CZ04","pop_tot_Sheet_9",2022,"62705.0"
"CZ04","pop_tot_Sheet_9",2023,"62131.0"
"CZ04","pop_tot_Sheet_9",2024,"63675.0"
"CZ05","pop_tot_Sheet_9",2015,"108035.0"
"CZ05","pop_tot_Sheet_9",2016,"106317.0"
"CZ05","pop_tot_Sheet_9",2017,"104475.0"
"CZ05","pop_tot_Sheet_9",2018,"101540.0"
"CZ05","pop_tot_Sheet_9",2019,"98017.0"
"CZ05","pop_tot_Sheet_9",2020,"93271.0"
"CZ05","pop_tot_Sheet_9",2021,"88680.0"
"CZ05","pop_tot_Sheet_9",2022,"84791.0"
"CZ05","pop_tot_Sheet_9",2023,"83988.0"
"CZ05","pop_tot_Sheet_9",2024,"85753.0"
"CZ06","pop_tot_Sheet_9",2015,"112429.0"
"CZ06","pop_tot_Sheet_9",2016,"112788.0"
"CZ06","pop_tot_Sheet_9",2017,"112415.0"
"CZ06","pop_tot_Sheet_9",2018,"111429.0"
"CZ06","pop_tot_Sheet_9",2019,"109347.0"
"CZ06","pop_tot_Sheet_9",2020,"106215.0"
"CZ06","pop_tot_Sheet_9",2021,"102051.0"
"CZ06","pop_tot_Sheet_9",2022,"98672.0"
"CZ06","pop_tot_Sheet_9",2023,"97490.0"
"CZ06","pop_tot_Sheet_9",2024,"99202.0"
"CZ07","pop_tot_Sheet_9",2015,"85168.0"
"CZ07","pop_tot_Sheet_9",2016,"84985.0"
"CZ07","pop_tot_Sheet_9",2017,"84408.0"
"CZ07","pop_tot_Sheet_9",2018,"83422.0"
"CZ07","pop_tot_Sheet_9",2019,"81425.0"
"CZ07","pop_tot_Sheet_9",2020,"78579.0"
"CZ07","pop_tot_Sheet_9",2021,"75991.0"
"CZ07","pop_tot_Sheet_9",2022,"73654.0"
"CZ07","pop_tot_Sheet_9",2023,"72480.0"
"CZ07","pop_tot_Sheet_9",2024,"73596.0"
"CZ08","pop_tot_Sheet_9",2015,"84576.0"
"CZ08","pop_tot_Sheet_9",2016,"83653.0"
"CZ08","pop_tot_Sheet_9",2017,"82419.0"
"CZ08","pop_tot_Sheet_9",2018,"81429.0"
"CZ08","pop_tot_Sheet_9",2019,"79832.0"
"CZ08","pop_tot_Sheet_9",2020,"77228.0"
"CZ08","pop_tot_Sheet_9",2021,"75272.0"
"CZ08","pop_tot_Sheet_9",2022,"73108.0"
"CZ08","pop_tot_Sheet_9",2023,"72451.0"
"CZ08","pop_tot_Sheet_9",2024,"73743.0"
"DK01","pop_tot_Sheet_9",2015,"91530.0"
"DK01","pop_tot_Sheet_9",2016,"91352.0"
"DK01","pop_tot_Sheet_9",2017,"92250.0"
"DK01","pop_tot_Sheet_9",2018,"92863.0"
"DK01","pop_tot_Sheet_9",2019,"93707.0"
"DK01","pop_tot_Sheet_9",2020,"94924.0"
"DK01","pop_tot_Sheet_9",2021,"97077.0"
"DK01","pop_tot_Sheet_9",2022,"98575.0"
"DK01","pop_tot_Sheet_9",2023,"101324.0"
"DK01","pop_tot_Sheet_9",2024,"105394.0"
"DK02","pop_tot_Sheet_9",2015,"54753.0"
"DK02","pop_tot_Sheet_9",2016,"54438.0"
"DK02","pop_tot_Sheet_9",2017,"54621.0"
"DK02","pop_tot_Sheet_9",2018,"54762.0"
"DK02","pop_tot_Sheet_9",2019,"54897.0"
"DK02","pop_tot_Sheet_9",2020,"55345.0"
"DK02","pop_tot_Sheet_9",2021,"55824.0"
"DK02","pop_tot_Sheet_9",2022,"56649.0"
"DK02","pop_tot_Sheet_9",2023,"57577.0"
"DK02","pop_tot_Sheet_9",2024,"59166.0"
"DK03","pop_tot_Sheet_9",2015,"75829.0"
"DK03","pop_tot_Sheet_9",2016,"76497.0"
"DK03","pop_tot_Sheet_9",2017,"77600.0"
"DK03","pop_tot_Sheet_9",2018,"78251.0"
"DK03","pop_tot_Sheet_9",2019,"78179.0"
"DK03","pop_tot_Sheet_9",2020,"78291.0"
"DK03","pop_tot_Sheet_9",2021,"78553.0"
"DK03","pop_tot_Sheet_9",2022,"78866.0"
"DK03","pop_tot_Sheet_9",2023,"80168.0"
"DK03","pop_tot_Sheet_9",2024,"82096.0"
"DK04","pop_tot_Sheet_9",2015,"77454.0"
"DK04","pop_tot_Sheet_9",2016,"77399.0"
"DK04","pop_tot_Sheet_9",2017,"77949.0"
"DK04","pop_tot_Sheet_9",2018,"78056.0"
"DK04","pop_tot_Sheet_9",2019,"78017.0"
"DK04","pop_tot_Sheet_9",2020,"78038.0"
"DK04","pop_tot_Sheet_9",2021,"78510.0"
"DK04","pop_tot_Sheet_9",2022,"78796.0"
"DK04","pop_tot_Sheet_9",2023,"80338.0"
"DK04","pop_tot_Sheet_9",2024,"82049.0"
"DK05","pop_tot_Sheet_9",2015,"37251.0"
"DK05","pop_tot_Sheet_9",2016,"37173.0"
"DK05","pop_tot_Sheet_9",2017,"37436.0"
"DK05","pop_tot_Sheet_9",2018,"37663.0"
"DK05","pop_tot_Sheet_9",2019,"37870.0"
"DK05","pop_tot_Sheet_9",2020,"37773.0"
"DK05","pop_tot_Sheet_9",2021,"38150.0"
"DK05","pop_tot_Sheet_9",2022,"38372.0"
"DK05","pop_tot_Sheet_9",2023,"38931.0"
"DK05","pop_tot_Sheet_9",2024,"39386.0"
"DE11","pop_tot_Sheet_9",2015,"230694.0"
"DE11","pop_tot_Sheet_9",2016,"233815.0"
"DE11","pop_tot_Sheet_9",2017,"240276.0"
"DE11","pop_tot_Sheet_9",2018,"246539.0"
"DE11","pop_tot_Sheet_9",2019,"254409.0"
"DE11","pop_tot_Sheet_9",2020,"263118.0"
"DE11","pop_tot_Sheet_9",2021,"272602.0"
"DE11","pop_tot_Sheet_9",2022,"280743.0"
"DE11","pop_tot_Sheet_9",2023,"289379.0"
"DE11","pop_tot_Sheet_9",2024,"298804.0"
"DE12","pop_tot_Sheet_9",2015,"163677.0"
"DE12","pop_tot_Sheet_9",2016,"165703.0"
"DE12","pop_tot_Sheet_9",2017,"169118.0"
"DE12","pop_tot_Sheet_9",2018,"173741.0"
"DE12","pop_tot_Sheet_9",2019,"178596.0"
"DE12","pop_tot_Sheet_9",2020,"184384.0"
"DE12","pop_tot_Sheet_9",2021,"191090.0"
"DE12","pop_tot_Sheet_9",2022,"197332.0"
"DE12","pop_tot_Sheet_9",2023,"204306.0"
"DE12","pop_tot_Sheet_9",2024,"211000.0"
"DE13","pop_tot_Sheet_9",2015,"134201.0"
"DE13","pop_tot_Sheet_9",2016,"136596.0"
"DE13","pop_tot_Sheet_9",2017,"140008.0"
"DE13","pop_tot_Sheet_9",2018,"143504.0"
"DE13","pop_tot_Sheet_9",2019,"147924.0"
"DE13","pop_tot_Sheet_9",2020,"153391.0"
"DE13","pop_tot_Sheet_9",2021,"159038.0"
"DE13","pop_tot_Sheet_9",2022,"164330.0"
"DE13","pop_tot_Sheet_9",2023,"169538.0"
"DE13","pop_tot_Sheet_9",2024,"174554.0"
"DE14","pop_tot_Sheet_9",2015,"106638.0"
"DE14","pop_tot_Sheet_9",2016,"108409.0"
"DE14","pop_tot_Sheet_9",2017,"111845.0"
"DE14","pop_tot_Sheet_9",2018,"115178.0"
"DE14","pop_tot_Sheet_9",2019,"119296.0"
"DE14","pop_tot_Sheet_9",2020,"123811.0"
"DE14","pop_tot_Sheet_9",2021,"128604.0"
"DE14","pop_tot_Sheet_9",2022,"132700.0"
"DE14","pop_tot_Sheet_9",2023,"136537.0"
"DE14","pop_tot_Sheet_9",2024,"140961.0"
"DE21","pop_tot_Sheet_9",2015,"243918.0"
"DE21","pop_tot_Sheet_9",2016,"245280.0"
"DE21","pop_tot_Sheet_9",2017,"250502.0"
"DE21","pop_tot_Sheet_9",2018,"256704.0"
"DE21","pop_tot_Sheet_9",2019,"265964.0"
"DE21","pop_tot_Sheet_9",2020,"276549.0"
"DE21","pop_tot_Sheet_9",2021,"287764.0"
"DE21","pop_tot_Sheet_9",2022,"299207.0"
"DE21","pop_tot_Sheet_9",2023,"307555.0"
"DE21","pop_tot_Sheet_9",2024,"319501.0"
"DE22","pop_tot_Sheet_9",2015,"76322.0"
"DE22","pop_tot_Sheet_9",2016,"77429.0"
"DE22","pop_tot_Sheet_9",2017,"79441.0"
"DE22","pop_tot_Sheet_9",2018,"81971.0"
"DE22","pop_tot_Sheet_9",2019,"85045.0"
"DE22","pop_tot_Sheet_9",2020,"88481.0"
"DE22","pop_tot_Sheet_9",2021,"92126.0"
"DE22","pop_tot_Sheet_9",2022,"95454.0"
"DE22","pop_tot_Sheet_9",2023,"97083.0"
"DE22","pop_tot_Sheet_9",2024,"99595.0"
"DE23","pop_tot_Sheet_9",2015,"68786.0"
"DE23","pop_tot_Sheet_9",2016,"69764.0"
"DE23","pop_tot_Sheet_9",2017,"71384.0"
"DE23","pop_tot_Sheet_9",2018,"73331.0"
"DE23","pop_tot_Sheet_9",2019,"75648.0"
"DE23","pop_tot_Sheet_9",2020,"78247.0"
"DE23","pop_tot_Sheet_9",2021,"81269.0"
"DE23","pop_tot_Sheet_9",2022,"84025.0"
"DE23","pop_tot_Sheet_9",2023,"85692.0"
"DE23","pop_tot_Sheet_9",2024,"87954.0"
"DE24","pop_tot_Sheet_9",2015,"69303.0"
"DE24","pop_tot_Sheet_9",2016,"70087.0"
"DE24","pop_tot_Sheet_9",2017,"71652.0"
"DE24","pop_tot_Sheet_9",2018,"73470.0"
"DE24","pop_tot_Sheet_9",2019,"75859.0"
"DE24","pop_tot_Sheet_9",2020,"78745.0"
"DE24","pop_tot_Sheet_9",2021,"81685.0"
"DE24","pop_tot_Sheet_9",2022,"84553.0"
"DE24","pop_tot_Sheet_9",2023,"85914.0"
"DE24","pop_tot_Sheet_9",2024,"88093.0"
"DE25","pop_tot_Sheet_9",2015,"103097.0"
"DE25","pop_tot_Sheet_9",2016,"104624.0"
"DE25","pop_tot_Sheet_9",2017,"107097.0"
"DE25","pop_tot_Sheet_9",2018,"109596.0"
"DE25","pop_tot_Sheet_9",2019,"113306.0"
"DE25","pop_tot_Sheet_9",2020,"116861.0"
"DE25","pop_tot_Sheet_9",2021,"120647.0"
"DE25","pop_tot_Sheet_9",2022,"124288.0"
"DE25","pop_tot_Sheet_9",2023,"128542.0"
"DE25","pop_tot_Sheet_9",2024,"132241.0"
"DE26","pop_tot_Sheet_9",2015,"85653.0"
"DE26","pop_tot_Sheet_9",2016,"86487.0"
"DE26","pop_tot_Sheet_9",2017,"88730.0"
"DE26","pop_tot_Sheet_9",2018,"90487.0"
"DE26","pop_tot_Sheet_9",2019,"92947.0"
"DE26","pop_tot_Sheet_9",2020,"95702.0"
"DE26","pop_tot_Sheet_9",2021,"99247.0"
"DE26","pop_tot_Sheet_9",2022,"102281.0"
"DE26","pop_tot_Sheet_9",2023,"104550.0"
"DE26","pop_tot_Sheet_9",2024,"106934.0"
"DE27","pop_tot_Sheet_9",2015,"107631.0"
"DE27","pop_tot_Sheet_9",2016,"109162.0"
"DE27","pop_tot_Sheet_9",2017,"112430.0"
"DE27","pop_tot_Sheet_9",2018,"116109.0"
"DE27","pop_tot_Sheet_9",2019,"120153.0"
"DE27","pop_tot_Sheet_9",2020,"124794.0"
"DE27","pop_tot_Sheet_9",2021,"129693.0"
"DE27","pop_tot_Sheet_9",2022,"134188.0"
"DE27","pop_tot_Sheet_9",2023,"137620.0"
"DE27","pop_tot_Sheet_9",2024,"142294.0"
"DE30","pop_tot_Sheet_9",2015,"198484.0"
"DE30","pop_tot_Sheet_9",2016,"196046.0"
"DE30","pop_tot_Sheet_9",2017,"195880.0"
"DE30","pop_tot_Sheet_9",2018,"196990.0"
"DE30","pop_tot_Sheet_9",2019,"199325.0"
"DE30","pop_tot_Sheet_9",2020,"204167.0"
"DE30","pop_tot_Sheet_9",2021,"209923.0"
"DE30","pop_tot_Sheet_9",2022,"217085.0"
"DE30","pop_tot_Sheet_9",2023,"225651.0"
"DE30","pop_tot_Sheet_9",2024,"236368.0"
"DE40","pop_tot_Sheet_9",2015,"189657.0"
"DE40","pop_tot_Sheet_9",2016,"194214.0"
"DE40","pop_tot_Sheet_9",2017,"196199.0"
"DE40","pop_tot_Sheet_9",2018,"197524.0"
"DE40","pop_tot_Sheet_9",2019,"199214.0"
"DE40","pop_tot_Sheet_9",2020,"204044.0"
"DE40","pop_tot_Sheet_9",2021,"209339.0"
"DE40","pop_tot_Sheet_9",2022,"216688.0"
"DE40","pop_tot_Sheet_9",2023,"223946.0"
"DE40","pop_tot_Sheet_9",2024,"230913.0"
"DE50","pop_tot_Sheet_9",2015,"39221.0"
"DE50","pop_tot_Sheet_9",2016,"39336.0"
"DE50","pop_tot_Sheet_9",2017,"39645.0"
"DE50","pop_tot_Sheet_9",2018,"40640.0"
"DE50","pop_tot_Sheet_9",2019,"41482.0"
"DE50","pop_tot_Sheet_9",2020,"42241.0"
"DE50","pop_tot_Sheet_9",2021,"43083.0"
"DE50","pop_tot_Sheet_9",2022,"43712.0"
"DE50","pop_tot_Sheet_9",2023,"45519.0"
"DE50","pop_tot_Sheet_9",2024,"46626.0"
"DE60","pop_tot_Sheet_9",2015,"88287.0"
"DE60","pop_tot_Sheet_9",2016,"88095.0"
"DE60","pop_tot_Sheet_9",2017,"89519.0"
"DE60","pop_tot_Sheet_9",2018,"91604.0"
"DE60","pop_tot_Sheet_9",2019,"94725.0"
"DE60","pop_tot_Sheet_9",2020,"97844.0"
"DE60","pop_tot_Sheet_9",2021,"101838.0"
"DE60","pop_tot_Sheet_9",2022,"105414.0"
"DE60","pop_tot_Sheet_9",2023,"107880.0"
"DE60","pop_tot_Sheet_9",2024,"112198.0"
"DE71","pop_tot_Sheet_9",2015,"226738.0"
"DE71","pop_tot_Sheet_9",2016,"227018.0"
"DE71","pop_tot_Sheet_9",2017,"230871.0"
"DE71","pop_tot_Sheet_9",2018,"235742.0"
"DE71","pop_tot_Sheet_9",2019,"242161.0"
"DE71","pop_tot_Sheet_9",2020,"249954.0"
"DE71","pop_tot_Sheet_9",2021,"258394.0"
"DE71","pop_tot_Sheet_9",2022,"266028.0"
"DE71","pop_tot_Sheet_9",2023,"273334.0"
"DE71","pop_tot_Sheet_9",2024,"283424.0"
"DE72","pop_tot_Sheet_9",2015,"65576.0"
"DE72","pop_tot_Sheet_9",2016,"65950.0"
"DE72","pop_tot_Sheet_9",2017,"67069.0"
"DE72","pop_tot_Sheet_9",2018,"68611.0"
"DE72","pop_tot_Sheet_9",2019,"70754.0"
"DE72","pop_tot_Sheet_9",2020,"72808.0"
"DE72","pop_tot_Sheet_9",2021,"75339.0"
"DE72","pop_tot_Sheet_9",2022,"77875.0"
"DE72","pop_tot_Sheet_9",2023,"79003.0"
"DE72","pop_tot_Sheet_9",2024,"81136.0"
"DE73","pop_tot_Sheet_9",2015,"78793.0"
"DE73","pop_tot_Sheet_9",2016,"79371.0"
"DE73","pop_tot_Sheet_9",2017,"80520.0"
"DE73","pop_tot_Sheet_9",2018,"82178.0"
"DE73","pop_tot_Sheet_9",2019,"84395.0"
"DE73","pop_tot_Sheet_9",2020,"86814.0"
"DE73","pop_tot_Sheet_9",2021,"89447.0"
"DE73","pop_tot_Sheet_9",2022,"91871.0"
"DE73","pop_tot_Sheet_9",2023,"93383.0"
"DE73","pop_tot_Sheet_9",2024,"95599.0"
"DE80","pop_tot_Sheet_9",2015,"128099.0"
"DE80","pop_tot_Sheet_9",2016,"131434.0"
"DE80","pop_tot_Sheet_9",2017,"132811.0"
"DE80","pop_tot_Sheet_9",2018,"133338.0"
"DE80","pop_tot_Sheet_9",2019,"133772.0"
"DE80","pop_tot_Sheet_9",2020,"135500.0"
"DE80","pop_tot_Sheet_9",2021,"138396.0"
"DE80","pop_tot_Sheet_9",2022,"142015.0"
"DE80","pop_tot_Sheet_9",2023,"143779.0"
"DE80","pop_tot_Sheet_9",2024,"146287.0"
"DE91","pop_tot_Sheet_9",2015,"100769.0"
"DE91","pop_tot_Sheet_9",2016,"101653.0"
"DE91","pop_tot_Sheet_9",2017,"102807.0"
"DE91","pop_tot_Sheet_9",2018,"104839.0"
"DE91","pop_tot_Sheet_9",2019,"107402.0"
"DE91","pop_tot_Sheet_9",2020,"110425.0"
"DE91","pop_tot_Sheet_9",2021,"113471.0"
"DE91","pop_tot_Sheet_9",2022,"117029.0"
"DE91","pop_tot_Sheet_9",2023,"120807.0"
"DE91","pop_tot_Sheet_9",2024,"123898.0"
"DE92","pop_tot_Sheet_9",2015,"130870.0"
"DE92","pop_tot_Sheet_9",2016,"131901.0"
"DE92","pop_tot_Sheet_9",2017,"134046.0"
"DE92","pop_tot_Sheet_9",2018,"136949.0"
"DE92","pop_tot_Sheet_9",2019,"140370.0"
"DE92","pop_tot_Sheet_9",2020,"144560.0"
"DE92","pop_tot_Sheet_9",2021,"149325.0"
"DE92","pop_tot_Sheet_9",2022,"154001.0"
"DE92","pop_tot_Sheet_9",2023,"156575.0"
"DE92","pop_tot_Sheet_9",2024,"161781.0"
"DE93","pop_tot_Sheet_9",2015,"109059.0"
"DE93","pop_tot_Sheet_9",2016,"109042.0"
"DE93","pop_tot_Sheet_9",2017,"110079.0"
"DE93","pop_tot_Sheet_9",2018,"112227.0"
"DE93","pop_tot_Sheet_9",2019,"114788.0"
"DE93","pop_tot_Sheet_9",2020,"118962.0"
"DE93","pop_tot_Sheet_9",2021,"123800.0"
"DE93","pop_tot_Sheet_9",2022,"128918.0"
"DE93","pop_tot_Sheet_9",2023,"132616.0"
"DE93","pop_tot_Sheet_9",2024,"137865.0"
"DE94","pop_tot_Sheet_9",2015,"151407.0"
"DE94","pop_tot_Sheet_9",2016,"152980.0"
"DE94","pop_tot_Sheet_9",2017,"155630.0"
"DE94","pop_tot_Sheet_9",2018,"159002.0"
"DE94","pop_tot_Sheet_9",2019,"164091.0"
"DE94","pop_tot_Sheet_9",2020,"169825.0"
"DE94","pop_tot_Sheet_9",2021,"176276.0"
"DE94","pop_tot_Sheet_9",2022,"183618.0"
"DE94","pop_tot_Sheet_9",2023,"189822.0"
"DE94","pop_tot_Sheet_9",2024,"196250.0"
"DEA1","pop_tot_Sheet_9",2015,"317492.0"
"DEA1","pop_tot_Sheet_9",2016,"321637.0"
"DEA1","pop_tot_Sheet_9",2017,"327991.0"
"DEA1","pop_tot_Sheet_9",2018,"335380.0"
"DEA1","pop_tot_Sheet_9",2019,"344048.0"
"DEA1","pop_tot_Sheet_9",2020,"353237.0"
"DEA1","pop_tot_Sheet_9",2021,"363324.0"
"DEA1","pop_tot_Sheet_9",2022,"372294.0"
"DEA1","pop_tot_Sheet_9",2023,"383590.0"
"DEA1","pop_tot_Sheet_9",2024,"394749.0"
"DEA2","pop_tot_Sheet_9",2015,"257349.0"
"DEA2","pop_tot_Sheet_9",2016,"260576.0"
"DEA2","pop_tot_Sheet_9",2017,"266792.0"
"DEA2","pop_tot_Sheet_9",2018,"273979.0"
"DEA2","pop_tot_Sheet_9",2019,"282220.0"
"DEA2","pop_tot_Sheet_9",2020,"291303.0"
"DEA2","pop_tot_Sheet_9",2021,"301298.0"
"DEA2","pop_tot_Sheet_9",2022,"310122.0"
"DEA2","pop_tot_Sheet_9",2023,"319198.0"
"DEA2","pop_tot_Sheet_9",2024,"330170.0"
"DEA3","pop_tot_Sheet_9",2015,"160552.0"
"DEA3","pop_tot_Sheet_9",2016,"164245.0"
"DEA3","pop_tot_Sheet_9",2017,"168802.0"
"DEA3","pop_tot_Sheet_9",2018,"173313.0"
"DEA3","pop_tot_Sheet_9",2019,"177905.0"
"DEA3","pop_tot_Sheet_9",2020,"183346.0"
"DEA3","pop_tot_Sheet_9",2021,"188906.0"
"DEA3","pop_tot_Sheet_9",2022,"193998.0"
"DEA3","pop_tot_Sheet_9",2023,"198806.0"
"DEA3","pop_tot_Sheet_9",2024,"204354.0"
"DEA4","pop_tot_Sheet_9",2015,"121709.0"
"DEA4","pop_tot_Sheet_9",2016,"124587.0"
"DEA4","pop_tot_Sheet_9",2017,"127910.0"
"DEA4","pop_tot_Sheet_9",2018,"131749.0"
"DEA4","pop_tot_Sheet_9",2019,"135928.0"
"DEA4","pop_tot_Sheet_9",2020,"141096.0"
"DEA4","pop_tot_Sheet_9",2021,"145691.0"
"DEA4","pop_tot_Sheet_9",2022,"150085.0"
"DEA4","pop_tot_Sheet_9",2023,"155343.0"
"DEA4","pop_tot_Sheet_9",2024,"159554.0"
"DEA5","pop_tot_Sheet_9",2015,"227314.0"
"DEA5","pop_tot_Sheet_9",2016,"230603.0"
"DEA5","pop_tot_Sheet_9",2017,"234995.0"
"DEA5","pop_tot_Sheet_9",2018,"239846.0"
"DEA5","pop_tot_Sheet_9",2019,"245326.0"
"DEA5","pop_tot_Sheet_9",2020,"250426.0"
"DEA5","pop_tot_Sheet_9",2021,"256632.0"
"DEA5","pop_tot_Sheet_9",2022,"262271.0"
"DEA5","pop_tot_Sheet_9",2023,"268331.0"
"DEA5","pop_tot_Sheet_9",2024,"275112.0"
"DEB1","pop_tot_Sheet_9",2015,"101580.0"
"DEB1","pop_tot_Sheet_9",2016,"102287.0"
"DEB1","pop_tot_Sheet_9",2017,"103588.0"
"DEB1","pop_tot_Sheet_9",2018,"105640.0"
"DEB1","pop_tot_Sheet_9",2019,"107885.0"
"DEB1","pop_tot_Sheet_9",2020,"110896.0"
"DEB1","pop_tot_Sheet_9",2021,"114389.0"
"DEB1","pop_tot_Sheet_9",2022,"118169.0"
"DEB1","pop_tot_Sheet_9",2023,"122054.0"
"DEB1","pop_tot_Sheet_9",2024,"125476.0"
"DEB2","pop_tot_Sheet_9",2015,"34631.0"
"DEB2","pop_tot_Sheet_9",2016,"35308.0"
"DEB2","pop_tot_Sheet_9",2017,"36012.0"
"DEB2","pop_tot_Sheet_9",2018,"36771.0"
"DEB2","pop_tot_Sheet_9",2019,"37596.0"
"DEB2","pop_tot_Sheet_9",2020,"38276.0"
"DEB2","pop_tot_Sheet_9",2021,"39272.0"
"DEB2","pop_tot_Sheet_9",2022,"40703.0"
"DEB2","pop_tot_Sheet_9",2023,"40761.0"
"DEB2","pop_tot_Sheet_9",2024,"42064.0"
"DEB3","pop_tot_Sheet_9",2015,"133305.0"
"DEB3","pop_tot_Sheet_9",2016,"134030.0"
"DEB3","pop_tot_Sheet_9",2017,"136337.0"
"DEB3","pop_tot_Sheet_9",2018,"139518.0"
"DEB3","pop_tot_Sheet_9",2019,"142601.0"
"DEB3","pop_tot_Sheet_9",2020,"147094.0"
"DEB3","pop_tot_Sheet_9",2021,"152258.0"
"DEB3","pop_tot_Sheet_9",2022,"156668.0"
"DEB3","pop_tot_Sheet_9",2023,"160066.0"
"DEB3","pop_tot_Sheet_9",2024,"164250.0"
"DEC0","pop_tot_Sheet_9",2015,"72312.0"
"DEC0","pop_tot_Sheet_9",2016,"72493.0"
"DEC0","pop_tot_Sheet_9",2017,"73607.0"
"DEC0","pop_tot_Sheet_9",2018,"74865.0"
"DEC0","pop_tot_Sheet_9",2019,"76552.0"
"DEC0","pop_tot_Sheet_9",2020,"78606.0"
"DEC0","pop_tot_Sheet_9",2021,"80704.0"
"DEC0","pop_tot_Sheet_9",2022,"82674.0"
"DEC0","pop_tot_Sheet_9",2023,"85621.0"
"DEC0","pop_tot_Sheet_9",2024,"86570.0"
"DED2","pop_tot_Sheet_9",2015,"114185.0"
"DED2","pop_tot_Sheet_9",2016,"114618.0"
"DED2","pop_tot_Sheet_9",2017,"113134.0"
"DED2","pop_tot_Sheet_9",2018,"111767.0"
"DED2","pop_tot_Sheet_9",2019,"110947.0"
"DED2","pop_tot_Sheet_9",2020,"111944.0"
"DED2","pop_tot_Sheet_9",2021,"113033.0"
"DED2","pop_tot_Sheet_9",2022,"115854.0"
"DED2","pop_tot_Sheet_9",2023,"119181.0"
"DED2","pop_tot_Sheet_9",2024,"122878.0"
"DED4","pop_tot_Sheet_9",2015,"124617.0"
"DED4","pop_tot_Sheet_9",2016,"122163.0"
"DED4","pop_tot_Sheet_9",2017,"117812.0"
"DED4","pop_tot_Sheet_9",2018,"114310.0"
"DED4","pop_tot_Sheet_9",2019,"111729.0"
"DED4","pop_tot_Sheet_9",2020,"111067.0"
"DED4","pop_tot_Sheet_9",2021,"110079.0"
"DED4","pop_tot_Sheet_9",2022,"110897.0"
"DED4","pop_tot_Sheet_9",2023,"112340.0"
"DED4","pop_tot_Sheet_9",2024,"114336.0"
"DED5","pop_tot_Sheet_9",2015,"67520.0"
"DED5","pop_tot_Sheet_9",2016,"67757.0"
"DED5","pop_tot_Sheet_9",2017,"67522.0"
"DED5","pop_tot_Sheet_9",2018,"66928.0"
"DED5","pop_tot_Sheet_9",2019,"66325.0"
"DED5","pop_tot_Sheet_9",2020,"67183.0"
"DED5","pop_tot_Sheet_9",2021,"68229.0"
"DED5","pop_tot_Sheet_9",2022,"70020.0"
"DED5","pop_tot_Sheet_9",2023,"72015.0"
"DED5","pop_tot_Sheet_9",2024,"74127.0"
"DEE0","pop_tot_Sheet_9",2015,"177549.0"
"DEE0","pop_tot_Sheet_9",2016,"179117.0"
"DEE0","pop_tot_Sheet_9",2017,"179165.0"
"DEE0","pop_tot_Sheet_9",2018,"177249.0"
"DEE0","pop_tot_Sheet_9",2019,"175622.0"
"DEE0","pop_tot_Sheet_9",2020,"176583.0"
"DEE0","pop_tot_Sheet_9",2021,"177704.0"
"DEE0","pop_tot_Sheet_9",2022,"180885.0"
"DEE0","pop_tot_Sheet_9",2023,"183970.0"
"DEE0","pop_tot_Sheet_9",2024,"187705.0"
"DEF0","pop_tot_Sheet_9",2015,"175404.0"
"DEF0","pop_tot_Sheet_9",2016,"176089.0"
"DEF0","pop_tot_Sheet_9",2017,"178292.0"
"DEF0","pop_tot_Sheet_9",2018,"182820.0"
"DEF0","pop_tot_Sheet_9",2019,"188073.0"
"DEF0","pop_tot_Sheet_9",2020,"194566.0"
"DEF0","pop_tot_Sheet_9",2021,"202486.0"
"DEF0","pop_tot_Sheet_9",2022,"211531.0"
"DEF0","pop_tot_Sheet_9",2023,"219948.0"
"DEF0","pop_tot_Sheet_9",2024,"229255.0"
"DEG0","pop_tot_Sheet_9",2015,"170578.0"
"DEG0","pop_tot_Sheet_9",2016,"172150.0"
"DEG0","pop_tot_Sheet_9",2017,"171762.0"
"DEG0","pop_tot_Sheet_9",2018,"170644.0"
"DEG0","pop_tot_Sheet_9",2019,"169531.0"
"DEG0","pop_tot_Sheet_9",2020,"170921.0"
"DEG0","pop_tot_Sheet_9",2021,"171736.0"
"DEG0","pop_tot_Sheet_9",2022,"174518.0"
"DEG0","pop_tot_Sheet_9",2023,"177619.0"
"DEG0","pop_tot_Sheet_9",2024,"180496.0"
"EE00","pop_tot_Sheet_9",2015,"82209.0"
"EE00","pop_tot_Sheet_9",2016,"83510.0"
"EE00","pop_tot_Sheet_9",2017,"83645.0"
"EE00","pop_tot_Sheet_9",2018,"84144.0"
"EE00","pop_tot_Sheet_9",2019,"85106.0"
"EE00","pop_tot_Sheet_9",2020,"85736.0"
"EE00","pop_tot_Sheet_9",2021,"85839.0"
"EE00","pop_tot_Sheet_9",2022,"86534.0"
"EE00","pop_tot_Sheet_9",2023,"87813.0"
"EE00","pop_tot_Sheet_9",2024,"87483.0"
"IE04","pop_tot_Sheet_9",2015,"45282.0"
"IE04","pop_tot_Sheet_9",2016,"45962.0"
"IE04","pop_tot_Sheet_9",2017,"47253.0"
"IE04","pop_tot_Sheet_9",2018,"48040.0"
"IE04","pop_tot_Sheet_9",2019,"49220.0"
"IE04","pop_tot_Sheet_9",2020,"50208.0"
"IE04","pop_tot_Sheet_9",2021,"51463.0"
"IE04","pop_tot_Sheet_9",2022,"52329.0"
"IE04","pop_tot_Sheet_9",2023,"53731.0"
"IE04","pop_tot_Sheet_9",2024,"55073.0"
"IE05","pop_tot_Sheet_9",2015,"81708.0"
"IE05","pop_tot_Sheet_9",2016,"83331.0"
"IE05","pop_tot_Sheet_9",2017,"85506.0"
"IE05","pop_tot_Sheet_9",2018,"87194.0"
"IE05","pop_tot_Sheet_9",2019,"89387.0"
"IE05","pop_tot_Sheet_9",2020,"91655.0"
"IE05","pop_tot_Sheet_9",2021,"94365.0"
"IE05","pop_tot_Sheet_9",2022,"97278.0"
"IE05","pop_tot_Sheet_9",2023,"100064.0"
"IE05","pop_tot_Sheet_9",2024,"103297.0"
"IE06","pop_tot_Sheet_9",2015,"102774.0"
"IE06","pop_tot_Sheet_9",2016,"105459.0"
"IE06","pop_tot_Sheet_9",2017,"108819.0"
"IE06","pop_tot_Sheet_9",2018,"111116.0"
"IE06","pop_tot_Sheet_9",2019,"114751.0"
"IE06","pop_tot_Sheet_9",2020,"117919.0"
"IE06","pop_tot_Sheet_9",2021,"121242.0"
"IE06","pop_tot_Sheet_9",2022,"125353.0"
"IE06","pop_tot_Sheet_9",2023,"129372.0"
"IE06","pop_tot_Sheet_9",2024,"134440.0"
"EL30","pop_tot_Sheet_9",2015,"225114.0"
"EL30","pop_tot_Sheet_9",2016,"226535.0"
"EL30","pop_tot_Sheet_9",2017,"227816.0"
"EL30","pop_tot_Sheet_9",2018,"228841.0"
"EL30","pop_tot_Sheet_9",2019,"232356.0"
"EL30","pop_tot_Sheet_9",2020,"235297.0"
"EL30","pop_tot_Sheet_9",2021,"236795.0"
"EL30","pop_tot_Sheet_9",2022,"248831.0"
"EL30","pop_tot_Sheet_9",2023,"250285.0"
"EL30","pop_tot_Sheet_9",2024,"250740.0"
"EL41","pop_tot_Sheet_9",2015,"11057.0"
"EL41","pop_tot_Sheet_9",2016,"11039.0"
"EL41","pop_tot_Sheet_9",2017,"11216.0"
"EL41","pop_tot_Sheet_9",2018,"11465.0"
"EL41","pop_tot_Sheet_9",2019,"11889.0"
"EL41","pop_tot_Sheet_9",2020,"12223.0"
"EL41","pop_tot_Sheet_9",2021,"12525.0"
"EL41","pop_tot_Sheet_9",2022,"12450.0"
"EL41","pop_tot_Sheet_9",2023,"12403.0"
"EL41","pop_tot_Sheet_9",2024,"12450.0"
"EL42","pop_tot_Sheet_9",2015,"18864.0"
"EL42","pop_tot_Sheet_9",2016,"18911.0"
"EL42","pop_tot_Sheet_9",2017,"19052.0"
"EL42","pop_tot_Sheet_9",2018,"19299.0"
"EL42","pop_tot_Sheet_9",2019,"19912.0"
"EL42","pop_tot_Sheet_9",2020,"20531.0"
"EL42","pop_tot_Sheet_9",2021,"20965.0"
"EL42","pop_tot_Sheet_9",2022,"19502.0"
"EL42","pop_tot_Sheet_9",2023,"19693.0"
"EL42","pop_tot_Sheet_9",2024,"19838.0"
"EL43","pop_tot_Sheet_9",2015,"32990.0"
"EL43","pop_tot_Sheet_9",2016,"33384.0"
"EL43","pop_tot_Sheet_9",2017,"33899.0"
"EL43","pop_tot_Sheet_9",2018,"34383.0"
"EL43","pop_tot_Sheet_9",2019,"35379.0"
"EL43","pop_tot_Sheet_9",2020,"36499.0"
"EL43","pop_tot_Sheet_9",2021,"37101.0"
"EL43","pop_tot_Sheet_9",2022,"37019.0"
"EL43","pop_tot_Sheet_9",2023,"37581.0"
"EL43","pop_tot_Sheet_9",2024,"38199.0"
"EL51","pop_tot_Sheet_9",2015,"35505.0"
"EL51","pop_tot_Sheet_9",2016,"36161.0"
"EL51","pop_tot_Sheet_9",2017,"36675.0"
"EL51","pop_tot_Sheet_9",2018,"37128.0"
"EL51","pop_tot_Sheet_9",2019,"37887.0"
"EL51","pop_tot_Sheet_9",2020,"38528.0"
"EL51","pop_tot_Sheet_9",2021,"38707.0"
"EL51","pop_tot_Sheet_9",2022,"37896.0"
"EL51","pop_tot_Sheet_9",2023,"38085.0"
"EL51","pop_tot_Sheet_9",2024,"38108.0"
"EL52","pop_tot_Sheet_9",2015,"109835.0"
"EL52","pop_tot_Sheet_9",2016,"111518.0"
"EL52","pop_tot_Sheet_9",2017,"113841.0"
"EL52","pop_tot_Sheet_9",2018,"114981.0"
"EL52","pop_tot_Sheet_9",2019,"117320.0"
"EL52","pop_tot_Sheet_9",2020,"119303.0"
"EL52","pop_tot_Sheet_9",2021,"120457.0"
"EL52","pop_tot_Sheet_9",2022,"118804.0"
"EL52","pop_tot_Sheet_9",2023,"119851.0"
"EL52","pop_tot_Sheet_9",2024,"120598.0"
"EL53","pop_tot_Sheet_9",2015,"16466.0"
"EL53","pop_tot_Sheet_9",2016,"17129.0"
"EL53","pop_tot_Sheet_9",2017,"17713.0"
"EL53","pop_tot_Sheet_9",2018,"18157.0"
"EL53","pop_tot_Sheet_9",2019,"18667.0"
"EL53","pop_tot_Sheet_9",2020,"18945.0"
"EL53","pop_tot_Sheet_9",2021,"19091.0"
"EL53","pop_tot_Sheet_9",2022,"19264.0"
"EL53","pop_tot_Sheet_9",2023,"19299.0"
"EL53","pop_tot_Sheet_9",2024,"19217.0"
"EL54","pop_tot_Sheet_9",2015,"22118.0"
"EL54","pop_tot_Sheet_9",2016,"22265.0"
"EL54","pop_tot_Sheet_9",2017,"22458.0"
"EL54","pop_tot_Sheet_9",2018,"22436.0"
"EL54","pop_tot_Sheet_9",2019,"22593.0"
"EL54","pop_tot_Sheet_9",2020,"22807.0"
"EL54","pop_tot_Sheet_9",2021,"22776.0"
"EL54","pop_tot_Sheet_9",2022,"22706.0"
"EL54","pop_tot_Sheet_9",2023,"22423.0"
"EL54","pop_tot_Sheet_9",2024,"22214.0"
"EL61","pop_tot_Sheet_9",2015,"44333.0"
"EL61","pop_tot_Sheet_9",2016,"44910.0"
"EL61","pop_tot_Sheet_9",2017,"45552.0"
"EL61","pop_tot_Sheet_9",2018,"46022.0"
"EL61","pop_tot_Sheet_9",2019,"46738.0"
"EL61","pop_tot_Sheet_9",2020,"47379.0"
"EL61","pop_tot_Sheet_9",2021,"47433.0"
"EL61","pop_tot_Sheet_9",2022,"47328.0"
"EL61","pop_tot_Sheet_9",2023,"46997.0"
"EL61","pop_tot_Sheet_9",2024,"46883.0"
"EL62","pop_tot_Sheet_9",2015,"12831.0"
"EL62","pop_tot_Sheet_9",2016,"13006.0"
"EL62","pop_tot_Sheet_9",2017,"13174.0"
"EL62","pop_tot_Sheet_9",2018,"13445.0"
"EL62","pop_tot_Sheet_9",2019,"13763.0"
"EL62","pop_tot_Sheet_9",2020,"14126.0"
"EL62","pop_tot_Sheet_9",2021,"14307.0"
"EL62","pop_tot_Sheet_9",2022,"14715.0"
"EL62","pop_tot_Sheet_9",2023,"14721.0"
"EL62","pop_tot_Sheet_9",2024,"14703.0"
"EL63","pop_tot_Sheet_9",2015,"39309.0"
"EL63","pop_tot_Sheet_9",2016,"39863.0"
"EL63","pop_tot_Sheet_9",2017,"40451.0"
"EL63","pop_tot_Sheet_9",2018,"41019.0"
"EL63","pop_tot_Sheet_9",2019,"41760.0"
"EL63","pop_tot_Sheet_9",2020,"42243.0"
"EL63","pop_tot_Sheet_9",2021,"42335.0"
"EL63","pop_tot_Sheet_9",2022,"44154.0"
"EL63","pop_tot_Sheet_9",2023,"44070.0"
"EL63","pop_tot_Sheet_9",2024,"43983.0"
"EL64","pop_tot_Sheet_9",2015,"31778.0"
"EL64","pop_tot_Sheet_9",2016,"32568.0"
"EL64","pop_tot_Sheet_9",2017,"33453.0"
"EL64","pop_tot_Sheet_9",2018,"34128.0"
"EL64","pop_tot_Sheet_9",2019,"34928.0"
"EL64","pop_tot_Sheet_9",2020,"35454.0"
"EL64","pop_tot_Sheet_9",2021,"35729.0"
"EL64","pop_tot_Sheet_9",2022,"36158.0"
"EL64","pop_tot_Sheet_9",2023,"36248.0"
"EL64","pop_tot_Sheet_9",2024,"36254.0"
"EL65","pop_tot_Sheet_9",2015,"36851.0"
"EL65","pop_tot_Sheet_9",2016,"37570.0"
"EL65","pop_tot_Sheet_9",2017,"37927.0"
"EL65","pop_tot_Sheet_9",2018,"38261.0"
"EL65","pop_tot_Sheet_9",2019,"38714.0"
"EL65","pop_tot_Sheet_9",2020,"39314.0"
"EL65","pop_tot_Sheet_9",2021,"39374.0"
"EL65","pop_tot_Sheet_9",2022,"39178.0"
"EL65","pop_tot_Sheet_9",2023,"39294.0"
"EL65","pop_tot_Sheet_9",2024,"39335.0"
"ES11","pop_tot_Sheet_9",2015,"167816.0"
"ES11","pop_tot_Sheet_9",2016,"169154.0"
"ES11","pop_tot_Sheet_9",2017,"173201.0"
"ES11","pop_tot_Sheet_9",2018,"175757.0"
"ES11","pop_tot_Sheet_9",2019,"179237.0"
"ES11","pop_tot_Sheet_9",2020,"183388.0"
"ES11","pop_tot_Sheet_9",2021,"187957.0"
"ES11","pop_tot_Sheet_9",2022,"190617.0"
"ES11","pop_tot_Sheet_9",2023,"192581.0"
"ES11","pop_tot_Sheet_9",2024,"194200.0"
"ES12","pop_tot_Sheet_9",2015,"72302.0"
"ES12","pop_tot_Sheet_9",2016,"73660.0"
"ES12","pop_tot_Sheet_9",2017,"75567.0"
"ES12","pop_tot_Sheet_9",2018,"77185.0"
"ES12","pop_tot_Sheet_9",2019,"78428.0"
"ES12","pop_tot_Sheet_9",2020,"80178.0"
"ES12","pop_tot_Sheet_9",2021,"81255.0"
"ES12","pop_tot_Sheet_9",2022,"81278.0"
"ES12","pop_tot_Sheet_9",2023,"81011.0"
"ES12","pop_tot_Sheet_9",2024,"80835.0"
"ES13","pop_tot_Sheet_9",2015,"36383.0"
"ES13","pop_tot_Sheet_9",2016,"37091.0"
"ES13","pop_tot_Sheet_9",2017,"38151.0"
"ES13","pop_tot_Sheet_9",2018,"39467.0"
"ES13","pop_tot_Sheet_9",2019,"40696.0"
"ES13","pop_tot_Sheet_9",2020,"42056.0"
"ES13","pop_tot_Sheet_9",2021,"43096.0"
"ES13","pop_tot_Sheet_9",2022,"43806.0"
"ES13","pop_tot_Sheet_9",2023,"43719.0"
"ES13","pop_tot_Sheet_9",2024,"43928.0"
"ES21","pop_tot_Sheet_9",2015,"133629.0"
"ES21","pop_tot_Sheet_9",2016,"135506.0"
"ES21","pop_tot_Sheet_9",2017,"139132.0"
"ES21","pop_tot_Sheet_9",2018,"142645.0"
"ES21","pop_tot_Sheet_9",2019,"146387.0"
"ES21","pop_tot_Sheet_9",2020,"151388.0"
"ES21","pop_tot_Sheet_9",2021,"154873.0"
"ES21","pop_tot_Sheet_9",2022,"156869.0"
"ES21","pop_tot_Sheet_9",2023,"158197.0"
"ES21","pop_tot_Sheet_9",2024,"160414.0"
"ES22","pop_tot_Sheet_9",2015,"34827.0"
"ES22","pop_tot_Sheet_9",2016,"35528.0"
"ES22","pop_tot_Sheet_9",2017,"36569.0"
"ES22","pop_tot_Sheet_9",2018,"37698.0"
"ES22","pop_tot_Sheet_9",2019,"38793.0"
"ES22","pop_tot_Sheet_9",2020,"40134.0"
"ES22","pop_tot_Sheet_9",2021,"41237.0"
"ES22","pop_tot_Sheet_9",2022,"42198.0"
"ES22","pop_tot_Sheet_9",2023,"43038.0"
"ES22","pop_tot_Sheet_9",2024,"44190.0"
"ES23","pop_tot_Sheet_9",2015,"17342.0"
"ES23","pop_tot_Sheet_9",2016,"17817.0"
"ES23","pop_tot_Sheet_9",2017,"18501.0"
"ES23","pop_tot_Sheet_9",2018,"19309.0"
"ES23","pop_tot_Sheet_9",2019,"19828.0"
"ES23","pop_tot_Sheet_9",2020,"20722.0"
"ES23","pop_tot_Sheet_9",2021,"21378.0"
"ES23","pop_tot_Sheet_9",2022,"21915.0"
"ES23","pop_tot_Sheet_9",2023,"22192.0"
"ES23","pop_tot_Sheet_9",2024,"22586.0"
"ES24","pop_tot_Sheet_9",2015,"73676.0"
"ES24","pop_tot_Sheet_9",2016,"75511.0"
"ES24","pop_tot_Sheet_9",2017,"77746.0"
"ES24","pop_tot_Sheet_9",2018,"79714.0"
"ES24","pop_tot_Sheet_9",2019,"82365.0"
"ES24","pop_tot_Sheet_9",2020,"85533.0"
"ES24","pop_tot_Sheet_9",2021,"88007.0"
"ES24","pop_tot_Sheet_9",2022,"89768.0"
"ES24","pop_tot_Sheet_9",2023,"91309.0"
"ES24","pop_tot_Sheet_9",2024,"93155.0"
"ES30","pop_tot_Sheet_9",2015,"328085.0"
"ES30","pop_tot_Sheet_9",2016,"335436.0"
"ES30","pop_tot_Sheet_9",2017,"344868.0"
"ES30","pop_tot_Sheet_9",2018,"356358.0"
"ES30","pop_tot_Sheet_9",2019,"368404.0"
"ES30","pop_tot_Sheet_9",2020,"382866.0"
"ES30","pop_tot_Sheet_9",2021,"394383.0"
"ES30","pop_tot_Sheet_9",2022,"404355.0"
"ES30","pop_tot_Sheet_9",2023,"414824.0"
"ES30","pop_tot_Sheet_9",2024,"428871.0"
"ES41","pop_tot_Sheet_9",2015,"149522.0"
"ES41","pop_tot_Sheet_9",2016,"152518.0"
"ES41","pop_tot_Sheet_9",2017,"157755.0"
"ES41","pop_tot_Sheet_9",2018,"162962.0"
"ES41","pop_tot_Sheet_9",2019,"168113.0"
"ES41","pop_tot_Sheet_9",2020,"174156.0"
"ES41","pop_tot_Sheet_9",2021,"179510.0"
"ES41","pop_tot_Sheet_9",2022,"182549.0"
"ES41","pop_tot_Sheet_9",2023,"184974.0"
"ES41","pop_tot_Sheet_9",2024,"187373.0"
"ES42","pop_tot_Sheet_9",2015,"99001.0"
"ES42","pop_tot_Sheet_9",2016,"101254.0"
"ES42","pop_tot_Sheet_9",2017,"105248.0"
"ES42","pop_tot_Sheet_9",2018,"109546.0"
"ES42","pop_tot_Sheet_9",2019,"115395.0"
"ES42","pop_tot_Sheet_9",2020,"122722.0"
"ES42","pop_tot_Sheet_9",2021,"129941.0"
"ES42","pop_tot_Sheet_9",2022,"135784.0"
"ES42","pop_tot_Sheet_9",2023,"140313.0"
"ES42","pop_tot_Sheet_9",2024,"144502.0"
"ES43","pop_tot_Sheet_9",2015,"57245.0"
"ES43","pop_tot_Sheet_9",2016,"59217.0"
"ES43","pop_tot_Sheet_9",2017,"60898.0"
"ES43","pop_tot_Sheet_9",2018,"63034.0"
"ES43","pop_tot_Sheet_9",2019,"66210.0"
"ES43","pop_tot_Sheet_9",2020,"69967.0"
"ES43","pop_tot_Sheet_9",2021,"73707.0"
"ES43","pop_tot_Sheet_9",2022,"76726.0"
"ES43","pop_tot_Sheet_9",2023,"79199.0"
"ES43","pop_tot_Sheet_9",2024,"81094.0"
"ES51","pop_tot_Sheet_9",2015,"400725.0"
"ES51","pop_tot_Sheet_9",2016,"408796.0"
"ES51","pop_tot_Sheet_9",2017,"416839.0"
"ES51","pop_tot_Sheet_9",2018,"425653.0"
"ES51","pop_tot_Sheet_9",2019,"437238.0"
"ES51","pop_tot_Sheet_9",2020,"450052.0"
"ES51","pop_tot_Sheet_9",2021,"461547.0"
"ES51","pop_tot_Sheet_9",2022,"470318.0"
"ES51","pop_tot_Sheet_9",2023,"480273.0"
"ES51","pop_tot_Sheet_9",2024,"489504.0"
"ES52","pop_tot_Sheet_9",2015,"270846.0"
"ES52","pop_tot_Sheet_9",2016,"275973.0"
"ES52","pop_tot_Sheet_9",2017,"280791.0"
"ES52","pop_tot_Sheet_9",2018,"287931.0"
"ES52","pop_tot_Sheet_9",2019,"298857.0"
"ES52","pop_tot_Sheet_9",2020,"313022.0"
"ES52","pop_tot_Sheet_9",2021,"324378.0"
"ES52","pop_tot_Sheet_9",2022,"335894.0"
"ES52","pop_tot_Sheet_9",2023,"345082.0"
"ES52","pop_tot_Sheet_9",2024,"354382.0"
"ES53","pop_tot_Sheet_9",2015,"57216.0"
"ES53","pop_tot_Sheet_9",2016,"58420.0"
"ES53","pop_tot_Sheet_9",2017,"59600.0"
"ES53","pop_tot_Sheet_9",2018,"60693.0"
"ES53","pop_tot_Sheet_9",2019,"62677.0"
"ES53","pop_tot_Sheet_9",2020,"64742.0"
"ES53","pop_tot_Sheet_9",2021,"67258.0"
"ES53","pop_tot_Sheet_9",2022,"69198.0"
"ES53","pop_tot_Sheet_9",2023,"71123.0"
"ES53","pop_tot_Sheet_9",2024,"73327.0"
"ES61","pop_tot_Sheet_9",2015,"419705.0"
"ES61","pop_tot_Sheet_9",2016,"437010.0"
"ES61","pop_tot_Sheet_9",2017,"449875.0"
"ES61","pop_tot_Sheet_9",2018,"466697.0"
"ES61","pop_tot_Sheet_9",2019,"486024.0"
"ES61","pop_tot_Sheet_9",2020,"509312.0"
"ES61","pop_tot_Sheet_9",2021,"530075.0"
"ES61","pop_tot_Sheet_9",2022,"548109.0"
"ES61","pop_tot_Sheet_9",2023,"560757.0"
"ES61","pop_tot_Sheet_9",2024,"575562.0"
"ES62","pop_tot_Sheet_9",2015,"67530.0"
"ES62","pop_tot_Sheet_9",2016,"69225.0"
"ES62","pop_tot_Sheet_9",2017,"70591.0"
"ES62","pop_tot_Sheet_9",2018,"73355.0"
"ES62","pop_tot_Sheet_9",2019,"77015.0"
"ES62","pop_tot_Sheet_9",2020,"81682.0"
"ES62","pop_tot_Sheet_9",2021,"85612.0"
"ES62","pop_tot_Sheet_9",2022,"89562.0"
"ES62","pop_tot_Sheet_9",2023,"91777.0"
"ES62","pop_tot_Sheet_9",2024,"94713.0"
"ES63","pop_tot_Sheet_9",2015,"3676.0"
"ES63","pop_tot_Sheet_9",2016,"3867.0"
"ES63","pop_tot_Sheet_9",2017,"4064.0"
"ES63","pop_tot_Sheet_9",2018,"4234.0"
"ES63","pop_tot_Sheet_9",2019,"4436.0"
"ES63","pop_tot_Sheet_9",2020,"4641.0"
"ES63","pop_tot_Sheet_9",2021,"4870.0"
"ES63","pop_tot_Sheet_9",2022,"4974.0"
"ES63","pop_tot_Sheet_9",2023,"5094.0"
"ES63","pop_tot_Sheet_9",2024,"5166.0"
"ES64","pop_tot_Sheet_9",2015,"3450.0"
"ES64","pop_tot_Sheet_9",2016,"3686.0"
"ES64","pop_tot_Sheet_9",2017,"3942.0"
"ES64","pop_tot_Sheet_9",2018,"4167.0"
"ES64","pop_tot_Sheet_9",2019,"4426.0"
"ES64","pop_tot_Sheet_9",2020,"4695.0"
"ES64","pop_tot_Sheet_9",2021,"4948.0"
"ES64","pop_tot_Sheet_9",2022,"4930.0"
"ES64","pop_tot_Sheet_9",2023,"5002.0"
"ES64","pop_tot_Sheet_9",2024,"5030.0"
"ES70","pop_tot_Sheet_9",2015,"110241.0"
"ES70","pop_tot_Sheet_9",2016,"113108.0"
"ES70","pop_tot_Sheet_9",2017,"116470.0"
"ES70","pop_tot_Sheet_9",2018,"120066.0"
"ES70","pop_tot_Sheet_9",2019,"124206.0"
"ES70","pop_tot_Sheet_9",2020,"128915.0"
"ES70","pop_tot_Sheet_9",2021,"134284.0"
"ES70","pop_tot_Sheet_9",2022,"140434.0"
"ES70","pop_tot_Sheet_9",2023,"147669.0"
"ES70","pop_tot_Sheet_9",2024,"155419.0"
"FR10","pop_tot_Sheet_9",2015,"624646.0"
"FR10","pop_tot_Sheet_9",2016,"620541.0"
"FR10","pop_tot_Sheet_9",2017,"621797.0"
"FR10","pop_tot_Sheet_9",2018,"620540.0"
"FR10","pop_tot_Sheet_9",2019,"634705.0"
"FR10","pop_tot_Sheet_9",2020,"640680.0"
"FR10","pop_tot_Sheet_9",2021,"649123.0"
"FR10","pop_tot_Sheet_9",2022,"651927.0"
"FR10","pop_tot_Sheet_9",2023,"659026.0"
"FR10","pop_tot_Sheet_9",2024,"668870.0"
"FRB0","pop_tot_Sheet_9",2015,"171461.0"
"FRB0","pop_tot_Sheet_9",2016,"169635.0"
"FRB0","pop_tot_Sheet_9",2017,"168252.0"
"FRB0","pop_tot_Sheet_9",2018,"167479.0"
"FRB0","pop_tot_Sheet_9",2019,"167027.0"
"FRB0","pop_tot_Sheet_9",2020,"167032.0"
"FRB0","pop_tot_Sheet_9",2021,"166375.0"
"FRB0","pop_tot_Sheet_9",2022,"166329.0"
"FRB0","pop_tot_Sheet_9",2023,"166014.0"
"FRB0","pop_tot_Sheet_9",2024,"166590.0"
"FRC1","pop_tot_Sheet_9",2015,"116388.0"
"FRC1","pop_tot_Sheet_9",2016,"114301.0"
"FRC1","pop_tot_Sheet_9",2017,"113362.0"
"FRC1","pop_tot_Sheet_9",2018,"113001.0"
"FRC1","pop_tot_Sheet_9",2019,"111844.0"
"FRC1","pop_tot_Sheet_9",2020,"111609.0"
"FRC1","pop_tot_Sheet_9",2021,"111588.0"
"FRC1","pop_tot_Sheet_9",2022,"111650.0"
"FRC1","pop_tot_Sheet_9",2023,"110865.0"
"FRC1","pop_tot_Sheet_9",2024,"110881.0"
"FRC2","pop_tot_Sheet_9",2015,"75194.0"
"FRC2","pop_tot_Sheet_9",2016,"74420.0"
"FRC2","pop_tot_Sheet_9",2017,"74434.0"
"FRC2","pop_tot_Sheet_9",2018,"74582.0"
"FRC2","pop_tot_Sheet_9",2019,"74691.0"
"FRC2","pop_tot_Sheet_9",2020,"74775.0"
"FRC2","pop_tot_Sheet_9",2021,"75546.0"
"FRC2","pop_tot_Sheet_9",2022,"75696.0"
"FRC2","pop_tot_Sheet_9",2023,"75242.0"
"FRC2","pop_tot_Sheet_9",2024,"75406.0"
"FRD1","pop_tot_Sheet_9",2015,"102667.0"
"FRD1","pop_tot_Sheet_9",2016,"102085.0"
"FRD1","pop_tot_Sheet_9",2017,"102067.0"
"FRD1","pop_tot_Sheet_9",2018,"101911.0"
"FRD1","pop_tot_Sheet_9",2019,"101332.0"
"FRD1","pop_tot_Sheet_9",2020,"101262.0"
"FRD1","pop_tot_Sheet_9",2021,"100945.0"
"FRD1","pop_tot_Sheet_9",2022,"101473.0"
"FRD1","pop_tot_Sheet_9",2023,"100853.0"
"FRD1","pop_tot_Sheet_9",2024,"101802.0"
"FRD2","pop_tot_Sheet_9",2015,"118618.0"
"FRD2","pop_tot_Sheet_9",2016,"117820.0"
"FRD2","pop_tot_Sheet_9",2017,"117672.0"
"FRD2","pop_tot_Sheet_9",2018,"117184.0"
"FRD2","pop_tot_Sheet_9",2019,"116768.0"
"FRD2","pop_tot_Sheet_9",2020,"116729.0"
"FRD2","pop_tot_Sheet_9",2021,"116568.0"
"FRD2","pop_tot_Sheet_9",2022,"117516.0"
"FRD2","pop_tot_Sheet_9",2023,"117143.0"
"FRD2","pop_tot_Sheet_9",2024,"117560.0"
"FRE1","pop_tot_Sheet_9",2015,"243292.0"
"FRE1","pop_tot_Sheet_9",2016,"241430.0"
"FRE1","pop_tot_Sheet_9",2017,"241823.0"
"FRE1","pop_tot_Sheet_9",2018,"241719.0"
"FRE1","pop_tot_Sheet_9",2019,"243261.0"
"FRE1","pop_tot_Sheet_9",2020,"242695.0"
"FRE1","pop_tot_Sheet_9",2021,"242799.0"
"FRE1","pop_tot_Sheet_9",2022,"243151.0"
"FRE1","pop_tot_Sheet_9",2023,"242326.0"
"FRE1","pop_tot_Sheet_9",2024,"243377.0"
"FRE2","pop_tot_Sheet_9",2015,"123132.0"
"FRE2","pop_tot_Sheet_9",2016,"121722.0"
"FRE2","pop_tot_Sheet_9",2017,"120849.0"
"FRE2","pop_tot_Sheet_9",2018,"119819.0"
"FRE2","pop_tot_Sheet_9",2019,"120309.0"
"FRE2","pop_tot_Sheet_9",2020,"119662.0"
"FRE2","pop_tot_Sheet_9",2021,"119463.0"
"FRE2","pop_tot_Sheet_9",2022,"119071.0"
"FRE2","pop_tot_Sheet_9",2023,"119195.0"
"FRE2","pop_tot_Sheet_9",2024,"119787.0"
"FRF1","pop_tot_Sheet_9",2015,"117983.0"
"FRF1","pop_tot_Sheet_9",2016,"118585.0"
"FRF1","pop_tot_Sheet_9",2017,"119759.0"
"FRF1","pop_tot_Sheet_9",2018,"120504.0"
"FRF1","pop_tot_Sheet_9",2019,"122456.0"
"FRF1","pop_tot_Sheet_9",2020,"122952.0"
"FRF1","pop_tot_Sheet_9",2021,"122873.0"
"FRF1","pop_tot_Sheet_9",2022,"123762.0"
"FRF1","pop_tot_Sheet_9",2023,"124569.0"
"FRF1","pop_tot_Sheet_9",2024,"125452.0"
"FRF2","pop_tot_Sheet_9",2015,"88240.0"
"FRF2","pop_tot_Sheet_9",2016,"87458.0"
"FRF2","pop_tot_Sheet_9",2017,"86503.0"
"FRF2","pop_tot_Sheet_9",2018,"85391.0"
"FRF2","pop_tot_Sheet_9",2019,"85307.0"
"FRF2","pop_tot_Sheet_9",2020,"85012.0"
"FRF2","pop_tot_Sheet_9",2021,"84545.0"
"FRF2","pop_tot_Sheet_9",2022,"84678.0"
"FRF2","pop_tot_Sheet_9",2023,"84377.0"
"FRF2","pop_tot_Sheet_9",2024,"84445.0"
"FRF3","pop_tot_Sheet_9",2015,"154395.0"
"FRF3","pop_tot_Sheet_9",2016,"154848.0"
"FRF3","pop_tot_Sheet_9",2017,"155473.0"
"FRF3","pop_tot_Sheet_9",2018,"155292.0"
"FRF3","pop_tot_Sheet_9",2019,"156259.0"
"FRF3","pop_tot_Sheet_9",2020,"156305.0"
"FRF3","pop_tot_Sheet_9",2021,"156046.0"
"FRF3","pop_tot_Sheet_9",2022,"156710.0"
"FRF3","pop_tot_Sheet_9",2023,"155909.0"
"FRF3","pop_tot_Sheet_9",2024,"156439.0"
"FRG0","pop_tot_Sheet_9",2015,"232134.0"
"FRG0","pop_tot_Sheet_9",2016,"230972.0"
"FRG0","pop_tot_Sheet_9",2017,"231815.0"
"FRG0","pop_tot_Sheet_9",2018,"231546.0"
"FRG0","pop_tot_Sheet_9",2019,"232377.0"
"FRG0","pop_tot_Sheet_9",2020,"235215.0"
"FRG0","pop_tot_Sheet_9",2021,"235913.0"
"FRG0","pop_tot_Sheet_9",2022,"236722.0"
"FRG0","pop_tot_Sheet_9",2023,"237779.0"
"FRG0","pop_tot_Sheet_9",2024,"239830.0"
"FRH0","pop_tot_Sheet_9",2015,"215850.0"
"FRH0","pop_tot_Sheet_9",2016,"214647.0"
"FRH0","pop_tot_Sheet_9",2017,"216110.0"
"FRH0","pop_tot_Sheet_9",2018,"217928.0"
"FRH0","pop_tot_Sheet_9",2019,"218448.0"
"FRH0","pop_tot_Sheet_9",2020,"221878.0"
"FRH0","pop_tot_Sheet_9",2021,"224371.0"
"FRH0","pop_tot_Sheet_9",2022,"226292.0"
"FRH0","pop_tot_Sheet_9",2023,"227619.0"
"FRH0","pop_tot_Sheet_9",2024,"229427.0"
"FRI1","pop_tot_Sheet_9",2015,"224971.0"
"FRI1","pop_tot_Sheet_9",2016,"222741.0"
"FRI1","pop_tot_Sheet_9",2017,"222512.0"
"FRI1","pop_tot_Sheet_9",2018,"222839.0"
"FRI1","pop_tot_Sheet_9",2019,"223272.0"
"FRI1","pop_tot_Sheet_9",2020,"225851.0"
"FRI1","pop_tot_Sheet_9",2021,"228269.0"
"FRI1","pop_tot_Sheet_9",2022,"229474.0"
"FRI1","pop_tot_Sheet_9",2023,"231116.0"
"FRI1","pop_tot_Sheet_9",2024,"235442.0"
"FRI2","pop_tot_Sheet_9",2015,"54427.0"
"FRI2","pop_tot_Sheet_9",2016,"53786.0"
"FRI2","pop_tot_Sheet_9",2017,"53588.0"
"FRI2","pop_tot_Sheet_9",2018,"52883.0"
"FRI2","pop_tot_Sheet_9",2019,"52365.0"
"FRI2","pop_tot_Sheet_9",2020,"52170.0"
"FRI2","pop_tot_Sheet_9",2021,"52440.0"
"FRI2","pop_tot_Sheet_9",2022,"52054.0"
"FRI2","pop_tot_Sheet_9",2023,"51519.0"
"FRI2","pop_tot_Sheet_9",2024,"51280.0"
"FRI3","pop_tot_Sheet_9",2015,"129083.0"
"FRI3","pop_tot_Sheet_9",2016,"128547.0"
"FRI3","pop_tot_Sheet_9",2017,"128535.0"
"FRI3","pop_tot_Sheet_9",2018,"128815.0"
"FRI3","pop_tot_Sheet_9",2019,"127343.0"
"FRI3","pop_tot_Sheet_9",2020,"127115.0"
"FRI3","pop_tot_Sheet_9",2021,"126858.0"
"FRI3","pop_tot_Sheet_9",2022,"127326.0"
"FRI3","pop_tot_Sheet_9",2023,"126627.0"
"FRI3","pop_tot_Sheet_9",2024,"126876.0"
"FRJ1","pop_tot_Sheet_9",2015,"185236.0"
"FRJ1","pop_tot_Sheet_9",2016,"183158.0"
"FRJ1","pop_tot_Sheet_9",2017,"183482.0"
"FRJ1","pop_tot_Sheet_9",2018,"182815.0"
"FRJ1","pop_tot_Sheet_9",2019,"182615.0"
"FRJ1","pop_tot_Sheet_9",2020,"185844.0"
"FRJ1","pop_tot_Sheet_9",2021,"188820.0"
"FRJ1","pop_tot_Sheet_9",2022,"191332.0"
"FRJ1","pop_tot_Sheet_9",2023,"192705.0"
"FRJ1","pop_tot_Sheet_9",2024,"196010.0"
"FRJ2","pop_tot_Sheet_9",2015,"190478.0"
"FRJ2","pop_tot_Sheet_9",2016,"189710.0"
"FRJ2","pop_tot_Sheet_9",2017,"190201.0"
"FRJ2","pop_tot_Sheet_9",2018,"191379.0"
"FRJ2","pop_tot_Sheet_9",2019,"193036.0"
"FRJ2","pop_tot_Sheet_9",2020,"194784.0"
"FRJ2","pop_tot_Sheet_9",2021,"197989.0"
"FRJ2","pop_tot_Sheet_9",2022,"200073.0"
"FRJ2","pop_tot_Sheet_9",2023,"202167.0"
"FRJ2","pop_tot_Sheet_9",2024,"205359.0"
"FRK1","pop_tot_Sheet_9",2015,"96745.0"
"FRK1","pop_tot_Sheet_9",2016,"95193.0"
"FRK1","pop_tot_Sheet_9",2017,"95189.0"
"FRK1","pop_tot_Sheet_9",2018,"94659.0"
"FRK1","pop_tot_Sheet_9",2019,"93948.0"
"FRK1","pop_tot_Sheet_9",2020,"94163.0"
"FRK1","pop_tot_Sheet_9",2021,"93818.0"
"FRK1","pop_tot_Sheet_9",2022,"93674.0"
"FRK1","pop_tot_Sheet_9",2023,"92958.0"
"FRK1","pop_tot_Sheet_9",2024,"93338.0"
"FRK2","pop_tot_Sheet_9",2015,"375461.0"
"FRK2","pop_tot_Sheet_9",2016,"372788.0"
"FRK2","pop_tot_Sheet_9",2017,"373803.0"
"FRK2","pop_tot_Sheet_9",2018,"373741.0"
"FRK2","pop_tot_Sheet_9",2019,"377618.0"
"FRK2","pop_tot_Sheet_9",2020,"382777.0"
"FRK2","pop_tot_Sheet_9",2021,"386010.0"
"FRK2","pop_tot_Sheet_9",2022,"389527.0"
"FRK2","pop_tot_Sheet_9",2023,"393690.0"
"FRK2","pop_tot_Sheet_9",2024,"401957.0"
"FRL0","pop_tot_Sheet_9",2015,"317670.0"
"FRL0","pop_tot_Sheet_9",2016,"313933.0"
"FRL0","pop_tot_Sheet_9",2017,"314785.0"
"FRL0","pop_tot_Sheet_9",2018,"316078.0"
"FRL0","pop_tot_Sheet_9",2019,"317569.0"
"FRL0","pop_tot_Sheet_9",2020,"321260.0"
"FRL0","pop_tot_Sheet_9",2021,"325072.0"
"FRL0","pop_tot_Sheet_9",2022,"329660.0"
"FRL0","pop_tot_Sheet_9",2023,"332779.0"
"FRL0","pop_tot_Sheet_9",2024,"338667.0"
"FRM0","pop_tot_Sheet_9",2015,"21624.0"
"FRM0","pop_tot_Sheet_9",2016,"21526.0"
"FRM0","pop_tot_Sheet_9",2017,"21978.0"
"FRM0","pop_tot_Sheet_9",2018,"21819.0"
"FRM0","pop_tot_Sheet_9",2019,"21570.0"
"FRM0","pop_tot_Sheet_9",2020,"22083.0"
"FRM0","pop_tot_Sheet_9",2021,"22678.0"
"FRM0","pop_tot_Sheet_9",2022,"23308.0"
"FRM0","pop_tot_Sheet_9",2023,"23410.0"
"FRM0","pop_tot_Sheet_9",2024,"23952.0"
"FRY1","pop_tot_Sheet_9",2015,"26374.0"
"FRY1","pop_tot_Sheet_9",2016,"26972.0"
"FRY1","pop_tot_Sheet_9",2017,"27851.0"
"FRY1","pop_tot_Sheet_9",2018,"28346.0"
"FRY1","pop_tot_Sheet_9",2019,"28273.0"
"FRY1","pop_tot_Sheet_9",2020,"29280.0"
"FRY1","pop_tot_Sheet_9",2021,"30143.0"
"FRY1","pop_tot_Sheet_9",2022,"30994.0"
"FRY1","pop_tot_Sheet_9",2023,"32595.0"
"FRY1","pop_tot_Sheet_9",2024,"33342.0"
"FRY2","pop_tot_Sheet_9",2015,"25046.0"
"FRY2","pop_tot_Sheet_9",2016,"25283.0"
"FRY2","pop_tot_Sheet_9",2017,"26211.0"
"FRY2","pop_tot_Sheet_9",2018,"27086.0"
"FRY2","pop_tot_Sheet_9",2019,"27222.0"
"FRY2","pop_tot_Sheet_9",2020,"27831.0"
"FRY2","pop_tot_Sheet_9",2021,"28798.0"
"FRY2","pop_tot_Sheet_9",2022,"29966.0"
"FRY2","pop_tot_Sheet_9",2023,"30819.0"
"FRY2","pop_tot_Sheet_9",2024,"31495.0"
"FRY3","pop_tot_Sheet_9",2015,"7745.0"
"FRY3","pop_tot_Sheet_9",2016,"8268.0"
"FRY3","pop_tot_Sheet_9",2017,"8800.0"
"FRY3","pop_tot_Sheet_9",2018,"8890.0"
"FRY3","pop_tot_Sheet_9",2019,"9467.0"
"FRY3","pop_tot_Sheet_9",2020,"9688.0"
"FRY3","pop_tot_Sheet_9",2021,"9871.0"
"FRY3","pop_tot_Sheet_9",2022,"10166.0"
"FRY3","pop_tot_Sheet_9",2023,"10386.0"
"FRY3","pop_tot_Sheet_9",2024,"10667.0"
"FRY4","pop_tot_Sheet_9",2015,"41253.0"
"FRY4","pop_tot_Sheet_9",2016,"43246.0"
"FRY4","pop_tot_Sheet_9",2017,"45605.0"
"FRY4","pop_tot_Sheet_9",2018,"46527.0"
"FRY4","pop_tot_Sheet_9",2019,"47451.0"
"FRY4","pop_tot_Sheet_9",2020,"48842.0"
"FRY4","pop_tot_Sheet_9",2021,"50488.0"
"FRY4","pop_tot_Sheet_9",2022,"53167.0"
"FRY4","pop_tot_Sheet_9",2023,"55302.0"
"FRY4","pop_tot_Sheet_9",2024,"57957.0"
"FRY5","pop_tot_Sheet_9",2015,"3813.0"
"FRY5","pop_tot_Sheet_9",2016,"3957.0"
"FRY5","pop_tot_Sheet_9",2017,"4109.0"
"FRY5","pop_tot_Sheet_9",2018,"4264.0"
"FRY5","pop_tot_Sheet_9",2019,"4427.0"
"FRY5","pop_tot_Sheet_9",2020,"4592.0"
"FRY5","pop_tot_Sheet_9",2021,"4745.0"
"FRY5","pop_tot_Sheet_9",2022,"4921.0"
"FRY5","pop_tot_Sheet_9",2023,"5090.0"
"FRY5","pop_tot_Sheet_9",2024,"5261.0"
"HR02","pop_tot_Sheet_9",2015,"80747.0"
"HR02","pop_tot_Sheet_9",2016,"82606.0"
"HR02","pop_tot_Sheet_9",2017,"85610.0"
"HR02","pop_tot_Sheet_9",2018,"85641.0"
"HR02","pop_tot_Sheet_9",2019,"85847.0"
"HR02","pop_tot_Sheet_9",2020,"84940.0"
"HR02","pop_tot_Sheet_9",2021,"84351.0"
"HR02","pop_tot_Sheet_9",2022,"82791.0"
"HR02","pop_tot_Sheet_9",2023,"81422.0"
"HR02","pop_tot_Sheet_9",2024,"80115.0"
"HR03","pop_tot_Sheet_9",2015,"101012.0"
"HR03","pop_tot_Sheet_9",2016,"101295.0"
"HR03","pop_tot_Sheet_9",2017,"103027.0"
"HR03","pop_tot_Sheet_9",2018,"102293.0"
"HR03","pop_tot_Sheet_9",2019,"101560.0"
"HR03","pop_tot_Sheet_9",2020,"100617.0"
"HR03","pop_tot_Sheet_9",2021,"99272.0"
"HR03","pop_tot_Sheet_9",2022,"97789.0"
"HR03","pop_tot_Sheet_9",2023,"96684.0"
"HR03","pop_tot_Sheet_9",2024,"94804.0"
"HR05","pop_tot_Sheet_9",2015,"52430.0"
"HR05","pop_tot_Sheet_9",2016,"52640.0"
"HR05","pop_tot_Sheet_9",2017,"53142.0"
"HR05","pop_tot_Sheet_9",2018,"52367.0"
"HR05","pop_tot_Sheet_9",2019,"51519.0"
"HR05","pop_tot_Sheet_9",2020,"50594.0"
"HR05","pop_tot_Sheet_9",2021,"49398.0"
"HR05","pop_tot_Sheet_9",2022,"48190.0"
"HR05","pop_tot_Sheet_9",2023,"47452.0"
"HR05","pop_tot_Sheet_9",2024,"46767.0"
"HR06","pop_tot_Sheet_9",2015,"56855.0"
"HR06","pop_tot_Sheet_9",2016,"58013.0"
"HR06","pop_tot_Sheet_9",2017,"59463.0"
"HR06","pop_tot_Sheet_9",2018,"59861.0"
"HR06","pop_tot_Sheet_9",2019,"59611.0"
"HR06","pop_tot_Sheet_9",2020,"59504.0"
"HR06","pop_tot_Sheet_9",2021,"58513.0"
"HR06","pop_tot_Sheet_9",2022,"57526.0"
"HR06","pop_tot_Sheet_9",2023,"57311.0"
"HR06","pop_tot_Sheet_9",2024,"56866.0"
"ITC1","pop_tot_Sheet_9",2015,"278678.0"
"ITC1","pop_tot_Sheet_9",2016,"277864.0"
"ITC1","pop_tot_Sheet_9",2017,"280881.0"
"ITC1","pop_tot_Sheet_9",2018,"283983.0"
"ITC1","pop_tot_Sheet_9",2019,"287546.0"
"ITC1","pop_tot_Sheet_9",2020,"291087.0"
"ITC1","pop_tot_Sheet_9",2021,"293262.0"
"ITC1","pop_tot_Sheet_9",2022,"299649.0"
"ITC1","pop_tot_Sheet_9",2023,"305388.0"
"ITC1","pop_tot_Sheet_9",2024,"313189.0"
"ITC2","pop_tot_Sheet_9",2015,"7967.0"
"ITC2","pop_tot_Sheet_9",2016,"7994.0"
"ITC2","pop_tot_Sheet_9",2017,"8068.0"
"ITC2","pop_tot_Sheet_9",2018,"8171.0"
"ITC2","pop_tot_Sheet_9",2019,"8196.0"
"ITC2","pop_tot_Sheet_9",2020,"8404.0"
"ITC2","pop_tot_Sheet_9",2021,"8464.0"
"ITC2","pop_tot_Sheet_9",2022,"8757.0"
"ITC2","pop_tot_Sheet_9",2023,"8964.0"
"ITC2","pop_tot_Sheet_9",2024,"9333.0"
"ITC3","pop_tot_Sheet_9",2015,"99921.0"
"ITC3","pop_tot_Sheet_9",2016,"99026.0"
"ITC3","pop_tot_Sheet_9",2017,"100500.0"
"ITC3","pop_tot_Sheet_9",2018,"102479.0"
"ITC3","pop_tot_Sheet_9",2019,"104267.0"
"ITC3","pop_tot_Sheet_9",2020,"106434.0"
"ITC3","pop_tot_Sheet_9",2021,"108357.0"
"ITC3","pop_tot_Sheet_9",2022,"111254.0"
"ITC3","pop_tot_Sheet_9",2023,"114457.0"
"ITC3","pop_tot_Sheet_9",2024,"118302.0"
"ITC4","pop_tot_Sheet_9",2015,"584967.0"
"ITC4","pop_tot_Sheet_9",2016,"583872.0"
"ITC4","pop_tot_Sheet_9",2017,"591724.0"
"ITC4","pop_tot_Sheet_9",2018,"600736.0"
"ITC4","pop_tot_Sheet_9",2019,"612678.0"
"ITC4","pop_tot_Sheet_9",2020,"627132.0"
"ITC4","pop_tot_Sheet_9",2021,"637723.0"
"ITC4","pop_tot_Sheet_9",2022,"654218.0"
"ITC4","pop_tot_Sheet_9",2023,"675589.0"
"ITC4","pop_tot_Sheet_9",2024,"702114.0"
"ITF1","pop_tot_Sheet_9",2015,"82415.0"
"ITF1","pop_tot_Sheet_9",2016,"82713.0"
"ITF1","pop_tot_Sheet_9",2017,"83797.0"
"ITF1","pop_tot_Sheet_9",2018,"85094.0"
"ITF1","pop_tot_Sheet_9",2019,"86671.0"
"ITF1","pop_tot_Sheet_9",2020,"87992.0"
"ITF1","pop_tot_Sheet_9",2021,"88486.0"
"ITF1","pop_tot_Sheet_9",2022,"90365.0"
"ITF1","pop_tot_Sheet_9",2023,"92244.0"
"ITF1","pop_tot_Sheet_9",2024,"94682.0"
"ITF2","pop_tot_Sheet_9",2015,"20016.0"
"ITF2","pop_tot_Sheet_9",2016,"20096.0"
"ITF2","pop_tot_Sheet_9",2017,"20584.0"
"ITF2","pop_tot_Sheet_9",2018,"20711.0"
"ITF2","pop_tot_Sheet_9",2019,"20963.0"
"ITF2","pop_tot_Sheet_9",2020,"21170.0"
"ITF2","pop_tot_Sheet_9",2021,"21382.0"
"ITF2","pop_tot_Sheet_9",2022,"21642.0"
"ITF2","pop_tot_Sheet_9",2023,"21988.0"
"ITF2","pop_tot_Sheet_9",2024,"22430.0"
"ITF3","pop_tot_Sheet_9",2015,"328214.0"
"ITF3","pop_tot_Sheet_9",2016,"332838.0"
"ITF3","pop_tot_Sheet_9",2017,"337834.0"
"ITF3","pop_tot_Sheet_9",2018,"346180.0"
"ITF3","pop_tot_Sheet_9",2019,"353687.0"
"ITF3","pop_tot_Sheet_9",2020,"359930.0"
"ITF3","pop_tot_Sheet_9",2021,"360019.0"
"ITF3","pop_tot_Sheet_9",2022,"374348.0"
"ITF3","pop_tot_Sheet_9",2023,"384519.0"
"ITF3","pop_tot_Sheet_9",2024,"395822.0"
"ITF4","pop_tot_Sheet_9",2015,"242936.0"
"ITF4","pop_tot_Sheet_9",2016,"242930.0"
"ITF4","pop_tot_Sheet_9",2017,"245274.0"
"ITF4","pop_tot_Sheet_9",2018,"250481.0"
"ITF4","pop_tot_Sheet_9",2019,"253101.0"
"ITF4","pop_tot_Sheet_9",2020,"257718.0"
"ITF4","pop_tot_Sheet_9",2021,"261425.0"
"ITF4","pop_tot_Sheet_9",2022,"268392.0"
"ITF4","pop_tot_Sheet_9",2023,"273822.0"
"ITF4","pop_tot_Sheet_9",2024,"281476.0"
"ITF5","pop_tot_Sheet_9",2015,"35701.0"
"ITF5","pop_tot_Sheet_9",2016,"35992.0"
"ITF5","pop_tot_Sheet_9",2017,"36862.0"
"ITF5","pop_tot_Sheet_9",2018,"37473.0"
"ITF5","pop_tot_Sheet_9",2019,"38141.0"
"ITF5","pop_tot_Sheet_9",2020,"38551.0"
"ITF5","pop_tot_Sheet_9",2021,"38999.0"
"ITF5","pop_tot_Sheet_9",2022,"39754.0"
"ITF5","pop_tot_Sheet_9",2023,"40835.0"
"ITF5","pop_tot_Sheet_9",2024,"41572.0"
"ITF6","pop_tot_Sheet_9",2015,"118773.0"
"ITF6","pop_tot_Sheet_9",2016,"119798.0"
"ITF6","pop_tot_Sheet_9",2017,"121387.0"
"ITF6","pop_tot_Sheet_9",2018,"124324.0"
"ITF6","pop_tot_Sheet_9",2019,"125444.0"
"ITF6","pop_tot_Sheet_9",2020,"127327.0"
"ITF6","pop_tot_Sheet_9",2021,"128219.0"
"ITF6","pop_tot_Sheet_9",2022,"131572.0"
"ITF6","pop_tot_Sheet_9",2023,"133762.0"
"ITF6","pop_tot_Sheet_9",2024,"136854.0"
"ITG1","pop_tot_Sheet_9",2015,"296672.0"
"ITG1","pop_tot_Sheet_9",2016,"298925.0"
"ITG1","pop_tot_Sheet_9",2017,"303567.0"
"ITG1","pop_tot_Sheet_9",2018,"309328.0"
"ITG1","pop_tot_Sheet_9",2019,"314523.0"
"ITG1","pop_tot_Sheet_9",2020,"317871.0"
"ITG1","pop_tot_Sheet_9",2021,"322944.0"
"ITG1","pop_tot_Sheet_9",2022,"331142.0"
"ITG1","pop_tot_Sheet_9",2023,"337834.0"
"ITG1","pop_tot_Sheet_9",2024,"345031.0"
"ITG2","pop_tot_Sheet_9",2015,"110529.0"
"ITG2","pop_tot_Sheet_9",2016,"111198.0"
"ITG2","pop_tot_Sheet_9",2017,"112719.0"
"ITG2","pop_tot_Sheet_9",2018,"114558.0"
"ITG2","pop_tot_Sheet_9",2019,"116014.0"
"ITG2","pop_tot_Sheet_9",2020,"116968.0"
"ITG2","pop_tot_Sheet_9",2021,"118064.0"
"ITG2","pop_tot_Sheet_9",2022,"120469.0"
"ITG2","pop_tot_Sheet_9",2023,"122496.0"
"ITG2","pop_tot_Sheet_9",2024,"125288.0"
"ITH1","pop_tot_Sheet_9",2015,"26622.0"
"ITH1","pop_tot_Sheet_9",2016,"27004.0"
"ITH1","pop_tot_Sheet_9",2017,"27832.0"
"ITH1","pop_tot_Sheet_9",2018,"28827.0"
"ITH1","pop_tot_Sheet_9",2019,"29869.0"
"ITH1","pop_tot_Sheet_9",2020,"31271.0"
"ITH1","pop_tot_Sheet_9",2021,"32656.0"
"ITH1","pop_tot_Sheet_9",2022,"34006.0"
"ITH1","pop_tot_Sheet_9",2023,"35438.0"
"ITH1","pop_tot_Sheet_9",2024,"37139.0"
"ITH2","pop_tot_Sheet_9",2015,"32360.0"
"ITH2","pop_tot_Sheet_9",2016,"32433.0"
"ITH2","pop_tot_Sheet_9",2017,"33146.0"
"ITH2","pop_tot_Sheet_9",2018,"33882.0"
"ITH2","pop_tot_Sheet_9",2019,"34499.0"
"ITH2","pop_tot_Sheet_9",2020,"35481.0"
"ITH2","pop_tot_Sheet_9",2021,"36078.0"
"ITH2","pop_tot_Sheet_9",2022,"37092.0"
"ITH2","pop_tot_Sheet_9",2023,"37960.0"
"ITH2","pop_tot_Sheet_9",2024,"39307.0"
"ITH3","pop_tot_Sheet_9",2015,"292928.0"
"ITH3","pop_tot_Sheet_9",2016,"293555.0"
"ITH3","pop_tot_Sheet_9",2017,"299009.0"
"ITH3","pop_tot_Sheet_9",2018,"304966.0"
"ITH3","pop_tot_Sheet_9",2019,"311477.0"
"ITH3","pop_tot_Sheet_9",2020,"320526.0"
"ITH3","pop_tot_Sheet_9",2021,"327678.0"
"ITH3","pop_tot_Sheet_9",2022,"337906.0"
"ITH3","pop_tot_Sheet_9",2023,"349505.0"
"ITH3","pop_tot_Sheet_9",2024,"362377.0"
"ITH4","pop_tot_Sheet_9",2015,"77651.0"
"ITH4","pop_tot_Sheet_9",2016,"76858.0"
"ITH4","pop_tot_Sheet_9",2017,"77392.0"
"ITH4","pop_tot_Sheet_9",2018,"78110.0"
"ITH4","pop_tot_Sheet_9",2019,"78979.0"
"ITH4","pop_tot_Sheet_9",2020,"80786.0"
"ITH4","pop_tot_Sheet_9",2021,"82413.0"
"ITH4","pop_tot_Sheet_9",2022,"84473.0"
"ITH4","pop_tot_Sheet_9",2023,"87101.0"
"ITH4","pop_tot_Sheet_9",2024,"90439.0"
"ITH5","pop_tot_Sheet_9",2015,"261257.0"
"ITH5","pop_tot_Sheet_9",2016,"262693.0"
"ITH5","pop_tot_Sheet_9",2017,"268902.0"
"ITH5","pop_tot_Sheet_9",2018,"275504.0"
"ITH5","pop_tot_Sheet_9",2019,"282058.0"
"ITH5","pop_tot_Sheet_9",2020,"289217.0"
"ITH5","pop_tot_Sheet_9",2021,"293141.0"
"ITH5","pop_tot_Sheet_9",2022,"300206.0"
"ITH5","pop_tot_Sheet_9",2023,"308406.0"
"ITH5","pop_tot_Sheet_9",2024,"317971.0"
"ITI1","pop_tot_Sheet_9",2015,"227992.0"
"ITI1","pop_tot_Sheet_9",2016,"228279.0"
"ITI1","pop_tot_Sheet_9",2017,"231241.0"
"ITI1","pop_tot_Sheet_9",2018,"234706.0"
"ITI1","pop_tot_Sheet_9",2019,"239138.0"
"ITI1","pop_tot_Sheet_9",2020,"243565.0"
"ITI1","pop_tot_Sheet_9",2021,"247394.0"
"ITI1","pop_tot_Sheet_9",2022,"253268.0"
"ITI1","pop_tot_Sheet_9",2023,"260453.0"
"ITI1","pop_tot_Sheet_9",2024,"268408.0"
"ITI2","pop_tot_Sheet_9",2015,"54424.0"
"ITI2","pop_tot_Sheet_9",2016,"54542.0"
"ITI2","pop_tot_Sheet_9",2017,"55146.0"
"ITI2","pop_tot_Sheet_9",2018,"55920.0"
"ITI2","pop_tot_Sheet_9",2019,"56513.0"
"ITI2","pop_tot_Sheet_9",2020,"57650.0"
"ITI2","pop_tot_Sheet_9",2021,"58769.0"
"ITI2","pop_tot_Sheet_9",2022,"59971.0"
"ITI2","pop_tot_Sheet_9",2023,"61662.0"
"ITI2","pop_tot_Sheet_9",2024,"63320.0"
"ITI3","pop_tot_Sheet_9",2015,"94720.0"
"ITI3","pop_tot_Sheet_9",2016,"94710.0"
"ITI3","pop_tot_Sheet_9",2017,"96099.0"
"ITI3","pop_tot_Sheet_9",2018,"97518.0"
"ITI3","pop_tot_Sheet_9",2019,"99408.0"
"ITI3","pop_tot_Sheet_9",2020,"101446.0"
"ITI3","pop_tot_Sheet_9",2021,"102622.0"
"ITI3","pop_tot_Sheet_9",2022,"104518.0"
"ITI3","pop_tot_Sheet_9",2023,"106632.0"
"ITI3","pop_tot_Sheet_9",2024,"109281.0"
"ITI4","pop_tot_Sheet_9",2015,"337628.0"
"ITI4","pop_tot_Sheet_9",2016,"341769.0"
"ITI4","pop_tot_Sheet_9",2017,"349022.0"
"ITI4","pop_tot_Sheet_9",2018,"357508.0"
"ITI4","pop_tot_Sheet_9",2019,"365882.0"
"ITI4","pop_tot_Sheet_9",2020,"372824.0"
"ITI4","pop_tot_Sheet_9",2021,"378001.0"
"ITI4","pop_tot_Sheet_9",2022,"390282.0"
"ITI4","pop_tot_Sheet_9",2023,"403235.0"
"ITI4","pop_tot_Sheet_9",2024,"418411.0"
"CY00","pop_tot_Sheet_9",2015,"46393.0"
"CY00","pop_tot_Sheet_9",2016,"46550.0"
"CY00","pop_tot_Sheet_9",2017,"47690.0"
"CY00","pop_tot_Sheet_9",2018,"48926.0"
"CY00","pop_tot_Sheet_9",2019,"50753.0"
"CY00","pop_tot_Sheet_9",2020,"52890.0"
"CY00","pop_tot_Sheet_9",2021,"54594.0"
"CY00","pop_tot_Sheet_9",2022,"55437.0"
"CY00","pop_tot_Sheet_9",2023,"57114.0"
"CY00","pop_tot_Sheet_9",2024,"58443.0"
"LV00","pop_tot_Sheet_9",2015,"121141.0"
"LV00","pop_tot_Sheet_9",2016,"122485.0"
"LV00","pop_tot_Sheet_9",2017,"123413.0"
"LV00","pop_tot_Sheet_9",2018,"125897.0"
"LV00","pop_tot_Sheet_9",2019,"129739.0"
"LV00","pop_tot_Sheet_9",2020,"131847.0"
"LV00","pop_tot_Sheet_9",2021,"133522.0"
"LV00","pop_tot_Sheet_9",2022,"134850.0"
"LV00","pop_tot_Sheet_9",2023,"135569.0"
"LV00","pop_tot_Sheet_9",2024,"133808.0"
"LT01","pop_tot_Sheet_9",2015,"44320.0"
"LT01","pop_tot_Sheet_9",2016,"44396.0"
"LT01","pop_tot_Sheet_9",2017,"45134.0"
"LT01","pop_tot_Sheet_9",2018,"46195.0"
"LT01","pop_tot_Sheet_9",2019,"48501.0"
"LT01","pop_tot_Sheet_9",2020,"50641.0"
"LT01","pop_tot_Sheet_9",2021,"54366.0"
"LT01","pop_tot_Sheet_9",2022,"56538.0"
"LT01","pop_tot_Sheet_9",2023,"57665.0"
"LT01","pop_tot_Sheet_9",2024,"57469.0"
"LT02","pop_tot_Sheet_9",2015,"127321.0"
"LT02","pop_tot_Sheet_9",2016,"129113.0"
"LT02","pop_tot_Sheet_9",2017,"130639.0"
"LT02","pop_tot_Sheet_9",2018,"135106.0"
"LT02","pop_tot_Sheet_9",2019,"143170.0"
"LT02","pop_tot_Sheet_9",2020,"150390.0"
"LT02","pop_tot_Sheet_9",2021,"155628.0"
"LT02","pop_tot_Sheet_9",2022,"161525.0"
"LT02","pop_tot_Sheet_9",2023,"164572.0"
"LT02","pop_tot_Sheet_9",2024,"163345.0"
"LU00","pop_tot_Sheet_9",2015,"28921.0"
"LU00","pop_tot_Sheet_9",2016,"29802.0"
"LU00","pop_tot_Sheet_9",2017,"31413.0"
"LU00","pop_tot_Sheet_9",2018,"32330.0"
"LU00","pop_tot_Sheet_9",2019,"33431.0"
"LU00","pop_tot_Sheet_9",2020,"34475.0"
"LU00","pop_tot_Sheet_9",2021,"35511.0"
"LU00","pop_tot_Sheet_9",2022,"36775.0"
"LU00","pop_tot_Sheet_9",2023,"38154.0"
"LU00","pop_tot_Sheet_9",2024,"39485.0"
"HU11","pop_tot_Sheet_9",2015,"125145.0"
"HU11","pop_tot_Sheet_9",2016,"126011.0"
"HU11","pop_tot_Sheet_9",2017,"123439.0"
"HU11","pop_tot_Sheet_9",2018,"117858.0"
"HU11","pop_tot_Sheet_9",2019,"107660.0"
"HU11","pop_tot_Sheet_9",2020,"96156.0"
"HU11","pop_tot_Sheet_9",2021,"88112.0"
"HU11","pop_tot_Sheet_9",2022,"82990.0"
"HU11","pop_tot_Sheet_9",2023,"79898.0"
"HU11","pop_tot_Sheet_9",2024,"79068.0"
"HU12","pop_tot_Sheet_9",2015,"84141.0"
"HU12","pop_tot_Sheet_9",2016,"85321.0"
"HU12","pop_tot_Sheet_9",2017,"85198.0"
"HU12","pop_tot_Sheet_9",2018,"83706.0"
"HU12","pop_tot_Sheet_9",2019,"79861.0"
"HU12","pop_tot_Sheet_9",2020,"74709.0"
"HU12","pop_tot_Sheet_9",2021,"70687.0"
"HU12","pop_tot_Sheet_9",2022,"67797.0"
"HU12","pop_tot_Sheet_9",2023,"66401.0"
"HU12","pop_tot_Sheet_9",2024,"66066.0"
"HU21","pop_tot_Sheet_9",2015,"78058.0"
"HU21","pop_tot_Sheet_9",2016,"80599.0"
"HU21","pop_tot_Sheet_9",2017,"82016.0"
"HU21","pop_tot_Sheet_9",2018,"81730.0"
"HU21","pop_tot_Sheet_9",2019,"79287.0"
"HU21","pop_tot_Sheet_9",2020,"74748.0"
"HU21","pop_tot_Sheet_9",2021,"70996.0"
"HU21","pop_tot_Sheet_9",2022,"67290.0"
"HU21","pop_tot_Sheet_9",2023,"64926.0"
"HU21","pop_tot_Sheet_9",2024,"63366.0"
"HU22","pop_tot_Sheet_9",2015,"72710.0"
"HU22","pop_tot_Sheet_9",2016,"75397.0"
"HU22","pop_tot_Sheet_9",2017,"76071.0"
"HU22","pop_tot_Sheet_9",2018,"75279.0"
"HU22","pop_tot_Sheet_9",2019,"73326.0"
"HU22","pop_tot_Sheet_9",2020,"69711.0"
"HU22","pop_tot_Sheet_9",2021,"65799.0"
"HU22","pop_tot_Sheet_9",2022,"62560.0"
"HU22","pop_tot_Sheet_9",2023,"60475.0"
"HU22","pop_tot_Sheet_9",2024,"58938.0"
"HU23","pop_tot_Sheet_9",2015,"69652.0"
"HU23","pop_tot_Sheet_9",2016,"71653.0"
"HU23","pop_tot_Sheet_9",2017,"73040.0"
"HU23","pop_tot_Sheet_9",2018,"73053.0"
"HU23","pop_tot_Sheet_9",2019,"71190.0"
"HU23","pop_tot_Sheet_9",2020,"67505.0"
"HU23","pop_tot_Sheet_9",2021,"63890.0"
"HU23","pop_tot_Sheet_9",2022,"60259.0"
"HU23","pop_tot_Sheet_9",2023,"57418.0"
"HU23","pop_tot_Sheet_9",2024,"55548.0"
"HU31","pop_tot_Sheet_9",2015,"83146.0"
"HU31","pop_tot_Sheet_9",2016,"84861.0"
"HU31","pop_tot_Sheet_9",2017,"86219.0"
"HU31","pop_tot_Sheet_9",2018,"85641.0"
"HU31","pop_tot_Sheet_9",2019,"83334.0"
"HU31","pop_tot_Sheet_9",2020,"79069.0"
"HU31","pop_tot_Sheet_9",2021,"75255.0"
"HU31","pop_tot_Sheet_9",2022,"71571.0"
"HU31","pop_tot_Sheet_9",2023,"69189.0"
"HU31","pop_tot_Sheet_9",2024,"67298.0"
"HU32","pop_tot_Sheet_9",2015,"100911.0"
"HU32","pop_tot_Sheet_9",2016,"103847.0"
"HU32","pop_tot_Sheet_9",2017,"105794.0"
"HU32","pop_tot_Sheet_9",2018,"105741.0"
"HU32","pop_tot_Sheet_9",2019,"103808.0"
"HU32","pop_tot_Sheet_9",2020,"98728.0"
"HU32","pop_tot_Sheet_9",2021,"93505.0"
"HU32","pop_tot_Sheet_9",2022,"88273.0"
"HU32","pop_tot_Sheet_9",2023,"84850.0"
"HU32","pop_tot_Sheet_9",2024,"82206.0"
"HU33","pop_tot_Sheet_9",2015,"92956.0"
"HU33","pop_tot_Sheet_9",2016,"95373.0"
"HU33","pop_tot_Sheet_9",2017,"97459.0"
"HU33","pop_tot_Sheet_9",2018,"96711.0"
"HU33","pop_tot_Sheet_9",2019,"94063.0"
"HU33","pop_tot_Sheet_9",2020,"88271.0"
"HU33","pop_tot_Sheet_9",2021,"82676.0"
"HU33","pop_tot_Sheet_9",2022,"77085.0"
"HU33","pop_tot_Sheet_9",2023,"74383.0"
"HU33","pop_tot_Sheet_9",2024,"71957.0"
"MT00","pop_tot_Sheet_9",2015,"28764.0"
"MT00","pop_tot_Sheet_9",2016,"28722.0"
"MT00","pop_tot_Sheet_9",2017,"29329.0"
"MT00","pop_tot_Sheet_9",2018,"29945.0"
"MT00","pop_tot_Sheet_9",2019,"30603.0"
"MT00","pop_tot_Sheet_9",2020,"31149.0"
"MT00","pop_tot_Sheet_9",2021,"31351.0"
"MT00","pop_tot_Sheet_9",2022,"31213.0"
"MT00","pop_tot_Sheet_9",2023,"31150.0"
"MT00","pop_tot_Sheet_9",2024,"30773.0"
"NL11","pop_tot_Sheet_9",2015,"36608.0"
"NL11","pop_tot_Sheet_9",2016,"36964.0"
"NL11","pop_tot_Sheet_9",2017,"37330.0"
"NL11","pop_tot_Sheet_9",2018,"37371.0"
"NL11","pop_tot_Sheet_9",2019,"37595.0"
"NL11","pop_tot_Sheet_9",2020,"38222.0"
"NL11","pop_tot_Sheet_9",2021,"38399.0"
"NL11","pop_tot_Sheet_9",2022,"38591.0"
"NL11","pop_tot_Sheet_9",2023,"38983.0"
"NL11","pop_tot_Sheet_9",2024,"39341.0"
"NL12","pop_tot_Sheet_9",2015,"42037.0"
"NL12","pop_tot_Sheet_9",2016,"42496.0"
"NL12","pop_tot_Sheet_9",2017,"43011.0"
"NL12","pop_tot_Sheet_9",2018,"43297.0"
"NL12","pop_tot_Sheet_9",2019,"43735.0"
"NL12","pop_tot_Sheet_9",2020,"44253.0"
"NL12","pop_tot_Sheet_9",2021,"44790.0"
"NL12","pop_tot_Sheet_9",2022,"45487.0"
"NL12","pop_tot_Sheet_9",2023,"46288.0"
"NL12","pop_tot_Sheet_9",2024,"46954.0"
"NL13","pop_tot_Sheet_9",2015,"34118.0"
"NL13","pop_tot_Sheet_9",2016,"34316.0"
"NL13","pop_tot_Sheet_9",2017,"34819.0"
"NL13","pop_tot_Sheet_9",2018,"35177.0"
"NL13","pop_tot_Sheet_9",2019,"35670.0"
"NL13","pop_tot_Sheet_9",2020,"36007.0"
"NL13","pop_tot_Sheet_9",2021,"36547.0"
"NL13","pop_tot_Sheet_9",2022,"37208.0"
"NL13","pop_tot_Sheet_9",2023,"37610.0"
"NL13","pop_tot_Sheet_9",2024,"38046.0"
"NL21","pop_tot_Sheet_9",2015,"68755.0"
"NL21","pop_tot_Sheet_9",2016,"69495.0"
"NL21","pop_tot_Sheet_9",2017,"70535.0"
"NL21","pop_tot_Sheet_9",2018,"71283.0"
"NL21","pop_tot_Sheet_9",2019,"72541.0"
"NL21","pop_tot_Sheet_9",2020,"73854.0"
"NL21","pop_tot_Sheet_9",2021,"75298.0"
"NL21","pop_tot_Sheet_9",2022,"76759.0"
"NL21","pop_tot_Sheet_9",2023,"78312.0"
"NL21","pop_tot_Sheet_9",2024,"79541.0"
"NL22","pop_tot_Sheet_9",2015,"129961.0"
"NL22","pop_tot_Sheet_9",2016,"131106.0"
"NL22","pop_tot_Sheet_9",2017,"132993.0"
"NL22","pop_tot_Sheet_9",2018,"134154.0"
"NL22","pop_tot_Sheet_9",2019,"136311.0"
"NL22","pop_tot_Sheet_9",2020,"139141.0"
"NL22","pop_tot_Sheet_9",2021,"141873.0"
"NL22","pop_tot_Sheet_9",2022,"145016.0"
"NL22","pop_tot_Sheet_9",2023,"148478.0"
"NL22","pop_tot_Sheet_9",2024,"151271.0"
"NL23","pop_tot_Sheet_9",2015,"22359.0"
"NL23","pop_tot_Sheet_9",2016,"23292.0"
"NL23","pop_tot_Sheet_9",2017,"24184.0"
"NL23","pop_tot_Sheet_9",2018,"25027.0"
"NL23","pop_tot_Sheet_9",2019,"25654.0"
"NL23","pop_tot_Sheet_9",2020,"26353.0"
"NL23","pop_tot_Sheet_9",2021,"26948.0"
"NL23","pop_tot_Sheet_9",2022,"27617.0"
"NL23","pop_tot_Sheet_9",2023,"28185.0"
"NL23","pop_tot_Sheet_9",2024,"28760.0"
"NL32","pop_tot_Sheet_9",2015,"162769.0"
"NL32","pop_tot_Sheet_9",2016,"163315.0"
"NL32","pop_tot_Sheet_9",2017,"165729.0"
"NL32","pop_tot_Sheet_9",2018,"167774.0"
"NL32","pop_tot_Sheet_9",2019,"170598.0"
"NL32","pop_tot_Sheet_9",2020,"173899.0"
"NL32","pop_tot_Sheet_9",2021,"177748.0"
"NL32","pop_tot_Sheet_9",2022,"181187.0"
"NL32","pop_tot_Sheet_9",2023,"185451.0"
"NL32","pop_tot_Sheet_9",2024,"189424.0"
"NL34","pop_tot_Sheet_9",2015,"26107.0"
"NL34","pop_tot_Sheet_9",2016,"26235.0"
"NL34","pop_tot_Sheet_9",2017,"26414.0"
"NL34","pop_tot_Sheet_9",2018,"26607.0"
"NL34","pop_tot_Sheet_9",2019,"26633.0"
"NL34","pop_tot_Sheet_9",2020,"26735.0"
"NL34","pop_tot_Sheet_9",2021,"26907.0"
"NL34","pop_tot_Sheet_9",2022,"27183.0"
"NL34","pop_tot_Sheet_9",2023,"27450.0"
"NL34","pop_tot_Sheet_9",2024,"28109.0"
"NL41","pop_tot_Sheet_9",2015,"158802.0"
"NL41","pop_tot_Sheet_9",2016,"159222.0"
"NL41","pop_tot_Sheet_9",2017,"160797.0"
"NL41","pop_tot_Sheet_9",2018,"162644.0"
"NL41","pop_tot_Sheet_9",2019,"165577.0"
"NL41","pop_tot_Sheet_9",2020,"169356.0"
"NL41","pop_tot_Sheet_9",2021,"172578.0"
"NL41","pop_tot_Sheet_9",2022,"176494.0"
"NL41","pop_tot_Sheet_9",2023,"180383.0"
"NL41","pop_tot_Sheet_9",2024,"183605.0"
"NL42","pop_tot_Sheet_9",2015,"82052.0"
"NL42","pop_tot_Sheet_9",2016,"82404.0"
"NL42","pop_tot_Sheet_9",2017,"83012.0"
"NL42","pop_tot_Sheet_9",2018,"83268.0"
"NL42","pop_tot_Sheet_9",2019,"84049.0"
"NL42","pop_tot_Sheet_9",2020,"85452.0"
"NL42","pop_tot_Sheet_9",2021,"86677.0"
"NL42","pop_tot_Sheet_9",2022,"88180.0"
"NL42","pop_tot_Sheet_9",2023,"89404.0"
"NL42","pop_tot_Sheet_9",2024,"90086.0"
"AT11","pop_tot_Sheet_9",2015,"19417.0"
"AT11","pop_tot_Sheet_9",2016,"19795.0"
"AT11","pop_tot_Sheet_9",2017,"20434.0"
"AT11","pop_tot_Sheet_9",2018,"21074.0"
"AT11","pop_tot_Sheet_9",2019,"21819.0"
"AT11","pop_tot_Sheet_9",2020,"22628.0"
"AT11","pop_tot_Sheet_9",2021,"23351.0"
"AT11","pop_tot_Sheet_9",2022,"23977.0"
"AT11","pop_tot_Sheet_9",2023,"24787.0"
"AT11","pop_tot_Sheet_9",2024,"25336.0"
"AT12","pop_tot_Sheet_9",2015,"93414.0"
"AT12","pop_tot_Sheet_9",2016,"95538.0"
"AT12","pop_tot_Sheet_9",2017,"99322.0"
"AT12","pop_tot_Sheet_9",2018,"103429.0"
"AT12","pop_tot_Sheet_9",2019,"107070.0"
"AT12","pop_tot_Sheet_9",2020,"111778.0"
"AT12","pop_tot_Sheet_9",2021,"116698.0"
"AT12","pop_tot_Sheet_9",2022,"121538.0"
"AT12","pop_tot_Sheet_9",2023,"126878.0"
"AT12","pop_tot_Sheet_9",2024,"132199.0"
"AT13","pop_tot_Sheet_9",2015,"88034.0"
"AT13","pop_tot_Sheet_9",2016,"89474.0"
"AT13","pop_tot_Sheet_9",2017,"92963.0"
"AT13","pop_tot_Sheet_9",2018,"95716.0"
"AT13","pop_tot_Sheet_9",2019,"99080.0"
"AT13","pop_tot_Sheet_9",2020,"102711.0"
"AT13","pop_tot_Sheet_9",2021,"106491.0"
"AT13","pop_tot_Sheet_9",2022,"109749.0"
"AT13","pop_tot_Sheet_9",2023,"115025.0"
"AT13","pop_tot_Sheet_9",2024,"119631.0"
"AT21","pop_tot_Sheet_9",2015,"34502.0"
"AT21","pop_tot_Sheet_9",2016,"35559.0"
"AT21","pop_tot_Sheet_9",2017,"37214.0"
"AT21","pop_tot_Sheet_9",2018,"38582.0"
"AT21","pop_tot_Sheet_9",2019,"40092.0"
"AT21","pop_tot_Sheet_9",2020,"41578.0"
"AT21","pop_tot_Sheet_9",2021,"42878.0"
"AT21","pop_tot_Sheet_9",2022,"43772.0"
"AT21","pop_tot_Sheet_9",2023,"44973.0"
"AT21","pop_tot_Sheet_9",2024,"46010.0"
"AT22","pop_tot_Sheet_9",2015,"70024.0"
"AT22","pop_tot_Sheet_9",2016,"71678.0"
"AT22","pop_tot_Sheet_9",2017,"75031.0"
"AT22","pop_tot_Sheet_9",2018,"78379.0"
"AT22","pop_tot_Sheet_9",2019,"81527.0"
"AT22","pop_tot_Sheet_9",2020,"84805.0"
"AT22","pop_tot_Sheet_9",2021,"87266.0"
"AT22","pop_tot_Sheet_9",2022,"89494.0"
"AT22","pop_tot_Sheet_9",2023,"92251.0"
"AT22","pop_tot_Sheet_9",2024,"95033.0"
"AT31","pop_tot_Sheet_9",2015,"80001.0"
"AT31","pop_tot_Sheet_9",2016,"82301.0"
"AT31","pop_tot_Sheet_9",2017,"86269.0"
"AT31","pop_tot_Sheet_9",2018,"89692.0"
"AT31","pop_tot_Sheet_9",2019,"93186.0"
"AT31","pop_tot_Sheet_9",2020,"97196.0"
"AT31","pop_tot_Sheet_9",2021,"101316.0"
"AT31","pop_tot_Sheet_9",2022,"104825.0"
"AT31","pop_tot_Sheet_9",2023,"108774.0"
"AT31","pop_tot_Sheet_9",2024,"112469.0"
"AT32","pop_tot_Sheet_9",2015,"30351.0"
"AT32","pop_tot_Sheet_9",2016,"30772.0"
"AT32","pop_tot_Sheet_9",2017,"32135.0"
"AT32","pop_tot_Sheet_9",2018,"33000.0"
"AT32","pop_tot_Sheet_9",2019,"33936.0"
"AT32","pop_tot_Sheet_9",2020,"35276.0"
"AT32","pop_tot_Sheet_9",2021,"36608.0"
"AT32","pop_tot_Sheet_9",2022,"37424.0"
"AT32","pop_tot_Sheet_9",2023,"38762.0"
"AT32","pop_tot_Sheet_9",2024,"40270.0"
"AT33","pop_tot_Sheet_9",2015,"38139.0"
"AT33","pop_tot_Sheet_9",2016,"38831.0"
"AT33","pop_tot_Sheet_9",2017,"40544.0"
"AT33","pop_tot_Sheet_9",2018,"42081.0"
"AT33","pop_tot_Sheet_9",2019,"43933.0"
"AT33","pop_tot_Sheet_9",2020,"46116.0"
"AT33","pop_tot_Sheet_9",2021,"48061.0"
"AT33","pop_tot_Sheet_9",2022,"50130.0"
"AT33","pop_tot_Sheet_9",2023,"52565.0"
"AT33","pop_tot_Sheet_9",2024,"54747.0"
"AT34","pop_tot_Sheet_9",2015,"20013.0"
"AT34","pop_tot_Sheet_9",2016,"20348.0"
"AT34","pop_tot_Sheet_9",2017,"21068.0"
"AT34","pop_tot_Sheet_9",2018,"21603.0"
"AT34","pop_tot_Sheet_9",2019,"22598.0"
"AT34","pop_tot_Sheet_9",2020,"23547.0"
"AT34","pop_tot_Sheet_9",2021,"24561.0"
"AT34","pop_tot_Sheet_9",2022,"25615.0"
"AT34","pop_tot_Sheet_9",2023,"26761.0"
"AT34","pop_tot_Sheet_9",2024,"27736.0"
"PL21","pop_tot_Sheet_9",2015,"206521.0"
"PL21","pop_tot_Sheet_9",2016,"211790.0"
"PL21","pop_tot_Sheet_9",2017,"213862.0"
"PL21","pop_tot_Sheet_9",2018,"216319.0"
"PL21","pop_tot_Sheet_9",2019,"218049.0"
"PL21","pop_tot_Sheet_9",2020,"218515.0"
"PL21","pop_tot_Sheet_9",2021,"212221.0"
"PL21","pop_tot_Sheet_9",2022,"207528.0"
"PL21","pop_tot_Sheet_9",2023,"202566.0"
"PL21","pop_tot_Sheet_9",2024,"196610.0"
"PL22","pop_tot_Sheet_9",2015,"333155.0"
"PL22","pop_tot_Sheet_9",2016,"337462.0"
"PL22","pop_tot_Sheet_9",2017,"338892.0"
"PL22","pop_tot_Sheet_9",2018,"340618.0"
"PL22","pop_tot_Sheet_9",2019,"341749.0"
"PL22","pop_tot_Sheet_9",2020,"339765.0"
"PL22","pop_tot_Sheet_9",2021,"324041.0"
"PL22","pop_tot_Sheet_9",2022,"311107.0"
"PL22","pop_tot_Sheet_9",2023,"297739.0"
"PL22","pop_tot_Sheet_9",2024,"283901.0"
"PL41","pop_tot_Sheet_9",2015,"230927.0"
"PL41","pop_tot_Sheet_9",2016,"234481.0"
"PL41","pop_tot_Sheet_9",2017,"236918.0"
"PL41","pop_tot_Sheet_9",2018,"239684.0"
"PL41","pop_tot_Sheet_9",2019,"239886.0"
"PL41","pop_tot_Sheet_9",2020,"238653.0"
"PL41","pop_tot_Sheet_9",2021,"230837.0"
"PL41","pop_tot_Sheet_9",2022,"222003.0"
"PL41","pop_tot_Sheet_9",2023,"211639.0"
"PL41","pop_tot_Sheet_9",2024,"203944.0"
"PL42","pop_tot_Sheet_9",2015,"131186.0"
"PL42","pop_tot_Sheet_9",2016,"133289.0"
"PL42","pop_tot_Sheet_9",2017,"134189.0"
"PL42","pop_tot_Sheet_9",2018,"134684.0"
"PL42","pop_tot_Sheet_9",2019,"134574.0"
"PL42","pop_tot_Sheet_9",2020,"133201.0"
"PL42","pop_tot_Sheet_9",2021,"125671.0"
"PL42","pop_tot_Sheet_9",2022,"118860.0"
"PL42","pop_tot_Sheet_9",2023,"111393.0"
"PL42","pop_tot_Sheet_9",2024,"104965.0"
"PL43","pop_tot_Sheet_9",2015,"74626.0"
"PL43","pop_tot_Sheet_9",2016,"76102.0"
"PL43","pop_tot_Sheet_9",2017,"76900.0"
"PL43","pop_tot_Sheet_9",2018,"77486.0"
"PL43","pop_tot_Sheet_9",2019,"77469.0"
"PL43","pop_tot_Sheet_9",2020,"76584.0"
"PL43","pop_tot_Sheet_9",2021,"73063.0"
"PL43","pop_tot_Sheet_9",2022,"69594.0"
"PL43","pop_tot_Sheet_9",2023,"65577.0"
"PL43","pop_tot_Sheet_9",2024,"61668.0"
"PL51","pop_tot_Sheet_9",2015,"225496.0"
"PL51","pop_tot_Sheet_9",2016,"228723.0"
"PL51","pop_tot_Sheet_9",2017,"228490.0"
"PL51","pop_tot_Sheet_9",2018,"226993.0"
"PL51","pop_tot_Sheet_9",2019,"225222.0"
"PL51","pop_tot_Sheet_9",2020,"220959.0"
"PL51","pop_tot_Sheet_9",2021,"208478.0"
"PL51","pop_tot_Sheet_9",2022,"197715.0"
"PL51","pop_tot_Sheet_9",2023,"185828.0"
"PL51","pop_tot_Sheet_9",2024,"174209.0"
"PL52","pop_tot_Sheet_9",2015,"68276.0"
"PL52","pop_tot_Sheet_9",2016,"68977.0"
"PL52","pop_tot_Sheet_9",2017,"69450.0"
"PL52","pop_tot_Sheet_9",2018,"69684.0"
"PL52","pop_tot_Sheet_9",2019,"70201.0"
"PL52","pop_tot_Sheet_9",2020,"70204.0"
"PL52","pop_tot_Sheet_9",2021,"68533.0"
"PL52","pop_tot_Sheet_9",2022,"67197.0"
"PL52","pop_tot_Sheet_9",2023,"65442.0"
"PL52","pop_tot_Sheet_9",2024,"63574.0"
"PL61","pop_tot_Sheet_9",2015,"144628.0"
"PL61","pop_tot_Sheet_9",2016,"146788.0"
"PL61","pop_tot_Sheet_9",2017,"148873.0"
"PL61","pop_tot_Sheet_9",2018,"151149.0"
"PL61","pop_tot_Sheet_9",2019,"152127.0"
"PL61","pop_tot_Sheet_9",2020,"151108.0"
"PL61","pop_tot_Sheet_9",2021,"144961.0"
"PL61","pop_tot_Sheet_9",2022,"139039.0"
"PL61","pop_tot_Sheet_9",2023,"132587.0"
"PL61","pop_tot_Sheet_9",2024,"126407.0"
"PL62","pop_tot_Sheet_9",2015,"97072.0"
"PL62","pop_tot_Sheet_9",2016,"99527.0"
"PL62","pop_tot_Sheet_9",2017,"101614.0"
"PL62","pop_tot_Sheet_9",2018,"103481.0"
"PL62","pop_tot_Sheet_9",2019,"104839.0"
"PL62","pop_tot_Sheet_9",2020,"105318.0"
"PL62","pop_tot_Sheet_9",2021,"102080.0"
"PL62","pop_tot_Sheet_9",2022,"98635.0"
"PL62","pop_tot_Sheet_9",2023,"94889.0"
"PL62","pop_tot_Sheet_9",2024,"91103.0"
"PL63","pop_tot_Sheet_9",2015,"156271.0"
"PL63","pop_tot_Sheet_9",2016,"158691.0"
"PL63","pop_tot_Sheet_9",2017,"159828.0"
"PL63","pop_tot_Sheet_9",2018,"160523.0"
"PL63","pop_tot_Sheet_9",2019,"160320.0"
"PL63","pop_tot_Sheet_9",2020,"158325.0"
"PL63","pop_tot_Sheet_9",2021,"151018.0"
"PL63","pop_tot_Sheet_9",2022,"145318.0"
"PL63","pop_tot_Sheet_9",2023,"138919.0"
"PL63","pop_tot_Sheet_9",2024,"133669.0"
"PL71","pop_tot_Sheet_9",2015,"188305.0"
"PL71","pop_tot_Sheet_9",2016,"191388.0"
"PL71","pop_tot_Sheet_9",2017,"191421.0"
"PL71","pop_tot_Sheet_9",2018,"191248.0"
"PL71","pop_tot_Sheet_9",2019,"189360.0"
"PL71","pop_tot_Sheet_9",2020,"186723.0"
"PL71","pop_tot_Sheet_9",2021,"177750.0"
"PL71","pop_tot_Sheet_9",2022,"168999.0"
"PL71","pop_tot_Sheet_9",2023,"159718.0"
"PL71","pop_tot_Sheet_9",2024,"151173.0"
"PL72","pop_tot_Sheet_9",2015,"91047.0"
"PL72","pop_tot_Sheet_9",2016,"92668.0"
"PL72","pop_tot_Sheet_9",2017,"93333.0"
"PL72","pop_tot_Sheet_9",2018,"93768.0"
"PL72","pop_tot_Sheet_9",2019,"93595.0"
"PL72","pop_tot_Sheet_9",2020,"93021.0"
"PL72","pop_tot_Sheet_9",2021,"89677.0"
"PL72","pop_tot_Sheet_9",2022,"86041.0"
"PL72","pop_tot_Sheet_9",2023,"81881.0"
"PL72","pop_tot_Sheet_9",2024,"77774.0"
"PL81","pop_tot_Sheet_9",2015,"144183.0"
"PL81","pop_tot_Sheet_9",2016,"147241.0"
"PL81","pop_tot_Sheet_9",2017,"148762.0"
"PL81","pop_tot_Sheet_9",2018,"150497.0"
"PL81","pop_tot_Sheet_9",2019,"150193.0"
"PL81","pop_tot_Sheet_9",2020,"149415.0"
"PL81","pop_tot_Sheet_9",2021,"143686.0"
"PL81","pop_tot_Sheet_9",2022,"138177.0"
"PL81","pop_tot_Sheet_9",2023,"131792.0"
"PL81","pop_tot_Sheet_9",2024,"126932.0"
"PL82","pop_tot_Sheet_9",2015,"130031.0"
"PL82","pop_tot_Sheet_9",2016,"133325.0"
"PL82","pop_tot_Sheet_9",2017,"135361.0"
"PL82","pop_tot_Sheet_9",2018,"137057.0"
"PL82","pop_tot_Sheet_9",2019,"138191.0"
"PL82","pop_tot_Sheet_9",2020,"139240.0"
"PL82","pop_tot_Sheet_9",2021,"136290.0"
"PL82","pop_tot_Sheet_9",2022,"133752.0"
"PL82","pop_tot_Sheet_9",2023,"130856.0"
"PL82","pop_tot_Sheet_9",2024,"128030.0"
"PL84","pop_tot_Sheet_9",2015,"72071.0"
"PL84","pop_tot_Sheet_9",2016,"74344.0"
"PL84","pop_tot_Sheet_9",2017,"76429.0"
"PL84","pop_tot_Sheet_9",2018,"79170.0"
"PL84","pop_tot_Sheet_9",2019,"81164.0"
"PL84","pop_tot_Sheet_9",2020,"82482.0"
"PL84","pop_tot_Sheet_9",2021,"80928.0"
"PL84","pop_tot_Sheet_9",2022,"79299.0"
"PL84","pop_tot_Sheet_9",2023,"76887.0"
"PL84","pop_tot_Sheet_9",2024,"74656.0"
"PL91","pop_tot_Sheet_9",2015,"209567.0"
"PL91","pop_tot_Sheet_9",2016,"214361.0"
"PL91","pop_tot_Sheet_9",2017,"215101.0"
"PL91","pop_tot_Sheet_9",2018,"213614.0"
"PL91","pop_tot_Sheet_9",2019,"209500.0"
"PL91","pop_tot_Sheet_9",2020,"202643.0"
"PL91","pop_tot_Sheet_9",2021,"189363.0"
"PL91","pop_tot_Sheet_9",2022,"178056.0"
"PL91","pop_tot_Sheet_9",2023,"167559.0"
"PL91","pop_tot_Sheet_9",2024,"159037.0"
"PL92","pop_tot_Sheet_9",2015,"156071.0"
"PL92","pop_tot_Sheet_9",2016,"160727.0"
"PL92","pop_tot_Sheet_9",2017,"163739.0"
"PL92","pop_tot_Sheet_9",2018,"166200.0"
"PL92","pop_tot_Sheet_9",2019,"166456.0"
"PL92","pop_tot_Sheet_9",2020,"165632.0"
"PL92","pop_tot_Sheet_9",2021,"161270.0"
"PL92","pop_tot_Sheet_9",2022,"155555.0"
"PL92","pop_tot_Sheet_9",2023,"148946.0"
"PL92","pop_tot_Sheet_9",2024,"143583.0"
"PT11","pop_tot_Sheet_9",2015,"228353.0"
"PT11","pop_tot_Sheet_9",2016,"232976.0"
"PT11","pop_tot_Sheet_9",2017,"235662.0"
"PT11","pop_tot_Sheet_9",2018,"240256.0"
"PT11","pop_tot_Sheet_9",2019,"246014.0"
"PT11","pop_tot_Sheet_9",2020,"251187.0"
"PT11","pop_tot_Sheet_9",2021,"255459.0"
"PT11","pop_tot_Sheet_9",2022,"261397.0"
"PT11","pop_tot_Sheet_9",2023,"266108.0"
"PT11","pop_tot_Sheet_9",2024,"270052.0"
"PT15","pop_tot_Sheet_9",2015,"27956.0"
"PT15","pop_tot_Sheet_9",2016,"28987.0"
"PT15","pop_tot_Sheet_9",2017,"29378.0"
"PT15","pop_tot_Sheet_9",2018,"29997.0"
"PT15","pop_tot_Sheet_9",2019,"30906.0"
"PT15","pop_tot_Sheet_9",2020,"31671.0"
"PT15","pop_tot_Sheet_9",2021,"32341.0"
"PT15","pop_tot_Sheet_9",2022,"32510.0"
"PT15","pop_tot_Sheet_9",2023,"32826.0"
"PT15","pop_tot_Sheet_9",2024,"32740.0"
"PT20","pop_tot_Sheet_9",2015,"12866.0"
"PT20","pop_tot_Sheet_9",2016,"12984.0"
"PT20","pop_tot_Sheet_9",2017,"13233.0"
"PT20","pop_tot_Sheet_9",2018,"13533.0"
"PT20","pop_tot_Sheet_9",2019,"14024.0"
"PT20","pop_tot_Sheet_9",2020,"14425.0"
"PT20","pop_tot_Sheet_9",2021,"15216.0"
"PT20","pop_tot_Sheet_9",2022,"15713.0"
"PT20","pop_tot_Sheet_9",2023,"16150.0"
"PT20","pop_tot_Sheet_9",2024,"16402.0"
"PT30","pop_tot_Sheet_9",2015,"14492.0"
"PT30","pop_tot_Sheet_9",2016,"14836.0"
"PT30","pop_tot_Sheet_9",2017,"15158.0"
"PT30","pop_tot_Sheet_9",2018,"15660.0"
"PT30","pop_tot_Sheet_9",2019,"16193.0"
"PT30","pop_tot_Sheet_9",2020,"16858.0"
"PT30","pop_tot_Sheet_9",2021,"17691.0"
"PT30","pop_tot_Sheet_9",2022,"18493.0"
"PT30","pop_tot_Sheet_9",2023,"19026.0"
"PT30","pop_tot_Sheet_9",2024,"19975.0"
"RO11","pop_tot_Sheet_9",2015,"165563.0"
"RO11","pop_tot_Sheet_9",2016,"168005.0"
"RO11","pop_tot_Sheet_9",2017,"169061.0"
"RO11","pop_tot_Sheet_9",2018,"169225.0"
"RO11","pop_tot_Sheet_9",2019,"169263.0"
"RO11","pop_tot_Sheet_9",2020,"165740.0"
"RO11","pop_tot_Sheet_9",2021,"158327.0"
"RO11","pop_tot_Sheet_9",2022,"157637.0"
"RO11","pop_tot_Sheet_9",2023,"149931.0"
"RO11","pop_tot_Sheet_9",2024,"144138.0"
"RO12","pop_tot_Sheet_9",2015,"160885.0"
"RO12","pop_tot_Sheet_9",2016,"164508.0"
"RO12","pop_tot_Sheet_9",2017,"166676.0"
"RO12","pop_tot_Sheet_9",2018,"166546.0"
"RO12","pop_tot_Sheet_9",2019,"164101.0"
"RO12","pop_tot_Sheet_9",2020,"158175.0"
"RO12","pop_tot_Sheet_9",2021,"148508.0"
"RO12","pop_tot_Sheet_9",2022,"146109.0"
"RO12","pop_tot_Sheet_9",2023,"137305.0"
"RO12","pop_tot_Sheet_9",2024,"129695.0"
"RO21","pop_tot_Sheet_9",2015,"205321.0"
"RO21","pop_tot_Sheet_9",2016,"206501.0"
"RO21","pop_tot_Sheet_9",2017,"206155.0"
"RO21","pop_tot_Sheet_9",2018,"204877.0"
"RO21","pop_tot_Sheet_9",2019,"203545.0"
"RO21","pop_tot_Sheet_9",2020,"198482.0"
"RO21","pop_tot_Sheet_9",2021,"188419.0"
"RO21","pop_tot_Sheet_9",2022,"195567.0"
"RO21","pop_tot_Sheet_9",2023,"184764.0"
"RO21","pop_tot_Sheet_9",2024,"174382.0"
"RO22","pop_tot_Sheet_9",2015,"178152.0"
"RO22","pop_tot_Sheet_9",2016,"181227.0"
"RO22","pop_tot_Sheet_9",2017,"182189.0"
"RO22","pop_tot_Sheet_9",2018,"181189.0"
"RO22","pop_tot_Sheet_9",2019,"178983.0"
"RO22","pop_tot_Sheet_9",2020,"171921.0"
"RO22","pop_tot_Sheet_9",2021,"161267.0"
"RO22","pop_tot_Sheet_9",2022,"161204.0"
"RO22","pop_tot_Sheet_9",2023,"149931.0"
"RO22","pop_tot_Sheet_9",2024,"140200.0"
"RO31","pop_tot_Sheet_9",2015,"207087.0"
"RO31","pop_tot_Sheet_9",2016,"207713.0"
"RO31","pop_tot_Sheet_9",2017,"207879.0"
"RO31","pop_tot_Sheet_9",2018,"203561.0"
"RO31","pop_tot_Sheet_9",2019,"200994.0"
"RO31","pop_tot_Sheet_9",2020,"194833.0"
"RO31","pop_tot_Sheet_9",2021,"185721.0"
"RO31","pop_tot_Sheet_9",2022,"184261.0"
"RO31","pop_tot_Sheet_9",2023,"174520.0"
"RO31","pop_tot_Sheet_9",2024,"164471.0"
"RO32","pop_tot_Sheet_9",2015,"151297.0"
"RO32","pop_tot_Sheet_9",2016,"156043.0"
"RO32","pop_tot_Sheet_9",2017,"157982.0"
"RO32","pop_tot_Sheet_9",2018,"158204.0"
"RO32","pop_tot_Sheet_9",2019,"156828.0"
"RO32","pop_tot_Sheet_9",2020,"149673.0"
"RO32","pop_tot_Sheet_9",2021,"138507.0"
"RO32","pop_tot_Sheet_9",2022,"129977.0"
"RO32","pop_tot_Sheet_9",2023,"119872.0"
"RO32","pop_tot_Sheet_9",2024,"111281.0"
"RO41","pop_tot_Sheet_9",2015,"133084.0"
"RO41","pop_tot_Sheet_9",2016,"134316.0"
"RO41","pop_tot_Sheet_9",2017,"137730.0"
"RO41","pop_tot_Sheet_9",2018,"137156.0"
"RO41","pop_tot_Sheet_9",2019,"137282.0"
"RO41","pop_tot_Sheet_9",2020,"134283.0"
"RO41","pop_tot_Sheet_9",2021,"130598.0"
"RO41","pop_tot_Sheet_9",2022,"129249.0"
"RO41","pop_tot_Sheet_9",2023,"123416.0"
"RO41","pop_tot_Sheet_9",2024,"117173.0"
"RO42","pop_tot_Sheet_9",2015,"124038.0"
"RO42","pop_tot_Sheet_9",2016,"126614.0"
"RO42","pop_tot_Sheet_9",2017,"128638.0"
"RO42","pop_tot_Sheet_9",2018,"129231.0"
"RO42","pop_tot_Sheet_9",2019,"129302.0"
"RO42","pop_tot_Sheet_9",2020,"124204.0"
"RO42","pop_tot_Sheet_9",2021,"116791.0"
"RO42","pop_tot_Sheet_9",2022,"113349.0"
"RO42","pop_tot_Sheet_9",2023,"106179.0"
"RO42","pop_tot_Sheet_9",2024,"99846.0"
"SI03","pop_tot_Sheet_9",2015,"77234.0"
"SI03","pop_tot_Sheet_9",2016,"78671.0"
"SI03","pop_tot_Sheet_9",2017,"80502.0"
"SI03","pop_tot_Sheet_9",2018,"81162.0"
"SI03","pop_tot_Sheet_9",2019,"80785.0"
"SI03","pop_tot_Sheet_9",2020,"80726.0"
"SI03","pop_tot_Sheet_9",2021,"80701.0"
"SI03","pop_tot_Sheet_9",2022,"80143.0"
"SI03","pop_tot_Sheet_9",2023,"79928.0"
"SI03","pop_tot_Sheet_9",2024,"80265.0"
"SI04","pop_tot_Sheet_9",2015,"65310.0"
"SI04","pop_tot_Sheet_9",2016,"65427.0"
"SI04","pop_tot_Sheet_9",2017,"66013.0"
"SI04","pop_tot_Sheet_9",2018,"65303.0"
"SI04","pop_tot_Sheet_9",2019,"64656.0"
"SI04","pop_tot_Sheet_9",2020,"64021.0"
"SI04","pop_tot_Sheet_9",2021,"63771.0"
"SI04","pop_tot_Sheet_9",2022,"63428.0"
"SI04","pop_tot_Sheet_9",2023,"63884.0"
"SI04","pop_tot_Sheet_9",2024,"64518.0"
"SK01","pop_tot_Sheet_9",2015,"45241.0"
"SK01","pop_tot_Sheet_9",2016,"45928.0"
"SK01","pop_tot_Sheet_9",2017,"45715.0"
"SK01","pop_tot_Sheet_9",2018,"45047.0"
"SK01","pop_tot_Sheet_9",2019,"43787.0"
"SK01","pop_tot_Sheet_9",2020,"42285.0"
"SK01","pop_tot_Sheet_9",2021,"40684.0"
"SK01","pop_tot_Sheet_9",2022,"42258.0"
"SK01","pop_tot_Sheet_9",2023,"40893.0"
"SK01","pop_tot_Sheet_9",2024,"40563.0"
"SK02","pop_tot_Sheet_9",2015,"128479.0"
"SK02","pop_tot_Sheet_9",2016,"130485.0"
"SK02","pop_tot_Sheet_9",2017,"131590.0"
"SK02","pop_tot_Sheet_9",2018,"131219.0"
"SK02","pop_tot_Sheet_9",2019,"130446.0"
"SK02","pop_tot_Sheet_9",2020,"128147.0"
"SK02","pop_tot_Sheet_9",2021,"125355.0"
"SK02","pop_tot_Sheet_9",2022,"123354.0"
"SK02","pop_tot_Sheet_9",2023,"121030.0"
"SK02","pop_tot_Sheet_9",2024,"119911.0"
"SK03","pop_tot_Sheet_9",2015,"88366.0"
"SK03","pop_tot_Sheet_9",2016,"89887.0"
"SK03","pop_tot_Sheet_9",2017,"90520.0"
"SK03","pop_tot_Sheet_9",2018,"90905.0"
"SK03","pop_tot_Sheet_9",2019,"90434.0"
"SK03","pop_tot_Sheet_9",2020,"89288.0"
"SK03","pop_tot_Sheet_9",2021,"87939.0"
"SK03","pop_tot_Sheet_9",2022,"85903.0"
"SK03","pop_tot_Sheet_9",2023,"84153.0"
"SK03","pop_tot_Sheet_9",2024,"84185.0"
"SK04","pop_tot_Sheet_9",2015,"95171.0"
"SK04","pop_tot_Sheet_9",2016,"96992.0"
"SK04","pop_tot_Sheet_9",2017,"98743.0"
"SK04","pop_tot_Sheet_9",2018,"99784.0"
"SK04","pop_tot_Sheet_9",2019,"100719.0"
"SK04","pop_tot_Sheet_9",2020,"100193.0"
"SK04","pop_tot_Sheet_9",2021,"99704.0"
"SK04","pop_tot_Sheet_9",2022,"96600.0"
"SK04","pop_tot_Sheet_9",2023,"95021.0"
"SK04","pop_tot_Sheet_9",2024,"94911.0"
"FI19","pop_tot_Sheet_9",2015,"95587.0"
"FI19","pop_tot_Sheet_9",2016,"94164.0"
"FI19","pop_tot_Sheet_9",2017,"93798.0"
"FI19","pop_tot_Sheet_9",2018,"92279.0"
"FI19","pop_tot_Sheet_9",2019,"90702.0"
"FI19","pop_tot_Sheet_9",2020,"89425.0"
"FI19","pop_tot_Sheet_9",2021,"88550.0"
"FI19","pop_tot_Sheet_9",2022,"87706.0"
"FI19","pop_tot_Sheet_9",2023,"87373.0"
"FI19","pop_tot_Sheet_9",2024,"88132.0"
"FI1B","pop_tot_Sheet_9",2015,"93767.0"
"FI1B","pop_tot_Sheet_9",2016,"93362.0"
"FI1B","pop_tot_Sheet_9",2017,"94055.0"
"FI1B","pop_tot_Sheet_9",2018,"93934.0"
"FI1B","pop_tot_Sheet_9",2019,"94018.0"
"FI1B","pop_tot_Sheet_9",2020,"94644.0"
"FI1B","pop_tot_Sheet_9",2021,"95300.0"
"FI1B","pop_tot_Sheet_9",2022,"96086.0"
"FI1B","pop_tot_Sheet_9",2023,"97857.0"
"FI1B","pop_tot_Sheet_9",2024,"100891.0"
"FI1C","pop_tot_Sheet_9",2015,"85793.0"
"FI1C","pop_tot_Sheet_9",2016,"84148.0"
"FI1C","pop_tot_Sheet_9",2017,"83513.0"
"FI1C","pop_tot_Sheet_9",2018,"81816.0"
"FI1C","pop_tot_Sheet_9",2019,"80422.0"
"FI1C","pop_tot_Sheet_9",2020,"79424.0"
"FI1C","pop_tot_Sheet_9",2021,"78759.0"
"FI1C","pop_tot_Sheet_9",2022,"77986.0"
"FI1C","pop_tot_Sheet_9",2023,"77698.0"
"FI1C","pop_tot_Sheet_9",2024,"78449.0"
"FI1D","pop_tot_Sheet_9",2015,"98032.0"
"FI1D","pop_tot_Sheet_9",2016,"97939.0"
"FI1D","pop_tot_Sheet_9",2017,"98315.0"
"FI1D","pop_tot_Sheet_9",2018,"97219.0"
"FI1D","pop_tot_Sheet_9",2019,"95502.0"
"FI1D","pop_tot_Sheet_9",2020,"94233.0"
"FI1D","pop_tot_Sheet_9",2021,"92722.0"
"FI1D","pop_tot_Sheet_9",2022,"91072.0"
"FI1D","pop_tot_Sheet_9",2023,"89819.0"
"FI1D","pop_tot_Sheet_9",2024,"89350.0"
"FI20","pop_tot_Sheet_9",2015,"2051.0"
"FI20","pop_tot_Sheet_9",2016,"2047.0"
"FI20","pop_tot_Sheet_9",2017,"2030.0"
"FI20","pop_tot_Sheet_9",2018,"1984.0"
"FI20","pop_tot_Sheet_9",2019,"1917.0"
"FI20","pop_tot_Sheet_9",2020,"1893.0"
"FI20","pop_tot_Sheet_9",2021,"1920.0"
"FI20","pop_tot_Sheet_9",2022,"1932.0"
"FI20","pop_tot_Sheet_9",2023,"1956.0"
"FI20","pop_tot_Sheet_9",2024,"1967.0"
"SE11","pop_tot_Sheet_9",2015,"108729.0"
"SE11","pop_tot_Sheet_9",2016,"109123.0"
"SE11","pop_tot_Sheet_9",2017,"111556.0"
"SE11","pop_tot_Sheet_9",2018,"113602.0"
"SE11","pop_tot_Sheet_9",2019,"115407.0"
"SE11","pop_tot_Sheet_9",2020,"117541.0"
"SE11","pop_tot_Sheet_9",2021,"119371.0"
"SE11","pop_tot_Sheet_9",2022,"121189.0"
"SE11","pop_tot_Sheet_9",2023,"124188.0"
"SE11","pop_tot_Sheet_9",2024,"128576.0"
"SE12","pop_tot_Sheet_9",2015,"95361.0"
"SE12","pop_tot_Sheet_9",2016,"94116.0"
"SE12","pop_tot_Sheet_9",2017,"94281.0"
"SE12","pop_tot_Sheet_9",2018,"94323.0"
"SE12","pop_tot_Sheet_9",2019,"94323.0"
"SE12","pop_tot_Sheet_9",2020,"94831.0"
"SE12","pop_tot_Sheet_9",2021,"94869.0"
"SE12","pop_tot_Sheet_9",2022,"94930.0"
"SE12","pop_tot_Sheet_9",2023,"95776.0"
"SE12","pop_tot_Sheet_9",2024,"97357.0"
"SE21","pop_tot_Sheet_9",2015,"51376.0"
"SE21","pop_tot_Sheet_9",2016,"51147.0"
"SE21","pop_tot_Sheet_9",2017,"51194.0"
"SE21","pop_tot_Sheet_9",2018,"50887.0"
"SE21","pop_tot_Sheet_9",2019,"50677.0"
"SE21","pop_tot_Sheet_9",2020,"50477.0"
"SE21","pop_tot_Sheet_9",2021,"50109.0"
"SE21","pop_tot_Sheet_9",2022,"49574.0"
"SE21","pop_tot_Sheet_9",2023,"50011.0"
"SE21","pop_tot_Sheet_9",2024,"50898.0"
"SE22","pop_tot_Sheet_9",2015,"82460.0"
"SE22","pop_tot_Sheet_9",2016,"81740.0"
"SE22","pop_tot_Sheet_9",2017,"81471.0"
"SE22","pop_tot_Sheet_9",2018,"81616.0"
"SE22","pop_tot_Sheet_9",2019,"81581.0"
"SE22","pop_tot_Sheet_9",2020,"81970.0"
"SE22","pop_tot_Sheet_9",2021,"82271.0"
"SE22","pop_tot_Sheet_9",2022,"82940.0"
"SE22","pop_tot_Sheet_9",2023,"84240.0"
"SE22","pop_tot_Sheet_9",2024,"86484.0"
"SE23","pop_tot_Sheet_9",2015,"111655.0"
"SE23","pop_tot_Sheet_9",2016,"111430.0"
"SE23","pop_tot_Sheet_9",2017,"112576.0"
"SE23","pop_tot_Sheet_9",2018,"113398.0"
"SE23","pop_tot_Sheet_9",2019,"113289.0"
"SE23","pop_tot_Sheet_9",2020,"114430.0"
"SE23","pop_tot_Sheet_9",2021,"114504.0"
"SE23","pop_tot_Sheet_9",2022,"114753.0"
"SE23","pop_tot_Sheet_9",2023,"115305.0"
"SE23","pop_tot_Sheet_9",2024,"118103.0"
"SE31","pop_tot_Sheet_9",2015,"54991.0"
"SE31","pop_tot_Sheet_9",2016,"54341.0"
"SE31","pop_tot_Sheet_9",2017,"54444.0"
"SE31","pop_tot_Sheet_9",2018,"54212.0"
"SE31","pop_tot_Sheet_9",2019,"53660.0"
"SE31","pop_tot_Sheet_9",2020,"53330.0"
"SE31","pop_tot_Sheet_9",2021,"52942.0"
"SE31","pop_tot_Sheet_9",2022,"52309.0"
"SE31","pop_tot_Sheet_9",2023,"52283.0"
"SE31","pop_tot_Sheet_9",2024,"52577.0"
"SE32","pop_tot_Sheet_9",2015,"24482.0"
"SE32","pop_tot_Sheet_9",2016,"24111.0"
"SE32","pop_tot_Sheet_9",2017,"24195.0"
"SE32","pop_tot_Sheet_9",2018,"24083.0"
"SE32","pop_tot_Sheet_9",2019,"23823.0"
"SE32","pop_tot_Sheet_9",2020,"23496.0"
"SE32","pop_tot_Sheet_9",2021,"23180.0"
"SE32","pop_tot_Sheet_9",2022,"22737.0"
"SE32","pop_tot_Sheet_9",2023,"22368.0"
"SE32","pop_tot_Sheet_9",2024,"22453.0"
"SE33","pop_tot_Sheet_9",2015,"32908.0"
"SE33","pop_tot_Sheet_9",2016,"32639.0"
"SE33","pop_tot_Sheet_9",2017,"32705.0"
"SE33","pop_tot_Sheet_9",2018,"32586.0"
"SE33","pop_tot_Sheet_9",2019,"32306.0"
"SE33","pop_tot_Sheet_9",2020,"32315.0"
"SE33","pop_tot_Sheet_9",2021,"31980.0"
"SE33","pop_tot_Sheet_9",2022,"31377.0"
"SE33","pop_tot_Sheet_9",2023,"30921.0"
"SE33","pop_tot_Sheet_9",2024,"30750.0"
"IS00","pop_tot_Sheet_9",2015,"17593.0"
"IS00","pop_tot_Sheet_9",2016,"18032.0"
"IS00","pop_tot_Sheet_9",2017,"18657.0"
"IS00","pop_tot_Sheet_9",2018,"19351.0"
"IS00","pop_tot_Sheet_9",2019,"19832.0"
"IS00","pop_tot_Sheet_9",2020,"20433.0"
"IS00","pop_tot_Sheet_9",2021,"20864.0"
"IS00","pop_tot_Sheet_9",2022,"20955.0"
"IS00","pop_tot_Sheet_9",2023,"21287.0"
"IS00","pop_tot_Sheet_9",2024,"21221.0"
"LI00","pop_tot_Sheet_9",2015,"2320.0"
"LI00","pop_tot_Sheet_9",2016,"2356.0"
"LI00","pop_tot_Sheet_9",2017,"2405.0"
"LI00","pop_tot_Sheet_9",2018,"2475.0"
"LI00","pop_tot_Sheet_9",2019,"2552.0"
"LI00","pop_tot_Sheet_9",2020,"2637.0"
"LI00","pop_tot_Sheet_9",2021,"2758.0"
"LI00","pop_tot_Sheet_9",2022,"2816.0"
"LI00","pop_tot_Sheet_9",2023,"2903.0"
"LI00","pop_tot_Sheet_9",2024,"2985.0"
"NO02","pop_tot_Sheet_9",2015,"23959.0"
"NO02","pop_tot_Sheet_9",2016,"23995.0"
"NO02","pop_tot_Sheet_9",2017,"24383.0"
"NO02","pop_tot_Sheet_9",2018,"24513.0"
"NO02","pop_tot_Sheet_9",2019,"24683.0"
"NO02","pop_tot_Sheet_9",2020,"24989.0"
"NO02","pop_tot_Sheet_9",2021,"24863.0"
"NO02","pop_tot_Sheet_9",2022,"24917.0"
"NO02","pop_tot_Sheet_9",2023,"25048.0"
"NO02","pop_tot_Sheet_9",2024,"25224.0"
"NO06","pop_tot_Sheet_9",2015,"25457.0"
"NO06","pop_tot_Sheet_9",2016,"25809.0"
"NO06","pop_tot_Sheet_9",2017,"26106.0"
"NO06","pop_tot_Sheet_9",2018,"26289.0"
"NO06","pop_tot_Sheet_9",2019,"26526.0"
"NO06","pop_tot_Sheet_9",2020,"26651.0"
"NO06","pop_tot_Sheet_9",2021,"26610.0"
"NO06","pop_tot_Sheet_9",2022,"26572.0"
"NO06","pop_tot_Sheet_9",2023,"26893.0"
"NO06","pop_tot_Sheet_9",2024,"27368.0"
"NO07","pop_tot_Sheet_9",2015,"29599.0"
"NO07","pop_tot_Sheet_9",2016,"29756.0"
"NO07","pop_tot_Sheet_9",2017,"30339.0"
"NO07","pop_tot_Sheet_9",2018,"30248.0"
"NO07","pop_tot_Sheet_9",2019,"29916.0"
"NO07","pop_tot_Sheet_9",2020,"29923.0"
"NO07","pop_tot_Sheet_9",2021,"29733.0"
"NO07","pop_tot_Sheet_9",2022,"29558.0"
"NO07","pop_tot_Sheet_9",2023,"29976.0"
"NO07","pop_tot_Sheet_9",2024,"30595.0"
"NO08","pop_tot_Sheet_9",2015,"93052.0"
"NO08","pop_tot_Sheet_9",2016,"94500.0"
"NO08","pop_tot_Sheet_9",2017,"97021.0"
"NO08","pop_tot_Sheet_9",2018,"99026.0"
"NO08","pop_tot_Sheet_9",2019,"101134.0"
"NO08","pop_tot_Sheet_9",2020,"102995.0"
"NO08","pop_tot_Sheet_9",2021,"104989.0"
"NO08","pop_tot_Sheet_9",2022,"106194.0"
"NO08","pop_tot_Sheet_9",2023,"108549.0"
"NO08","pop_tot_Sheet_9",2024,"110897.0"
"NO09","pop_tot_Sheet_9",2015,"42255.0"
"NO09","pop_tot_Sheet_9",2016,"42913.0"
"NO09","pop_tot_Sheet_9",2017,"43798.0"
"NO09","pop_tot_Sheet_9",2018,"43980.0"
"NO09","pop_tot_Sheet_9",2019,"44485.0"
"NO09","pop_tot_Sheet_9",2020,"44806.0"
"NO09","pop_tot_Sheet_9",2021,"45126.0"
"NO09","pop_tot_Sheet_9",2022,"45367.0"
"NO09","pop_tot_Sheet_9",2023,"45958.0"
"NO09","pop_tot_Sheet_9",2024,"46515.0"
"NO0A","pop_tot_Sheet_9",2015,"73172.0"
"NO0A","pop_tot_Sheet_9",2016,"74111.0"
"NO0A","pop_tot_Sheet_9",2017,"75570.0"
"NO0A","pop_tot_Sheet_9",2018,"76123.0"
"NO0A","pop_tot_Sheet_9",2019,"76999.0"
"NO0A","pop_tot_Sheet_9",2020,"77859.0"
"NO0A","pop_tot_Sheet_9",2021,"78331.0"
"NO0A","pop_tot_Sheet_9",2022,"78657.0"
"NO0A","pop_tot_Sheet_9",2023,"79670.0"
"NO0A","pop_tot_Sheet_9",2024,"80478.0"
"CH01","pop_tot_Sheet_9",2015,"81634.0"
"CH01","pop_tot_Sheet_9",2016,"82430.0"
"CH01","pop_tot_Sheet_9",2017,"83960.0"
"CH01","pop_tot_Sheet_9",2018,"85926.0"
"CH01","pop_tot_Sheet_9",2019,"88290.0"
"CH01","pop_tot_Sheet_9",2020,"91250.0"
"CH01","pop_tot_Sheet_9",2021,"94145.0"
"CH01","pop_tot_Sheet_9",2022,"96945.0"
"CH01","pop_tot_Sheet_9",2023,"99856.0"
"CH01","pop_tot_Sheet_9",2024,"103853.0"
"CH02","pop_tot_Sheet_9",2015,"107846.0"
"CH02","pop_tot_Sheet_9",2016,"108927.0"
"CH02","pop_tot_Sheet_9",2017,"111695.0"
"CH02","pop_tot_Sheet_9",2018,"113917.0"
"CH02","pop_tot_Sheet_9",2019,"116473.0"
"CH02","pop_tot_Sheet_9",2020,"119174.0"
"CH02","pop_tot_Sheet_9",2021,"122123.0"
"CH02","pop_tot_Sheet_9",2022,"124453.0"
"CH02","pop_tot_Sheet_9",2023,"127378.0"
"CH02","pop_tot_Sheet_9",2024,"131240.0"
"CH03","pop_tot_Sheet_9",2015,"65658.0"
"CH03","pop_tot_Sheet_9",2016,"66754.0"
"CH03","pop_tot_Sheet_9",2017,"68671.0"
"CH03","pop_tot_Sheet_9",2018,"70278.0"
"CH03","pop_tot_Sheet_9",2019,"71971.0"
"CH03","pop_tot_Sheet_9",2020,"73858.0"
"CH03","pop_tot_Sheet_9",2021,"75954.0"
"CH03","pop_tot_Sheet_9",2022,"77715.0"
"CH03","pop_tot_Sheet_9",2023,"79692.0"
"CH03","pop_tot_Sheet_9",2024,"82386.0"
"CH04","pop_tot_Sheet_9",2015,"75663.0"
"CH04","pop_tot_Sheet_9",2016,"76334.0"
"CH04","pop_tot_Sheet_9",2017,"77880.0"
"CH04","pop_tot_Sheet_9",2018,"78952.0"
"CH04","pop_tot_Sheet_9",2019,"80676.0"
"CH04","pop_tot_Sheet_9",2020,"82695.0"
"CH04","pop_tot_Sheet_9",2021,"84927.0"
"CH04","pop_tot_Sheet_9",2022,"87322.0"
"CH04","pop_tot_Sheet_9",2023,"89912.0"
"CH04","pop_tot_Sheet_9",2024,"93797.0"
"CH05","pop_tot_Sheet_9",2015,"67494.0"
"CH05","pop_tot_Sheet_9",2016,"68545.0"
"CH05","pop_tot_Sheet_9",2017,"70722.0"
"CH05","pop_tot_Sheet_9",2018,"72681.0"
"CH05","pop_tot_Sheet_9",2019,"74532.0"
"CH05","pop_tot_Sheet_9",2020,"76638.0"
"CH05","pop_tot_Sheet_9",2021,"78956.0"
"CH05","pop_tot_Sheet_9",2022,"81111.0"
"CH05","pop_tot_Sheet_9",2023,"83922.0"
"CH05","pop_tot_Sheet_9",2024,"86995.0"
"CH06","pop_tot_Sheet_9",2015,"44303.0"
"CH06","pop_tot_Sheet_9",2016,"45030.0"
"CH06","pop_tot_Sheet_9",2017,"46496.0"
"CH06","pop_tot_Sheet_9",2018,"48011.0"
"CH06","pop_tot_Sheet_9",2019,"49726.0"
"CH06","pop_tot_Sheet_9",2020,"51402.0"
"CH06","pop_tot_Sheet_9",2021,"53420.0"
"CH06","pop_tot_Sheet_9",2022,"55213.0"
"CH06","pop_tot_Sheet_9",2023,"56855.0"
"CH06","pop_tot_Sheet_9",2024,"59105.0"
"CH07","pop_tot_Sheet_9",2015,"20888.0"
"CH07","pop_tot_Sheet_9",2016,"20959.0"
"CH07","pop_tot_Sheet_9",2017,"21284.0"
"CH07","pop_tot_Sheet_9",2018,"21608.0"
"CH07","pop_tot_Sheet_9",2019,"21861.0"
"CH07","pop_tot_Sheet_9",2020,"22330.0"
"CH07","pop_tot_Sheet_9",2021,"22854.0"
"CH07","pop_tot_Sheet_9",2022,"23575.0"
"CH07","pop_tot_Sheet_9",2023,"24399.0"
"CH07","pop_tot_Sheet_9",2024,"25562.0"
"ME00","pop_tot_Sheet_9",2015,"39156.0"
"ME00","pop_tot_Sheet_9",2016,"39437.0"
"ME00","pop_tot_Sheet_9",2017,"40107.0"
"ME00","pop_tot_Sheet_9",2018,"40430.0"
"ME00","pop_tot_Sheet_9",2019,"40689.0"
"ME00","pop_tot_Sheet_9",2020,"40340.0"
"ME00","pop_tot_Sheet_9",2021,"40370.0"
"ME00","pop_tot_Sheet_9",2022,"40264.0"
"ME00","pop_tot_Sheet_9",2023,"40006.0"
"ME00","pop_tot_Sheet_9",2024,"40286.0"
"MK00","pop_tot_Sheet_9",2015,"120847.0"
"MK00","pop_tot_Sheet_9",2016,"122887.0"
"MK00","pop_tot_Sheet_9",2017,"126040.0"
"MK00","pop_tot_Sheet_9",2018,"126839.0"
"MK00","pop_tot_Sheet_9",2019,"127913.0"
"MK00","pop_tot_Sheet_9",2020,"128773.0"
"MK00","pop_tot_Sheet_9",2021,"129542.0"
"MK00","pop_tot_Sheet_9",2022,"125098.0"
"MK00","pop_tot_Sheet_9",2023,"122775.0"
"MK00","pop_tot_Sheet_9",2024,"122514.0"
"TR10","pop_tot_Sheet_9",2015,"446982.0"
"TR10","pop_tot_Sheet_9",2016,"491320.0"
"TR10","pop_tot_Sheet_9",2017,"531810.0"
"TR10","pop_tot_Sheet_9",2018,"543221.0"
"TR10","pop_tot_Sheet_9",2019,"539904.0"
"TR10","pop_tot_Sheet_9",2020,"572778.0"
"TR10","pop_tot_Sheet_9",2021,"579502.0"
"TR10","pop_tot_Sheet_9",2022,"586326.0"
"TR10","pop_tot_Sheet_9",2023,"619081.0"
"TR10","pop_tot_Sheet_9",2024,"632158.0"
"TR21","pop_tot_Sheet_9",2015,"78815.0"
"TR21","pop_tot_Sheet_9",2016,"84983.0"
"TR21","pop_tot_Sheet_9",2017,"90809.0"
"TR21","pop_tot_Sheet_9",2018,"93239.0"
"TR21","pop_tot_Sheet_9",2019,"96867.0"
"TR21","pop_tot_Sheet_9",2020,"99280.0"
"TR21","pop_tot_Sheet_9",2021,"101276.0"
"TR21","pop_tot_Sheet_9",2022,"103305.0"
"TR21","pop_tot_Sheet_9",2023,"108347.0"
"TR21","pop_tot_Sheet_9",2024,"110701.0"
"TR22","pop_tot_Sheet_9",2015,"98170.0"
"TR22","pop_tot_Sheet_9",2016,"101960.0"
"TR22","pop_tot_Sheet_9",2017,"106432.0"
"TR22","pop_tot_Sheet_9",2018,"106733.0"
"TR22","pop_tot_Sheet_9",2019,"112072.0"
"TR22","pop_tot_Sheet_9",2020,"113538.0"
"TR22","pop_tot_Sheet_9",2021,"115420.0"
"TR22","pop_tot_Sheet_9",2022,"117391.0"
"TR22","pop_tot_Sheet_9",2023,"122468.0"
"TR22","pop_tot_Sheet_9",2024,"125519.0"
"TR31","pop_tot_Sheet_9",2015,"192149.0"
"TR31","pop_tot_Sheet_9",2016,"204892.0"
"TR31","pop_tot_Sheet_9",2017,"216322.0"
"TR31","pop_tot_Sheet_9",2018,"219574.0"
"TR31","pop_tot_Sheet_9",2019,"224235.0"
"TR31","pop_tot_Sheet_9",2020,"229970.0"
"TR31","pop_tot_Sheet_9",2021,"231977.0"
"TR31","pop_tot_Sheet_9",2022,"234578.0"
"TR31","pop_tot_Sheet_9",2023,"245989.0"
"TR31","pop_tot_Sheet_9",2024,"252238.0"
"TR32","pop_tot_Sheet_9",2015,"138595.0"
"TR32","pop_tot_Sheet_9",2016,"148787.0"
"TR32","pop_tot_Sheet_9",2017,"157478.0"
"TR32","pop_tot_Sheet_9",2018,"160199.0"
"TR32","pop_tot_Sheet_9",2019,"166906.0"
"TR32","pop_tot_Sheet_9",2020,"171970.0"
"TR32","pop_tot_Sheet_9",2021,"175428.0"
"TR32","pop_tot_Sheet_9",2022,"179497.0"
"TR32","pop_tot_Sheet_9",2023,"190337.0"
"TR32","pop_tot_Sheet_9",2024,"197267.0"
"TR33","pop_tot_Sheet_9",2015,"138412.0"
"TR33","pop_tot_Sheet_9",2016,"150909.0"
"TR33","pop_tot_Sheet_9",2017,"160206.0"
"TR33","pop_tot_Sheet_9",2018,"158841.0"
"TR33","pop_tot_Sheet_9",2019,"160894.0"
"TR33","pop_tot_Sheet_9",2020,"165156.0"
"TR33","pop_tot_Sheet_9",2021,"165208.0"
"TR33","pop_tot_Sheet_9",2022,"167620.0"
"TR33","pop_tot_Sheet_9",2023,"179073.0"
"TR33","pop_tot_Sheet_9",2024,"186683.0"
"TR41","pop_tot_Sheet_9",2015,"158360.0"
"TR41","pop_tot_Sheet_9",2016,"171862.0"
"TR41","pop_tot_Sheet_9",2017,"184338.0"
"TR41","pop_tot_Sheet_9",2018,"186917.0"
"TR41","pop_tot_Sheet_9",2019,"191915.0"
"TR41","pop_tot_Sheet_9",2020,"199614.0"
"TR41","pop_tot_Sheet_9",2021,"202105.0"
"TR41","pop_tot_Sheet_9",2022,"206000.0"
"TR41","pop_tot_Sheet_9",2023,"219265.0"
"TR41","pop_tot_Sheet_9",2024,"226292.0"
"TR42","pop_tot_Sheet_9",2015,"134548.0"
"TR42","pop_tot_Sheet_9",2016,"146480.0"
"TR42","pop_tot_Sheet_9",2017,"162952.0"
"TR42","pop_tot_Sheet_9",2018,"166316.0"
"TR42","pop_tot_Sheet_9",2019,"171071.0"
"TR42","pop_tot_Sheet_9",2020,"177572.0"
"TR42","pop_tot_Sheet_9",2021,"181415.0"
"TR42","pop_tot_Sheet_9",2022,"181653.0"
"TR42","pop_tot_Sheet_9",2023,"194091.0"
"TR42","pop_tot_Sheet_9",2024,"202123.0"
"TR51","pop_tot_Sheet_9",2015,"191931.0"
"TR51","pop_tot_Sheet_9",2016,"210384.0"
"TR51","pop_tot_Sheet_9",2017,"228829.0"
"TR51","pop_tot_Sheet_9",2018,"233611.0"
"TR51","pop_tot_Sheet_9",2019,"235574.0"
"TR51","pop_tot_Sheet_9",2020,"248217.0"
"TR51","pop_tot_Sheet_9",2021,"252628.0"
"TR51","pop_tot_Sheet_9",2022,"256324.0"
"TR51","pop_tot_Sheet_9",2023,"272998.0"
"TR51","pop_tot_Sheet_9",2024,"284066.0"
"TR52","pop_tot_Sheet_9",2015,"88757.0"
"TR52","pop_tot_Sheet_9",2016,"96023.0"
"TR52","pop_tot_Sheet_9",2017,"102947.0"
"TR52","pop_tot_Sheet_9",2018,"101722.0"
"TR52","pop_tot_Sheet_9",2019,"104206.0"
"TR52","pop_tot_Sheet_9",2020,"105849.0"
"TR52","pop_tot_Sheet_9",2021,"105013.0"
"TR52","pop_tot_Sheet_9",2022,"107172.0"
"TR52","pop_tot_Sheet_9",2023,"116677.0"
"TR52","pop_tot_Sheet_9",2024,"122929.0"
"TR61","pop_tot_Sheet_9",2015,"116006.0"
"TR61","pop_tot_Sheet_9",2016,"127431.0"
"TR61","pop_tot_Sheet_9",2017,"136512.0"
"TR61","pop_tot_Sheet_9",2018,"138644.0"
"TR61","pop_tot_Sheet_9",2019,"143275.0"
"TR61","pop_tot_Sheet_9",2020,"149224.0"
"TR61","pop_tot_Sheet_9",2021,"151781.0"
"TR61","pop_tot_Sheet_9",2022,"157894.0"
"TR61","pop_tot_Sheet_9",2023,"169762.0"
"TR61","pop_tot_Sheet_9",2024,"177754.0"
"TR62","pop_tot_Sheet_9",2015,"147139.0"
"TR62","pop_tot_Sheet_9",2016,"162485.0"
"TR62","pop_tot_Sheet_9",2017,"172955.0"
"TR62","pop_tot_Sheet_9",2018,"174153.0"
"TR62","pop_tot_Sheet_9",2019,"174854.0"
"TR62","pop_tot_Sheet_9",2020,"180461.0"
"TR62","pop_tot_Sheet_9",2021,"180614.0"
"TR62","pop_tot_Sheet_9",2022,"182857.0"
"TR62","pop_tot_Sheet_9",2023,"194434.0"
"TR62","pop_tot_Sheet_9",2024,"204925.0"
"TR63","pop_tot_Sheet_9",2015,"100889.0"
"TR63","pop_tot_Sheet_9",2016,"110226.0"
"TR63","pop_tot_Sheet_9",2017,"120155.0"
"TR63","pop_tot_Sheet_9",2018,"120847.0"
"TR63","pop_tot_Sheet_9",2019,"121847.0"
"TR63","pop_tot_Sheet_9",2020,"125934.0"
"TR63","pop_tot_Sheet_9",2021,"128104.0"
"TR63","pop_tot_Sheet_9",2022,"126866.0"
"TR63","pop_tot_Sheet_9",2023,"137499.0"
"TR63","pop_tot_Sheet_9",2024,"141301.0"
"TR71","pop_tot_Sheet_9",2015,"61567.0"
"TR71","pop_tot_Sheet_9",2016,"65312.0"
"TR71","pop_tot_Sheet_9",2017,"69781.0"
"TR71","pop_tot_Sheet_9",2018,"69651.0"
"TR71","pop_tot_Sheet_9",2019,"72583.0"
"TR71","pop_tot_Sheet_9",2020,"75198.0"
"TR71","pop_tot_Sheet_9",2021,"75264.0"
"TR71","pop_tot_Sheet_9",2022,"75769.0"
"TR71","pop_tot_Sheet_9",2023,"81251.0"
"TR71","pop_tot_Sheet_9",2024,"87650.0"
"TR72","pop_tot_Sheet_9",2015,"95561.0"
"TR72","pop_tot_Sheet_9",2016,"100485.0"
"TR72","pop_tot_Sheet_9",2017,"107266.0"
"TR72","pop_tot_Sheet_9",2018,"106971.0"
"TR72","pop_tot_Sheet_9",2019,"111445.0"
"TR72","pop_tot_Sheet_9",2020,"112906.0"
"TR72","pop_tot_Sheet_9",2021,"113560.0"
"TR72","pop_tot_Sheet_9",2022,"113052.0"
"TR72","pop_tot_Sheet_9",2023,"120785.0"
"TR72","pop_tot_Sheet_9",2024,"128496.0"
"TR81","pop_tot_Sheet_9",2015,"54077.0"
"TR81","pop_tot_Sheet_9",2016,"57571.0"
"TR81","pop_tot_Sheet_9",2017,"62143.0"
"TR81","pop_tot_Sheet_9",2018,"62423.0"
"TR81","pop_tot_Sheet_9",2019,"63243.0"
"TR81","pop_tot_Sheet_9",2020,"64062.0"
"TR81","pop_tot_Sheet_9",2021,"64595.0"
"TR81","pop_tot_Sheet_9",2022,"64807.0"
"TR81","pop_tot_Sheet_9",2023,"67506.0"
"TR81","pop_tot_Sheet_9",2024,"69736.0"
"TR82","pop_tot_Sheet_9",2015,"44903.0"
"TR82","pop_tot_Sheet_9",2016,"47611.0"
"TR82","pop_tot_Sheet_9",2017,"51714.0"
"TR82","pop_tot_Sheet_9",2018,"50675.0"
"TR82","pop_tot_Sheet_9",2019,"54434.0"
"TR82","pop_tot_Sheet_9",2020,"53108.0"
"TR82","pop_tot_Sheet_9",2021,"51911.0"
"TR82","pop_tot_Sheet_9",2022,"50405.0"
"TR82","pop_tot_Sheet_9",2023,"54661.0"
"TR82","pop_tot_Sheet_9",2024,"60205.0"
"TR83","pop_tot_Sheet_9",2015,"131220.0"
"TR83","pop_tot_Sheet_9",2016,"140516.0"
"TR83","pop_tot_Sheet_9",2017,"151495.0"
"TR83","pop_tot_Sheet_9",2018,"149416.0"
"TR83","pop_tot_Sheet_9",2019,"152292.0"
"TR83","pop_tot_Sheet_9",2020,"154840.0"
"TR83","pop_tot_Sheet_9",2021,"153153.0"
"TR83","pop_tot_Sheet_9",2022,"152541.0"
"TR83","pop_tot_Sheet_9",2023,"164671.0"
"TR83","pop_tot_Sheet_9",2024,"176817.0"
"TR90","pop_tot_Sheet_9",2015,"122584.0"
"TR90","pop_tot_Sheet_9",2016,"131630.0"
"TR90","pop_tot_Sheet_9",2017,"146684.0"
"TR90","pop_tot_Sheet_9",2018,"148206.0"
"TR90","pop_tot_Sheet_9",2019,"160573.0"
"TR90","pop_tot_Sheet_9",2020,"160240.0"
"TR90","pop_tot_Sheet_9",2021,"157473.0"
"TR90","pop_tot_Sheet_9",2022,"154781.0"
"TR90","pop_tot_Sheet_9",2023,"164952.0"
"TR90","pop_tot_Sheet_9",2024,"179236.0"
"TRA1","pop_tot_Sheet_9",2015,"36063.0"
"TRA1","pop_tot_Sheet_9",2016,"38250.0"
"TRA1","pop_tot_Sheet_9",2017,"42268.0"
"TRA1","pop_tot_Sheet_9",2018,"40768.0"
"TRA1","pop_tot_Sheet_9",2019,"43083.0"
"TRA1","pop_tot_Sheet_9",2020,"42413.0"
"TRA1","pop_tot_Sheet_9",2021,"41037.0"
"TRA1","pop_tot_Sheet_9",2022,"39735.0"
"TRA1","pop_tot_Sheet_9",2023,"44384.0"
"TRA1","pop_tot_Sheet_9",2024,"47946.0"
"TRA2","pop_tot_Sheet_9",2015,"28111.0"
"TRA2","pop_tot_Sheet_9",2016,"30524.0"
"TRA2","pop_tot_Sheet_9",2017,"33193.0"
"TRA2","pop_tot_Sheet_9",2018,"32721.0"
"TRA2","pop_tot_Sheet_9",2019,"33031.0"
"TRA2","pop_tot_Sheet_9",2020,"32607.0"
"TRA2","pop_tot_Sheet_9",2021,"31226.0"
"TRA2","pop_tot_Sheet_9",2022,"31149.0"
"TRA2","pop_tot_Sheet_9",2023,"34286.0"
"TRA2","pop_tot_Sheet_9",2024,"36818.0"
"TRB1","pop_tot_Sheet_9",2015,"59643.0"
"TRB1","pop_tot_Sheet_9",2016,"64516.0"
"TRB1","pop_tot_Sheet_9",2017,"70389.0"
"TRB1","pop_tot_Sheet_9",2018,"70392.0"
"TRB1","pop_tot_Sheet_9",2019,"73144.0"
"TRB1","pop_tot_Sheet_9",2020,"73624.0"
"TRB1","pop_tot_Sheet_9",2021,"71897.0"
"TRB1","pop_tot_Sheet_9",2022,"71349.0"
"TRB1","pop_tot_Sheet_9",2023,"78248.0"
"TRB1","pop_tot_Sheet_9",2024,"82659.0"
"TRB2","pop_tot_Sheet_9",2015,"38293.0"
"TRB2","pop_tot_Sheet_9",2016,"42479.0"
"TRB2","pop_tot_Sheet_9",2017,"46242.0"
"TRB2","pop_tot_Sheet_9",2018,"46505.0"
"TRB2","pop_tot_Sheet_9",2019,"47012.0"
"TRB2","pop_tot_Sheet_9",2020,"47474.0"
"TRB2","pop_tot_Sheet_9",2021,"46129.0"
"TRB2","pop_tot_Sheet_9",2022,"46236.0"
"TRB2","pop_tot_Sheet_9",2023,"51211.0"
"TRB2","pop_tot_Sheet_9",2024,"57039.0"
"TRC1","pop_tot_Sheet_9",2015,"66986.0"
"TRC1","pop_tot_Sheet_9",2016,"71872.0"
"TRC1","pop_tot_Sheet_9",2017,"75389.0"
"TRC1","pop_tot_Sheet_9",2018,"74909.0"
"TRC1","pop_tot_Sheet_9",2019,"75061.0"
"TRC1","pop_tot_Sheet_9",2020,"78389.0"
"TRC1","pop_tot_Sheet_9",2021,"78674.0"
"TRC1","pop_tot_Sheet_9",2022,"80775.0"
"TRC1","pop_tot_Sheet_9",2023,"87817.0"
"TRC1","pop_tot_Sheet_9",2024,"93940.0"
"TRC2","pop_tot_Sheet_9",2015,"63896.0"
"TRC2","pop_tot_Sheet_9",2016,"68670.0"
"TRC2","pop_tot_Sheet_9",2017,"71333.0"
"TRC2","pop_tot_Sheet_9",2018,"71611.0"
"TRC2","pop_tot_Sheet_9",2019,"73253.0"
"TRC2","pop_tot_Sheet_9",2020,"76011.0"
"TRC2","pop_tot_Sheet_9",2021,"76349.0"
"TRC2","pop_tot_Sheet_9",2022,"80434.0"
"TRC2","pop_tot_Sheet_9",2023,"88833.0"
"TRC2","pop_tot_Sheet_9",2024,"97568.0"
"TRC3","pop_tot_Sheet_9",2015,"37058.0"
"TRC3","pop_tot_Sheet_9",2016,"41289.0"
"TRC3","pop_tot_Sheet_9",2017,"43306.0"
"TRC3","pop_tot_Sheet_9",2018,"42973.0"
"TRC3","pop_tot_Sheet_9",2019,"43087.0"
"TRC3","pop_tot_Sheet_9",2020,"44334.0"
"TRC3","pop_tot_Sheet_9",2021,"42655.0"
"TRC3","pop_tot_Sheet_9",2022,"43400.0"
"TRC3","pop_tot_Sheet_9",2023,"48045.0"
"TRC3","pop_tot_Sheet_9",2024,"53744.0"
