"region_id","indicator","year","value"
"BE10","pop_tot_Sheet_7",2015,"71244.0"
"BE10","pop_tot_Sheet_7",2016,"72139.0"
"BE10","pop_tot_Sheet_7",2017,"72749.0"
"BE10","pop_tot_Sheet_7",2018,"73408.0"
"BE10","pop_tot_Sheet_7",2019,"74721.0"
"BE10","pop_tot_Sheet_7",2020,"75812.0"
"BE10","pop_tot_Sheet_7",2021,"77244.0"
"BE10","pop_tot_Sheet_7",2022,"77887.0"
"BE10","pop_tot_Sheet_7",2023,"79496.0"
"BE10","pop_tot_Sheet_7",2024,"80214.0"
"BE21","pop_tot_Sheet_7",2015,"135401.0"
"BE21","pop_tot_Sheet_7",2016,"136015.0"
"BE21","pop_tot_Sheet_7",2017,"135297.0"
"BE21","pop_tot_Sheet_7",2018,"133393.0"
"BE21","pop_tot_Sheet_7",2019,"131373.0"
"BE21","pop_tot_Sheet_7",2020,"129035.0"
"BE21","pop_tot_Sheet_7",2021,"127556.0"
"BE21","pop_tot_Sheet_7",2022,"126206.0"
"BE21","pop_tot_Sheet_7",2023,"125604.0"
"BE21","pop_tot_Sheet_7",2024,"123673.0"
"BE22","pop_tot_Sheet_7",2015,"69247.0"
"BE22","pop_tot_Sheet_7",2016,"69108.0"
"BE22","pop_tot_Sheet_7",2017,"68467.0"
"BE22","pop_tot_Sheet_7",2018,"67243.0"
"BE22","pop_tot_Sheet_7",2019,"65742.0"
"BE22","pop_tot_Sheet_7",2020,"64044.0"
"BE22","pop_tot_Sheet_7",2021,"63016.0"
"BE22","pop_tot_Sheet_7",2022,"61769.0"
"BE22","pop_tot_Sheet_7",2023,"61014.0"
"BE22","pop_tot_Sheet_7",2024,"59898.0"
"BE23","pop_tot_Sheet_7",2015,"109331.0"
"BE23","pop_tot_Sheet_7",2016,"110189.0"
"BE23","pop_tot_Sheet_7",2017,"110321.0"
"BE23","pop_tot_Sheet_7",2018,"109791.0"
"BE23","pop_tot_Sheet_7",2019,"108820.0"
"BE23","pop_tot_Sheet_7",2020,"107176.0"
"BE23","pop_tot_Sheet_7",2021,"106752.0"
"BE23","pop_tot_Sheet_7",2022,"106554.0"
"BE23","pop_tot_Sheet_7",2023,"106145.0"
"BE23","pop_tot_Sheet_7",2024,"104664.0"
"BE24","pop_tot_Sheet_7",2015,"84649.0"
"BE24","pop_tot_Sheet_7",2016,"84843.0"
"BE24","pop_tot_Sheet_7",2017,"84744.0"
"BE24","pop_tot_Sheet_7",2018,"84117.0"
"BE24","pop_tot_Sheet_7",2019,"82992.0"
"BE24","pop_tot_Sheet_7",2020,"81420.0"
"BE24","pop_tot_Sheet_7",2021,"80705.0"
"BE24","pop_tot_Sheet_7",2022,"80280.0"
"BE24","pop_tot_Sheet_7",2023,"80152.0"
"BE24","pop_tot_Sheet_7",2024,"79493.0"
"BE25","pop_tot_Sheet_7",2015,"88907.0"
"BE25","pop_tot_Sheet_7",2016,"89654.0"
"BE25","pop_tot_Sheet_7",2017,"89300.0"
"BE25","pop_tot_Sheet_7",2018,"88282.0"
"BE25","pop_tot_Sheet_7",2019,"86530.0"
"BE25","pop_tot_Sheet_7",2020,"84469.0"
"BE25","pop_tot_Sheet_7",2021,"83088.0"
"BE25","pop_tot_Sheet_7",2022,"82028.0"
"BE25","pop_tot_Sheet_7",2023,"81185.0"
"BE25","pop_tot_Sheet_7",2024,"80003.0"
"BE31","pop_tot_Sheet_7",2015,"28931.0"
"BE31","pop_tot_Sheet_7",2016,"28930.0"
"BE31","pop_tot_Sheet_7",2017,"28923.0"
"BE31","pop_tot_Sheet_7",2018,"28884.0"
"BE31","pop_tot_Sheet_7",2019,"28680.0"
"BE31","pop_tot_Sheet_7",2020,"28489.0"
"BE31","pop_tot_Sheet_7",2021,"28234.0"
"BE31","pop_tot_Sheet_7",2022,"28445.0"
"BE31","pop_tot_Sheet_7",2023,"28682.0"
"BE31","pop_tot_Sheet_7",2024,"28813.0"
"BE32","pop_tot_Sheet_7",2015,"94709.0"
"BE32","pop_tot_Sheet_7",2016,"94623.0"
"BE32","pop_tot_Sheet_7",2017,"94171.0"
"BE32","pop_tot_Sheet_7",2018,"93750.0"
"BE32","pop_tot_Sheet_7",2019,"92698.0"
"BE32","pop_tot_Sheet_7",2020,"92097.0"
"BE32","pop_tot_Sheet_7",2021,"92196.0"
"BE32","pop_tot_Sheet_7",2022,"93077.0"
"BE32","pop_tot_Sheet_7",2023,"94364.0"
"BE32","pop_tot_Sheet_7",2024,"94802.0"
"BE33","pop_tot_Sheet_7",2015,"78609.0"
"BE33","pop_tot_Sheet_7",2016,"78768.0"
"BE33","pop_tot_Sheet_7",2017,"78525.0"
"BE33","pop_tot_Sheet_7",2018,"78060.0"
"BE33","pop_tot_Sheet_7",2019,"77087.0"
"BE33","pop_tot_Sheet_7",2020,"75493.0"
"BE33","pop_tot_Sheet_7",2021,"74678.0"
"BE33","pop_tot_Sheet_7",2022,"74196.0"
"BE33","pop_tot_Sheet_7",2023,"74261.0"
"BE33","pop_tot_Sheet_7",2024,"74059.0"
"BE34","pop_tot_Sheet_7",2015,"19852.0"
"BE34","pop_tot_Sheet_7",2016,"20220.0"
"BE34","pop_tot_Sheet_7",2017,"20073.0"
"BE34","pop_tot_Sheet_7",2018,"20018.0"
"BE34","pop_tot_Sheet_7",2019,"19818.0"
"BE34","pop_tot_Sheet_7",2020,"19620.0"
"BE34","pop_tot_Sheet_7",2021,"19486.0"
"BE34","pop_tot_Sheet_7",2022,"19695.0"
"BE34","pop_tot_Sheet_7",2023,"19967.0"
"BE34","pop_tot_Sheet_7",2024,"20137.0"
"BE35","pop_tot_Sheet_7",2015,"35402.0"
"BE35","pop_tot_Sheet_7",2016,"35396.0"
"BE35","pop_tot_Sheet_7",2017,"35154.0"
"BE35","pop_tot_Sheet_7",2018,"34962.0"
"BE35","pop_tot_Sheet_7",2019,"34468.0"
"BE35","pop_tot_Sheet_7",2020,"33865.0"
"BE35","pop_tot_Sheet_7",2021,"33665.0"
"BE35","pop_tot_Sheet_7",2022,"33650.0"
"BE35","pop_tot_Sheet_7",2023,"33823.0"
"BE35","pop_tot_Sheet_7",2024,"33910.0"
"BG31","pop_tot_Sheet_7",2015,"55029.0"
"BG31","pop_tot_Sheet_7",2016,"53531.0"
"BG31","pop_tot_Sheet_7",2017,"51606.0"
"BG31","pop_tot_Sheet_7",2018,"50442.0"
"BG31","pop_tot_Sheet_7",2019,"50073.0"
"BG31","pop_tot_Sheet_7",2020,"51425.0"
"BG31","pop_tot_Sheet_7",2021,"52586.0"
"BG31","pop_tot_Sheet_7",2022,"53399.0"
"BG31","pop_tot_Sheet_7",2023,"53428.0"
"BG31","pop_tot_Sheet_7",2024,"52331.0"
"BG32","pop_tot_Sheet_7",2015,"57163.0"
"BG32","pop_tot_Sheet_7",2016,"56431.0"
"BG32","pop_tot_Sheet_7",2017,"54955.0"
"BG32","pop_tot_Sheet_7",2018,"52992.0"
"BG32","pop_tot_Sheet_7",2019,"52349.0"
"BG32","pop_tot_Sheet_7",2020,"53404.0"
"BG32","pop_tot_Sheet_7",2021,"53658.0"
"BG32","pop_tot_Sheet_7",2022,"54363.0"
"BG32","pop_tot_Sheet_7",2023,"54092.0"
"BG32","pop_tot_Sheet_7",2024,"53215.0"
"BG33","pop_tot_Sheet_7",2015,"62146.0"
"BG33","pop_tot_Sheet_7",2016,"61001.0"
"BG33","pop_tot_Sheet_7",2017,"59432.0"
"BG33","pop_tot_Sheet_7",2018,"57759.0"
"BG33","pop_tot_Sheet_7",2019,"57600.0"
"BG33","pop_tot_Sheet_7",2020,"59120.0"
"BG33","pop_tot_Sheet_7",2021,"60958.0"
"BG33","pop_tot_Sheet_7",2022,"63125.0"
"BG33","pop_tot_Sheet_7",2023,"63960.0"
"BG33","pop_tot_Sheet_7",2024,"64359.0"
"BG34","pop_tot_Sheet_7",2015,"71703.0"
"BG34","pop_tot_Sheet_7",2016,"70287.0"
"BG34","pop_tot_Sheet_7",2017,"68211.0"
"BG34","pop_tot_Sheet_7",2018,"65790.0"
"BG34","pop_tot_Sheet_7",2019,"65064.0"
"BG34","pop_tot_Sheet_7",2020,"66248.0"
"BG34","pop_tot_Sheet_7",2021,"67165.0"
"BG34","pop_tot_Sheet_7",2022,"68951.0"
"BG34","pop_tot_Sheet_7",2023,"69794.0"
"BG34","pop_tot_Sheet_7",2024,"70627.0"
"BG41","pop_tot_Sheet_7",2015,"135910.0"
"BG41","pop_tot_Sheet_7",2016,"133889.0"
"BG41","pop_tot_Sheet_7",2017,"131331.0"
"BG41","pop_tot_Sheet_7",2018,"130827.0"
"BG41","pop_tot_Sheet_7",2019,"131568.0"
"BG41","pop_tot_Sheet_7",2020,"136911.0"
"BG41","pop_tot_Sheet_7",2021,"140720.0"
"BG41","pop_tot_Sheet_7",2022,"145517.0"
"BG41","pop_tot_Sheet_7",2023,"148278.0"
"BG41","pop_tot_Sheet_7",2024,"150388.0"
"BG42","pop_tot_Sheet_7",2015,"102709.0"
"BG42","pop_tot_Sheet_7",2016,"100486.0"
"BG42","pop_tot_Sheet_7",2017,"97305.0"
"BG42","pop_tot_Sheet_7",2018,"94760.0"
"BG42","pop_tot_Sheet_7",2019,"93721.0"
"BG42","pop_tot_Sheet_7",2020,"95019.0"
"BG42","pop_tot_Sheet_7",2021,"95805.0"
"BG42","pop_tot_Sheet_7",2022,"96622.0"
"BG42","pop_tot_Sheet_7",2023,"96964.0"
"BG42","pop_tot_Sheet_7",2024,"96308.0"
"CZ01","pop_tot_Sheet_7",2015,"76979.0"
"CZ01","pop_tot_Sheet_7",2016,"79409.0"
"CZ01","pop_tot_Sheet_7",2017,"80992.0"
"CZ01","pop_tot_Sheet_7",2018,"81905.0"
"CZ01","pop_tot_Sheet_7",2019,"80803.0"
"CZ01","pop_tot_Sheet_7",2020,"79932.0"
"CZ01","pop_tot_Sheet_7",2021,"76752.0"
"CZ01","pop_tot_Sheet_7",2022,"79535.0"
"CZ01","pop_tot_Sheet_7",2023,"85964.0"
"CZ01","pop_tot_Sheet_7",2024,"93040.0"
"CZ02","pop_tot_Sheet_7",2015,"79392.0"
"CZ02","pop_tot_Sheet_7",2016,"82547.0"
"CZ02","pop_tot_Sheet_7",2017,"84698.0"
"CZ02","pop_tot_Sheet_7",2018,"86581.0"
"CZ02","pop_tot_Sheet_7",2019,"87045.0"
"CZ02","pop_tot_Sheet_7",2020,"87421.0"
"CZ02","pop_tot_Sheet_7",2021,"88319.0"
"CZ02","pop_tot_Sheet_7",2022,"92071.0"
"CZ02","pop_tot_Sheet_7",2023,"98947.0"
"CZ02","pop_tot_Sheet_7",2024,"106946.0"
"CZ03","pop_tot_Sheet_7",2015,"77506.0"
"CZ03","pop_tot_Sheet_7",2016,"79110.0"
"CZ03","pop_tot_Sheet_7",2017,"80113.0"
"CZ03","pop_tot_Sheet_7",2018,"80567.0"
"CZ03","pop_tot_Sheet_7",2019,"79734.0"
"CZ03","pop_tot_Sheet_7",2020,"79342.0"
"CZ03","pop_tot_Sheet_7",2021,"79094.0"
"CZ03","pop_tot_Sheet_7",2022,"80651.0"
"CZ03","pop_tot_Sheet_7",2023,"86139.0"
"CZ03","pop_tot_Sheet_7",2024,"92344.0"
"CZ04","pop_tot_Sheet_7",2015,"71575.0"
"CZ04","pop_tot_Sheet_7",2016,"73742.0"
"CZ04","pop_tot_Sheet_7",2017,"75241.0"
"CZ04","pop_tot_Sheet_7",2018,"75974.0"
"CZ04","pop_tot_Sheet_7",2019,"74787.0"
"CZ04","pop_tot_Sheet_7",2020,"74098.0"
"CZ04","pop_tot_Sheet_7",2021,"73298.0"
"CZ04","pop_tot_Sheet_7",2022,"74990.0"
"CZ04","pop_tot_Sheet_7",2023,"79329.0"
"CZ04","pop_tot_Sheet_7",2024,"84507.0"
"CZ05","pop_tot_Sheet_7",2015,"92777.0"
"CZ05","pop_tot_Sheet_7",2016,"95142.0"
"CZ05","pop_tot_Sheet_7",2017,"96504.0"
"CZ05","pop_tot_Sheet_7",2018,"97138.0"
"CZ05","pop_tot_Sheet_7",2019,"96260.0"
"CZ05","pop_tot_Sheet_7",2020,"96108.0"
"CZ05","pop_tot_Sheet_7",2021,"96576.0"
"CZ05","pop_tot_Sheet_7",2022,"99679.0"
"CZ05","pop_tot_Sheet_7",2023,"105731.0"
"CZ05","pop_tot_Sheet_7",2024,"112906.0"
"CZ06","pop_tot_Sheet_7",2015,"107003.0"
"CZ06","pop_tot_Sheet_7",2016,"109297.0"
"CZ06","pop_tot_Sheet_7",2017,"110243.0"
"CZ06","pop_tot_Sheet_7",2018,"110898.0"
"CZ06","pop_tot_Sheet_7",2019,"109673.0"
"CZ06","pop_tot_Sheet_7",2020,"108515.0"
"CZ06","pop_tot_Sheet_7",2021,"108168.0"
"CZ06","pop_tot_Sheet_7",2022,"110209.0"
"CZ06","pop_tot_Sheet_7",2023,"116215.0"
"CZ06","pop_tot_Sheet_7",2024,"123591.0"
"CZ07","pop_tot_Sheet_7",2015,"79778.0"
"CZ07","pop_tot_Sheet_7",2016,"80874.0"
"CZ07","pop_tot_Sheet_7",2017,"81144.0"
"CZ07","pop_tot_Sheet_7",2018,"81218.0"
"CZ07","pop_tot_Sheet_7",2019,"79760.0"
"CZ07","pop_tot_Sheet_7",2020,"78813.0"
"CZ07","pop_tot_Sheet_7",2021,"78567.0"
"CZ07","pop_tot_Sheet_7",2022,"79906.0"
"CZ07","pop_tot_Sheet_7",2023,"83812.0"
"CZ07","pop_tot_Sheet_7",2024,"88644.0"
"CZ08","pop_tot_Sheet_7",2015,"83083.0"
"CZ08","pop_tot_Sheet_7",2016,"84941.0"
"CZ08","pop_tot_Sheet_7",2017,"85908.0"
"CZ08","pop_tot_Sheet_7",2018,"85786.0"
"CZ08","pop_tot_Sheet_7",2019,"83905.0"
"CZ08","pop_tot_Sheet_7",2020,"82007.0"
"CZ08","pop_tot_Sheet_7",2021,"81252.0"
"CZ08","pop_tot_Sheet_7",2022,"81645.0"
"CZ08","pop_tot_Sheet_7",2023,"84190.0"
"CZ08","pop_tot_Sheet_7",2024,"88379.0"
"DK01","pop_tot_Sheet_7",2015,"117210.0"
"DK01","pop_tot_Sheet_7",2016,"121524.0"
"DK01","pop_tot_Sheet_7",2017,"126606.0"
"DK01","pop_tot_Sheet_7",2018,"129337.0"
"DK01","pop_tot_Sheet_7",2019,"128658.0"
"DK01","pop_tot_Sheet_7",2020,"126173.0"
"DK01","pop_tot_Sheet_7",2021,"123030.0"
"DK01","pop_tot_Sheet_7",2022,"120745.0"
"DK01","pop_tot_Sheet_7",2023,"120819.0"
"DK01","pop_tot_Sheet_7",2024,"121700.0"
"DK02","pop_tot_Sheet_7",2015,"61607.0"
"DK02","pop_tot_Sheet_7",2016,"63540.0"
"DK02","pop_tot_Sheet_7",2017,"66062.0"
"DK02","pop_tot_Sheet_7",2018,"67296.0"
"DK02","pop_tot_Sheet_7",2019,"66767.0"
"DK02","pop_tot_Sheet_7",2020,"65364.0"
"DK02","pop_tot_Sheet_7",2021,"63688.0"
"DK02","pop_tot_Sheet_7",2022,"62036.0"
"DK02","pop_tot_Sheet_7",2023,"61510.0"
"DK02","pop_tot_Sheet_7",2024,"61132.0"
"DK03","pop_tot_Sheet_7",2015,"87048.0"
"DK03","pop_tot_Sheet_7",2016,"88795.0"
"DK03","pop_tot_Sheet_7",2017,"91291.0"
"DK03","pop_tot_Sheet_7",2018,"92035.0"
"DK03","pop_tot_Sheet_7",2019,"90636.0"
"DK03","pop_tot_Sheet_7",2020,"88487.0"
"DK03","pop_tot_Sheet_7",2021,"86200.0"
"DK03","pop_tot_Sheet_7",2022,"84090.0"
"DK03","pop_tot_Sheet_7",2023,"83483.0"
"DK03","pop_tot_Sheet_7",2024,"83100.0"
"DK04","pop_tot_Sheet_7",2015,"87358.0"
"DK04","pop_tot_Sheet_7",2016,"89554.0"
"DK04","pop_tot_Sheet_7",2017,"92373.0"
"DK04","pop_tot_Sheet_7",2018,"93171.0"
"DK04","pop_tot_Sheet_7",2019,"92382.0"
"DK04","pop_tot_Sheet_7",2020,"90764.0"
"DK04","pop_tot_Sheet_7",2021,"88987.0"
"DK04","pop_tot_Sheet_7",2022,"87399.0"
"DK04","pop_tot_Sheet_7",2023,"87701.0"
"DK04","pop_tot_Sheet_7",2024,"87749.0"
"DK05","pop_tot_Sheet_7",2015,"41874.0"
"DK05","pop_tot_Sheet_7",2016,"42361.0"
"DK05","pop_tot_Sheet_7",2017,"43161.0"
"DK05","pop_tot_Sheet_7",2018,"43172.0"
"DK05","pop_tot_Sheet_7",2019,"42338.0"
"DK05","pop_tot_Sheet_7",2020,"41118.0"
"DK05","pop_tot_Sheet_7",2021,"39741.0"
"DK05","pop_tot_Sheet_7",2022,"38240.0"
"DK05","pop_tot_Sheet_7",2023,"37857.0"
"DK05","pop_tot_Sheet_7",2024,"37250.0"
"DE11","pop_tot_Sheet_7",2015,"328376.0"
"DE11","pop_tot_Sheet_7",2016,"334802.0"
"DE11","pop_tot_Sheet_7",2017,"338389.0"
"DE11","pop_tot_Sheet_7",2018,"339958.0"
"DE11","pop_tot_Sheet_7",2019,"338080.0"
"DE11","pop_tot_Sheet_7",2020,"332239.0"
"DE11","pop_tot_Sheet_7",2021,"323910.0"
"DE11","pop_tot_Sheet_7",2022,"312265.0"
"DE11","pop_tot_Sheet_7",2023,"298182.0"
"DE11","pop_tot_Sheet_7",2024,"282919.0"
"DE12","pop_tot_Sheet_7",2015,"227165.0"
"DE12","pop_tot_Sheet_7",2016,"230708.0"
"DE12","pop_tot_Sheet_7",2017,"232189.0"
"DE12","pop_tot_Sheet_7",2018,"232370.0"
"DE12","pop_tot_Sheet_7",2019,"230354.0"
"DE12","pop_tot_Sheet_7",2020,"225326.0"
"DE12","pop_tot_Sheet_7",2021,"218209.0"
"DE12","pop_tot_Sheet_7",2022,"209830.0"
"DE12","pop_tot_Sheet_7",2023,"200140.0"
"DE12","pop_tot_Sheet_7",2024,"188426.0"
"DE13","pop_tot_Sheet_7",2015,"184258.0"
"DE13","pop_tot_Sheet_7",2016,"187065.0"
"DE13","pop_tot_Sheet_7",2017,"188450.0"
"DE13","pop_tot_Sheet_7",2018,"188598.0"
"DE13","pop_tot_Sheet_7",2019,"186778.0"
"DE13","pop_tot_Sheet_7",2020,"182572.0"
"DE13","pop_tot_Sheet_7",2021,"176670.0"
"DE13","pop_tot_Sheet_7",2022,"168837.0"
"DE13","pop_tot_Sheet_7",2023,"160801.0"
"DE13","pop_tot_Sheet_7",2024,"151216.0"
"DE14","pop_tot_Sheet_7",2015,"149422.0"
"DE14","pop_tot_Sheet_7",2016,"152048.0"
"DE14","pop_tot_Sheet_7",2017,"153607.0"
"DE14","pop_tot_Sheet_7",2018,"154202.0"
"DE14","pop_tot_Sheet_7",2019,"152478.0"
"DE14","pop_tot_Sheet_7",2020,"149542.0"
"DE14","pop_tot_Sheet_7",2021,"145110.0"
"DE14","pop_tot_Sheet_7",2022,"139653.0"
"DE14","pop_tot_Sheet_7",2023,"133737.0"
"DE14","pop_tot_Sheet_7",2024,"126422.0"
"DE21","pop_tot_Sheet_7",2015,"359707.0"
"DE21","pop_tot_Sheet_7",2016,"370980.0"
"DE21","pop_tot_Sheet_7",2017,"378415.0"
"DE21","pop_tot_Sheet_7",2018,"384166.0"
"DE21","pop_tot_Sheet_7",2019,"386161.0"
"DE21","pop_tot_Sheet_7",2020,"382124.0"
"DE21","pop_tot_Sheet_7",2021,"372860.0"
"DE21","pop_tot_Sheet_7",2022,"359261.0"
"DE21","pop_tot_Sheet_7",2023,"342575.0"
"DE21","pop_tot_Sheet_7",2024,"323043.0"
"DE22","pop_tot_Sheet_7",2015,"103726.0"
"DE22","pop_tot_Sheet_7",2016,"104450.0"
"DE22","pop_tot_Sheet_7",2017,"104374.0"
"DE22","pop_tot_Sheet_7",2018,"104374.0"
"DE22","pop_tot_Sheet_7",2019,"103332.0"
"DE22","pop_tot_Sheet_7",2020,"102131.0"
"DE22","pop_tot_Sheet_7",2021,"99995.0"
"DE22","pop_tot_Sheet_7",2022,"97248.0"
"DE22","pop_tot_Sheet_7",2023,"92442.0"
"DE22","pop_tot_Sheet_7",2024,"87803.0"
"DE23","pop_tot_Sheet_7",2015,"94206.0"
"DE23","pop_tot_Sheet_7",2016,"95013.0"
"DE23","pop_tot_Sheet_7",2017,"95281.0"
"DE23","pop_tot_Sheet_7",2018,"94827.0"
"DE23","pop_tot_Sheet_7",2019,"93644.0"
"DE23","pop_tot_Sheet_7",2020,"91577.0"
"DE23","pop_tot_Sheet_7",2021,"89033.0"
"DE23","pop_tot_Sheet_7",2022,"85788.0"
"DE23","pop_tot_Sheet_7",2023,"81709.0"
"DE23","pop_tot_Sheet_7",2024,"77319.0"
"DE24","pop_tot_Sheet_7",2015,"93457.0"
"DE24","pop_tot_Sheet_7",2016,"93785.0"
"DE24","pop_tot_Sheet_7",2017,"93025.0"
"DE24","pop_tot_Sheet_7",2018,"92624.0"
"DE24","pop_tot_Sheet_7",2019,"91475.0"
"DE24","pop_tot_Sheet_7",2020,"89104.0"
"DE24","pop_tot_Sheet_7",2021,"86524.0"
"DE24","pop_tot_Sheet_7",2022,"83246.0"
"DE24","pop_tot_Sheet_7",2023,"78694.0"
"DE24","pop_tot_Sheet_7",2024,"73524.0"
"DE25","pop_tot_Sheet_7",2015,"142681.0"
"DE25","pop_tot_Sheet_7",2016,"144935.0"
"DE25","pop_tot_Sheet_7",2017,"145968.0"
"DE25","pop_tot_Sheet_7",2018,"146991.0"
"DE25","pop_tot_Sheet_7",2019,"146194.0"
"DE25","pop_tot_Sheet_7",2020,"143749.0"
"DE25","pop_tot_Sheet_7",2021,"139879.0"
"DE25","pop_tot_Sheet_7",2022,"134630.0"
"DE25","pop_tot_Sheet_7",2023,"128250.0"
"DE25","pop_tot_Sheet_7",2024,"120555.0"
"DE26","pop_tot_Sheet_7",2015,"114061.0"
"DE26","pop_tot_Sheet_7",2016,"114515.0"
"DE26","pop_tot_Sheet_7",2017,"114122.0"
"DE26","pop_tot_Sheet_7",2018,"113372.0"
"DE26","pop_tot_Sheet_7",2019,"111211.0"
"DE26","pop_tot_Sheet_7",2020,"108233.0"
"DE26","pop_tot_Sheet_7",2021,"103831.0"
"DE26","pop_tot_Sheet_7",2022,"98943.0"
"DE26","pop_tot_Sheet_7",2023,"92876.0"
"DE26","pop_tot_Sheet_7",2024,"86814.0"
"DE27","pop_tot_Sheet_7",2015,"151963.0"
"DE27","pop_tot_Sheet_7",2016,"154914.0"
"DE27","pop_tot_Sheet_7",2017,"156568.0"
"DE27","pop_tot_Sheet_7",2018,"157294.0"
"DE27","pop_tot_Sheet_7",2019,"156987.0"
"DE27","pop_tot_Sheet_7",2020,"154762.0"
"DE27","pop_tot_Sheet_7",2021,"150308.0"
"DE27","pop_tot_Sheet_7",2022,"144929.0"
"DE27","pop_tot_Sheet_7",2023,"137216.0"
"DE27","pop_tot_Sheet_7",2024,"129476.0"
"DE30","pop_tot_Sheet_7",2015,"272788.0"
"DE30","pop_tot_Sheet_7",2016,"278740.0"
"DE30","pop_tot_Sheet_7",2017,"280370.0"
"DE30","pop_tot_Sheet_7",2018,"277463.0"
"DE30","pop_tot_Sheet_7",2019,"271426.0"
"DE30","pop_tot_Sheet_7",2020,"262286.0"
"DE30","pop_tot_Sheet_7",2021,"251825.0"
"DE30","pop_tot_Sheet_7",2022,"242327.0"
"DE30","pop_tot_Sheet_7",2023,"232379.0"
"DE30","pop_tot_Sheet_7",2024,"220494.0"
"DE40","pop_tot_Sheet_7",2015,"241141.0"
"DE40","pop_tot_Sheet_7",2016,"240783.0"
"DE40","pop_tot_Sheet_7",2017,"236188.0"
"DE40","pop_tot_Sheet_7",2018,"228372.0"
"DE40","pop_tot_Sheet_7",2019,"218065.0"
"DE40","pop_tot_Sheet_7",2020,"207593.0"
"DE40","pop_tot_Sheet_7",2021,"197754.0"
"DE40","pop_tot_Sheet_7",2022,"188951.0"
"DE40","pop_tot_Sheet_7",2023,"179493.0"
"DE40","pop_tot_Sheet_7",2024,"168031.0"
"DE50","pop_tot_Sheet_7",2015,"51051.0"
"DE50","pop_tot_Sheet_7",2016,"52385.0"
"DE50","pop_tot_Sheet_7",2017,"53187.0"
"DE50","pop_tot_Sheet_7",2018,"53167.0"
"DE50","pop_tot_Sheet_7",2019,"53056.0"
"DE50","pop_tot_Sheet_7",2020,"51743.0"
"DE50","pop_tot_Sheet_7",2021,"49899.0"
"DE50","pop_tot_Sheet_7",2022,"47451.0"
"DE50","pop_tot_Sheet_7",2023,"46303.0"
"DE50","pop_tot_Sheet_7",2024,"43973.0"
"DE60","pop_tot_Sheet_7",2015,"131943.0"
"DE60","pop_tot_Sheet_7",2016,"135806.0"
"DE60","pop_tot_Sheet_7",2017,"139687.0"
"DE60","pop_tot_Sheet_7",2018,"142685.0"
"DE60","pop_tot_Sheet_7",2019,"143394.0"
"DE60","pop_tot_Sheet_7",2020,"140413.0"
"DE60","pop_tot_Sheet_7",2021,"137321.0"
"DE60","pop_tot_Sheet_7",2022,"132596.0"
"DE60","pop_tot_Sheet_7",2023,"125669.0"
"DE60","pop_tot_Sheet_7",2024,"120313.0"
"DE71","pop_tot_Sheet_7",2015,"317546.0"
"DE71","pop_tot_Sheet_7",2016,"326726.0"
"DE71","pop_tot_Sheet_7",2017,"332925.0"
"DE71","pop_tot_Sheet_7",2018,"336772.0"
"DE71","pop_tot_Sheet_7",2019,"336517.0"
"DE71","pop_tot_Sheet_7",2020,"331301.0"
"DE71","pop_tot_Sheet_7",2021,"321944.0"
"DE71","pop_tot_Sheet_7",2022,"309046.0"
"DE71","pop_tot_Sheet_7",2023,"294242.0"
"DE71","pop_tot_Sheet_7",2024,"278203.0"
"DE72","pop_tot_Sheet_7",2015,"87557.0"
"DE72","pop_tot_Sheet_7",2016,"88383.0"
"DE72","pop_tot_Sheet_7",2017,"87704.0"
"DE72","pop_tot_Sheet_7",2018,"87319.0"
"DE72","pop_tot_Sheet_7",2019,"85570.0"
"DE72","pop_tot_Sheet_7",2020,"83213.0"
"DE72","pop_tot_Sheet_7",2021,"80376.0"
"DE72","pop_tot_Sheet_7",2022,"77104.0"
"DE72","pop_tot_Sheet_7",2023,"72780.0"
"DE72","pop_tot_Sheet_7",2024,"68345.0"
"DE73","pop_tot_Sheet_7",2015,"102958.0"
"DE73","pop_tot_Sheet_7",2016,"104202.0"
"DE73","pop_tot_Sheet_7",2017,"104455.0"
"DE73","pop_tot_Sheet_7",2018,"103742.0"
"DE73","pop_tot_Sheet_7",2019,"102414.0"
"DE73","pop_tot_Sheet_7",2020,"99952.0"
"DE73","pop_tot_Sheet_7",2021,"96819.0"
"DE73","pop_tot_Sheet_7",2022,"93059.0"
"DE73","pop_tot_Sheet_7",2023,"87633.0"
"DE73","pop_tot_Sheet_7",2024,"82080.0"
"DE80","pop_tot_Sheet_7",2015,"151068.0"
"DE80","pop_tot_Sheet_7",2016,"148533.0"
"DE80","pop_tot_Sheet_7",2017,"143647.0"
"DE80","pop_tot_Sheet_7",2018,"137464.0"
"DE80","pop_tot_Sheet_7",2019,"130252.0"
"DE80","pop_tot_Sheet_7",2020,"122946.0"
"DE80","pop_tot_Sheet_7",2021,"116768.0"
"DE80","pop_tot_Sheet_7",2022,"111441.0"
"DE80","pop_tot_Sheet_7",2023,"104683.0"
"DE80","pop_tot_Sheet_7",2024,"98153.0"
"DE91","pop_tot_Sheet_7",2015,"133230.0"
"DE91","pop_tot_Sheet_7",2016,"134756.0"
"DE91","pop_tot_Sheet_7",2017,"135305.0"
"DE91","pop_tot_Sheet_7",2018,"135160.0"
"DE91","pop_tot_Sheet_7",2019,"133741.0"
"DE91","pop_tot_Sheet_7",2020,"130462.0"
"DE91","pop_tot_Sheet_7",2021,"126443.0"
"DE91","pop_tot_Sheet_7",2022,"120678.0"
"DE91","pop_tot_Sheet_7",2023,"113932.0"
"DE91","pop_tot_Sheet_7",2024,"106063.0"
"DE92","pop_tot_Sheet_7",2015,"177555.0"
"DE92","pop_tot_Sheet_7",2016,"181110.0"
"DE92","pop_tot_Sheet_7",2017,"183370.0"
"DE92","pop_tot_Sheet_7",2018,"184031.0"
"DE92","pop_tot_Sheet_7",2019,"183162.0"
"DE92","pop_tot_Sheet_7",2020,"179598.0"
"DE92","pop_tot_Sheet_7",2021,"173328.0"
"DE92","pop_tot_Sheet_7",2022,"164875.0"
"DE92","pop_tot_Sheet_7",2023,"154442.0"
"DE92","pop_tot_Sheet_7",2024,"143612.0"
"DE93","pop_tot_Sheet_7",2015,"146319.0"
"DE93","pop_tot_Sheet_7",2016,"149678.0"
"DE93","pop_tot_Sheet_7",2017,"151761.0"
"DE93","pop_tot_Sheet_7",2018,"153348.0"
"DE93","pop_tot_Sheet_7",2019,"152412.0"
"DE93","pop_tot_Sheet_7",2020,"149577.0"
"DE93","pop_tot_Sheet_7",2021,"144562.0"
"DE93","pop_tot_Sheet_7",2022,"138552.0"
"DE93","pop_tot_Sheet_7",2023,"129860.0"
"DE93","pop_tot_Sheet_7",2024,"120838.0"
"DE94","pop_tot_Sheet_7",2015,"205970.0"
"DE94","pop_tot_Sheet_7",2016,"210981.0"
"DE94","pop_tot_Sheet_7",2017,"213228.0"
"DE94","pop_tot_Sheet_7",2018,"215311.0"
"DE94","pop_tot_Sheet_7",2019,"214449.0"
"DE94","pop_tot_Sheet_7",2020,"211292.0"
"DE94","pop_tot_Sheet_7",2021,"205511.0"
"DE94","pop_tot_Sheet_7",2022,"198230.0"
"DE94","pop_tot_Sheet_7",2023,"189616.0"
"DE94","pop_tot_Sheet_7",2024,"178551.0"
"DEA1","pop_tot_Sheet_7",2015,"432602.0"
"DEA1","pop_tot_Sheet_7",2016,"440087.0"
"DEA1","pop_tot_Sheet_7",2017,"444804.0"
"DEA1","pop_tot_Sheet_7",2018,"446133.0"
"DEA1","pop_tot_Sheet_7",2019,"441344.0"
"DEA1","pop_tot_Sheet_7",2020,"431805.0"
"DEA1","pop_tot_Sheet_7",2021,"415778.0"
"DEA1","pop_tot_Sheet_7",2022,"396681.0"
"DEA1","pop_tot_Sheet_7",2023,"379200.0"
"DEA1","pop_tot_Sheet_7",2024,"353999.0"
"DEA2","pop_tot_Sheet_7",2015,"362932.0"
"DEA2","pop_tot_Sheet_7",2016,"370565.0"
"DEA2","pop_tot_Sheet_7",2017,"375490.0"
"DEA2","pop_tot_Sheet_7",2018,"378154.0"
"DEA2","pop_tot_Sheet_7",2019,"375815.0"
"DEA2","pop_tot_Sheet_7",2020,"368400.0"
"DEA2","pop_tot_Sheet_7",2021,"355315.0"
"DEA2","pop_tot_Sheet_7",2022,"338230.0"
"DEA2","pop_tot_Sheet_7",2023,"321576.0"
"DEA2","pop_tot_Sheet_7",2024,"300799.0"
"DEA3","pop_tot_Sheet_7",2015,"220235.0"
"DEA3","pop_tot_Sheet_7",2016,"223993.0"
"DEA3","pop_tot_Sheet_7",2017,"225932.0"
"DEA3","pop_tot_Sheet_7",2018,"227294.0"
"DEA3","pop_tot_Sheet_7",2019,"225257.0"
"DEA3","pop_tot_Sheet_7",2020,"220234.0"
"DEA3","pop_tot_Sheet_7",2021,"212197.0"
"DEA3","pop_tot_Sheet_7",2022,"203090.0"
"DEA3","pop_tot_Sheet_7",2023,"192947.0"
"DEA3","pop_tot_Sheet_7",2024,"180048.0"
"DEA4","pop_tot_Sheet_7",2015,"170002.0"
"DEA4","pop_tot_Sheet_7",2016,"171809.0"
"DEA4","pop_tot_Sheet_7",2017,"172914.0"
"DEA4","pop_tot_Sheet_7",2018,"172892.0"
"DEA4","pop_tot_Sheet_7",2019,"171093.0"
"DEA4","pop_tot_Sheet_7",2020,"167270.0"
"DEA4","pop_tot_Sheet_7",2021,"161786.0"
"DEA4","pop_tot_Sheet_7",2022,"155019.0"
"DEA4","pop_tot_Sheet_7",2023,"148656.0"
"DEA4","pop_tot_Sheet_7",2024,"139387.0"
"DEA5","pop_tot_Sheet_7",2015,"299698.0"
"DEA5","pop_tot_Sheet_7",2016,"304433.0"
"DEA5","pop_tot_Sheet_7",2017,"306663.0"
"DEA5","pop_tot_Sheet_7",2018,"305872.0"
"DEA5","pop_tot_Sheet_7",2019,"302589.0"
"DEA5","pop_tot_Sheet_7",2020,"295659.0"
"DEA5","pop_tot_Sheet_7",2021,"285021.0"
"DEA5","pop_tot_Sheet_7",2022,"271796.0"
"DEA5","pop_tot_Sheet_7",2023,"260299.0"
"DEA5","pop_tot_Sheet_7",2024,"242666.0"
"DEB1","pop_tot_Sheet_7",2015,"131634.0"
"DEB1","pop_tot_Sheet_7",2016,"132804.0"
"DEB1","pop_tot_Sheet_7",2017,"133000.0"
"DEB1","pop_tot_Sheet_7",2018,"132167.0"
"DEB1","pop_tot_Sheet_7",2019,"129693.0"
"DEB1","pop_tot_Sheet_7",2020,"125682.0"
"DEB1","pop_tot_Sheet_7",2021,"120658.0"
"DEB1","pop_tot_Sheet_7",2022,"114522.0"
"DEB1","pop_tot_Sheet_7",2023,"109565.0"
"DEB1","pop_tot_Sheet_7",2024,"101775.0"
"DEB2","pop_tot_Sheet_7",2015,"45173.0"
"DEB2","pop_tot_Sheet_7",2016,"46210.0"
"DEB2","pop_tot_Sheet_7",2017,"46199.0"
"DEB2","pop_tot_Sheet_7",2018,"45734.0"
"DEB2","pop_tot_Sheet_7",2019,"44912.0"
"DEB2","pop_tot_Sheet_7",2020,"43710.0"
"DEB2","pop_tot_Sheet_7",2021,"42065.0"
"DEB2","pop_tot_Sheet_7",2022,"40047.0"
"DEB2","pop_tot_Sheet_7",2023,"37702.0"
"DEB2","pop_tot_Sheet_7",2024,"35277.0"
"DEB3","pop_tot_Sheet_7",2015,"175304.0"
"DEB3","pop_tot_Sheet_7",2016,"176300.0"
"DEB3","pop_tot_Sheet_7",2017,"176228.0"
"DEB3","pop_tot_Sheet_7",2018,"174762.0"
"DEB3","pop_tot_Sheet_7",2019,"172052.0"
"DEB3","pop_tot_Sheet_7",2020,"167689.0"
"DEB3","pop_tot_Sheet_7",2021,"161539.0"
"DEB3","pop_tot_Sheet_7",2022,"154481.0"
"DEB3","pop_tot_Sheet_7",2023,"146598.0"
"DEB3","pop_tot_Sheet_7",2024,"137336.0"
"DEC0","pop_tot_Sheet_7",2015,"89019.0"
"DEC0","pop_tot_Sheet_7",2016,"88911.0"
"DEC0","pop_tot_Sheet_7",2017,"87664.0"
"DEC0","pop_tot_Sheet_7",2018,"85974.0"
"DEC0","pop_tot_Sheet_7",2019,"83687.0"
"DEC0","pop_tot_Sheet_7",2020,"80413.0"
"DEC0","pop_tot_Sheet_7",2021,"76229.0"
"DEC0","pop_tot_Sheet_7",2022,"71976.0"
"DEC0","pop_tot_Sheet_7",2023,"69792.0"
"DEC0","pop_tot_Sheet_7",2024,"64581.0"
"DED2","pop_tot_Sheet_7",2015,"129342.0"
"DED2","pop_tot_Sheet_7",2016,"129033.0"
"DED2","pop_tot_Sheet_7",2017,"126837.0"
"DED2","pop_tot_Sheet_7",2018,"123139.0"
"DED2","pop_tot_Sheet_7",2019,"118098.0"
"DED2","pop_tot_Sheet_7",2020,"113203.0"
"DED2","pop_tot_Sheet_7",2021,"109512.0"
"DED2","pop_tot_Sheet_7",2022,"106772.0"
"DED2","pop_tot_Sheet_7",2023,"103799.0"
"DED2","pop_tot_Sheet_7",2024,"99426.0"
"DED4","pop_tot_Sheet_7",2015,"120678.0"
"DED4","pop_tot_Sheet_7",2016,"119931.0"
"DED4","pop_tot_Sheet_7",2017,"117000.0"
"DED4","pop_tot_Sheet_7",2018,"113232.0"
"DED4","pop_tot_Sheet_7",2019,"108864.0"
"DED4","pop_tot_Sheet_7",2020,"104359.0"
"DED4","pop_tot_Sheet_7",2021,"100827.0"
"DED4","pop_tot_Sheet_7",2022,"98585.0"
"DED4","pop_tot_Sheet_7",2023,"95145.0"
"DED4","pop_tot_Sheet_7",2024,"90665.0"
"DED5","pop_tot_Sheet_7",2015,"79171.0"
"DED5","pop_tot_Sheet_7",2016,"79768.0"
"DED5","pop_tot_Sheet_7",2017,"79020.0"
"DED5","pop_tot_Sheet_7",2018,"77414.0"
"DED5","pop_tot_Sheet_7",2019,"75139.0"
"DED5","pop_tot_Sheet_7",2020,"72842.0"
"DED5","pop_tot_Sheet_7",2021,"70856.0"
"DED5","pop_tot_Sheet_7",2022,"69345.0"
"DED5","pop_tot_Sheet_7",2023,"67253.0"
"DED5","pop_tot_Sheet_7",2024,"64024.0"
"DEE0","pop_tot_Sheet_7",2015,"201256.0"
"DEE0","pop_tot_Sheet_7",2016,"199156.0"
"DEE0","pop_tot_Sheet_7",2017,"194054.0"
"DEE0","pop_tot_Sheet_7",2018,"187614.0"
"DEE0","pop_tot_Sheet_7",2019,"179578.0"
"DEE0","pop_tot_Sheet_7",2020,"172131.0"
"DEE0","pop_tot_Sheet_7",2021,"165296.0"
"DEE0","pop_tot_Sheet_7",2022,"160163.0"
"DEE0","pop_tot_Sheet_7",2023,"152155.0"
"DEE0","pop_tot_Sheet_7",2024,"142078.0"
"DEF0","pop_tot_Sheet_7",2015,"241630.0"
"DEF0","pop_tot_Sheet_7",2016,"248894.0"
"DEF0","pop_tot_Sheet_7",2017,"254443.0"
"DEF0","pop_tot_Sheet_7",2018,"258599.0"
"DEF0","pop_tot_Sheet_7",2019,"258715.0"
"DEF0","pop_tot_Sheet_7",2020,"254271.0"
"DEF0","pop_tot_Sheet_7",2021,"245884.0"
"DEF0","pop_tot_Sheet_7",2022,"234899.0"
"DEF0","pop_tot_Sheet_7",2023,"222609.0"
"DEF0","pop_tot_Sheet_7",2024,"206025.0"
"DEG0","pop_tot_Sheet_7",2015,"189828.0"
"DEG0","pop_tot_Sheet_7",2016,"187573.0"
"DEG0","pop_tot_Sheet_7",2017,"181844.0"
"DEG0","pop_tot_Sheet_7",2018,"175455.0"
"DEG0","pop_tot_Sheet_7",2019,"167960.0"
"DEG0","pop_tot_Sheet_7",2020,"160832.0"
"DEG0","pop_tot_Sheet_7",2021,"155382.0"
"DEG0","pop_tot_Sheet_7",2022,"150566.0"
"DEG0","pop_tot_Sheet_7",2023,"147113.0"
"DEG0","pop_tot_Sheet_7",2024,"139733.0"
"EE00","pop_tot_Sheet_7",2015,"89526.0"
"EE00","pop_tot_Sheet_7",2016,"87234.0"
"EE00","pop_tot_Sheet_7",2017,"84678.0"
"EE00","pop_tot_Sheet_7",2018,"82941.0"
"EE00","pop_tot_Sheet_7",2019,"83105.0"
"EE00","pop_tot_Sheet_7",2020,"83813.0"
"EE00","pop_tot_Sheet_7",2021,"85537.0"
"EE00","pop_tot_Sheet_7",2022,"87998.0"
"EE00","pop_tot_Sheet_7",2023,"91768.0"
"EE00","pop_tot_Sheet_7",2024,"93129.0"
"IE04","pop_tot_Sheet_7",2015,"53624.0"
"IE04","pop_tot_Sheet_7",2016,"54119.0"
"IE04","pop_tot_Sheet_7",2017,"55300.0"
"IE04","pop_tot_Sheet_7",2018,"56017.0"
"IE04","pop_tot_Sheet_7",2019,"56822.0"
"IE04","pop_tot_Sheet_7",2020,"57946.0"
"IE04","pop_tot_Sheet_7",2021,"59392.0"
"IE04","pop_tot_Sheet_7",2022,"60404.0"
"IE04","pop_tot_Sheet_7",2023,"62550.0"
"IE04","pop_tot_Sheet_7",2024,"63734.0"
"IE05","pop_tot_Sheet_7",2015,"102289.0"
"IE05","pop_tot_Sheet_7",2016,"103454.0"
"IE05","pop_tot_Sheet_7",2017,"105144.0"
"IE05","pop_tot_Sheet_7",2018,"106070.0"
"IE05","pop_tot_Sheet_7",2019,"106982.0"
"IE05","pop_tot_Sheet_7",2020,"108972.0"
"IE05","pop_tot_Sheet_7",2021,"111290.0"
"IE05","pop_tot_Sheet_7",2022,"114694.0"
"IE05","pop_tot_Sheet_7",2023,"118372.0"
"IE05","pop_tot_Sheet_7",2024,"122204.0"
"IE06","pop_tot_Sheet_7",2015,"137573.0"
"IE06","pop_tot_Sheet_7",2016,"140087.0"
"IE06","pop_tot_Sheet_7",2017,"142399.0"
"IE06","pop_tot_Sheet_7",2018,"144803.0"
"IE06","pop_tot_Sheet_7",2019,"147768.0"
"IE06","pop_tot_Sheet_7",2020,"151466.0"
"IE06","pop_tot_Sheet_7",2021,"156583.0"
"IE06","pop_tot_Sheet_7",2022,"164290.0"
"IE06","pop_tot_Sheet_7",2023,"170070.0"
"IE06","pop_tot_Sheet_7",2024,"176505.0"
"EL30","pop_tot_Sheet_7",2015,"269077.0"
"EL30","pop_tot_Sheet_7",2016,"267723.0"
"EL30","pop_tot_Sheet_7",2017,"269829.0"
"EL30","pop_tot_Sheet_7",2018,"274016.0"
"EL30","pop_tot_Sheet_7",2019,"278714.0"
"EL30","pop_tot_Sheet_7",2020,"284075.0"
"EL30","pop_tot_Sheet_7",2021,"287956.0"
"EL30","pop_tot_Sheet_7",2022,"302187.0"
"EL30","pop_tot_Sheet_7",2023,"300904.0"
"EL30","pop_tot_Sheet_7",2024,"298093.0"
"EL41","pop_tot_Sheet_7",2015,"12768.0"
"EL41","pop_tot_Sheet_7",2016,"12847.0"
"EL41","pop_tot_Sheet_7",2017,"13083.0"
"EL41","pop_tot_Sheet_7",2018,"13342.0"
"EL41","pop_tot_Sheet_7",2019,"13802.0"
"EL41","pop_tot_Sheet_7",2020,"14144.0"
"EL41","pop_tot_Sheet_7",2021,"14199.0"
"EL41","pop_tot_Sheet_7",2022,"13645.0"
"EL41","pop_tot_Sheet_7",2023,"13648.0"
"EL41","pop_tot_Sheet_7",2024,"13435.0"
"EL42","pop_tot_Sheet_7",2015,"22077.0"
"EL42","pop_tot_Sheet_7",2016,"22105.0"
"EL42","pop_tot_Sheet_7",2017,"22349.0"
"EL42","pop_tot_Sheet_7",2018,"22756.0"
"EL42","pop_tot_Sheet_7",2019,"23364.0"
"EL42","pop_tot_Sheet_7",2020,"23879.0"
"EL42","pop_tot_Sheet_7",2021,"24453.0"
"EL42","pop_tot_Sheet_7",2022,"24668.0"
"EL42","pop_tot_Sheet_7",2023,"24753.0"
"EL42","pop_tot_Sheet_7",2024,"24777.0"
"EL43","pop_tot_Sheet_7",2015,"39941.0"
"EL43","pop_tot_Sheet_7",2016,"40478.0"
"EL43","pop_tot_Sheet_7",2017,"41301.0"
"EL43","pop_tot_Sheet_7",2018,"42639.0"
"EL43","pop_tot_Sheet_7",2019,"44059.0"
"EL43","pop_tot_Sheet_7",2020,"45916.0"
"EL43","pop_tot_Sheet_7",2021,"47124.0"
"EL43","pop_tot_Sheet_7",2022,"46379.0"
"EL43","pop_tot_Sheet_7",2023,"46173.0"
"EL43","pop_tot_Sheet_7",2024,"46238.0"
"EL51","pop_tot_Sheet_7",2015,"39830.0"
"EL51","pop_tot_Sheet_7",2016,"39956.0"
"EL51","pop_tot_Sheet_7",2017,"40176.0"
"EL51","pop_tot_Sheet_7",2018,"41152.0"
"EL51","pop_tot_Sheet_7",2019,"41958.0"
"EL51","pop_tot_Sheet_7",2020,"42361.0"
"EL51","pop_tot_Sheet_7",2021,"42401.0"
"EL51","pop_tot_Sheet_7",2022,"40281.0"
"EL51","pop_tot_Sheet_7",2023,"39508.0"
"EL51","pop_tot_Sheet_7",2024,"39144.0"
"EL52","pop_tot_Sheet_7",2015,"129257.0"
"EL52","pop_tot_Sheet_7",2016,"130513.0"
"EL52","pop_tot_Sheet_7",2017,"133839.0"
"EL52","pop_tot_Sheet_7",2018,"138060.0"
"EL52","pop_tot_Sheet_7",2019,"142270.0"
"EL52","pop_tot_Sheet_7",2020,"144478.0"
"EL52","pop_tot_Sheet_7",2021,"145289.0"
"EL52","pop_tot_Sheet_7",2022,"139317.0"
"EL52","pop_tot_Sheet_7",2023,"137124.0"
"EL52","pop_tot_Sheet_7",2024,"135074.0"
"EL53","pop_tot_Sheet_7",2015,"20057.0"
"EL53","pop_tot_Sheet_7",2016,"20012.0"
"EL53","pop_tot_Sheet_7",2017,"20107.0"
"EL53","pop_tot_Sheet_7",2018,"20612.0"
"EL53","pop_tot_Sheet_7",2019,"21022.0"
"EL53","pop_tot_Sheet_7",2020,"21002.0"
"EL53","pop_tot_Sheet_7",2021,"20845.0"
"EL53","pop_tot_Sheet_7",2022,"20141.0"
"EL53","pop_tot_Sheet_7",2023,"19456.0"
"EL53","pop_tot_Sheet_7",2024,"18800.0"
"EL54","pop_tot_Sheet_7",2015,"21697.0"
"EL54","pop_tot_Sheet_7",2016,"21330.0"
"EL54","pop_tot_Sheet_7",2017,"21392.0"
"EL54","pop_tot_Sheet_7",2018,"21988.0"
"EL54","pop_tot_Sheet_7",2019,"22746.0"
"EL54","pop_tot_Sheet_7",2020,"23472.0"
"EL54","pop_tot_Sheet_7",2021,"23970.0"
"EL54","pop_tot_Sheet_7",2022,"22839.0"
"EL54","pop_tot_Sheet_7",2023,"22608.0"
"EL54","pop_tot_Sheet_7",2024,"22562.0"
"EL61","pop_tot_Sheet_7",2015,"48445.0"
"EL61","pop_tot_Sheet_7",2016,"48479.0"
"EL61","pop_tot_Sheet_7",2017,"49013.0"
"EL61","pop_tot_Sheet_7",2018,"50166.0"
"EL61","pop_tot_Sheet_7",2019,"51490.0"
"EL61","pop_tot_Sheet_7",2020,"52632.0"
"EL61","pop_tot_Sheet_7",2021,"53042.0"
"EL61","pop_tot_Sheet_7",2022,"51737.0"
"EL61","pop_tot_Sheet_7",2023,"50980.0"
"EL61","pop_tot_Sheet_7",2024,"50425.0"
"EL62","pop_tot_Sheet_7",2015,"14647.0"
"EL62","pop_tot_Sheet_7",2016,"14541.0"
"EL62","pop_tot_Sheet_7",2017,"14592.0"
"EL62","pop_tot_Sheet_7",2018,"14917.0"
"EL62","pop_tot_Sheet_7",2019,"15238.0"
"EL62","pop_tot_Sheet_7",2020,"15373.0"
"EL62","pop_tot_Sheet_7",2021,"15549.0"
"EL62","pop_tot_Sheet_7",2022,"15634.0"
"EL62","pop_tot_Sheet_7",2023,"15369.0"
"EL62","pop_tot_Sheet_7",2024,"15176.0"
"EL63","pop_tot_Sheet_7",2015,"44316.0"
"EL63","pop_tot_Sheet_7",2016,"44223.0"
"EL63","pop_tot_Sheet_7",2017,"44397.0"
"EL63","pop_tot_Sheet_7",2018,"45230.0"
"EL63","pop_tot_Sheet_7",2019,"46199.0"
"EL63","pop_tot_Sheet_7",2020,"47127.0"
"EL63","pop_tot_Sheet_7",2021,"47816.0"
"EL63","pop_tot_Sheet_7",2022,"48180.0"
"EL63","pop_tot_Sheet_7",2023,"47612.0"
"EL63","pop_tot_Sheet_7",2024,"47062.0"
"EL64","pop_tot_Sheet_7",2015,"37229.0"
"EL64","pop_tot_Sheet_7",2016,"37507.0"
"EL64","pop_tot_Sheet_7",2017,"37869.0"
"EL64","pop_tot_Sheet_7",2018,"38777.0"
"EL64","pop_tot_Sheet_7",2019,"39878.0"
"EL64","pop_tot_Sheet_7",2020,"41032.0"
"EL64","pop_tot_Sheet_7",2021,"41565.0"
"EL64","pop_tot_Sheet_7",2022,"39234.0"
"EL64","pop_tot_Sheet_7",2023,"38826.0"
"EL64","pop_tot_Sheet_7",2024,"38086.0"
"EL65","pop_tot_Sheet_7",2015,"40492.0"
"EL65","pop_tot_Sheet_7",2016,"40281.0"
"EL65","pop_tot_Sheet_7",2017,"40259.0"
"EL65","pop_tot_Sheet_7",2018,"40767.0"
"EL65","pop_tot_Sheet_7",2019,"41467.0"
"EL65","pop_tot_Sheet_7",2020,"42330.0"
"EL65","pop_tot_Sheet_7",2021,"42842.0"
"EL65","pop_tot_Sheet_7",2022,"41121.0"
"EL65","pop_tot_Sheet_7",2023,"40413.0"
"EL65","pop_tot_Sheet_7",2024,"39647.0"
"ES11","pop_tot_Sheet_7",2015,"199122.0"
"ES11","pop_tot_Sheet_7",2016,"198968.0"
"ES11","pop_tot_Sheet_7",2017,"200326.0"
"ES11","pop_tot_Sheet_7",2018,"203285.0"
"ES11","pop_tot_Sheet_7",2019,"206773.0"
"ES11","pop_tot_Sheet_7",2020,"209443.0"
"ES11","pop_tot_Sheet_7",2021,"211542.0"
"ES11","pop_tot_Sheet_7",2022,"213570.0"
"ES11","pop_tot_Sheet_7",2023,"215969.0"
"ES11","pop_tot_Sheet_7",2024,"217978.0"
"ES12","pop_tot_Sheet_7",2015,"83395.0"
"ES12","pop_tot_Sheet_7",2016,"82382.0"
"ES12","pop_tot_Sheet_7",2017,"81832.0"
"ES12","pop_tot_Sheet_7",2018,"81671.0"
"ES12","pop_tot_Sheet_7",2019,"81178.0"
"ES12","pop_tot_Sheet_7",2020,"80610.0"
"ES12","pop_tot_Sheet_7",2021,"80569.0"
"ES12","pop_tot_Sheet_7",2022,"81105.0"
"ES12","pop_tot_Sheet_7",2023,"81963.0"
"ES12","pop_tot_Sheet_7",2024,"83420.0"
"ES13","pop_tot_Sheet_7",2015,"44677.0"
"ES13","pop_tot_Sheet_7",2016,"44730.0"
"ES13","pop_tot_Sheet_7",2017,"45057.0"
"ES13","pop_tot_Sheet_7",2018,"45531.0"
"ES13","pop_tot_Sheet_7",2019,"45776.0"
"ES13","pop_tot_Sheet_7",2020,"46082.0"
"ES13","pop_tot_Sheet_7",2021,"46663.0"
"ES13","pop_tot_Sheet_7",2022,"46748.0"
"ES13","pop_tot_Sheet_7",2023,"47427.0"
"ES13","pop_tot_Sheet_7",2024,"48256.0"
"ES21","pop_tot_Sheet_7",2015,"168356.0"
"ES21","pop_tot_Sheet_7",2016,"169670.0"
"ES21","pop_tot_Sheet_7",2017,"171276.0"
"ES21","pop_tot_Sheet_7",2018,"172732.0"
"ES21","pop_tot_Sheet_7",2019,"173129.0"
"ES21","pop_tot_Sheet_7",2020,"172561.0"
"ES21","pop_tot_Sheet_7",2021,"172836.0"
"ES21","pop_tot_Sheet_7",2022,"173793.0"
"ES21","pop_tot_Sheet_7",2023,"175678.0"
"ES21","pop_tot_Sheet_7",2024,"177985.0"
"ES22","pop_tot_Sheet_7",2015,"46606.0"
"ES22","pop_tot_Sheet_7",2016,"47480.0"
"ES22","pop_tot_Sheet_7",2017,"48252.0"
"ES22","pop_tot_Sheet_7",2018,"49113.0"
"ES22","pop_tot_Sheet_7",2019,"49751.0"
"ES22","pop_tot_Sheet_7",2020,"50434.0"
"ES22","pop_tot_Sheet_7",2021,"51153.0"
"ES22","pop_tot_Sheet_7",2022,"51701.0"
"ES22","pop_tot_Sheet_7",2023,"52463.0"
"ES22","pop_tot_Sheet_7",2024,"53326.0"
"ES23","pop_tot_Sheet_7",2015,"23376.0"
"ES23","pop_tot_Sheet_7",2016,"23408.0"
"ES23","pop_tot_Sheet_7",2017,"23512.0"
"ES23","pop_tot_Sheet_7",2018,"23882.0"
"ES23","pop_tot_Sheet_7",2019,"24079.0"
"ES23","pop_tot_Sheet_7",2020,"24370.0"
"ES23","pop_tot_Sheet_7",2021,"24647.0"
"ES23","pop_tot_Sheet_7",2022,"24893.0"
"ES23","pop_tot_Sheet_7",2023,"25242.0"
"ES23","pop_tot_Sheet_7",2024,"25659.0"
"ES24","pop_tot_Sheet_7",2015,"98593.0"
"ES24","pop_tot_Sheet_7",2016,"99062.0"
"ES24","pop_tot_Sheet_7",2017,"99936.0"
"ES24","pop_tot_Sheet_7",2018,"100781.0"
"ES24","pop_tot_Sheet_7",2019,"101599.0"
"ES24","pop_tot_Sheet_7",2020,"101823.0"
"ES24","pop_tot_Sheet_7",2021,"103010.0"
"ES24","pop_tot_Sheet_7",2022,"103520.0"
"ES24","pop_tot_Sheet_7",2023,"105116.0"
"ES24","pop_tot_Sheet_7",2024,"106671.0"
"ES30","pop_tot_Sheet_7",2015,"459146.0"
"ES30","pop_tot_Sheet_7",2016,"469888.0"
"ES30","pop_tot_Sheet_7",2017,"481902.0"
"ES30","pop_tot_Sheet_7",2018,"494144.0"
"ES30","pop_tot_Sheet_7",2019,"505139.0"
"ES30","pop_tot_Sheet_7",2020,"513813.0"
"ES30","pop_tot_Sheet_7",2021,"520576.0"
"ES30","pop_tot_Sheet_7",2022,"530767.0"
"ES30","pop_tot_Sheet_7",2023,"542877.0"
"ES30","pop_tot_Sheet_7",2024,"558385.0"
"ES41","pop_tot_Sheet_7",2015,"195013.0"
"ES41","pop_tot_Sheet_7",2016,"194620.0"
"ES41","pop_tot_Sheet_7",2017,"194017.0"
"ES41","pop_tot_Sheet_7",2018,"193675.0"
"ES41","pop_tot_Sheet_7",2019,"192342.0"
"ES41","pop_tot_Sheet_7",2020,"190769.0"
"ES41","pop_tot_Sheet_7",2021,"189075.0"
"ES41","pop_tot_Sheet_7",2022,"188214.0"
"ES41","pop_tot_Sheet_7",2023,"187808.0"
"ES41","pop_tot_Sheet_7",2024,"187707.0"
"ES42","pop_tot_Sheet_7",2015,"151698.0"
"ES42","pop_tot_Sheet_7",2016,"152956.0"
"ES42","pop_tot_Sheet_7",2017,"154721.0"
"ES42","pop_tot_Sheet_7",2018,"156872.0"
"ES42","pop_tot_Sheet_7",2019,"158721.0"
"ES42","pop_tot_Sheet_7",2020,"159037.0"
"ES42","pop_tot_Sheet_7",2021,"160373.0"
"ES42","pop_tot_Sheet_7",2022,"161256.0"
"ES42","pop_tot_Sheet_7",2023,"163117.0"
"ES42","pop_tot_Sheet_7",2024,"164618.0"
"ES43","pop_tot_Sheet_7",2015,"86016.0"
"ES43","pop_tot_Sheet_7",2016,"86402.0"
"ES43","pop_tot_Sheet_7",2017,"86705.0"
"ES43","pop_tot_Sheet_7",2018,"86691.0"
"ES43","pop_tot_Sheet_7",2019,"86243.0"
"ES43","pop_tot_Sheet_7",2020,"84805.0"
"ES43","pop_tot_Sheet_7",2021,"83756.0"
"ES43","pop_tot_Sheet_7",2022,"83120.0"
"ES43","pop_tot_Sheet_7",2023,"82514.0"
"ES43","pop_tot_Sheet_7",2024,"81954.0"
"ES51","pop_tot_Sheet_7",2015,"520593.0"
"ES51","pop_tot_Sheet_7",2016,"530753.0"
"ES51","pop_tot_Sheet_7",2017,"543465.0"
"ES51","pop_tot_Sheet_7",2018,"556478.0"
"ES51","pop_tot_Sheet_7",2019,"567880.0"
"ES51","pop_tot_Sheet_7",2020,"574734.0"
"ES51","pop_tot_Sheet_7",2021,"585231.0"
"ES51","pop_tot_Sheet_7",2022,"594355.0"
"ES51","pop_tot_Sheet_7",2023,"609737.0"
"ES51","pop_tot_Sheet_7",2024,"626120.0"
"ES52","pop_tot_Sheet_7",2015,"360028.0"
"ES52","pop_tot_Sheet_7",2016,"365108.0"
"ES52","pop_tot_Sheet_7",2017,"372363.0"
"ES52","pop_tot_Sheet_7",2018,"381214.0"
"ES52","pop_tot_Sheet_7",2019,"387815.0"
"ES52","pop_tot_Sheet_7",2020,"392852.0"
"ES52","pop_tot_Sheet_7",2021,"399022.0"
"ES52","pop_tot_Sheet_7",2022,"405712.0"
"ES52","pop_tot_Sheet_7",2023,"413568.0"
"ES52","pop_tot_Sheet_7",2024,"423062.0"
"ES53","pop_tot_Sheet_7",2015,"79271.0"
"ES53","pop_tot_Sheet_7",2016,"80816.0"
"ES53","pop_tot_Sheet_7",2017,"83301.0"
"ES53","pop_tot_Sheet_7",2018,"85741.0"
"ES53","pop_tot_Sheet_7",2019,"87857.0"
"ES53","pop_tot_Sheet_7",2020,"89610.0"
"ES53","pop_tot_Sheet_7",2021,"91415.0"
"ES53","pop_tot_Sheet_7",2022,"93510.0"
"ES53","pop_tot_Sheet_7",2023,"96466.0"
"ES53","pop_tot_Sheet_7",2024,"99225.0"
"ES61","pop_tot_Sheet_7",2015,"612222.0"
"ES61","pop_tot_Sheet_7",2016,"625477.0"
"ES61","pop_tot_Sheet_7",2017,"639535.0"
"ES61","pop_tot_Sheet_7",2018,"654948.0"
"ES61","pop_tot_Sheet_7",2019,"661591.0"
"ES61","pop_tot_Sheet_7",2020,"662263.0"
"ES61","pop_tot_Sheet_7",2021,"666302.0"
"ES61","pop_tot_Sheet_7",2022,"669649.0"
"ES61","pop_tot_Sheet_7",2023,"673998.0"
"ES61","pop_tot_Sheet_7",2024,"679811.0"
"ES62","pop_tot_Sheet_7",2015,"100436.0"
"ES62","pop_tot_Sheet_7",2016,"103109.0"
"ES62","pop_tot_Sheet_7",2017,"106861.0"
"ES62","pop_tot_Sheet_7",2018,"110629.0"
"ES62","pop_tot_Sheet_7",2019,"112952.0"
"ES62","pop_tot_Sheet_7",2020,"114557.0"
"ES62","pop_tot_Sheet_7",2021,"116144.0"
"ES62","pop_tot_Sheet_7",2022,"117065.0"
"ES62","pop_tot_Sheet_7",2023,"118875.0"
"ES62","pop_tot_Sheet_7",2024,"120996.0"
"ES63","pop_tot_Sheet_7",2015,"6057.0"
"ES63","pop_tot_Sheet_7",2016,"5960.0"
"ES63","pop_tot_Sheet_7",2017,"6038.0"
"ES63","pop_tot_Sheet_7",2018,"6021.0"
"ES63","pop_tot_Sheet_7",2019,"5996.0"
"ES63","pop_tot_Sheet_7",2020,"5802.0"
"ES63","pop_tot_Sheet_7",2021,"5841.0"
"ES63","pop_tot_Sheet_7",2022,"5771.0"
"ES63","pop_tot_Sheet_7",2023,"5839.0"
"ES63","pop_tot_Sheet_7",2024,"5930.0"
"ES64","pop_tot_Sheet_7",2015,"5673.0"
"ES64","pop_tot_Sheet_7",2016,"5666.0"
"ES64","pop_tot_Sheet_7",2017,"5711.0"
"ES64","pop_tot_Sheet_7",2018,"5810.0"
"ES64","pop_tot_Sheet_7",2019,"5807.0"
"ES64","pop_tot_Sheet_7",2020,"5800.0"
"ES64","pop_tot_Sheet_7",2021,"5744.0"
"ES64","pop_tot_Sheet_7",2022,"5622.0"
"ES64","pop_tot_Sheet_7",2023,"5603.0"
"ES64","pop_tot_Sheet_7",2024,"5572.0"
"ES70","pop_tot_Sheet_7",2015,"165073.0"
"ES70","pop_tot_Sheet_7",2016,"170527.0"
"ES70","pop_tot_Sheet_7",2017,"175599.0"
"ES70","pop_tot_Sheet_7",2018,"179894.0"
"ES70","pop_tot_Sheet_7",2019,"183394.0"
"ES70","pop_tot_Sheet_7",2020,"186006.0"
"ES70","pop_tot_Sheet_7",2021,"188360.0"
"ES70","pop_tot_Sheet_7",2022,"191427.0"
"ES70","pop_tot_Sheet_7",2023,"195848.0"
"ES70","pop_tot_Sheet_7",2024,"200086.0"
"FR10","pop_tot_Sheet_7",2015,"793322.0"
"FR10","pop_tot_Sheet_7",2016,"797731.0"
"FR10","pop_tot_Sheet_7",2017,"802475.0"
"FR10","pop_tot_Sheet_7",2018,"799609.0"
"FR10","pop_tot_Sheet_7",2019,"794658.0"
"FR10","pop_tot_Sheet_7",2020,"788105.0"
"FR10","pop_tot_Sheet_7",2021,"789204.0"
"FR10","pop_tot_Sheet_7",2022,"791118.0"
"FR10","pop_tot_Sheet_7",2023,"802326.0"
"FR10","pop_tot_Sheet_7",2024,"807814.0"
"FRB0","pop_tot_Sheet_7",2015,"172684.0"
"FRB0","pop_tot_Sheet_7",2016,"173249.0"
"FRB0","pop_tot_Sheet_7",2017,"173410.0"
"FRB0","pop_tot_Sheet_7",2018,"173715.0"
"FRB0","pop_tot_Sheet_7",2019,"173093.0"
"FRB0","pop_tot_Sheet_7",2020,"172511.0"
"FRB0","pop_tot_Sheet_7",2021,"172632.0"
"FRB0","pop_tot_Sheet_7",2022,"174065.0"
"FRB0","pop_tot_Sheet_7",2023,"174927.0"
"FRB0","pop_tot_Sheet_7",2024,"175013.0"
"FRC1","pop_tot_Sheet_7",2015,"112174.0"
"FRC1","pop_tot_Sheet_7",2016,"111666.0"
"FRC1","pop_tot_Sheet_7",2017,"111130.0"
"FRC1","pop_tot_Sheet_7",2018,"109953.0"
"FRC1","pop_tot_Sheet_7",2019,"109016.0"
"FRC1","pop_tot_Sheet_7",2020,"108503.0"
"FRC1","pop_tot_Sheet_7",2021,"108034.0"
"FRC1","pop_tot_Sheet_7",2022,"108625.0"
"FRC1","pop_tot_Sheet_7",2023,"108504.0"
"FRC1","pop_tot_Sheet_7",2024,"108014.0"
"FRC2","pop_tot_Sheet_7",2015,"78779.0"
"FRC2","pop_tot_Sheet_7",2016,"79521.0"
"FRC2","pop_tot_Sheet_7",2017,"79398.0"
"FRC2","pop_tot_Sheet_7",2018,"79964.0"
"FRC2","pop_tot_Sheet_7",2019,"79747.0"
"FRC2","pop_tot_Sheet_7",2020,"79309.0"
"FRC2","pop_tot_Sheet_7",2021,"79443.0"
"FRC2","pop_tot_Sheet_7",2022,"79454.0"
"FRC2","pop_tot_Sheet_7",2023,"79766.0"
"FRC2","pop_tot_Sheet_7",2024,"79739.0"
"FRD1","pop_tot_Sheet_7",2015,"101015.0"
"FRD1","pop_tot_Sheet_7",2016,"100539.0"
"FRD1","pop_tot_Sheet_7",2017,"99908.0"
"FRD1","pop_tot_Sheet_7",2018,"98925.0"
"FRD1","pop_tot_Sheet_7",2019,"96951.0"
"FRD1","pop_tot_Sheet_7",2020,"96196.0"
"FRD1","pop_tot_Sheet_7",2021,"95891.0"
"FRD1","pop_tot_Sheet_7",2022,"96037.0"
"FRD1","pop_tot_Sheet_7",2023,"96418.0"
"FRD1","pop_tot_Sheet_7",2024,"96502.0"
"FRD2","pop_tot_Sheet_7",2015,"125044.0"
"FRD2","pop_tot_Sheet_7",2016,"124755.0"
"FRD2","pop_tot_Sheet_7",2017,"123230.0"
"FRD2","pop_tot_Sheet_7",2018,"122757.0"
"FRD2","pop_tot_Sheet_7",2019,"121466.0"
"FRD2","pop_tot_Sheet_7",2020,"120544.0"
"FRD2","pop_tot_Sheet_7",2021,"120385.0"
"FRD2","pop_tot_Sheet_7",2022,"121402.0"
"FRD2","pop_tot_Sheet_7",2023,"122356.0"
"FRD2","pop_tot_Sheet_7",2024,"122875.0"
"FRE1","pop_tot_Sheet_7",2015,"266041.0"
"FRE1","pop_tot_Sheet_7",2016,"265063.0"
"FRE1","pop_tot_Sheet_7",2017,"263204.0"
"FRE1","pop_tot_Sheet_7",2018,"261316.0"
"FRE1","pop_tot_Sheet_7",2019,"257560.0"
"FRE1","pop_tot_Sheet_7",2020,"255361.0"
"FRE1","pop_tot_Sheet_7",2021,"255440.0"
"FRE1","pop_tot_Sheet_7",2022,"257914.0"
"FRE1","pop_tot_Sheet_7",2023,"261044.0"
"FRE1","pop_tot_Sheet_7",2024,"263712.0"
"FRE2","pop_tot_Sheet_7",2015,"131536.0"
"FRE2","pop_tot_Sheet_7",2016,"131878.0"
"FRE2","pop_tot_Sheet_7",2017,"131290.0"
"FRE2","pop_tot_Sheet_7",2018,"130661.0"
"FRE2","pop_tot_Sheet_7",2019,"129467.0"
"FRE2","pop_tot_Sheet_7",2020,"127833.0"
"FRE2","pop_tot_Sheet_7",2021,"127691.0"
"FRE2","pop_tot_Sheet_7",2022,"128402.0"
"FRE2","pop_tot_Sheet_7",2023,"129107.0"
"FRE2","pop_tot_Sheet_7",2024,"129335.0"
"FRF1","pop_tot_Sheet_7",2015,"134601.0"
"FRF1","pop_tot_Sheet_7",2016,"135640.0"
"FRF1","pop_tot_Sheet_7",2017,"136215.0"
"FRF1","pop_tot_Sheet_7",2018,"136276.0"
"FRF1","pop_tot_Sheet_7",2019,"135429.0"
"FRF1","pop_tot_Sheet_7",2020,"134102.0"
"FRF1","pop_tot_Sheet_7",2021,"133465.0"
"FRF1","pop_tot_Sheet_7",2022,"133359.0"
"FRF1","pop_tot_Sheet_7",2023,"134240.0"
"FRF1","pop_tot_Sheet_7",2024,"133271.0"
"FRF2","pop_tot_Sheet_7",2015,"90819.0"
"FRF2","pop_tot_Sheet_7",2016,"90531.0"
"FRF2","pop_tot_Sheet_7",2017,"89713.0"
"FRF2","pop_tot_Sheet_7",2018,"88778.0"
"FRF2","pop_tot_Sheet_7",2019,"87712.0"
"FRF2","pop_tot_Sheet_7",2020,"86729.0"
"FRF2","pop_tot_Sheet_7",2021,"86169.0"
"FRF2","pop_tot_Sheet_7",2022,"85869.0"
"FRF2","pop_tot_Sheet_7",2023,"86382.0"
"FRF2","pop_tot_Sheet_7",2024,"85884.0"
"FRF3","pop_tot_Sheet_7",2015,"166472.0"
"FRF3","pop_tot_Sheet_7",2016,"166425.0"
"FRF3","pop_tot_Sheet_7",2017,"163769.0"
"FRF3","pop_tot_Sheet_7",2018,"162009.0"
"FRF3","pop_tot_Sheet_7",2019,"158998.0"
"FRF3","pop_tot_Sheet_7",2020,"156730.0"
"FRF3","pop_tot_Sheet_7",2021,"154529.0"
"FRF3","pop_tot_Sheet_7",2022,"154189.0"
"FRF3","pop_tot_Sheet_7",2023,"154419.0"
"FRF3","pop_tot_Sheet_7",2024,"154230.0"
"FRG0","pop_tot_Sheet_7",2015,"242247.0"
"FRG0","pop_tot_Sheet_7",2016,"243565.0"
"FRG0","pop_tot_Sheet_7",2017,"244391.0"
"FRG0","pop_tot_Sheet_7",2018,"244819.0"
"FRG0","pop_tot_Sheet_7",2019,"244900.0"
"FRG0","pop_tot_Sheet_7",2020,"245191.0"
"FRG0","pop_tot_Sheet_7",2021,"247249.0"
"FRG0","pop_tot_Sheet_7",2022,"251149.0"
"FRG0","pop_tot_Sheet_7",2023,"255735.0"
"FRG0","pop_tot_Sheet_7",2024,"259891.0"
"FRH0","pop_tot_Sheet_7",2015,"221090.0"
"FRH0","pop_tot_Sheet_7",2016,"221602.0"
"FRH0","pop_tot_Sheet_7",2017,"222009.0"
"FRH0","pop_tot_Sheet_7",2018,"222421.0"
"FRH0","pop_tot_Sheet_7",2019,"222222.0"
"FRH0","pop_tot_Sheet_7",2020,"222206.0"
"FRH0","pop_tot_Sheet_7",2021,"223899.0"
"FRH0","pop_tot_Sheet_7",2022,"227219.0"
"FRH0","pop_tot_Sheet_7",2023,"231314.0"
"FRH0","pop_tot_Sheet_7",2024,"234761.0"
"FRI1","pop_tot_Sheet_7",2015,"230100.0"
"FRI1","pop_tot_Sheet_7",2016,"231893.0"
"FRI1","pop_tot_Sheet_7",2017,"233140.0"
"FRI1","pop_tot_Sheet_7",2018,"234883.0"
"FRI1","pop_tot_Sheet_7",2019,"235120.0"
"FRI1","pop_tot_Sheet_7",2020,"234281.0"
"FRI1","pop_tot_Sheet_7",2021,"236291.0"
"FRI1","pop_tot_Sheet_7",2022,"239932.0"
"FRI1","pop_tot_Sheet_7",2023,"244074.0"
"FRI1","pop_tot_Sheet_7",2024,"247703.0"
"FRI2","pop_tot_Sheet_7",2015,"50951.0"
"FRI2","pop_tot_Sheet_7",2016,"50157.0"
"FRI2","pop_tot_Sheet_7",2017,"50065.0"
"FRI2","pop_tot_Sheet_7",2018,"49963.0"
"FRI2","pop_tot_Sheet_7",2019,"49456.0"
"FRI2","pop_tot_Sheet_7",2020,"48875.0"
"FRI2","pop_tot_Sheet_7",2021,"48780.0"
"FRI2","pop_tot_Sheet_7",2022,"48764.0"
"FRI2","pop_tot_Sheet_7",2023,"48838.0"
"FRI2","pop_tot_Sheet_7",2024,"48881.0"
"FRI3","pop_tot_Sheet_7",2015,"121832.0"
"FRI3","pop_tot_Sheet_7",2016,"122420.0"
"FRI3","pop_tot_Sheet_7",2017,"121667.0"
"FRI3","pop_tot_Sheet_7",2018,"121550.0"
"FRI3","pop_tot_Sheet_7",2019,"121409.0"
"FRI3","pop_tot_Sheet_7",2020,"120749.0"
"FRI3","pop_tot_Sheet_7",2021,"120750.0"
"FRI3","pop_tot_Sheet_7",2022,"122086.0"
"FRI3","pop_tot_Sheet_7",2023,"123790.0"
"FRI3","pop_tot_Sheet_7",2024,"124662.0"
"FRJ1","pop_tot_Sheet_7",2015,"184810.0"
"FRJ1","pop_tot_Sheet_7",2016,"186913.0"
"FRJ1","pop_tot_Sheet_7",2017,"188058.0"
"FRJ1","pop_tot_Sheet_7",2018,"190480.0"
"FRJ1","pop_tot_Sheet_7",2019,"191134.0"
"FRJ1","pop_tot_Sheet_7",2020,"191252.0"
"FRJ1","pop_tot_Sheet_7",2021,"191582.0"
"FRJ1","pop_tot_Sheet_7",2022,"194440.0"
"FRJ1","pop_tot_Sheet_7",2023,"196728.0"
"FRJ1","pop_tot_Sheet_7",2024,"197331.0"
"FRJ2","pop_tot_Sheet_7",2015,"206109.0"
"FRJ2","pop_tot_Sheet_7",2016,"207562.0"
"FRJ2","pop_tot_Sheet_7",2017,"208788.0"
"FRJ2","pop_tot_Sheet_7",2018,"209056.0"
"FRJ2","pop_tot_Sheet_7",2019,"208524.0"
"FRJ2","pop_tot_Sheet_7",2020,"206619.0"
"FRJ2","pop_tot_Sheet_7",2021,"206766.0"
"FRJ2","pop_tot_Sheet_7",2022,"208392.0"
"FRJ2","pop_tot_Sheet_7",2023,"210328.0"
"FRJ2","pop_tot_Sheet_7",2024,"212499.0"
"FRK1","pop_tot_Sheet_7",2015,"94231.0"
"FRK1","pop_tot_Sheet_7",2016,"94183.0"
"FRK1","pop_tot_Sheet_7",2017,"93606.0"
"FRK1","pop_tot_Sheet_7",2018,"93780.0"
"FRK1","pop_tot_Sheet_7",2019,"93421.0"
"FRK1","pop_tot_Sheet_7",2020,"92264.0"
"FRK1","pop_tot_Sheet_7",2021,"91972.0"
"FRK1","pop_tot_Sheet_7",2022,"92551.0"
"FRK1","pop_tot_Sheet_7",2023,"92861.0"
"FRK1","pop_tot_Sheet_7",2024,"93337.0"
"FRK2","pop_tot_Sheet_7",2015,"429823.0"
"FRK2","pop_tot_Sheet_7",2016,"436165.0"
"FRK2","pop_tot_Sheet_7",2017,"439787.0"
"FRK2","pop_tot_Sheet_7",2018,"443137.0"
"FRK2","pop_tot_Sheet_7",2019,"444273.0"
"FRK2","pop_tot_Sheet_7",2020,"442487.0"
"FRK2","pop_tot_Sheet_7",2021,"443091.0"
"FRK2","pop_tot_Sheet_7",2022,"446468.0"
"FRK2","pop_tot_Sheet_7",2023,"451947.0"
"FRK2","pop_tot_Sheet_7",2024,"454464.0"
"FRL0","pop_tot_Sheet_7",2015,"342065.0"
"FRL0","pop_tot_Sheet_7",2016,"343606.0"
"FRL0","pop_tot_Sheet_7",2017,"346028.0"
"FRL0","pop_tot_Sheet_7",2018,"347494.0"
"FRL0","pop_tot_Sheet_7",2019,"346111.0"
"FRL0","pop_tot_Sheet_7",2020,"341817.0"
"FRL0","pop_tot_Sheet_7",2021,"342993.0"
"FRL0","pop_tot_Sheet_7",2022,"343725.0"
"FRL0","pop_tot_Sheet_7",2023,"346736.0"
"FRL0","pop_tot_Sheet_7",2024,"346559.0"
"FRM0","pop_tot_Sheet_7",2015,"23244.0"
"FRM0","pop_tot_Sheet_7",2016,"23731.0"
"FRM0","pop_tot_Sheet_7",2017,"23738.0"
"FRM0","pop_tot_Sheet_7",2018,"23870.0"
"FRM0","pop_tot_Sheet_7",2019,"24141.0"
"FRM0","pop_tot_Sheet_7",2020,"24523.0"
"FRM0","pop_tot_Sheet_7",2021,"24604.0"
"FRM0","pop_tot_Sheet_7",2022,"24578.0"
"FRM0","pop_tot_Sheet_7",2023,"24948.0"
"FRM0","pop_tot_Sheet_7",2024,"24710.0"
"FRY1","pop_tot_Sheet_7",2015,"34432.0"
"FRY1","pop_tot_Sheet_7",2016,"34191.0"
"FRY1","pop_tot_Sheet_7",2017,"34503.0"
"FRY1","pop_tot_Sheet_7",2018,"33603.0"
"FRY1","pop_tot_Sheet_7",2019,"33487.0"
"FRY1","pop_tot_Sheet_7",2020,"32816.0"
"FRY1","pop_tot_Sheet_7",2021,"32396.0"
"FRY1","pop_tot_Sheet_7",2022,"32107.0"
"FRY1","pop_tot_Sheet_7",2023,"31801.0"
"FRY1","pop_tot_Sheet_7",2024,"31145.0"
"FRY2","pop_tot_Sheet_7",2015,"32805.0"
"FRY2","pop_tot_Sheet_7",2016,"33063.0"
"FRY2","pop_tot_Sheet_7",2017,"32841.0"
"FRY2","pop_tot_Sheet_7",2018,"32488.0"
"FRY2","pop_tot_Sheet_7",2019,"31509.0"
"FRY2","pop_tot_Sheet_7",2020,"30259.0"
"FRY2","pop_tot_Sheet_7",2021,"29368.0"
"FRY2","pop_tot_Sheet_7",2022,"29425.0"
"FRY2","pop_tot_Sheet_7",2023,"28430.0"
"FRY2","pop_tot_Sheet_7",2024,"27178.0"
"FRY3","pop_tot_Sheet_7",2015,"12309.0"
"FRY3","pop_tot_Sheet_7",2016,"13147.0"
"FRY3","pop_tot_Sheet_7",2017,"13521.0"
"FRY3","pop_tot_Sheet_7",2018,"13482.0"
"FRY3","pop_tot_Sheet_7",2019,"13944.0"
"FRY3","pop_tot_Sheet_7",2020,"14337.0"
"FRY3","pop_tot_Sheet_7",2021,"14490.0"
"FRY3","pop_tot_Sheet_7",2022,"14858.0"
"FRY3","pop_tot_Sheet_7",2023,"15167.0"
"FRY3","pop_tot_Sheet_7",2024,"15427.0"
"FRY4","pop_tot_Sheet_7",2015,"60946.0"
"FRY4","pop_tot_Sheet_7",2016,"62816.0"
"FRY4","pop_tot_Sheet_7",2017,"64579.0"
"FRY4","pop_tot_Sheet_7",2018,"65323.0"
"FRY4","pop_tot_Sheet_7",2019,"65419.0"
"FRY4","pop_tot_Sheet_7",2020,"64542.0"
"FRY4","pop_tot_Sheet_7",2021,"63032.0"
"FRY4","pop_tot_Sheet_7",2022,"63191.0"
"FRY4","pop_tot_Sheet_7",2023,"62539.0"
"FRY4","pop_tot_Sheet_7",2024,"61369.0"
"FRY5","pop_tot_Sheet_7",2015,"6767.0"
"FRY5","pop_tot_Sheet_7",2016,"7025.0"
"FRY5","pop_tot_Sheet_7",2017,"7292.0"
"FRY5","pop_tot_Sheet_7",2018,"7569.0"
"FRY5","pop_tot_Sheet_7",2019,"7859.0"
"FRY5","pop_tot_Sheet_7",2020,"8153.0"
"FRY5","pop_tot_Sheet_7",2021,"8424.0"
"FRY5","pop_tot_Sheet_7",2022,"8733.0"
"FRY5","pop_tot_Sheet_7",2023,"9047.0"
"FRY5","pop_tot_Sheet_7",2024,"9335.0"
"HR02","pop_tot_Sheet_7",2015,"89032.0"
"HR02","pop_tot_Sheet_7",2016,"87267.0"
"HR02","pop_tot_Sheet_7",2017,"85336.0"
"HR02","pop_tot_Sheet_7",2018,"82388.0"
"HR02","pop_tot_Sheet_7",2019,"79553.0"
"HR02","pop_tot_Sheet_7",2020,"76643.0"
"HR02","pop_tot_Sheet_7",2021,"72652.0"
"HR02","pop_tot_Sheet_7",2022,"69187.0"
"HR02","pop_tot_Sheet_7",2023,"66519.0"
"HR02","pop_tot_Sheet_7",2024,"64930.0"
"HR03","pop_tot_Sheet_7",2015,"99255.0"
"HR03","pop_tot_Sheet_7",2016,"97027.0"
"HR03","pop_tot_Sheet_7",2017,"95011.0"
"HR03","pop_tot_Sheet_7",2018,"92863.0"
"HR03","pop_tot_Sheet_7",2019,"91394.0"
"HR03","pop_tot_Sheet_7",2020,"89522.0"
"HR03","pop_tot_Sheet_7",2021,"86572.0"
"HR03","pop_tot_Sheet_7",2022,"84887.0"
"HR03","pop_tot_Sheet_7",2023,"84471.0"
"HR03","pop_tot_Sheet_7",2024,"84875.0"
"HR05","pop_tot_Sheet_7",2015,"51848.0"
"HR05","pop_tot_Sheet_7",2016,"51631.0"
"HR05","pop_tot_Sheet_7",2017,"51820.0"
"HR05","pop_tot_Sheet_7",2018,"51766.0"
"HR05","pop_tot_Sheet_7",2019,"51728.0"
"HR05","pop_tot_Sheet_7",2020,"51784.0"
"HR05","pop_tot_Sheet_7",2021,"50785.0"
"HR05","pop_tot_Sheet_7",2022,"50275.0"
"HR05","pop_tot_Sheet_7",2023,"50520.0"
"HR05","pop_tot_Sheet_7",2024,"51123.0"
"HR06","pop_tot_Sheet_7",2015,"61549.0"
"HR06","pop_tot_Sheet_7",2016,"61113.0"
"HR06","pop_tot_Sheet_7",2017,"60716.0"
"HR06","pop_tot_Sheet_7",2018,"59508.0"
"HR06","pop_tot_Sheet_7",2019,"58206.0"
"HR06","pop_tot_Sheet_7",2020,"57313.0"
"HR06","pop_tot_Sheet_7",2021,"55317.0"
"HR06","pop_tot_Sheet_7",2022,"53863.0"
"HR06","pop_tot_Sheet_7",2023,"53008.0"
"HR06","pop_tot_Sheet_7",2024,"53007.0"
"ITC1","pop_tot_Sheet_7",2015,"337621.0"
"ITC1","pop_tot_Sheet_7",2016,"345477.0"
"ITC1","pop_tot_Sheet_7",2017,"351464.0"
"ITC1","pop_tot_Sheet_7",2018,"356172.0"
"ITC1","pop_tot_Sheet_7",2019,"358699.0"
"ITC1","pop_tot_Sheet_7",2020,"357279.0"
"ITC1","pop_tot_Sheet_7",2021,"353299.0"
"ITC1","pop_tot_Sheet_7",2022,"352100.0"
"ITC1","pop_tot_Sheet_7",2023,"350141.0"
"ITC1","pop_tot_Sheet_7",2024,"346628.0"
"ITC2","pop_tot_Sheet_7",2015,"10175.0"
"ITC2","pop_tot_Sheet_7",2016,"10501.0"
"ITC2","pop_tot_Sheet_7",2017,"10747.0"
"ITC2","pop_tot_Sheet_7",2018,"10968.0"
"ITC2","pop_tot_Sheet_7",2019,"10931.0"
"ITC2","pop_tot_Sheet_7",2020,"10804.0"
"ITC2","pop_tot_Sheet_7",2021,"10736.0"
"ITC2","pop_tot_Sheet_7",2022,"10580.0"
"ITC2","pop_tot_Sheet_7",2023,"10480.0"
"ITC2","pop_tot_Sheet_7",2024,"10350.0"
"ITC3","pop_tot_Sheet_7",2015,"124942.0"
"ITC3","pop_tot_Sheet_7",2016,"128436.0"
"ITC3","pop_tot_Sheet_7",2017,"130661.0"
"ITC3","pop_tot_Sheet_7",2018,"131067.0"
"ITC3","pop_tot_Sheet_7",2019,"131014.0"
"ITC3","pop_tot_Sheet_7",2020,"129255.0"
"ITC3","pop_tot_Sheet_7",2021,"127186.0"
"ITC3","pop_tot_Sheet_7",2022,"125733.0"
"ITC3","pop_tot_Sheet_7",2023,"125277.0"
"ITC3","pop_tot_Sheet_7",2024,"123402.0"
"ITC4","pop_tot_Sheet_7",2015,"762597.0"
"ITC4","pop_tot_Sheet_7",2016,"789879.0"
"ITC4","pop_tot_Sheet_7",2017,"814056.0"
"ITC4","pop_tot_Sheet_7",2018,"830586.0"
"ITC4","pop_tot_Sheet_7",2019,"840348.0"
"ITC4","pop_tot_Sheet_7",2020,"840172.0"
"ITC4","pop_tot_Sheet_7",2021,"832004.0"
"ITC4","pop_tot_Sheet_7",2022,"826254.0"
"ITC4","pop_tot_Sheet_7",2023,"826090.0"
"ITC4","pop_tot_Sheet_7",2024,"823862.0"
"ITF1","pop_tot_Sheet_7",2015,"100273.0"
"ITF1","pop_tot_Sheet_7",2016,"102408.0"
"ITF1","pop_tot_Sheet_7",2017,"104123.0"
"ITF1","pop_tot_Sheet_7",2018,"105477.0"
"ITF1","pop_tot_Sheet_7",2019,"105943.0"
"ITF1","pop_tot_Sheet_7",2020,"105503.0"
"ITF1","pop_tot_Sheet_7",2021,"103615.0"
"ITF1","pop_tot_Sheet_7",2022,"103162.0"
"ITF1","pop_tot_Sheet_7",2023,"102513.0"
"ITF1","pop_tot_Sheet_7",2024,"101471.0"
"ITF2","pop_tot_Sheet_7",2015,"23768.0"
"ITF2","pop_tot_Sheet_7",2016,"23956.0"
"ITF2","pop_tot_Sheet_7",2017,"24221.0"
"ITF2","pop_tot_Sheet_7",2018,"24429.0"
"ITF2","pop_tot_Sheet_7",2019,"24391.0"
"ITF2","pop_tot_Sheet_7",2020,"23969.0"
"ITF2","pop_tot_Sheet_7",2021,"23210.0"
"ITF2","pop_tot_Sheet_7",2022,"22850.0"
"ITF2","pop_tot_Sheet_7",2023,"22472.0"
"ITF2","pop_tot_Sheet_7",2024,"22117.0"
"ITF3","pop_tot_Sheet_7",2015,"431972.0"
"ITF3","pop_tot_Sheet_7",2016,"441117.0"
"ITF3","pop_tot_Sheet_7",2017,"447011.0"
"ITF3","pop_tot_Sheet_7",2018,"450732.0"
"ITF3","pop_tot_Sheet_7",2019,"451265.0"
"ITF3","pop_tot_Sheet_7",2020,"446533.0"
"ITF3","pop_tot_Sheet_7",2021,"432966.0"
"ITF3","pop_tot_Sheet_7",2022,"435272.0"
"ITF3","pop_tot_Sheet_7",2023,"432752.0"
"ITF3","pop_tot_Sheet_7",2024,"431262.0"
"ITF4","pop_tot_Sheet_7",2015,"299713.0"
"ITF4","pop_tot_Sheet_7",2016,"305647.0"
"ITF4","pop_tot_Sheet_7",2017,"310377.0"
"ITF4","pop_tot_Sheet_7",2018,"313776.0"
"ITF4","pop_tot_Sheet_7",2019,"314879.0"
"ITF4","pop_tot_Sheet_7",2020,"311957.0"
"ITF4","pop_tot_Sheet_7",2021,"307531.0"
"ITF4","pop_tot_Sheet_7",2022,"306375.0"
"ITF4","pop_tot_Sheet_7",2023,"303080.0"
"ITF4","pop_tot_Sheet_7",2024,"301337.0"
"ITF5","pop_tot_Sheet_7",2015,"44461.0"
"ITF5","pop_tot_Sheet_7",2016,"44835.0"
"ITF5","pop_tot_Sheet_7",2017,"44916.0"
"ITF5","pop_tot_Sheet_7",2018,"44978.0"
"ITF5","pop_tot_Sheet_7",2019,"44822.0"
"ITF5","pop_tot_Sheet_7",2020,"44135.0"
"ITF5","pop_tot_Sheet_7",2021,"43192.0"
"ITF5","pop_tot_Sheet_7",2022,"42812.0"
"ITF5","pop_tot_Sheet_7",2023,"42085.0"
"ITF5","pop_tot_Sheet_7",2024,"41372.0"
"ITF6","pop_tot_Sheet_7",2015,"145596.0"
"ITF6","pop_tot_Sheet_7",2016,"146024.0"
"ITF6","pop_tot_Sheet_7",2017,"146352.0"
"ITF6","pop_tot_Sheet_7",2018,"146304.0"
"ITF6","pop_tot_Sheet_7",2019,"146042.0"
"ITF6","pop_tot_Sheet_7",2020,"144474.0"
"ITF6","pop_tot_Sheet_7",2021,"140342.0"
"ITF6","pop_tot_Sheet_7",2022,"140079.0"
"ITF6","pop_tot_Sheet_7",2023,"138642.0"
"ITF6","pop_tot_Sheet_7",2024,"137015.0"
"ITG1","pop_tot_Sheet_7",2015,"367460.0"
"ITG1","pop_tot_Sheet_7",2016,"369791.0"
"ITG1","pop_tot_Sheet_7",2017,"372856.0"
"ITG1","pop_tot_Sheet_7",2018,"374595.0"
"ITG1","pop_tot_Sheet_7",2019,"375479.0"
"ITG1","pop_tot_Sheet_7",2020,"373974.0"
"ITG1","pop_tot_Sheet_7",2021,"369712.0"
"ITG1","pop_tot_Sheet_7",2022,"372040.0"
"ITG1","pop_tot_Sheet_7",2023,"369028.0"
"ITG1","pop_tot_Sheet_7",2024,"366439.0"
"ITG2","pop_tot_Sheet_7",2015,"132189.0"
"ITG2","pop_tot_Sheet_7",2016,"134555.0"
"ITG2","pop_tot_Sheet_7",2017,"136157.0"
"ITG2","pop_tot_Sheet_7",2018,"137152.0"
"ITG2","pop_tot_Sheet_7",2019,"136510.0"
"ITG2","pop_tot_Sheet_7",2020,"135378.0"
"ITG2","pop_tot_Sheet_7",2021,"133055.0"
"ITG2","pop_tot_Sheet_7",2022,"132986.0"
"ITG2","pop_tot_Sheet_7",2023,"132527.0"
"ITG2","pop_tot_Sheet_7",2024,"133112.0"
"ITH1","pop_tot_Sheet_7",2015,"39890.0"
"ITH1","pop_tot_Sheet_7",2016,"41363.0"
"ITH1","pop_tot_Sheet_7",2017,"42496.0"
"ITH1","pop_tot_Sheet_7",2018,"43171.0"
"ITH1","pop_tot_Sheet_7",2019,"43768.0"
"ITH1","pop_tot_Sheet_7",2020,"43898.0"
"ITH1","pop_tot_Sheet_7",2021,"43913.0"
"ITH1","pop_tot_Sheet_7",2022,"43081.0"
"ITH1","pop_tot_Sheet_7",2023,"42880.0"
"ITH1","pop_tot_Sheet_7",2024,"42329.0"
"ITH2","pop_tot_Sheet_7",2015,"41598.0"
"ITH2","pop_tot_Sheet_7",2016,"42863.0"
"ITH2","pop_tot_Sheet_7",2017,"43606.0"
"ITH2","pop_tot_Sheet_7",2018,"44385.0"
"ITH2","pop_tot_Sheet_7",2019,"44603.0"
"ITH2","pop_tot_Sheet_7",2020,"44322.0"
"ITH2","pop_tot_Sheet_7",2021,"43322.0"
"ITH2","pop_tot_Sheet_7",2022,"42872.0"
"ITH2","pop_tot_Sheet_7",2023,"42329.0"
"ITH2","pop_tot_Sheet_7",2024,"42183.0"
"ITH3","pop_tot_Sheet_7",2015,"388398.0"
"ITH3","pop_tot_Sheet_7",2016,"400702.0"
"ITH3","pop_tot_Sheet_7",2017,"408695.0"
"ITH3","pop_tot_Sheet_7",2018,"414920.0"
"ITH3","pop_tot_Sheet_7",2019,"417737.0"
"ITH3","pop_tot_Sheet_7",2020,"416049.0"
"ITH3","pop_tot_Sheet_7",2021,"413121.0"
"ITH3","pop_tot_Sheet_7",2022,"409957.0"
"ITH3","pop_tot_Sheet_7",2023,"407508.0"
"ITH3","pop_tot_Sheet_7",2024,"404832.0"
"ITH4","pop_tot_Sheet_7",2015,"95880.0"
"ITH4","pop_tot_Sheet_7",2016,"98561.0"
"ITH4","pop_tot_Sheet_7",2017,"100330.0"
"ITH4","pop_tot_Sheet_7",2018,"101764.0"
"ITH4","pop_tot_Sheet_7",2019,"101989.0"
"ITH4","pop_tot_Sheet_7",2020,"101015.0"
"ITH4","pop_tot_Sheet_7",2021,"100667.0"
"ITH4","pop_tot_Sheet_7",2022,"100272.0"
"ITH4","pop_tot_Sheet_7",2023,"99825.0"
"ITH4","pop_tot_Sheet_7",2024,"99165.0"
"ITH5","pop_tot_Sheet_7",2015,"340068.0"
"ITH5","pop_tot_Sheet_7",2016,"348744.0"
"ITH5","pop_tot_Sheet_7",2017,"356321.0"
"ITH5","pop_tot_Sheet_7",2018,"361853.0"
"ITH5","pop_tot_Sheet_7",2019,"366933.0"
"ITH5","pop_tot_Sheet_7",2020,"367173.0"
"ITH5","pop_tot_Sheet_7",2021,"366135.0"
"ITH5","pop_tot_Sheet_7",2022,"367668.0"
"ITH5","pop_tot_Sheet_7",2023,"369630.0"
"ITH5","pop_tot_Sheet_7",2024,"370679.0"
"ITI1","pop_tot_Sheet_7",2015,"286252.0"
"ITI1","pop_tot_Sheet_7",2016,"293740.0"
"ITI1","pop_tot_Sheet_7",2017,"299786.0"
"ITI1","pop_tot_Sheet_7",2018,"303851.0"
"ITI1","pop_tot_Sheet_7",2019,"305745.0"
"ITI1","pop_tot_Sheet_7",2020,"304544.0"
"ITI1","pop_tot_Sheet_7",2021,"303771.0"
"ITI1","pop_tot_Sheet_7",2022,"302629.0"
"ITI1","pop_tot_Sheet_7",2023,"303614.0"
"ITI1","pop_tot_Sheet_7",2024,"303935.0"
"ITI2","pop_tot_Sheet_7",2015,"66974.0"
"ITI2","pop_tot_Sheet_7",2016,"68161.0"
"ITI2","pop_tot_Sheet_7",2017,"68846.0"
"ITI2","pop_tot_Sheet_7",2018,"69308.0"
"ITI2","pop_tot_Sheet_7",2019,"69670.0"
"ITI2","pop_tot_Sheet_7",2020,"69155.0"
"ITI2","pop_tot_Sheet_7",2021,"68205.0"
"ITI2","pop_tot_Sheet_7",2022,"68177.0"
"ITI2","pop_tot_Sheet_7",2023,"68028.0"
"ITI2","pop_tot_Sheet_7",2024,"67675.0"
"ITI3","pop_tot_Sheet_7",2015,"116674.0"
"ITI3","pop_tot_Sheet_7",2016,"118636.0"
"ITI3","pop_tot_Sheet_7",2017,"120028.0"
"ITI3","pop_tot_Sheet_7",2018,"121481.0"
"ITI3","pop_tot_Sheet_7",2019,"121768.0"
"ITI3","pop_tot_Sheet_7",2020,"121007.0"
"ITI3","pop_tot_Sheet_7",2021,"119556.0"
"ITI3","pop_tot_Sheet_7",2022,"119342.0"
"ITI3","pop_tot_Sheet_7",2023,"118958.0"
"ITI3","pop_tot_Sheet_7",2024,"118310.0"
"ITI4","pop_tot_Sheet_7",2015,"449934.0"
"ITI4","pop_tot_Sheet_7",2016,"464670.0"
"ITI4","pop_tot_Sheet_7",2017,"475874.0"
"ITI4","pop_tot_Sheet_7",2018,"484013.0"
"ITI4","pop_tot_Sheet_7",2019,"488438.0"
"ITI4","pop_tot_Sheet_7",2020,"486108.0"
"ITI4","pop_tot_Sheet_7",2021,"482137.0"
"ITI4","pop_tot_Sheet_7",2022,"482996.0"
"ITI4","pop_tot_Sheet_7",2023,"483606.0"
"ITI4","pop_tot_Sheet_7",2024,"483052.0"
"CY00","pop_tot_Sheet_7",2015,"57410.0"
"CY00","pop_tot_Sheet_7",2016,"56782.0"
"CY00","pop_tot_Sheet_7",2017,"56742.0"
"CY00","pop_tot_Sheet_7",2018,"56966.0"
"CY00","pop_tot_Sheet_7",2019,"57339.0"
"CY00","pop_tot_Sheet_7",2020,"56976.0"
"CY00","pop_tot_Sheet_7",2021,"57543.0"
"CY00","pop_tot_Sheet_7",2022,"58804.0"
"CY00","pop_tot_Sheet_7",2023,"60331.0"
"CY00","pop_tot_Sheet_7",2024,"61801.0"
"LV00","pop_tot_Sheet_7",2015,"146613.0"
"LV00","pop_tot_Sheet_7",2016,"140870.0"
"LV00","pop_tot_Sheet_7",2017,"135855.0"
"LV00","pop_tot_Sheet_7",2018,"131885.0"
"LV00","pop_tot_Sheet_7",2019,"129259.0"
"LV00","pop_tot_Sheet_7",2020,"127715.0"
"LV00","pop_tot_Sheet_7",2021,"128098.0"
"LV00","pop_tot_Sheet_7",2022,"128703.0"
"LV00","pop_tot_Sheet_7",2023,"130010.0"
"LV00","pop_tot_Sheet_7",2024,"129998.0"
"LT01","pop_tot_Sheet_7",2015,"58509.0"
"LT01","pop_tot_Sheet_7",2016,"56082.0"
"LT01","pop_tot_Sheet_7",2017,"54021.0"
"LT01","pop_tot_Sheet_7",2018,"53040.0"
"LT01","pop_tot_Sheet_7",2019,"51896.0"
"LT01","pop_tot_Sheet_7",2020,"52433.0"
"LT01","pop_tot_Sheet_7",2021,"54310.0"
"LT01","pop_tot_Sheet_7",2022,"55417.0"
"LT01","pop_tot_Sheet_7",2023,"56931.0"
"LT01","pop_tot_Sheet_7",2024,"57942.0"
"LT02","pop_tot_Sheet_7",2015,"172595.0"
"LT02","pop_tot_Sheet_7",2016,"167635.0"
"LT02","pop_tot_Sheet_7",2017,"161759.0"
"LT02","pop_tot_Sheet_7",2018,"157030.0"
"LT02","pop_tot_Sheet_7",2019,"155374.0"
"LT02","pop_tot_Sheet_7",2020,"153385.0"
"LT02","pop_tot_Sheet_7",2021,"151756.0"
"LT02","pop_tot_Sheet_7",2022,"150895.0"
"LT02","pop_tot_Sheet_7",2023,"150004.0"
"LT02","pop_tot_Sheet_7",2024,"147378.0"
"LU00","pop_tot_Sheet_7",2015,"42180.0"
"LU00","pop_tot_Sheet_7",2016,"43678.0"
"LU00","pop_tot_Sheet_7",2017,"45103.0"
"LU00","pop_tot_Sheet_7",2018,"46090.0"
"LU00","pop_tot_Sheet_7",2019,"46695.0"
"LU00","pop_tot_Sheet_7",2020,"47000.0"
"LU00","pop_tot_Sheet_7",2021,"46957.0"
"LU00","pop_tot_Sheet_7",2022,"47233.0"
"LU00","pop_tot_Sheet_7",2023,"47253.0"
"LU00","pop_tot_Sheet_7",2024,"47001.0"
"HU11","pop_tot_Sheet_7",2015,"90635.0"
"HU11","pop_tot_Sheet_7",2016,"91296.0"
"HU11","pop_tot_Sheet_7",2017,"93215.0"
"HU11","pop_tot_Sheet_7",2018,"98734.0"
"HU11","pop_tot_Sheet_7",2019,"104885.0"
"HU11","pop_tot_Sheet_7",2020,"110548.0"
"HU11","pop_tot_Sheet_7",2021,"114946.0"
"HU11","pop_tot_Sheet_7",2022,"118490.0"
"HU11","pop_tot_Sheet_7",2023,"121122.0"
"HU11","pop_tot_Sheet_7",2024,"122729.0"
"HU12","pop_tot_Sheet_7",2015,"70103.0"
"HU12","pop_tot_Sheet_7",2016,"71134.0"
"HU12","pop_tot_Sheet_7",2017,"73425.0"
"HU12","pop_tot_Sheet_7",2018,"79046.0"
"HU12","pop_tot_Sheet_7",2019,"84849.0"
"HU12","pop_tot_Sheet_7",2020,"90963.0"
"HU12","pop_tot_Sheet_7",2021,"96128.0"
"HU12","pop_tot_Sheet_7",2022,"100347.0"
"HU12","pop_tot_Sheet_7",2023,"102562.0"
"HU12","pop_tot_Sheet_7",2024,"103795.0"
"HU21","pop_tot_Sheet_7",2015,"67253.0"
"HU21","pop_tot_Sheet_7",2016,"66047.0"
"HU21","pop_tot_Sheet_7",2017,"65844.0"
"HU21","pop_tot_Sheet_7",2018,"67978.0"
"HU21","pop_tot_Sheet_7",2019,"70830.0"
"HU21","pop_tot_Sheet_7",2020,"73935.0"
"HU21","pop_tot_Sheet_7",2021,"76336.0"
"HU21","pop_tot_Sheet_7",2022,"77561.0"
"HU21","pop_tot_Sheet_7",2023,"78523.0"
"HU21","pop_tot_Sheet_7",2024,"78909.0"
"HU22","pop_tot_Sheet_7",2015,"61255.0"
"HU22","pop_tot_Sheet_7",2016,"60198.0"
"HU22","pop_tot_Sheet_7",2017,"60184.0"
"HU22","pop_tot_Sheet_7",2018,"62327.0"
"HU22","pop_tot_Sheet_7",2019,"65035.0"
"HU22","pop_tot_Sheet_7",2020,"68144.0"
"HU22","pop_tot_Sheet_7",2021,"71104.0"
"HU22","pop_tot_Sheet_7",2022,"73521.0"
"HU22","pop_tot_Sheet_7",2023,"75172.0"
"HU22","pop_tot_Sheet_7",2024,"75716.0"
"HU23","pop_tot_Sheet_7",2015,"59425.0"
"HU23","pop_tot_Sheet_7",2016,"57671.0"
"HU23","pop_tot_Sheet_7",2017,"57081.0"
"HU23","pop_tot_Sheet_7",2018,"58266.0"
"HU23","pop_tot_Sheet_7",2019,"59670.0"
"HU23","pop_tot_Sheet_7",2020,"60864.0"
"HU23","pop_tot_Sheet_7",2021,"62125.0"
"HU23","pop_tot_Sheet_7",2022,"62994.0"
"HU23","pop_tot_Sheet_7",2023,"63649.0"
"HU23","pop_tot_Sheet_7",2024,"63379.0"
"HU31","pop_tot_Sheet_7",2015,"74928.0"
"HU31","pop_tot_Sheet_7",2016,"72766.0"
"HU31","pop_tot_Sheet_7",2017,"71818.0"
"HU31","pop_tot_Sheet_7",2018,"73120.0"
"HU31","pop_tot_Sheet_7",2019,"74690.0"
"HU31","pop_tot_Sheet_7",2020,"76016.0"
"HU31","pop_tot_Sheet_7",2021,"77678.0"
"HU31","pop_tot_Sheet_7",2022,"78047.0"
"HU31","pop_tot_Sheet_7",2023,"77892.0"
"HU31","pop_tot_Sheet_7",2024,"76952.0"
"HU32","pop_tot_Sheet_7",2015,"91834.0"
"HU32","pop_tot_Sheet_7",2016,"89779.0"
"HU32","pop_tot_Sheet_7",2017,"89447.0"
"HU32","pop_tot_Sheet_7",2018,"91875.0"
"HU32","pop_tot_Sheet_7",2019,"94645.0"
"HU32","pop_tot_Sheet_7",2020,"96976.0"
"HU32","pop_tot_Sheet_7",2021,"99197.0"
"HU32","pop_tot_Sheet_7",2022,"100732.0"
"HU32","pop_tot_Sheet_7",2023,"100670.0"
"HU32","pop_tot_Sheet_7",2024,"100539.0"
"HU33","pop_tot_Sheet_7",2015,"78407.0"
"HU33","pop_tot_Sheet_7",2016,"77434.0"
"HU33","pop_tot_Sheet_7",2017,"77509.0"
"HU33","pop_tot_Sheet_7",2018,"79441.0"
"HU33","pop_tot_Sheet_7",2019,"82633.0"
"HU33","pop_tot_Sheet_7",2020,"85329.0"
"HU33","pop_tot_Sheet_7",2021,"87059.0"
"HU33","pop_tot_Sheet_7",2022,"88201.0"
"HU33","pop_tot_Sheet_7",2023,"88505.0"
"HU33","pop_tot_Sheet_7",2024,"88394.0"
"MT00","pop_tot_Sheet_7",2015,"29452.0"
"MT00","pop_tot_Sheet_7",2016,"28885.0"
"MT00","pop_tot_Sheet_7",2017,"28362.0"
"MT00","pop_tot_Sheet_7",2018,"27992.0"
"MT00","pop_tot_Sheet_7",2019,"28250.0"
"MT00","pop_tot_Sheet_7",2020,"28734.0"
"MT00","pop_tot_Sheet_7",2021,"28929.0"
"MT00","pop_tot_Sheet_7",2022,"29727.0"
"MT00","pop_tot_Sheet_7",2023,"31153.0"
"MT00","pop_tot_Sheet_7",2024,"32257.0"
"NL11","pop_tot_Sheet_7",2015,"41310.0"
"NL11","pop_tot_Sheet_7",2016,"41557.0"
"NL11","pop_tot_Sheet_7",2017,"41597.0"
"NL11","pop_tot_Sheet_7",2018,"41474.0"
"NL11","pop_tot_Sheet_7",2019,"40939.0"
"NL11","pop_tot_Sheet_7",2020,"41004.0"
"NL11","pop_tot_Sheet_7",2021,"41120.0"
"NL11","pop_tot_Sheet_7",2022,"41099.0"
"NL11","pop_tot_Sheet_7",2023,"40979.0"
"NL11","pop_tot_Sheet_7",2024,"40087.0"
"NL12","pop_tot_Sheet_7",2015,"47888.0"
"NL12","pop_tot_Sheet_7",2016,"48423.0"
"NL12","pop_tot_Sheet_7",2017,"48548.0"
"NL12","pop_tot_Sheet_7",2018,"48709.0"
"NL12","pop_tot_Sheet_7",2019,"48785.0"
"NL12","pop_tot_Sheet_7",2020,"49165.0"
"NL12","pop_tot_Sheet_7",2021,"49290.0"
"NL12","pop_tot_Sheet_7",2022,"49350.0"
"NL12","pop_tot_Sheet_7",2023,"48950.0"
"NL12","pop_tot_Sheet_7",2024,"47373.0"
"NL13","pop_tot_Sheet_7",2015,"38423.0"
"NL13","pop_tot_Sheet_7",2016,"38489.0"
"NL13","pop_tot_Sheet_7",2017,"38436.0"
"NL13","pop_tot_Sheet_7",2018,"38553.0"
"NL13","pop_tot_Sheet_7",2019,"38324.0"
"NL13","pop_tot_Sheet_7",2020,"38591.0"
"NL13","pop_tot_Sheet_7",2021,"38769.0"
"NL13","pop_tot_Sheet_7",2022,"38731.0"
"NL13","pop_tot_Sheet_7",2023,"38229.0"
"NL13","pop_tot_Sheet_7",2024,"37154.0"
"NL21","pop_tot_Sheet_7",2015,"82758.0"
"NL21","pop_tot_Sheet_7",2016,"83651.0"
"NL21","pop_tot_Sheet_7",2017,"83831.0"
"NL21","pop_tot_Sheet_7",2018,"84086.0"
"NL21","pop_tot_Sheet_7",2019,"84708.0"
"NL21","pop_tot_Sheet_7",2020,"85419.0"
"NL21","pop_tot_Sheet_7",2021,"85914.0"
"NL21","pop_tot_Sheet_7",2022,"85947.0"
"NL21","pop_tot_Sheet_7",2023,"85428.0"
"NL21","pop_tot_Sheet_7",2024,"83269.0"
"NL22","pop_tot_Sheet_7",2015,"155290.0"
"NL22","pop_tot_Sheet_7",2016,"156520.0"
"NL22","pop_tot_Sheet_7",2017,"156797.0"
"NL22","pop_tot_Sheet_7",2018,"156767.0"
"NL22","pop_tot_Sheet_7",2019,"156880.0"
"NL22","pop_tot_Sheet_7",2020,"157983.0"
"NL22","pop_tot_Sheet_7",2021,"158840.0"
"NL22","pop_tot_Sheet_7",2022,"158166.0"
"NL22","pop_tot_Sheet_7",2023,"156381.0"
"NL22","pop_tot_Sheet_7",2024,"151951.0"
"NL23","pop_tot_Sheet_7",2015,"31329.0"
"NL23","pop_tot_Sheet_7",2016,"31673.0"
"NL23","pop_tot_Sheet_7",2017,"31660.0"
"NL23","pop_tot_Sheet_7",2018,"31474.0"
"NL23","pop_tot_Sheet_7",2019,"31375.0"
"NL23","pop_tot_Sheet_7",2020,"31523.0"
"NL23","pop_tot_Sheet_7",2021,"31699.0"
"NL23","pop_tot_Sheet_7",2022,"31810.0"
"NL23","pop_tot_Sheet_7",2023,"31789.0"
"NL23","pop_tot_Sheet_7",2024,"31126.0"
"NL32","pop_tot_Sheet_7",2015,"206621.0"
"NL32","pop_tot_Sheet_7",2016,"208219.0"
"NL32","pop_tot_Sheet_7",2017,"208864.0"
"NL32","pop_tot_Sheet_7",2018,"208680.0"
"NL32","pop_tot_Sheet_7",2019,"208642.0"
"NL32","pop_tot_Sheet_7",2020,"209057.0"
"NL32","pop_tot_Sheet_7",2021,"210044.0"
"NL32","pop_tot_Sheet_7",2022,"209846.0"
"NL32","pop_tot_Sheet_7",2023,"208948.0"
"NL32","pop_tot_Sheet_7",2024,"204514.0"
"NL34","pop_tot_Sheet_7",2015,"28219.0"
"NL34","pop_tot_Sheet_7",2016,"28507.0"
"NL34","pop_tot_Sheet_7",2017,"28601.0"
"NL34","pop_tot_Sheet_7",2018,"28950.0"
"NL34","pop_tot_Sheet_7",2019,"28879.0"
"NL34","pop_tot_Sheet_7",2020,"29082.0"
"NL34","pop_tot_Sheet_7",2021,"29188.0"
"NL34","pop_tot_Sheet_7",2022,"29248.0"
"NL34","pop_tot_Sheet_7",2023,"28851.0"
"NL34","pop_tot_Sheet_7",2024,"28073.0"
"NL41","pop_tot_Sheet_7",2015,"192727.0"
"NL41","pop_tot_Sheet_7",2016,"194847.0"
"NL41","pop_tot_Sheet_7",2017,"194802.0"
"NL41","pop_tot_Sheet_7",2018,"193981.0"
"NL41","pop_tot_Sheet_7",2019,"193637.0"
"NL41","pop_tot_Sheet_7",2020,"194046.0"
"NL41","pop_tot_Sheet_7",2021,"193782.0"
"NL41","pop_tot_Sheet_7",2022,"192231.0"
"NL41","pop_tot_Sheet_7",2023,"190800.0"
"NL41","pop_tot_Sheet_7",2024,"185375.0"
"NL42","pop_tot_Sheet_7",2015,"92889.0"
"NL42","pop_tot_Sheet_7",2016,"92593.0"
"NL42","pop_tot_Sheet_7",2017,"91252.0"
"NL42","pop_tot_Sheet_7",2018,"89830.0"
"NL42","pop_tot_Sheet_7",2019,"87982.0"
"NL42","pop_tot_Sheet_7",2020,"86360.0"
"NL42","pop_tot_Sheet_7",2021,"84753.0"
"NL42","pop_tot_Sheet_7",2022,"82549.0"
"NL42","pop_tot_Sheet_7",2023,"80283.0"
"NL42","pop_tot_Sheet_7",2024,"76871.0"
"AT11","pop_tot_Sheet_7",2015,"24551.0"
"AT11","pop_tot_Sheet_7",2016,"24628.0"
"AT11","pop_tot_Sheet_7",2017,"24834.0"
"AT11","pop_tot_Sheet_7",2018,"24618.0"
"AT11","pop_tot_Sheet_7",2019,"24494.0"
"AT11","pop_tot_Sheet_7",2020,"24252.0"
"AT11","pop_tot_Sheet_7",2021,"24139.0"
"AT11","pop_tot_Sheet_7",2022,"23874.0"
"AT11","pop_tot_Sheet_7",2023,"23747.0"
"AT11","pop_tot_Sheet_7",2024,"23249.0"
"AT12","pop_tot_Sheet_7",2015,"138041.0"
"AT12","pop_tot_Sheet_7",2016,"140922.0"
"AT12","pop_tot_Sheet_7",2017,"142162.0"
"AT12","pop_tot_Sheet_7",2018,"143353.0"
"AT12","pop_tot_Sheet_7",2019,"143617.0"
"AT12","pop_tot_Sheet_7",2020,"142990.0"
"AT12","pop_tot_Sheet_7",2021,"140898.0"
"AT12","pop_tot_Sheet_7",2022,"138333.0"
"AT12","pop_tot_Sheet_7",2023,"135020.0"
"AT12","pop_tot_Sheet_7",2024,"129902.0"
"AT13","pop_tot_Sheet_7",2015,"131961.0"
"AT13","pop_tot_Sheet_7",2016,"135357.0"
"AT13","pop_tot_Sheet_7",2017,"137948.0"
"AT13","pop_tot_Sheet_7",2018,"139554.0"
"AT13","pop_tot_Sheet_7",2019,"140347.0"
"AT13","pop_tot_Sheet_7",2020,"140248.0"
"AT13","pop_tot_Sheet_7",2021,"139260.0"
"AT13","pop_tot_Sheet_7",2022,"136923.0"
"AT13","pop_tot_Sheet_7",2023,"136170.0"
"AT13","pop_tot_Sheet_7",2024,"132849.0"
"AT21","pop_tot_Sheet_7",2015,"47262.0"
"AT21","pop_tot_Sheet_7",2016,"47625.0"
"AT21","pop_tot_Sheet_7",2017,"47577.0"
"AT21","pop_tot_Sheet_7",2018,"47367.0"
"AT21","pop_tot_Sheet_7",2019,"46913.0"
"AT21","pop_tot_Sheet_7",2020,"46608.0"
"AT21","pop_tot_Sheet_7",2021,"45899.0"
"AT21","pop_tot_Sheet_7",2022,"44812.0"
"AT21","pop_tot_Sheet_7",2023,"43537.0"
"AT21","pop_tot_Sheet_7",2024,"41627.0"
"AT22","pop_tot_Sheet_7",2015,"99403.0"
"AT22","pop_tot_Sheet_7",2016,"100927.0"
"AT22","pop_tot_Sheet_7",2017,"101187.0"
"AT22","pop_tot_Sheet_7",2018,"101111.0"
"AT22","pop_tot_Sheet_7",2019,"100728.0"
"AT22","pop_tot_Sheet_7",2020,"99705.0"
"AT22","pop_tot_Sheet_7",2021,"98239.0"
"AT22","pop_tot_Sheet_7",2022,"96445.0"
"AT22","pop_tot_Sheet_7",2023,"94532.0"
"AT22","pop_tot_Sheet_7",2024,"91030.0"
"AT31","pop_tot_Sheet_7",2015,"119190.0"
"AT31","pop_tot_Sheet_7",2016,"120856.0"
"AT31","pop_tot_Sheet_7",2017,"121443.0"
"AT31","pop_tot_Sheet_7",2018,"121134.0"
"AT31","pop_tot_Sheet_7",2019,"120497.0"
"AT31","pop_tot_Sheet_7",2020,"119280.0"
"AT31","pop_tot_Sheet_7",2021,"116625.0"
"AT31","pop_tot_Sheet_7",2022,"113858.0"
"AT31","pop_tot_Sheet_7",2023,"110723.0"
"AT31","pop_tot_Sheet_7",2024,"106474.0"
"AT32","pop_tot_Sheet_7",2015,"42984.0"
"AT32","pop_tot_Sheet_7",2016,"43994.0"
"AT32","pop_tot_Sheet_7",2017,"44316.0"
"AT32","pop_tot_Sheet_7",2018,"44721.0"
"AT32","pop_tot_Sheet_7",2019,"44947.0"
"AT32","pop_tot_Sheet_7",2020,"44834.0"
"AT32","pop_tot_Sheet_7",2021,"43990.0"
"AT32","pop_tot_Sheet_7",2022,"43163.0"
"AT32","pop_tot_Sheet_7",2023,"42032.0"
"AT32","pop_tot_Sheet_7",2024,"40139.0"
"AT33","pop_tot_Sheet_7",2015,"58498.0"
"AT33","pop_tot_Sheet_7",2016,"60472.0"
"AT33","pop_tot_Sheet_7",2017,"61589.0"
"AT33","pop_tot_Sheet_7",2018,"62026.0"
"AT33","pop_tot_Sheet_7",2019,"62381.0"
"AT33","pop_tot_Sheet_7",2020,"61813.0"
"AT33","pop_tot_Sheet_7",2021,"60494.0"
"AT33","pop_tot_Sheet_7",2022,"58915.0"
"AT33","pop_tot_Sheet_7",2023,"57449.0"
"AT33","pop_tot_Sheet_7",2024,"55128.0"
"AT34","pop_tot_Sheet_7",2015,"29700.0"
"AT34","pop_tot_Sheet_7",2016,"30585.0"
"AT34","pop_tot_Sheet_7",2017,"31194.0"
"AT34","pop_tot_Sheet_7",2018,"31506.0"
"AT34","pop_tot_Sheet_7",2019,"31659.0"
"AT34","pop_tot_Sheet_7",2020,"31674.0"
"AT34","pop_tot_Sheet_7",2021,"31121.0"
"AT34","pop_tot_Sheet_7",2022,"30535.0"
"AT34","pop_tot_Sheet_7",2023,"30082.0"
"AT34","pop_tot_Sheet_7",2024,"29367.0"
"PL21","pop_tot_Sheet_7",2015,"210931.0"
"PL21","pop_tot_Sheet_7",2016,"206933.0"
"PL21","pop_tot_Sheet_7",2017,"204476.0"
"PL21","pop_tot_Sheet_7",2018,"202470.0"
"PL21","pop_tot_Sheet_7",2019,"201522.0"
"PL21","pop_tot_Sheet_7",2020,"201272.0"
"PL21","pop_tot_Sheet_7",2021,"197916.0"
"PL21","pop_tot_Sheet_7",2022,"200126.0"
"PL21","pop_tot_Sheet_7",2023,"203816.0"
"PL21","pop_tot_Sheet_7",2024,"208683.0"
"PL22","pop_tot_Sheet_7",2015,"312205.0"
"PL22","pop_tot_Sheet_7",2016,"300380.0"
"PL22","pop_tot_Sheet_7",2017,"292796.0"
"PL22","pop_tot_Sheet_7",2018,"285837.0"
"PL22","pop_tot_Sheet_7",2019,"280456.0"
"PL22","pop_tot_Sheet_7",2020,"276093.0"
"PL22","pop_tot_Sheet_7",2021,"269075.0"
"PL22","pop_tot_Sheet_7",2022,"269695.0"
"PL22","pop_tot_Sheet_7",2023,"273932.0"
"PL22","pop_tot_Sheet_7",2024,"280420.0"
"PL41","pop_tot_Sheet_7",2015,"215874.0"
"PL41","pop_tot_Sheet_7",2016,"209533.0"
"PL41","pop_tot_Sheet_7",2017,"204855.0"
"PL41","pop_tot_Sheet_7",2018,"201757.0"
"PL41","pop_tot_Sheet_7",2019,"199736.0"
"PL41","pop_tot_Sheet_7",2020,"200001.0"
"PL41","pop_tot_Sheet_7",2021,"200829.0"
"PL41","pop_tot_Sheet_7",2022,"205892.0"
"PL41","pop_tot_Sheet_7",2023,"213354.0"
"PL41","pop_tot_Sheet_7",2024,"221449.0"
"PL42","pop_tot_Sheet_7",2015,"110823.0"
"PL42","pop_tot_Sheet_7",2016,"105400.0"
"PL42","pop_tot_Sheet_7",2017,"101516.0"
"PL42","pop_tot_Sheet_7",2018,"99167.0"
"PL42","pop_tot_Sheet_7",2019,"96954.0"
"PL42","pop_tot_Sheet_7",2020,"96140.0"
"PL42","pop_tot_Sheet_7",2021,"95262.0"
"PL42","pop_tot_Sheet_7",2022,"96851.0"
"PL42","pop_tot_Sheet_7",2023,"99835.0"
"PL42","pop_tot_Sheet_7",2024,"103299.0"
"PL43","pop_tot_Sheet_7",2015,"65374.0"
"PL43","pop_tot_Sheet_7",2016,"62649.0"
"PL43","pop_tot_Sheet_7",2017,"60457.0"
"PL43","pop_tot_Sheet_7",2018,"58780.0"
"PL43","pop_tot_Sheet_7",2019,"57680.0"
"PL43","pop_tot_Sheet_7",2020,"56975.0"
"PL43","pop_tot_Sheet_7",2021,"56074.0"
"PL43","pop_tot_Sheet_7",2022,"56904.0"
"PL43","pop_tot_Sheet_7",2023,"59222.0"
"PL43","pop_tot_Sheet_7",2024,"61670.0"
"PL51","pop_tot_Sheet_7",2015,"184150.0"
"PL51","pop_tot_Sheet_7",2016,"175027.0"
"PL51","pop_tot_Sheet_7",2017,"168100.0"
"PL51","pop_tot_Sheet_7",2018,"163234.0"
"PL51","pop_tot_Sheet_7",2019,"159836.0"
"PL51","pop_tot_Sheet_7",2020,"158764.0"
"PL51","pop_tot_Sheet_7",2021,"157802.0"
"PL51","pop_tot_Sheet_7",2022,"161725.0"
"PL51","pop_tot_Sheet_7",2023,"168303.0"
"PL51","pop_tot_Sheet_7",2024,"176513.0"
"PL52","pop_tot_Sheet_7",2015,"68492.0"
"PL52","pop_tot_Sheet_7",2016,"66213.0"
"PL52","pop_tot_Sheet_7",2017,"64253.0"
"PL52","pop_tot_Sheet_7",2018,"62748.0"
"PL52","pop_tot_Sheet_7",2019,"61188.0"
"PL52","pop_tot_Sheet_7",2020,"60431.0"
"PL52","pop_tot_Sheet_7",2021,"59948.0"
"PL52","pop_tot_Sheet_7",2022,"59723.0"
"PL52","pop_tot_Sheet_7",2023,"60100.0"
"PL52","pop_tot_Sheet_7",2024,"60832.0"
"PL61","pop_tot_Sheet_7",2015,"135322.0"
"PL61","pop_tot_Sheet_7",2016,"130747.0"
"PL61","pop_tot_Sheet_7",2017,"127217.0"
"PL61","pop_tot_Sheet_7",2018,"124650.0"
"PL61","pop_tot_Sheet_7",2019,"122978.0"
"PL61","pop_tot_Sheet_7",2020,"122563.0"
"PL61","pop_tot_Sheet_7",2021,"120418.0"
"PL61","pop_tot_Sheet_7",2022,"122472.0"
"PL61","pop_tot_Sheet_7",2023,"125213.0"
"PL61","pop_tot_Sheet_7",2024,"128955.0"
"PL62","pop_tot_Sheet_7",2015,"97793.0"
"PL62","pop_tot_Sheet_7",2016,"93756.0"
"PL62","pop_tot_Sheet_7",2017,"90951.0"
"PL62","pop_tot_Sheet_7",2018,"88367.0"
"PL62","pop_tot_Sheet_7",2019,"85860.0"
"PL62","pop_tot_Sheet_7",2020,"84175.0"
"PL62","pop_tot_Sheet_7",2021,"81300.0"
"PL62","pop_tot_Sheet_7",2022,"81103.0"
"PL62","pop_tot_Sheet_7",2023,"82282.0"
"PL62","pop_tot_Sheet_7",2024,"84213.0"
"PL63","pop_tot_Sheet_7",2015,"141981.0"
"PL63","pop_tot_Sheet_7",2016,"137994.0"
"PL63","pop_tot_Sheet_7",2017,"134610.0"
"PL63","pop_tot_Sheet_7",2018,"132993.0"
"PL63","pop_tot_Sheet_7",2019,"131491.0"
"PL63","pop_tot_Sheet_7",2020,"131148.0"
"PL63","pop_tot_Sheet_7",2021,"131093.0"
"PL63","pop_tot_Sheet_7",2022,"134248.0"
"PL63","pop_tot_Sheet_7",2023,"138519.0"
"PL63","pop_tot_Sheet_7",2024,"143936.0"
"PL71","pop_tot_Sheet_7",2015,"160630.0"
"PL71","pop_tot_Sheet_7",2016,"154128.0"
"PL71","pop_tot_Sheet_7",2017,"149743.0"
"PL71","pop_tot_Sheet_7",2018,"146903.0"
"PL71","pop_tot_Sheet_7",2019,"145640.0"
"PL71","pop_tot_Sheet_7",2020,"145738.0"
"PL71","pop_tot_Sheet_7",2021,"145417.0"
"PL71","pop_tot_Sheet_7",2022,"147917.0"
"PL71","pop_tot_Sheet_7",2023,"151372.0"
"PL71","pop_tot_Sheet_7",2024,"155343.0"
"PL72","pop_tot_Sheet_7",2015,"82474.0"
"PL72","pop_tot_Sheet_7",2016,"79029.0"
"PL72","pop_tot_Sheet_7",2017,"76329.0"
"PL72","pop_tot_Sheet_7",2018,"74604.0"
"PL72","pop_tot_Sheet_7",2019,"73403.0"
"PL72","pop_tot_Sheet_7",2020,"72687.0"
"PL72","pop_tot_Sheet_7",2021,"70642.0"
"PL72","pop_tot_Sheet_7",2022,"71370.0"
"PL72","pop_tot_Sheet_7",2023,"72583.0"
"PL72","pop_tot_Sheet_7",2024,"74298.0"
"PL81","pop_tot_Sheet_7",2015,"136391.0"
"PL81","pop_tot_Sheet_7",2016,"133269.0"
"PL81","pop_tot_Sheet_7",2017,"131060.0"
"PL81","pop_tot_Sheet_7",2018,"129047.0"
"PL81","pop_tot_Sheet_7",2019,"127165.0"
"PL81","pop_tot_Sheet_7",2020,"126420.0"
"PL81","pop_tot_Sheet_7",2021,"122330.0"
"PL81","pop_tot_Sheet_7",2022,"122740.0"
"PL81","pop_tot_Sheet_7",2023,"124631.0"
"PL81","pop_tot_Sheet_7",2024,"127154.0"
"PL82","pop_tot_Sheet_7",2015,"137566.0"
"PL82","pop_tot_Sheet_7",2016,"134527.0"
"PL82","pop_tot_Sheet_7",2017,"132267.0"
"PL82","pop_tot_Sheet_7",2018,"130432.0"
"PL82","pop_tot_Sheet_7",2019,"128699.0"
"PL82","pop_tot_Sheet_7",2020,"127335.0"
"PL82","pop_tot_Sheet_7",2021,"122979.0"
"PL82","pop_tot_Sheet_7",2022,"123539.0"
"PL82","pop_tot_Sheet_7",2023,"125333.0"
"PL82","pop_tot_Sheet_7",2024,"127726.0"
"PL84","pop_tot_Sheet_7",2015,"80957.0"
"PL84","pop_tot_Sheet_7",2016,"78392.0"
"PL84","pop_tot_Sheet_7",2017,"76770.0"
"PL84","pop_tot_Sheet_7",2018,"75184.0"
"PL84","pop_tot_Sheet_7",2019,"73791.0"
"PL84","pop_tot_Sheet_7",2020,"72452.0"
"PL84","pop_tot_Sheet_7",2021,"69774.0"
"PL84","pop_tot_Sheet_7",2022,"69563.0"
"PL84","pop_tot_Sheet_7",2023,"69729.0"
"PL84","pop_tot_Sheet_7",2024,"70416.0"
"PL91","pop_tot_Sheet_7",2015,"166125.0"
"PL91","pop_tot_Sheet_7",2016,"160712.0"
"PL91","pop_tot_Sheet_7",2017,"158758.0"
"PL91","pop_tot_Sheet_7",2018,"158420.0"
"PL91","pop_tot_Sheet_7",2019,"159310.0"
"PL91","pop_tot_Sheet_7",2020,"162340.0"
"PL91","pop_tot_Sheet_7",2021,"170841.0"
"PL91","pop_tot_Sheet_7",2022,"179598.0"
"PL91","pop_tot_Sheet_7",2023,"191269.0"
"PL91","pop_tot_Sheet_7",2024,"205290.0"
"PL92","pop_tot_Sheet_7",2015,"153088.0"
"PL92","pop_tot_Sheet_7",2016,"147997.0"
"PL92","pop_tot_Sheet_7",2017,"144849.0"
"PL92","pop_tot_Sheet_7",2018,"142554.0"
"PL92","pop_tot_Sheet_7",2019,"140407.0"
"PL92","pop_tot_Sheet_7",2020,"139371.0"
"PL92","pop_tot_Sheet_7",2021,"138237.0"
"PL92","pop_tot_Sheet_7",2022,"138809.0"
"PL92","pop_tot_Sheet_7",2023,"140195.0"
"PL92","pop_tot_Sheet_7",2024,"142526.0"
"PT11","pop_tot_Sheet_7",2015,"280845.0"
"PT11","pop_tot_Sheet_7",2016,"282265.0"
"PT11","pop_tot_Sheet_7",2017,"281250.0"
"PT11","pop_tot_Sheet_7",2018,"279382.0"
"PT11","pop_tot_Sheet_7",2019,"277417.0"
"PT11","pop_tot_Sheet_7",2020,"274043.0"
"PT11","pop_tot_Sheet_7",2021,"271954.0"
"PT11","pop_tot_Sheet_7",2022,"272513.0"
"PT11","pop_tot_Sheet_7",2023,"275931.0"
"PT11","pop_tot_Sheet_7",2024,"279210.0"
"PT15","pop_tot_Sheet_7",2015,"31836.0"
"PT15","pop_tot_Sheet_7",2016,"31972.0"
"PT15","pop_tot_Sheet_7",2017,"32187.0"
"PT15","pop_tot_Sheet_7",2018,"32515.0"
"PT15","pop_tot_Sheet_7",2019,"32716.0"
"PT15","pop_tot_Sheet_7",2020,"32914.0"
"PT15","pop_tot_Sheet_7",2021,"33237.0"
"PT15","pop_tot_Sheet_7",2022,"33485.0"
"PT15","pop_tot_Sheet_7",2023,"34108.0"
"PT15","pop_tot_Sheet_7",2024,"35093.0"
"PT20","pop_tot_Sheet_7",2015,"17772.0"
"PT20","pop_tot_Sheet_7",2016,"17734.0"
"PT20","pop_tot_Sheet_7",2017,"17566.0"
"PT20","pop_tot_Sheet_7",2018,"17477.0"
"PT20","pop_tot_Sheet_7",2019,"17371.0"
"PT20","pop_tot_Sheet_7",2020,"17239.0"
"PT20","pop_tot_Sheet_7",2021,"17020.0"
"PT20","pop_tot_Sheet_7",2022,"17138.0"
"PT20","pop_tot_Sheet_7",2023,"17417.0"
"PT20","pop_tot_Sheet_7",2024,"17640.0"
"PT30","pop_tot_Sheet_7",2015,"20768.0"
"PT30","pop_tot_Sheet_7",2016,"21046.0"
"PT30","pop_tot_Sheet_7",2017,"21136.0"
"PT30","pop_tot_Sheet_7",2018,"21362.0"
"PT30","pop_tot_Sheet_7",2019,"21017.0"
"PT30","pop_tot_Sheet_7",2020,"20736.0"
"PT30","pop_tot_Sheet_7",2021,"20367.0"
"PT30","pop_tot_Sheet_7",2022,"20073.0"
"PT30","pop_tot_Sheet_7",2023,"20050.0"
"PT30","pop_tot_Sheet_7",2024,"20308.0"
"RO11","pop_tot_Sheet_7",2015,"151022.0"
"RO11","pop_tot_Sheet_7",2016,"147372.0"
"RO11","pop_tot_Sheet_7",2017,"144781.0"
"RO11","pop_tot_Sheet_7",2018,"157644.0"
"RO11","pop_tot_Sheet_7",2019,"171501.0"
"RO11","pop_tot_Sheet_7",2020,"182732.0"
"RO11","pop_tot_Sheet_7",2021,"192338.0"
"RO11","pop_tot_Sheet_7",2022,"202037.0"
"RO11","pop_tot_Sheet_7",2023,"197944.0"
"RO11","pop_tot_Sheet_7",2024,"190674.0"
"RO12","pop_tot_Sheet_7",2015,"134019.0"
"RO12","pop_tot_Sheet_7",2016,"129126.0"
"RO12","pop_tot_Sheet_7",2017,"125555.0"
"RO12","pop_tot_Sheet_7",2018,"139404.0"
"RO12","pop_tot_Sheet_7",2019,"153775.0"
"RO12","pop_tot_Sheet_7",2020,"166216.0"
"RO12","pop_tot_Sheet_7",2021,"176283.0"
"RO12","pop_tot_Sheet_7",2022,"183667.0"
"RO12","pop_tot_Sheet_7",2023,"178244.0"
"RO12","pop_tot_Sheet_7",2024,"170182.0"
"RO21","pop_tot_Sheet_7",2015,"175280.0"
"RO21","pop_tot_Sheet_7",2016,"168177.0"
"RO21","pop_tot_Sheet_7",2017,"163367.0"
"RO21","pop_tot_Sheet_7",2018,"185630.0"
"RO21","pop_tot_Sheet_7",2019,"208985.0"
"RO21","pop_tot_Sheet_7",2020,"227593.0"
"RO21","pop_tot_Sheet_7",2021,"241955.0"
"RO21","pop_tot_Sheet_7",2022,"265310.0"
"RO21","pop_tot_Sheet_7",2023,"256070.0"
"RO21","pop_tot_Sheet_7",2024,"241551.0"
"RO22","pop_tot_Sheet_7",2015,"142687.0"
"RO22","pop_tot_Sheet_7",2016,"133956.0"
"RO22","pop_tot_Sheet_7",2017,"127287.0"
"RO22","pop_tot_Sheet_7",2018,"148830.0"
"RO22","pop_tot_Sheet_7",2019,"170327.0"
"RO22","pop_tot_Sheet_7",2020,"186879.0"
"RO22","pop_tot_Sheet_7",2021,"201263.0"
"RO22","pop_tot_Sheet_7",2022,"217734.0"
"RO22","pop_tot_Sheet_7",2023,"205814.0"
"RO22","pop_tot_Sheet_7",2024,"188827.0"
"RO31","pop_tot_Sheet_7",2015,"169667.0"
"RO31","pop_tot_Sheet_7",2016,"163407.0"
"RO31","pop_tot_Sheet_7",2017,"159237.0"
"RO31","pop_tot_Sheet_7",2018,"192191.0"
"RO31","pop_tot_Sheet_7",2019,"221943.0"
"RO31","pop_tot_Sheet_7",2020,"242580.0"
"RO31","pop_tot_Sheet_7",2021,"259694.0"
"RO31","pop_tot_Sheet_7",2022,"276609.0"
"RO31","pop_tot_Sheet_7",2023,"258627.0"
"RO31","pop_tot_Sheet_7",2024,"237066.0"
"RO32","pop_tot_Sheet_7",2015,"118589.0"
"RO32","pop_tot_Sheet_7",2016,"111698.0"
"RO32","pop_tot_Sheet_7",2017,"106690.0"
"RO32","pop_tot_Sheet_7",2018,"134607.0"
"RO32","pop_tot_Sheet_7",2019,"158823.0"
"RO32","pop_tot_Sheet_7",2020,"175099.0"
"RO32","pop_tot_Sheet_7",2021,"186218.0"
"RO32","pop_tot_Sheet_7",2022,"190469.0"
"RO32","pop_tot_Sheet_7",2023,"175082.0"
"RO32","pop_tot_Sheet_7",2024,"157320.0"
"RO41","pop_tot_Sheet_7",2015,"121788.0"
"RO41","pop_tot_Sheet_7",2016,"115958.0"
"RO41","pop_tot_Sheet_7",2017,"111265.0"
"RO41","pop_tot_Sheet_7",2018,"129294.0"
"RO41","pop_tot_Sheet_7",2019,"146843.0"
"RO41","pop_tot_Sheet_7",2020,"159317.0"
"RO41","pop_tot_Sheet_7",2021,"168608.0"
"RO41","pop_tot_Sheet_7",2022,"177979.0"
"RO41","pop_tot_Sheet_7",2023,"167578.0"
"RO41","pop_tot_Sheet_7",2024,"154515.0"
"RO42","pop_tot_Sheet_7",2015,"106040.0"
"RO42","pop_tot_Sheet_7",2016,"102111.0"
"RO42","pop_tot_Sheet_7",2017,"98989.0"
"RO42","pop_tot_Sheet_7",2018,"113280.0"
"RO42","pop_tot_Sheet_7",2019,"127727.0"
"RO42","pop_tot_Sheet_7",2020,"138883.0"
"RO42","pop_tot_Sheet_7",2021,"147520.0"
"RO42","pop_tot_Sheet_7",2022,"150102.0"
"RO42","pop_tot_Sheet_7",2023,"142457.0"
"RO42","pop_tot_Sheet_7",2024,"132121.0"
"SI03","pop_tot_Sheet_7",2015,"84561.0"
"SI03","pop_tot_Sheet_7",2016,"84898.0"
"SI03","pop_tot_Sheet_7",2017,"84906.0"
"SI03","pop_tot_Sheet_7",2018,"84381.0"
"SI03","pop_tot_Sheet_7",2019,"83702.0"
"SI03","pop_tot_Sheet_7",2020,"82487.0"
"SI03","pop_tot_Sheet_7",2021,"80341.0"
"SI03","pop_tot_Sheet_7",2022,"78407.0"
"SI03","pop_tot_Sheet_7",2023,"77600.0"
"SI03","pop_tot_Sheet_7",2024,"78037.0"
"SI04","pop_tot_Sheet_7",2015,"68791.0"
"SI04","pop_tot_Sheet_7",2016,"69644.0"
"SI04","pop_tot_Sheet_7",2017,"70254.0"
"SI04","pop_tot_Sheet_7",2018,"70507.0"
"SI04","pop_tot_Sheet_7",2019,"70400.0"
"SI04","pop_tot_Sheet_7",2020,"70268.0"
"SI04","pop_tot_Sheet_7",2021,"69460.0"
"SI04","pop_tot_Sheet_7",2022,"68637.0"
"SI04","pop_tot_Sheet_7",2023,"69187.0"
"SI04","pop_tot_Sheet_7",2024,"70000.0"
"SK01","pop_tot_Sheet_7",2015,"39936.0"
"SK01","pop_tot_Sheet_7",2016,"39642.0"
"SK01","pop_tot_Sheet_7",2017,"38950.0"
"SK01","pop_tot_Sheet_7",2018,"38366.0"
"SK01","pop_tot_Sheet_7",2019,"37779.0"
"SK01","pop_tot_Sheet_7",2020,"37535.0"
"SK01","pop_tot_Sheet_7",2021,"38054.0"
"SK01","pop_tot_Sheet_7",2022,"42986.0"
"SK01","pop_tot_Sheet_7",2023,"45259.0"
"SK01","pop_tot_Sheet_7",2024,"48326.0"
"SK02","pop_tot_Sheet_7",2015,"130118.0"
"SK02","pop_tot_Sheet_7",2016,"129528.0"
"SK02","pop_tot_Sheet_7",2017,"128326.0"
"SK02","pop_tot_Sheet_7",2018,"126772.0"
"SK02","pop_tot_Sheet_7",2019,"124665.0"
"SK02","pop_tot_Sheet_7",2020,"122752.0"
"SK02","pop_tot_Sheet_7",2021,"122145.0"
"SK02","pop_tot_Sheet_7",2022,"123127.0"
"SK02","pop_tot_Sheet_7",2023,"126338.0"
"SK02","pop_tot_Sheet_7",2024,"131369.0"
"SK03","pop_tot_Sheet_7",2015,"93169.0"
"SK03","pop_tot_Sheet_7",2016,"92903.0"
"SK03","pop_tot_Sheet_7",2017,"91792.0"
"SK03","pop_tot_Sheet_7",2018,"90720.0"
"SK03","pop_tot_Sheet_7",2019,"88322.0"
"SK03","pop_tot_Sheet_7",2020,"86865.0"
"SK03","pop_tot_Sheet_7",2021,"85925.0"
"SK03","pop_tot_Sheet_7",2022,"85559.0"
"SK03","pop_tot_Sheet_7",2023,"87702.0"
"SK03","pop_tot_Sheet_7",2024,"91188.0"
"SK04","pop_tot_Sheet_7",2015,"106892.0"
"SK04","pop_tot_Sheet_7",2016,"105899.0"
"SK04","pop_tot_Sheet_7",2017,"104801.0"
"SK04","pop_tot_Sheet_7",2018,"103803.0"
"SK04","pop_tot_Sheet_7",2019,"101256.0"
"SK04","pop_tot_Sheet_7",2020,"99828.0"
"SK04","pop_tot_Sheet_7",2021,"99592.0"
"SK04","pop_tot_Sheet_7",2022,"97385.0"
"SK04","pop_tot_Sheet_7",2023,"99804.0"
"SK04","pop_tot_Sheet_7",2024,"103810.0"
"FI19","pop_tot_Sheet_7",2015,"90982.0"
"FI19","pop_tot_Sheet_7",2016,"90254.0"
"FI19","pop_tot_Sheet_7",2017,"89508.0"
"FI19","pop_tot_Sheet_7",2018,"88536.0"
"FI19","pop_tot_Sheet_7",2019,"87160.0"
"FI19","pop_tot_Sheet_7",2020,"85362.0"
"FI19","pop_tot_Sheet_7",2021,"83662.0"
"FI19","pop_tot_Sheet_7",2022,"81439.0"
"FI19","pop_tot_Sheet_7",2023,"79013.0"
"FI19","pop_tot_Sheet_7",2024,"76698.0"
"FI1B","pop_tot_Sheet_7",2015,"111086.0"
"FI1B","pop_tot_Sheet_7",2016,"112859.0"
"FI1B","pop_tot_Sheet_7",2017,"114328.0"
"FI1B","pop_tot_Sheet_7",2018,"115167.0"
"FI1B","pop_tot_Sheet_7",2019,"114926.0"
"FI1B","pop_tot_Sheet_7",2020,"113088.0"
"FI1B","pop_tot_Sheet_7",2021,"111021.0"
"FI1B","pop_tot_Sheet_7",2022,"108405.0"
"FI1B","pop_tot_Sheet_7",2023,"105634.0"
"FI1B","pop_tot_Sheet_7",2024,"103302.0"
"FI1C","pop_tot_Sheet_7",2015,"80475.0"
"FI1C","pop_tot_Sheet_7",2016,"80309.0"
"FI1C","pop_tot_Sheet_7",2017,"80092.0"
"FI1C","pop_tot_Sheet_7",2018,"79677.0"
"FI1C","pop_tot_Sheet_7",2019,"78753.0"
"FI1C","pop_tot_Sheet_7",2020,"76773.0"
"FI1C","pop_tot_Sheet_7",2021,"74722.0"
"FI1C","pop_tot_Sheet_7",2022,"72524.0"
"FI1C","pop_tot_Sheet_7",2023,"69727.0"
"FI1C","pop_tot_Sheet_7",2024,"66861.0"
"FI1D","pop_tot_Sheet_7",2015,"91078.0"
"FI1D","pop_tot_Sheet_7",2016,"89053.0"
"FI1D","pop_tot_Sheet_7",2017,"86720.0"
"FI1D","pop_tot_Sheet_7",2018,"84216.0"
"FI1D","pop_tot_Sheet_7",2019,"81498.0"
"FI1D","pop_tot_Sheet_7",2020,"78403.0"
"FI1D","pop_tot_Sheet_7",2021,"75644.0"
"FI1D","pop_tot_Sheet_7",2022,"72744.0"
"FI1D","pop_tot_Sheet_7",2023,"69671.0"
"FI1D","pop_tot_Sheet_7",2024,"66949.0"
"FI20","pop_tot_Sheet_7",2015,"1964.0"
"FI20","pop_tot_Sheet_7",2016,"2026.0"
"FI20","pop_tot_Sheet_7",2017,"2087.0"
"FI20","pop_tot_Sheet_7",2018,"2160.0"
"FI20","pop_tot_Sheet_7",2019,"2212.0"
"FI20","pop_tot_Sheet_7",2020,"2168.0"
"FI20","pop_tot_Sheet_7",2021,"2097.0"
"FI20","pop_tot_Sheet_7",2022,"2084.0"
"FI20","pop_tot_Sheet_7",2023,"2000.0"
"FI20","pop_tot_Sheet_7",2024,"1989.0"
"SE11","pop_tot_Sheet_7",2015,"142194.0"
"SE11","pop_tot_Sheet_7",2016,"148528.0"
"SE11","pop_tot_Sheet_7",2017,"154131.0"
"SE11","pop_tot_Sheet_7",2018,"157665.0"
"SE11","pop_tot_Sheet_7",2019,"159147.0"
"SE11","pop_tot_Sheet_7",2020,"157084.0"
"SE11","pop_tot_Sheet_7",2021,"156337.0"
"SE11","pop_tot_Sheet_7",2022,"157110.0"
"SE11","pop_tot_Sheet_7",2023,"159235.0"
"SE11","pop_tot_Sheet_7",2024,"161882.0"
"SE12","pop_tot_Sheet_7",2015,"101955.0"
"SE12","pop_tot_Sheet_7",2016,"105773.0"
"SE12","pop_tot_Sheet_7",2017,"109561.0"
"SE12","pop_tot_Sheet_7",2018,"112260.0"
"SE12","pop_tot_Sheet_7",2019,"113436.0"
"SE12","pop_tot_Sheet_7",2020,"111770.0"
"SE12","pop_tot_Sheet_7",2021,"109891.0"
"SE12","pop_tot_Sheet_7",2022,"108925.0"
"SE12","pop_tot_Sheet_7",2023,"108324.0"
"SE12","pop_tot_Sheet_7",2024,"107704.0"
"SE21","pop_tot_Sheet_7",2015,"52480.0"
"SE21","pop_tot_Sheet_7",2016,"54091.0"
"SE21","pop_tot_Sheet_7",2017,"55989.0"
"SE21","pop_tot_Sheet_7",2018,"57382.0"
"SE21","pop_tot_Sheet_7",2019,"57887.0"
"SE21","pop_tot_Sheet_7",2020,"57182.0"
"SE21","pop_tot_Sheet_7",2021,"56183.0"
"SE21","pop_tot_Sheet_7",2022,"55545.0"
"SE21","pop_tot_Sheet_7",2023,"54496.0"
"SE21","pop_tot_Sheet_7",2024,"53810.0"
"SE22","pop_tot_Sheet_7",2015,"90537.0"
"SE22","pop_tot_Sheet_7",2016,"94007.0"
"SE22","pop_tot_Sheet_7",2017,"97404.0"
"SE22","pop_tot_Sheet_7",2018,"100140.0"
"SE22","pop_tot_Sheet_7",2019,"101033.0"
"SE22","pop_tot_Sheet_7",2020,"100088.0"
"SE22","pop_tot_Sheet_7",2021,"99243.0"
"SE22","pop_tot_Sheet_7",2022,"98725.0"
"SE22","pop_tot_Sheet_7",2023,"98306.0"
"SE22","pop_tot_Sheet_7",2024,"98646.0"
"SE23","pop_tot_Sheet_7",2015,"124491.0"
"SE23","pop_tot_Sheet_7",2016,"129056.0"
"SE23","pop_tot_Sheet_7",2017,"133330.0"
"SE23","pop_tot_Sheet_7",2018,"137093.0"
"SE23","pop_tot_Sheet_7",2019,"137570.0"
"SE23","pop_tot_Sheet_7",2020,"135835.0"
"SE23","pop_tot_Sheet_7",2021,"133758.0"
"SE23","pop_tot_Sheet_7",2022,"132145.0"
"SE23","pop_tot_Sheet_7",2023,"131191.0"
"SE23","pop_tot_Sheet_7",2024,"130858.0"
"SE31","pop_tot_Sheet_7",2015,"54544.0"
"SE31","pop_tot_Sheet_7",2016,"55946.0"
"SE31","pop_tot_Sheet_7",2017,"57556.0"
"SE31","pop_tot_Sheet_7",2018,"58659.0"
"SE31","pop_tot_Sheet_7",2019,"58645.0"
"SE31","pop_tot_Sheet_7",2020,"57001.0"
"SE31","pop_tot_Sheet_7",2021,"55709.0"
"SE31","pop_tot_Sheet_7",2022,"54744.0"
"SE31","pop_tot_Sheet_7",2023,"53784.0"
"SE31","pop_tot_Sheet_7",2024,"53180.0"
"SE32","pop_tot_Sheet_7",2015,"23501.0"
"SE32","pop_tot_Sheet_7",2016,"24202.0"
"SE32","pop_tot_Sheet_7",2017,"25123.0"
"SE32","pop_tot_Sheet_7",2018,"25847.0"
"SE32","pop_tot_Sheet_7",2019,"25861.0"
"SE32","pop_tot_Sheet_7",2020,"25241.0"
"SE32","pop_tot_Sheet_7",2021,"24631.0"
"SE32","pop_tot_Sheet_7",2022,"24181.0"
"SE32","pop_tot_Sheet_7",2023,"23608.0"
"SE32","pop_tot_Sheet_7",2024,"23372.0"
"SE33","pop_tot_Sheet_7",2015,"32342.0"
"SE33","pop_tot_Sheet_7",2016,"32862.0"
"SE33","pop_tot_Sheet_7",2017,"33590.0"
"SE33","pop_tot_Sheet_7",2018,"34254.0"
"SE33","pop_tot_Sheet_7",2019,"34270.0"
"SE33","pop_tot_Sheet_7",2020,"33554.0"
"SE33","pop_tot_Sheet_7",2021,"32820.0"
"SE33","pop_tot_Sheet_7",2022,"32121.0"
"SE33","pop_tot_Sheet_7",2023,"31540.0"
"SE33","pop_tot_Sheet_7",2024,"31152.0"
"IS00","pop_tot_Sheet_7",2015,"21605.0"
"IS00","pop_tot_Sheet_7",2016,"21649.0"
"IS00","pop_tot_Sheet_7",2017,"22083.0"
"IS00","pop_tot_Sheet_7",2018,"22221.0"
"IS00","pop_tot_Sheet_7",2019,"22090.0"
"IS00","pop_tot_Sheet_7",2020,"22027.0"
"IS00","pop_tot_Sheet_7",2021,"21713.0"
"IS00","pop_tot_Sheet_7",2022,"21665.0"
"IS00","pop_tot_Sheet_7",2023,"22606.0"
"IS00","pop_tot_Sheet_7",2024,"22803.0"
"LI00","pop_tot_Sheet_7",2015,"3146.0"
"LI00","pop_tot_Sheet_7",2016,"3158.0"
"LI00","pop_tot_Sheet_7",2017,"3178.0"
"LI00","pop_tot_Sheet_7",2018,"3196.0"
"LI00","pop_tot_Sheet_7",2019,"3260.0"
"LI00","pop_tot_Sheet_7",2020,"3245.0"
"LI00","pop_tot_Sheet_7",2021,"3269.0"
"LI00","pop_tot_Sheet_7",2022,"3232.0"
"LI00","pop_tot_Sheet_7",2023,"3175.0"
"LI00","pop_tot_Sheet_7",2024,"3092.0"
"NO02","pop_tot_Sheet_7",2015,"25431.0"
"NO02","pop_tot_Sheet_7",2016,"25869.0"
"NO02","pop_tot_Sheet_7",2017,"26280.0"
"NO02","pop_tot_Sheet_7",2018,"26684.0"
"NO02","pop_tot_Sheet_7",2019,"26984.0"
"NO02","pop_tot_Sheet_7",2020,"27275.0"
"NO02","pop_tot_Sheet_7",2021,"27460.0"
"NO02","pop_tot_Sheet_7",2022,"27408.0"
"NO02","pop_tot_Sheet_7",2023,"27459.0"
"NO02","pop_tot_Sheet_7",2024,"27328.0"
"NO06","pop_tot_Sheet_7",2015,"28430.0"
"NO06","pop_tot_Sheet_7",2016,"29294.0"
"NO06","pop_tot_Sheet_7",2017,"30104.0"
"NO06","pop_tot_Sheet_7",2018,"30576.0"
"NO06","pop_tot_Sheet_7",2019,"31381.0"
"NO06","pop_tot_Sheet_7",2020,"31914.0"
"NO06","pop_tot_Sheet_7",2021,"31832.0"
"NO06","pop_tot_Sheet_7",2022,"31827.0"
"NO06","pop_tot_Sheet_7",2023,"31996.0"
"NO06","pop_tot_Sheet_7",2024,"31740.0"
"NO07","pop_tot_Sheet_7",2015,"32302.0"
"NO07","pop_tot_Sheet_7",2016,"32995.0"
"NO07","pop_tot_Sheet_7",2017,"33577.0"
"NO07","pop_tot_Sheet_7",2018,"34159.0"
"NO07","pop_tot_Sheet_7",2019,"34781.0"
"NO07","pop_tot_Sheet_7",2020,"34889.0"
"NO07","pop_tot_Sheet_7",2021,"34987.0"
"NO07","pop_tot_Sheet_7",2022,"34919.0"
"NO07","pop_tot_Sheet_7",2023,"34609.0"
"NO07","pop_tot_Sheet_7",2024,"33977.0"
"NO08","pop_tot_Sheet_7",2015,"119021.0"
"NO08","pop_tot_Sheet_7",2016,"121964.0"
"NO08","pop_tot_Sheet_7",2017,"125507.0"
"NO08","pop_tot_Sheet_7",2018,"128141.0"
"NO08","pop_tot_Sheet_7",2019,"131384.0"
"NO08","pop_tot_Sheet_7",2020,"133808.0"
"NO08","pop_tot_Sheet_7",2021,"135286.0"
"NO08","pop_tot_Sheet_7",2022,"136966.0"
"NO08","pop_tot_Sheet_7",2023,"139573.0"
"NO08","pop_tot_Sheet_7",2024,"139981.0"
"NO09","pop_tot_Sheet_7",2015,"46931.0"
"NO09","pop_tot_Sheet_7",2016,"48033.0"
"NO09","pop_tot_Sheet_7",2017,"48914.0"
"NO09","pop_tot_Sheet_7",2018,"50103.0"
"NO09","pop_tot_Sheet_7",2019,"50783.0"
"NO09","pop_tot_Sheet_7",2020,"51573.0"
"NO09","pop_tot_Sheet_7",2021,"51757.0"
"NO09","pop_tot_Sheet_7",2022,"52291.0"
"NO09","pop_tot_Sheet_7",2023,"52858.0"
"NO09","pop_tot_Sheet_7",2024,"52849.0"
"NO0A","pop_tot_Sheet_7",2015,"84499.0"
"NO0A","pop_tot_Sheet_7",2016,"85788.0"
"NO0A","pop_tot_Sheet_7",2017,"87140.0"
"NO0A","pop_tot_Sheet_7",2018,"88880.0"
"NO0A","pop_tot_Sheet_7",2019,"90731.0"
"NO0A","pop_tot_Sheet_7",2020,"92472.0"
"NO0A","pop_tot_Sheet_7",2021,"93515.0"
"NO0A","pop_tot_Sheet_7",2022,"94323.0"
"NO0A","pop_tot_Sheet_7",2023,"94912.0"
"NO0A","pop_tot_Sheet_7",2024,"94890.0"
"CH01","pop_tot_Sheet_7",2015,"117769.0"
"CH01","pop_tot_Sheet_7",2016,"121205.0"
"CH01","pop_tot_Sheet_7",2017,"123825.0"
"CH01","pop_tot_Sheet_7",2018,"124785.0"
"CH01","pop_tot_Sheet_7",2019,"124154.0"
"CH01","pop_tot_Sheet_7",2020,"122479.0"
"CH01","pop_tot_Sheet_7",2021,"121639.0"
"CH01","pop_tot_Sheet_7",2022,"120970.0"
"CH01","pop_tot_Sheet_7",2023,"121414.0"
"CH01","pop_tot_Sheet_7",2024,"122527.0"
"CH02","pop_tot_Sheet_7",2015,"142643.0"
"CH02","pop_tot_Sheet_7",2016,"145137.0"
"CH02","pop_tot_Sheet_7",2017,"146621.0"
"CH02","pop_tot_Sheet_7",2018,"147255.0"
"CH02","pop_tot_Sheet_7",2019,"146597.0"
"CH02","pop_tot_Sheet_7",2020,"144745.0"
"CH02","pop_tot_Sheet_7",2021,"142686.0"
"CH02","pop_tot_Sheet_7",2022,"140422.0"
"CH02","pop_tot_Sheet_7",2023,"137795.0"
"CH02","pop_tot_Sheet_7",2024,"134932.0"
"CH03","pop_tot_Sheet_7",2015,"89871.0"
"CH03","pop_tot_Sheet_7",2016,"91540.0"
"CH03","pop_tot_Sheet_7",2017,"92938.0"
"CH03","pop_tot_Sheet_7",2018,"93627.0"
"CH03","pop_tot_Sheet_7",2019,"93469.0"
"CH03","pop_tot_Sheet_7",2020,"92084.0"
"CH03","pop_tot_Sheet_7",2021,"90367.0"
"CH03","pop_tot_Sheet_7",2022,"88308.0"
"CH03","pop_tot_Sheet_7",2023,"86290.0"
"CH03","pop_tot_Sheet_7",2024,"84637.0"
"CH04","pop_tot_Sheet_7",2015,"108407.0"
"CH04","pop_tot_Sheet_7",2016,"111736.0"
"CH04","pop_tot_Sheet_7",2017,"114393.0"
"CH04","pop_tot_Sheet_7",2018,"115977.0"
"CH04","pop_tot_Sheet_7",2019,"116519.0"
"CH04","pop_tot_Sheet_7",2020,"115994.0"
"CH04","pop_tot_Sheet_7",2021,"115442.0"
"CH04","pop_tot_Sheet_7",2022,"113961.0"
"CH04","pop_tot_Sheet_7",2023,"112251.0"
"CH04","pop_tot_Sheet_7",2024,"111159.0"
"CH05","pop_tot_Sheet_7",2015,"92157.0"
"CH05","pop_tot_Sheet_7",2016,"93722.0"
"CH05","pop_tot_Sheet_7",2017,"94667.0"
"CH05","pop_tot_Sheet_7",2018,"94229.0"
"CH05","pop_tot_Sheet_7",2019,"93285.0"
"CH05","pop_tot_Sheet_7",2020,"91822.0"
"CH05","pop_tot_Sheet_7",2021,"90369.0"
"CH05","pop_tot_Sheet_7",2022,"88390.0"
"CH05","pop_tot_Sheet_7",2023,"86054.0"
"CH05","pop_tot_Sheet_7",2024,"84116.0"
"CH06","pop_tot_Sheet_7",2015,"63652.0"
"CH06","pop_tot_Sheet_7",2016,"65124.0"
"CH06","pop_tot_Sheet_7",2017,"66356.0"
"CH06","pop_tot_Sheet_7",2018,"66782.0"
"CH06","pop_tot_Sheet_7",2019,"66698.0"
"CH06","pop_tot_Sheet_7",2020,"65714.0"
"CH06","pop_tot_Sheet_7",2021,"64558.0"
"CH06","pop_tot_Sheet_7",2022,"63464.0"
"CH06","pop_tot_Sheet_7",2023,"62436.0"
"CH06","pop_tot_Sheet_7",2024,"61176.0"
"CH07","pop_tot_Sheet_7",2015,"28116.0"
"CH07","pop_tot_Sheet_7",2016,"29310.0"
"CH07","pop_tot_Sheet_7",2017,"30241.0"
"CH07","pop_tot_Sheet_7",2018,"30441.0"
"CH07","pop_tot_Sheet_7",2019,"30424.0"
"CH07","pop_tot_Sheet_7",2020,"29979.0"
"CH07","pop_tot_Sheet_7",2021,"29548.0"
"CH07","pop_tot_Sheet_7",2022,"29168.0"
"CH07","pop_tot_Sheet_7",2023,"28978.0"
"CH07","pop_tot_Sheet_7",2024,"28703.0"
"ME00","pop_tot_Sheet_7",2015,"42968.0"
"ME00","pop_tot_Sheet_7",2016,"42449.0"
"ME00","pop_tot_Sheet_7",2017,"41863.0"
"ME00","pop_tot_Sheet_7",2018,"41237.0"
"ME00","pop_tot_Sheet_7",2019,"40395.0"
"ME00","pop_tot_Sheet_7",2020,"40069.0"
"ME00","pop_tot_Sheet_7",2021,"39373.0"
"ME00","pop_tot_Sheet_7",2022,"39248.0"
"ME00","pop_tot_Sheet_7",2023,"39317.0"
"ME00","pop_tot_Sheet_7",2024,"40079.0"
"MK00","pop_tot_Sheet_7",2015,"142332.0"
"MK00","pop_tot_Sheet_7",2016,"142445.0"
"MK00","pop_tot_Sheet_7",2017,"143086.0"
"MK00","pop_tot_Sheet_7",2018,"144560.0"
"MK00","pop_tot_Sheet_7",2019,"144760.0"
"MK00","pop_tot_Sheet_7",2020,"144209.0"
"MK00","pop_tot_Sheet_7",2021,"142366.0"
"MK00","pop_tot_Sheet_7",2022,"125940.0"
"MK00","pop_tot_Sheet_7",2023,"124319.0"
"MK00","pop_tot_Sheet_7",2024,"123294.0"
"TR10","pop_tot_Sheet_7",2015,"809953.0"
"TR10","pop_tot_Sheet_7",2016,"857016.0"
"TR10","pop_tot_Sheet_7",2017,"882253.0"
"TR10","pop_tot_Sheet_7",2018,"877413.0"
"TR10","pop_tot_Sheet_7",2019,"872100.0"
"TR10","pop_tot_Sheet_7",2020,"892036.0"
"TR10","pop_tot_Sheet_7",2021,"880561.0"
"TR10","pop_tot_Sheet_7",2022,"925837.0"
"TR10","pop_tot_Sheet_7",2023,"992240.0"
"TR10","pop_tot_Sheet_7",2024,"1023592.0"
"TR21","pop_tot_Sheet_7",2015,"111275.0"
"TR21","pop_tot_Sheet_7",2016,"113011.0"
"TR21","pop_tot_Sheet_7",2017,"115167.0"
"TR21","pop_tot_Sheet_7",2018,"114325.0"
"TR21","pop_tot_Sheet_7",2019,"116494.0"
"TR21","pop_tot_Sheet_7",2020,"115749.0"
"TR21","pop_tot_Sheet_7",2021,"115471.0"
"TR21","pop_tot_Sheet_7",2022,"118414.0"
"TR21","pop_tot_Sheet_7",2023,"123970.0"
"TR21","pop_tot_Sheet_7",2024,"127423.0"
"TR22","pop_tot_Sheet_7",2015,"122470.0"
"TR22","pop_tot_Sheet_7",2016,"122165.0"
"TR22","pop_tot_Sheet_7",2017,"123648.0"
"TR22","pop_tot_Sheet_7",2018,"122893.0"
"TR22","pop_tot_Sheet_7",2019,"124823.0"
"TR22","pop_tot_Sheet_7",2020,"123589.0"
"TR22","pop_tot_Sheet_7",2021,"122324.0"
"TR22","pop_tot_Sheet_7",2022,"124285.0"
"TR22","pop_tot_Sheet_7",2023,"127838.0"
"TR22","pop_tot_Sheet_7",2024,"130607.0"
"TR31","pop_tot_Sheet_7",2015,"275726.0"
"TR31","pop_tot_Sheet_7",2016,"282405.0"
"TR31","pop_tot_Sheet_7",2017,"287624.0"
"TR31","pop_tot_Sheet_7",2018,"283154.0"
"TR31","pop_tot_Sheet_7",2019,"284291.0"
"TR31","pop_tot_Sheet_7",2020,"283757.0"
"TR31","pop_tot_Sheet_7",2021,"281611.0"
"TR31","pop_tot_Sheet_7",2022,"289067.0"
"TR31","pop_tot_Sheet_7",2023,"302229.0"
"TR31","pop_tot_Sheet_7",2024,"311840.0"
"TR32","pop_tot_Sheet_7",2015,"197979.0"
"TR32","pop_tot_Sheet_7",2016,"200297.0"
"TR32","pop_tot_Sheet_7",2017,"205727.0"
"TR32","pop_tot_Sheet_7",2018,"203238.0"
"TR32","pop_tot_Sheet_7",2019,"207950.0"
"TR32","pop_tot_Sheet_7",2020,"207553.0"
"TR32","pop_tot_Sheet_7",2021,"207514.0"
"TR32","pop_tot_Sheet_7",2022,"212914.0"
"TR32","pop_tot_Sheet_7",2023,"222007.0"
"TR32","pop_tot_Sheet_7",2024,"227836.0"
"TR33","pop_tot_Sheet_7",2015,"198793.0"
"TR33","pop_tot_Sheet_7",2016,"199312.0"
"TR33","pop_tot_Sheet_7",2017,"201740.0"
"TR33","pop_tot_Sheet_7",2018,"196440.0"
"TR33","pop_tot_Sheet_7",2019,"196911.0"
"TR33","pop_tot_Sheet_7",2020,"194080.0"
"TR33","pop_tot_Sheet_7",2021,"192449.0"
"TR33","pop_tot_Sheet_7",2022,"195977.0"
"TR33","pop_tot_Sheet_7",2023,"203658.0"
"TR33","pop_tot_Sheet_7",2024,"209028.0"
"TR41","pop_tot_Sheet_7",2015,"242719.0"
"TR41","pop_tot_Sheet_7",2016,"250622.0"
"TR41","pop_tot_Sheet_7",2017,"257785.0"
"TR41","pop_tot_Sheet_7",2018,"254224.0"
"TR41","pop_tot_Sheet_7",2019,"258901.0"
"TR41","pop_tot_Sheet_7",2020,"260663.0"
"TR41","pop_tot_Sheet_7",2021,"259152.0"
"TR41","pop_tot_Sheet_7",2022,"266901.0"
"TR41","pop_tot_Sheet_7",2023,"280961.0"
"TR41","pop_tot_Sheet_7",2024,"290792.0"
"TR42","pop_tot_Sheet_7",2015,"208897.0"
"TR42","pop_tot_Sheet_7",2016,"217925.0"
"TR42","pop_tot_Sheet_7",2017,"226310.0"
"TR42","pop_tot_Sheet_7",2018,"223845.0"
"TR42","pop_tot_Sheet_7",2019,"226482.0"
"TR42","pop_tot_Sheet_7",2020,"227620.0"
"TR42","pop_tot_Sheet_7",2021,"226034.0"
"TR42","pop_tot_Sheet_7",2022,"235224.0"
"TR42","pop_tot_Sheet_7",2023,"253795.0"
"TR42","pop_tot_Sheet_7",2024,"267147.0"
"TR51","pop_tot_Sheet_7",2015,"326133.0"
"TR51","pop_tot_Sheet_7",2016,"342309.0"
"TR51","pop_tot_Sheet_7",2017,"352215.0"
"TR51","pop_tot_Sheet_7",2018,"347044.0"
"TR51","pop_tot_Sheet_7",2019,"344958.0"
"TR51","pop_tot_Sheet_7",2020,"349470.0"
"TR51","pop_tot_Sheet_7",2021,"344013.0"
"TR51","pop_tot_Sheet_7",2022,"355551.0"
"TR51","pop_tot_Sheet_7",2023,"375250.0"
"TR51","pop_tot_Sheet_7",2024,"386163.0"
"TR52","pop_tot_Sheet_7",2015,"133603.0"
"TR52","pop_tot_Sheet_7",2016,"138011.0"
"TR52","pop_tot_Sheet_7",2017,"140431.0"
"TR52","pop_tot_Sheet_7",2018,"137679.0"
"TR52","pop_tot_Sheet_7",2019,"139273.0"
"TR52","pop_tot_Sheet_7",2020,"137501.0"
"TR52","pop_tot_Sheet_7",2021,"137057.0"
"TR52","pop_tot_Sheet_7",2022,"142273.0"
"TR52","pop_tot_Sheet_7",2023,"148760.0"
"TR52","pop_tot_Sheet_7",2024,"154122.0"
"TR61","pop_tot_Sheet_7",2015,"184333.0"
"TR61","pop_tot_Sheet_7",2016,"191465.0"
"TR61","pop_tot_Sheet_7",2017,"197945.0"
"TR61","pop_tot_Sheet_7",2018,"195422.0"
"TR61","pop_tot_Sheet_7",2019,"199226.0"
"TR61","pop_tot_Sheet_7",2020,"201593.0"
"TR61","pop_tot_Sheet_7",2021,"202208.0"
"TR61","pop_tot_Sheet_7",2022,"211805.0"
"TR61","pop_tot_Sheet_7",2023,"225997.0"
"TR61","pop_tot_Sheet_7",2024,"235814.0"
"TR62","pop_tot_Sheet_7",2015,"232158.0"
"TR62","pop_tot_Sheet_7",2016,"243051.0"
"TR62","pop_tot_Sheet_7",2017,"248159.0"
"TR62","pop_tot_Sheet_7",2018,"243893.0"
"TR62","pop_tot_Sheet_7",2019,"242115.0"
"TR62","pop_tot_Sheet_7",2020,"239348.0"
"TR62","pop_tot_Sheet_7",2021,"233267.0"
"TR62","pop_tot_Sheet_7",2022,"242475.0"
"TR62","pop_tot_Sheet_7",2023,"256083.0"
"TR62","pop_tot_Sheet_7",2024,"267901.0"
"TR63","pop_tot_Sheet_7",2015,"161741.0"
"TR63","pop_tot_Sheet_7",2016,"170079.0"
"TR63","pop_tot_Sheet_7",2017,"175566.0"
"TR63","pop_tot_Sheet_7",2018,"174404.0"
"TR63","pop_tot_Sheet_7",2019,"175654.0"
"TR63","pop_tot_Sheet_7",2020,"173292.0"
"TR63","pop_tot_Sheet_7",2021,"170075.0"
"TR63","pop_tot_Sheet_7",2022,"179114.0"
"TR63","pop_tot_Sheet_7",2023,"191369.0"
"TR63","pop_tot_Sheet_7",2024,"191594.0"
"TR71","pop_tot_Sheet_7",2015,"88802.0"
"TR71","pop_tot_Sheet_7",2016,"93459.0"
"TR71","pop_tot_Sheet_7",2017,"96368.0"
"TR71","pop_tot_Sheet_7",2018,"94403.0"
"TR71","pop_tot_Sheet_7",2019,"96990.0"
"TR71","pop_tot_Sheet_7",2020,"93919.0"
"TR71","pop_tot_Sheet_7",2021,"90978.0"
"TR71","pop_tot_Sheet_7",2022,"93611.0"
"TR71","pop_tot_Sheet_7",2023,"98961.0"
"TR71","pop_tot_Sheet_7",2024,"105089.0"
"TR72","pop_tot_Sheet_7",2015,"133314.0"
"TR72","pop_tot_Sheet_7",2016,"136920.0"
"TR72","pop_tot_Sheet_7",2017,"141923.0"
"TR72","pop_tot_Sheet_7",2018,"138177.0"
"TR72","pop_tot_Sheet_7",2019,"140450.0"
"TR72","pop_tot_Sheet_7",2020,"137279.0"
"TR72","pop_tot_Sheet_7",2021,"133670.0"
"TR72","pop_tot_Sheet_7",2022,"136759.0"
"TR72","pop_tot_Sheet_7",2023,"146121.0"
"TR72","pop_tot_Sheet_7",2024,"154712.0"
"TR81","pop_tot_Sheet_7",2015,"70739.0"
"TR81","pop_tot_Sheet_7",2016,"69926.0"
"TR81","pop_tot_Sheet_7",2017,"70004.0"
"TR81","pop_tot_Sheet_7",2018,"68868.0"
"TR81","pop_tot_Sheet_7",2019,"69607.0"
"TR81","pop_tot_Sheet_7",2020,"69209.0"
"TR81","pop_tot_Sheet_7",2021,"67470.0"
"TR81","pop_tot_Sheet_7",2022,"68990.0"
"TR81","pop_tot_Sheet_7",2023,"71097.0"
"TR81","pop_tot_Sheet_7",2024,"73642.0"
"TR82","pop_tot_Sheet_7",2015,"50469.0"
"TR82","pop_tot_Sheet_7",2016,"50313.0"
"TR82","pop_tot_Sheet_7",2017,"50886.0"
"TR82","pop_tot_Sheet_7",2018,"48737.0"
"TR82","pop_tot_Sheet_7",2019,"52464.0"
"TR82","pop_tot_Sheet_7",2020,"47709.0"
"TR82","pop_tot_Sheet_7",2021,"44897.0"
"TR82","pop_tot_Sheet_7",2022,"45436.0"
"TR82","pop_tot_Sheet_7",2023,"47926.0"
"TR82","pop_tot_Sheet_7",2024,"52764.0"
"TR83","pop_tot_Sheet_7",2015,"177145.0"
"TR83","pop_tot_Sheet_7",2016,"184946.0"
"TR83","pop_tot_Sheet_7",2017,"188855.0"
"TR83","pop_tot_Sheet_7",2018,"182399.0"
"TR83","pop_tot_Sheet_7",2019,"181316.0"
"TR83","pop_tot_Sheet_7",2020,"175114.0"
"TR83","pop_tot_Sheet_7",2021,"163840.0"
"TR83","pop_tot_Sheet_7",2022,"168453.0"
"TR83","pop_tot_Sheet_7",2023,"178824.0"
"TR83","pop_tot_Sheet_7",2024,"190043.0"
"TR90","pop_tot_Sheet_7",2015,"170135.0"
"TR90","pop_tot_Sheet_7",2016,"178333.0"
"TR90","pop_tot_Sheet_7",2017,"185782.0"
"TR90","pop_tot_Sheet_7",2018,"179576.0"
"TR90","pop_tot_Sheet_7",2019,"184124.0"
"TR90","pop_tot_Sheet_7",2020,"173605.0"
"TR90","pop_tot_Sheet_7",2021,"161846.0"
"TR90","pop_tot_Sheet_7",2022,"165283.0"
"TR90","pop_tot_Sheet_7",2023,"174641.0"
"TR90","pop_tot_Sheet_7",2024,"186465.0"
"TRA1","pop_tot_Sheet_7",2015,"52261.0"
"TRA1","pop_tot_Sheet_7",2016,"54409.0"
"TRA1","pop_tot_Sheet_7",2017,"57139.0"
"TRA1","pop_tot_Sheet_7",2018,"53198.0"
"TRA1","pop_tot_Sheet_7",2019,"53846.0"
"TRA1","pop_tot_Sheet_7",2020,"51566.0"
"TRA1","pop_tot_Sheet_7",2021,"49444.0"
"TRA1","pop_tot_Sheet_7",2022,"51023.0"
"TRA1","pop_tot_Sheet_7",2023,"55711.0"
"TRA1","pop_tot_Sheet_7",2024,"60757.0"
"TRA2","pop_tot_Sheet_7",2015,"45148.0"
"TRA2","pop_tot_Sheet_7",2016,"48260.0"
"TRA2","pop_tot_Sheet_7",2017,"48396.0"
"TRA2","pop_tot_Sheet_7",2018,"44757.0"
"TRA2","pop_tot_Sheet_7",2019,"43600.0"
"TRA2","pop_tot_Sheet_7",2020,"40597.0"
"TRA2","pop_tot_Sheet_7",2021,"37661.0"
"TRA2","pop_tot_Sheet_7",2022,"38153.0"
"TRA2","pop_tot_Sheet_7",2023,"43699.0"
"TRA2","pop_tot_Sheet_7",2024,"48686.0"
"TRB1","pop_tot_Sheet_7",2015,"90178.0"
"TRB1","pop_tot_Sheet_7",2016,"96476.0"
"TRB1","pop_tot_Sheet_7",2017,"98773.0"
"TRB1","pop_tot_Sheet_7",2018,"95531.0"
"TRB1","pop_tot_Sheet_7",2019,"96426.0"
"TRB1","pop_tot_Sheet_7",2020,"93234.0"
"TRB1","pop_tot_Sheet_7",2021,"89993.0"
"TRB1","pop_tot_Sheet_7",2022,"93238.0"
"TRB1","pop_tot_Sheet_7",2023,"101673.0"
"TRB1","pop_tot_Sheet_7",2024,"106258.0"
"TRB2","pop_tot_Sheet_7",2015,"69259.0"
"TRB2","pop_tot_Sheet_7",2016,"76134.0"
"TRB2","pop_tot_Sheet_7",2017,"78326.0"
"TRB2","pop_tot_Sheet_7",2018,"74980.0"
"TRB2","pop_tot_Sheet_7",2019,"72209.0"
"TRB2","pop_tot_Sheet_7",2020,"68805.0"
"TRB2","pop_tot_Sheet_7",2021,"64413.0"
"TRB2","pop_tot_Sheet_7",2022,"66223.0"
"TRB2","pop_tot_Sheet_7",2023,"75381.0"
"TRB2","pop_tot_Sheet_7",2024,"84287.0"
"TRC1","pop_tot_Sheet_7",2015,"108839.0"
"TRC1","pop_tot_Sheet_7",2016,"119645.0"
"TRC1","pop_tot_Sheet_7",2017,"122480.0"
"TRC1","pop_tot_Sheet_7",2018,"120870.0"
"TRC1","pop_tot_Sheet_7",2019,"120397.0"
"TRC1","pop_tot_Sheet_7",2020,"119724.0"
"TRC1","pop_tot_Sheet_7",2021,"115988.0"
"TRC1","pop_tot_Sheet_7",2022,"123797.0"
"TRC1","pop_tot_Sheet_7",2023,"133572.0"
"TRC1","pop_tot_Sheet_7",2024,"141543.0"
"TRC2","pop_tot_Sheet_7",2015,"114609.0"
"TRC2","pop_tot_Sheet_7",2016,"127912.0"
"TRC2","pop_tot_Sheet_7",2017,"131610.0"
"TRC2","pop_tot_Sheet_7",2018,"128759.0"
"TRC2","pop_tot_Sheet_7",2019,"128573.0"
"TRC2","pop_tot_Sheet_7",2020,"126793.0"
"TRC2","pop_tot_Sheet_7",2021,"122262.0"
"TRC2","pop_tot_Sheet_7",2022,"128961.0"
"TRC2","pop_tot_Sheet_7",2023,"140283.0"
"TRC2","pop_tot_Sheet_7",2024,"153432.0"
"TRC3","pop_tot_Sheet_7",2015,"61744.0"
"TRC3","pop_tot_Sheet_7",2016,"68508.0"
"TRC3","pop_tot_Sheet_7",2017,"71132.0"
"TRC3","pop_tot_Sheet_7",2018,"71226.0"
"TRC3","pop_tot_Sheet_7",2019,"72144.0"
"TRC3","pop_tot_Sheet_7",2020,"71568.0"
"TRC3","pop_tot_Sheet_7",2021,"70434.0"
"TRC3","pop_tot_Sheet_7",2022,"74720.0"
"TRC3","pop_tot_Sheet_7",2023,"82578.0"
"TRC3","pop_tot_Sheet_7",2024,"91129.0"
