"region_id","indicator","year","value"
"BE10","pop_tot_Sheet_8",2015,"61504.0"
"BE10","pop_tot_Sheet_8",2016,"62932.0"
"BE10","pop_tot_Sheet_8",2017,"63730.0"
"BE10","pop_tot_Sheet_8",2018,"65107.0"
"BE10","pop_tot_Sheet_8",2019,"66071.0"
"BE10","pop_tot_Sheet_8",2020,"67295.0"
"BE10","pop_tot_Sheet_8",2021,"67784.0"
"BE10","pop_tot_Sheet_8",2022,"68543.0"
"BE10","pop_tot_Sheet_8",2023,"69685.0"
"BE10","pop_tot_Sheet_8",2024,"70883.0"
"BE21","pop_tot_Sheet_8",2015,"124286.0"
"BE21","pop_tot_Sheet_8",2016,"125990.0"
"BE21","pop_tot_Sheet_8",2017,"128200.0"
"BE21","pop_tot_Sheet_8",2018,"130096.0"
"BE21","pop_tot_Sheet_8",2019,"131972.0"
"BE21","pop_tot_Sheet_8",2020,"132887.0"
"BE21","pop_tot_Sheet_8",2021,"133664.0"
"BE21","pop_tot_Sheet_8",2022,"132955.0"
"BE21","pop_tot_Sheet_8",2023,"131572.0"
"BE21","pop_tot_Sheet_8",2024,"129644.0"
"BE22","pop_tot_Sheet_8",2015,"64288.0"
"BE22","pop_tot_Sheet_8",2016,"65253.0"
"BE22","pop_tot_Sheet_8",2017,"66525.0"
"BE22","pop_tot_Sheet_8",2018,"67443.0"
"BE22","pop_tot_Sheet_8",2019,"67996.0"
"BE22","pop_tot_Sheet_8",2020,"68451.0"
"BE22","pop_tot_Sheet_8",2021,"68462.0"
"BE22","pop_tot_Sheet_8",2022,"68044.0"
"BE22","pop_tot_Sheet_8",2023,"67030.0"
"BE22","pop_tot_Sheet_8",2024,"65672.0"
"BE23","pop_tot_Sheet_8",2015,"99717.0"
"BE23","pop_tot_Sheet_8",2016,"101293.0"
"BE23","pop_tot_Sheet_8",2017,"102824.0"
"BE23","pop_tot_Sheet_8",2018,"104394.0"
"BE23","pop_tot_Sheet_8",2019,"105962.0"
"BE23","pop_tot_Sheet_8",2020,"107731.0"
"BE23","pop_tot_Sheet_8",2021,"108517.0"
"BE23","pop_tot_Sheet_8",2022,"108800.0"
"BE23","pop_tot_Sheet_8",2023,"108629.0"
"BE23","pop_tot_Sheet_8",2024,"107739.0"
"BE24","pop_tot_Sheet_8",2015,"77158.0"
"BE24","pop_tot_Sheet_8",2016,"78451.0"
"BE24","pop_tot_Sheet_8",2017,"79406.0"
"BE24","pop_tot_Sheet_8",2018,"80100.0"
"BE24","pop_tot_Sheet_8",2019,"81368.0"
"BE24","pop_tot_Sheet_8",2020,"82503.0"
"BE24","pop_tot_Sheet_8",2021,"82849.0"
"BE24","pop_tot_Sheet_8",2022,"82830.0"
"BE24","pop_tot_Sheet_8",2023,"82466.0"
"BE24","pop_tot_Sheet_8",2024,"81576.0"
"BE25","pop_tot_Sheet_8",2015,"83041.0"
"BE25","pop_tot_Sheet_8",2016,"83819.0"
"BE25","pop_tot_Sheet_8",2017,"84935.0"
"BE25","pop_tot_Sheet_8",2018,"86183.0"
"BE25","pop_tot_Sheet_8",2019,"87408.0"
"BE25","pop_tot_Sheet_8",2020,"89053.0"
"BE25","pop_tot_Sheet_8",2021,"90065.0"
"BE25","pop_tot_Sheet_8",2022,"89965.0"
"BE25","pop_tot_Sheet_8",2023,"89178.0"
"BE25","pop_tot_Sheet_8",2024,"87535.0"
"BE31","pop_tot_Sheet_8",2015,"26668.0"
"BE31","pop_tot_Sheet_8",2016,"27165.0"
"BE31","pop_tot_Sheet_8",2017,"27490.0"
"BE31","pop_tot_Sheet_8",2018,"27881.0"
"BE31","pop_tot_Sheet_8",2019,"28193.0"
"BE31","pop_tot_Sheet_8",2020,"28417.0"
"BE31","pop_tot_Sheet_8",2021,"28577.0"
"BE31","pop_tot_Sheet_8",2022,"28610.0"
"BE31","pop_tot_Sheet_8",2023,"28577.0"
"BE31","pop_tot_Sheet_8",2024,"28349.0"
"BE32","pop_tot_Sheet_8",2015,"91189.0"
"BE32","pop_tot_Sheet_8",2016,"91776.0"
"BE32","pop_tot_Sheet_8",2017,"92108.0"
"BE32","pop_tot_Sheet_8",2018,"92183.0"
"BE32","pop_tot_Sheet_8",2019,"92251.0"
"BE32","pop_tot_Sheet_8",2020,"92307.0"
"BE32","pop_tot_Sheet_8",2021,"92247.0"
"BE32","pop_tot_Sheet_8",2022,"91917.0"
"BE32","pop_tot_Sheet_8",2023,"91613.0"
"BE32","pop_tot_Sheet_8",2024,"90939.0"
"BE33","pop_tot_Sheet_8",2015,"74253.0"
"BE33","pop_tot_Sheet_8",2016,"75008.0"
"BE33","pop_tot_Sheet_8",2017,"75734.0"
"BE33","pop_tot_Sheet_8",2018,"75694.0"
"BE33","pop_tot_Sheet_8",2019,"76119.0"
"BE33","pop_tot_Sheet_8",2020,"76814.0"
"BE33","pop_tot_Sheet_8",2021,"76966.0"
"BE33","pop_tot_Sheet_8",2022,"76849.0"
"BE33","pop_tot_Sheet_8",2023,"76546.0"
"BE33","pop_tot_Sheet_8",2024,"75634.0"
"BE34","pop_tot_Sheet_8",2015,"17965.0"
"BE34","pop_tot_Sheet_8",2016,"18342.0"
"BE34","pop_tot_Sheet_8",2017,"18833.0"
"BE34","pop_tot_Sheet_8",2018,"19022.0"
"BE34","pop_tot_Sheet_8",2019,"19306.0"
"BE34","pop_tot_Sheet_8",2020,"19601.0"
"BE34","pop_tot_Sheet_8",2021,"19995.0"
"BE34","pop_tot_Sheet_8",2022,"19963.0"
"BE34","pop_tot_Sheet_8",2023,"19970.0"
"BE34","pop_tot_Sheet_8",2024,"19754.0"
"BE35","pop_tot_Sheet_8",2015,"32935.0"
"BE35","pop_tot_Sheet_8",2016,"33446.0"
"BE35","pop_tot_Sheet_8",2017,"33905.0"
"BE35","pop_tot_Sheet_8",2018,"34234.0"
"BE35","pop_tot_Sheet_8",2019,"34681.0"
"BE35","pop_tot_Sheet_8",2020,"35081.0"
"BE35","pop_tot_Sheet_8",2021,"35094.0"
"BE35","pop_tot_Sheet_8",2022,"34854.0"
"BE35","pop_tot_Sheet_8",2023,"34787.0"
"BE35","pop_tot_Sheet_8",2024,"34298.0"
"BG31","pop_tot_Sheet_8",2015,"58229.0"
"BG31","pop_tot_Sheet_8",2016,"56774.0"
"BG31","pop_tot_Sheet_8",2017,"55529.0"
"BG31","pop_tot_Sheet_8",2018,"54903.0"
"BG31","pop_tot_Sheet_8",2019,"54494.0"
"BG31","pop_tot_Sheet_8",2020,"53207.0"
"BG31","pop_tot_Sheet_8",2021,"51880.0"
"BG31","pop_tot_Sheet_8",2022,"49563.0"
"BG31","pop_tot_Sheet_8",2023,"48514.0"
"BG31","pop_tot_Sheet_8",2024,"49061.0"
"BG32","pop_tot_Sheet_8",2015,"60673.0"
"BG32","pop_tot_Sheet_8",2016,"58509.0"
"BG32","pop_tot_Sheet_8",2017,"56875.0"
"BG32","pop_tot_Sheet_8",2018,"56690.0"
"BG32","pop_tot_Sheet_8",2019,"56383.0"
"BG32","pop_tot_Sheet_8",2020,"55658.0"
"BG32","pop_tot_Sheet_8",2021,"54880.0"
"BG32","pop_tot_Sheet_8",2022,"52679.0"
"BG32","pop_tot_Sheet_8",2023,"51318.0"
"BG32","pop_tot_Sheet_8",2024,"51422.0"
"BG33","pop_tot_Sheet_8",2015,"63348.0"
"BG33","pop_tot_Sheet_8",2016,"62128.0"
"BG33","pop_tot_Sheet_8",2017,"61323.0"
"BG33","pop_tot_Sheet_8",2018,"61447.0"
"BG33","pop_tot_Sheet_8",2019,"61158.0"
"BG33","pop_tot_Sheet_8",2020,"60339.0"
"BG33","pop_tot_Sheet_8",2021,"59172.0"
"BG33","pop_tot_Sheet_8",2022,"57431.0"
"BG33","pop_tot_Sheet_8",2023,"56137.0"
"BG33","pop_tot_Sheet_8",2024,"57428.0"
"BG34","pop_tot_Sheet_8",2015,"74859.0"
"BG34","pop_tot_Sheet_8",2016,"73691.0"
"BG34","pop_tot_Sheet_8",2017,"72151.0"
"BG34","pop_tot_Sheet_8",2018,"71816.0"
"BG34","pop_tot_Sheet_8",2019,"70945.0"
"BG34","pop_tot_Sheet_8",2020,"69653.0"
"BG34","pop_tot_Sheet_8",2021,"68226.0"
"BG34","pop_tot_Sheet_8",2022,"65947.0"
"BG34","pop_tot_Sheet_8",2023,"63974.0"
"BG34","pop_tot_Sheet_8",2024,"64905.0"
"BG41","pop_tot_Sheet_8",2015,"140517.0"
"BG41","pop_tot_Sheet_8",2016,"138676.0"
"BG41","pop_tot_Sheet_8",2017,"136857.0"
"BG41","pop_tot_Sheet_8",2018,"135460.0"
"BG41","pop_tot_Sheet_8",2019,"134278.0"
"BG41","pop_tot_Sheet_8",2020,"132593.0"
"BG41","pop_tot_Sheet_8",2021,"129945.0"
"BG41","pop_tot_Sheet_8",2022,"126753.0"
"BG41","pop_tot_Sheet_8",2023,"126556.0"
"BG41","pop_tot_Sheet_8",2024,"129044.0"
"BG42","pop_tot_Sheet_8",2015,"108969.0"
"BG42","pop_tot_Sheet_8",2016,"107878.0"
"BG42","pop_tot_Sheet_8",2017,"106765.0"
"BG42","pop_tot_Sheet_8",2018,"105211.0"
"BG42","pop_tot_Sheet_8",2019,"103137.0"
"BG42","pop_tot_Sheet_8",2020,"100349.0"
"BG42","pop_tot_Sheet_8",2021,"98565.0"
"BG42","pop_tot_Sheet_8",2022,"95062.0"
"BG42","pop_tot_Sheet_8",2023,"93173.0"
"BG42","pop_tot_Sheet_8",2024,"94121.0"
"CZ01","pop_tot_Sheet_8",2015,"73834.0"
"CZ01","pop_tot_Sheet_8",2016,"70537.0"
"CZ01","pop_tot_Sheet_8",2017,"68551.0"
"CZ01","pop_tot_Sheet_8",2018,"68039.0"
"CZ01","pop_tot_Sheet_8",2019,"70317.0"
"CZ01","pop_tot_Sheet_8",2020,"74341.0"
"CZ01","pop_tot_Sheet_8",2021,"73739.0"
"CZ01","pop_tot_Sheet_8",2022,"75140.0"
"CZ01","pop_tot_Sheet_8",2023,"78193.0"
"CZ01","pop_tot_Sheet_8",2024,"77978.0"
"CZ02","pop_tot_Sheet_8",2015,"80480.0"
"CZ02","pop_tot_Sheet_8",2016,"77320.0"
"CZ02","pop_tot_Sheet_8",2017,"74662.0"
"CZ02","pop_tot_Sheet_8",2018,"73611.0"
"CZ02","pop_tot_Sheet_8",2019,"75301.0"
"CZ02","pop_tot_Sheet_8",2020,"79419.0"
"CZ02","pop_tot_Sheet_8",2021,"81566.0"
"CZ02","pop_tot_Sheet_8",2022,"83580.0"
"CZ02","pop_tot_Sheet_8",2023,"86702.0"
"CZ02","pop_tot_Sheet_8",2024,"87283.0"
"CZ03","pop_tot_Sheet_8",2015,"81762.0"
"CZ03","pop_tot_Sheet_8",2016,"78233.0"
"CZ03","pop_tot_Sheet_8",2017,"75385.0"
"CZ03","pop_tot_Sheet_8",2018,"73163.0"
"CZ03","pop_tot_Sheet_8",2019,"74038.0"
"CZ03","pop_tot_Sheet_8",2020,"76533.0"
"CZ03","pop_tot_Sheet_8",2021,"77361.0"
"CZ03","pop_tot_Sheet_8",2022,"78400.0"
"CZ03","pop_tot_Sheet_8",2023,"80348.0"
"CZ03","pop_tot_Sheet_8",2024,"79993.0"
"CZ04","pop_tot_Sheet_8",2015,"72910.0"
"CZ04","pop_tot_Sheet_8",2016,"69806.0"
"CZ04","pop_tot_Sheet_8",2017,"66981.0"
"CZ04","pop_tot_Sheet_8",2018,"65167.0"
"CZ04","pop_tot_Sheet_8",2019,"66483.0"
"CZ04","pop_tot_Sheet_8",2020,"69511.0"
"CZ04","pop_tot_Sheet_8",2021,"70677.0"
"CZ04","pop_tot_Sheet_8",2022,"72160.0"
"CZ04","pop_tot_Sheet_8",2023,"73898.0"
"CZ04","pop_tot_Sheet_8",2024,"72875.0"
"CZ05","pop_tot_Sheet_8",2015,"96862.0"
"CZ05","pop_tot_Sheet_8",2016,"92415.0"
"CZ05","pop_tot_Sheet_8",2017,"88554.0"
"CZ05","pop_tot_Sheet_8",2018,"86413.0"
"CZ05","pop_tot_Sheet_8",2019,"87677.0"
"CZ05","pop_tot_Sheet_8",2020,"91014.0"
"CZ05","pop_tot_Sheet_8",2021,"93054.0"
"CZ05","pop_tot_Sheet_8",2022,"94191.0"
"CZ05","pop_tot_Sheet_8",2023,"96198.0"
"CZ05","pop_tot_Sheet_8",2024,"95669.0"
"CZ06","pop_tot_Sheet_8",2015,"110567.0"
"CZ06","pop_tot_Sheet_8",2016,"106508.0"
"CZ06","pop_tot_Sheet_8",2017,"103217.0"
"CZ06","pop_tot_Sheet_8",2018,"100591.0"
"CZ06","pop_tot_Sheet_8",2019,"101622.0"
"CZ06","pop_tot_Sheet_8",2020,"104734.0"
"CZ06","pop_tot_Sheet_8",2021,"106448.0"
"CZ06","pop_tot_Sheet_8",2022,"107367.0"
"CZ06","pop_tot_Sheet_8",2023,"109239.0"
"CZ06","pop_tot_Sheet_8",2024,"108686.0"
"CZ07","pop_tot_Sheet_8",2015,"81981.0"
"CZ07","pop_tot_Sheet_8",2016,"79271.0"
"CZ07","pop_tot_Sheet_8",2017,"76890.0"
"CZ07","pop_tot_Sheet_8",2018,"74967.0"
"CZ07","pop_tot_Sheet_8",2019,"75820.0"
"CZ07","pop_tot_Sheet_8",2020,"77826.0"
"CZ07","pop_tot_Sheet_8",2021,"78862.0"
"CZ07","pop_tot_Sheet_8",2022,"79058.0"
"CZ07","pop_tot_Sheet_8",2023,"79777.0"
"CZ07","pop_tot_Sheet_8",2024,"78551.0"
"CZ08","pop_tot_Sheet_8",2015,"81718.0"
"CZ08","pop_tot_Sheet_8",2016,"79349.0"
"CZ08","pop_tot_Sheet_8",2017,"77182.0"
"CZ08","pop_tot_Sheet_8",2018,"75872.0"
"CZ08","pop_tot_Sheet_8",2019,"76949.0"
"CZ08","pop_tot_Sheet_8",2020,"80123.0"
"CZ08","pop_tot_Sheet_8",2021,"82210.0"
"CZ08","pop_tot_Sheet_8",2022,"83127.0"
"CZ08","pop_tot_Sheet_8",2023,"83723.0"
"CZ08","pop_tot_Sheet_8",2024,"82012.0"
"DK01","pop_tot_Sheet_8",2015,"99485.0"
"DK01","pop_tot_Sheet_8",2016,"101659.0"
"DK01","pop_tot_Sheet_8",2017,"103362.0"
"DK01","pop_tot_Sheet_8",2018,"105692.0"
"DK01","pop_tot_Sheet_8",2019,"109749.0"
"DK01","pop_tot_Sheet_8",2020,"114132.0"
"DK01","pop_tot_Sheet_8",2021,"118308.0"
"DK01","pop_tot_Sheet_8",2022,"122988.0"
"DK01","pop_tot_Sheet_8",2023,"125993.0"
"DK01","pop_tot_Sheet_8",2024,"125427.0"
"DK02","pop_tot_Sheet_8",2015,"56276.0"
"DK02","pop_tot_Sheet_8",2016,"56796.0"
"DK02","pop_tot_Sheet_8",2017,"57368.0"
"DK02","pop_tot_Sheet_8",2018,"58034.0"
"DK02","pop_tot_Sheet_8",2019,"59600.0"
"DK02","pop_tot_Sheet_8",2020,"61347.0"
"DK02","pop_tot_Sheet_8",2021,"63441.0"
"DK02","pop_tot_Sheet_8",2022,"66161.0"
"DK02","pop_tot_Sheet_8",2023,"67643.0"
"DK02","pop_tot_Sheet_8",2024,"67201.0"
"DK03","pop_tot_Sheet_8",2015,"80622.0"
"DK03","pop_tot_Sheet_8",2016,"80845.0"
"DK03","pop_tot_Sheet_8",2017,"80996.0"
"DK03","pop_tot_Sheet_8",2018,"81961.0"
"DK03","pop_tot_Sheet_8",2019,"83691.0"
"DK03","pop_tot_Sheet_8",2020,"85799.0"
"DK03","pop_tot_Sheet_8",2021,"87743.0"
"DK03","pop_tot_Sheet_8",2022,"90331.0"
"DK03","pop_tot_Sheet_8",2023,"91522.0"
"DK03","pop_tot_Sheet_8",2024,"90271.0"
"DK04","pop_tot_Sheet_8",2015,"80525.0"
"DK04","pop_tot_Sheet_8",2016,"80912.0"
"DK04","pop_tot_Sheet_8",2017,"81107.0"
"DK04","pop_tot_Sheet_8",2018,"82127.0"
"DK04","pop_tot_Sheet_8",2019,"83685.0"
"DK04","pop_tot_Sheet_8",2020,"86104.0"
"DK04","pop_tot_Sheet_8",2021,"88280.0"
"DK04","pop_tot_Sheet_8",2022,"91272.0"
"DK04","pop_tot_Sheet_8",2023,"92583.0"
"DK04","pop_tot_Sheet_8",2024,"91799.0"
"DK05","pop_tot_Sheet_8",2015,"38873.0"
"DK05","pop_tot_Sheet_8",2016,"39262.0"
"DK05","pop_tot_Sheet_8",2017,"39377.0"
"DK05","pop_tot_Sheet_8",2018,"39799.0"
"DK05","pop_tot_Sheet_8",2019,"40269.0"
"DK05","pop_tot_Sheet_8",2020,"41156.0"
"DK05","pop_tot_Sheet_8",2021,"41748.0"
"DK05","pop_tot_Sheet_8",2022,"42587.0"
"DK05","pop_tot_Sheet_8",2023,"42818.0"
"DK05","pop_tot_Sheet_8",2024,"42160.0"
"DE11","pop_tot_Sheet_8",2015,"273882.0"
"DE11","pop_tot_Sheet_8",2016,"284646.0"
"DE11","pop_tot_Sheet_8",2017,"293621.0"
"DE11","pop_tot_Sheet_8",2018,"303596.0"
"DE11","pop_tot_Sheet_8",2019,"313802.0"
"DE11","pop_tot_Sheet_8",2020,"322170.0"
"DE11","pop_tot_Sheet_8",2021,"327067.0"
"DE11","pop_tot_Sheet_8",2022,"330180.0"
"DE11","pop_tot_Sheet_8",2023,"327663.0"
"DE11","pop_tot_Sheet_8",2024,"326379.0"
"DE12","pop_tot_Sheet_8",2015,"191035.0"
"DE12","pop_tot_Sheet_8",2016,"198554.0"
"DE12","pop_tot_Sheet_8",2017,"205025.0"
"DE12","pop_tot_Sheet_8",2018,"211441.0"
"DE12","pop_tot_Sheet_8",2019,"218391.0"
"DE12","pop_tot_Sheet_8",2020,"223834.0"
"DE12","pop_tot_Sheet_8",2021,"226291.0"
"DE12","pop_tot_Sheet_8",2022,"227513.0"
"DE12","pop_tot_Sheet_8",2023,"227644.0"
"DE12","pop_tot_Sheet_8",2024,"225560.0"
"DE13","pop_tot_Sheet_8",2015,"156832.0"
"DE13","pop_tot_Sheet_8",2016,"162836.0"
"DE13","pop_tot_Sheet_8",2017,"168425.0"
"DE13","pop_tot_Sheet_8",2018,"173925.0"
"DE13","pop_tot_Sheet_8",2019,"179116.0"
"DE13","pop_tot_Sheet_8",2020,"182906.0"
"DE13","pop_tot_Sheet_8",2021,"185211.0"
"DE13","pop_tot_Sheet_8",2022,"186361.0"
"DE13","pop_tot_Sheet_8",2023,"185795.0"
"DE13","pop_tot_Sheet_8",2024,"184013.0"
"DE14","pop_tot_Sheet_8",2015,"126737.0"
"DE14","pop_tot_Sheet_8",2016,"131804.0"
"DE14","pop_tot_Sheet_8",2017,"135956.0"
"DE14","pop_tot_Sheet_8",2018,"140159.0"
"DE14","pop_tot_Sheet_8",2019,"144795.0"
"DE14","pop_tot_Sheet_8",2020,"148071.0"
"DE14","pop_tot_Sheet_8",2021,"150181.0"
"DE14","pop_tot_Sheet_8",2022,"151740.0"
"DE14","pop_tot_Sheet_8",2023,"151932.0"
"DE14","pop_tot_Sheet_8",2024,"150421.0"
"DE21","pop_tot_Sheet_8",2015,"289854.0"
"DE21","pop_tot_Sheet_8",2016,"302104.0"
"DE21","pop_tot_Sheet_8",2017,"314923.0"
"DE21","pop_tot_Sheet_8",2018,"326010.0"
"DE21","pop_tot_Sheet_8",2019,"339051.0"
"DE21","pop_tot_Sheet_8",2020,"351302.0"
"DE21","pop_tot_Sheet_8",2021,"360818.0"
"DE21","pop_tot_Sheet_8",2022,"367306.0"
"DE21","pop_tot_Sheet_8",2023,"370173.0"
"DE21","pop_tot_Sheet_8",2024,"371411.0"
"DE22","pop_tot_Sheet_8",2015,"89894.0"
"DE22","pop_tot_Sheet_8",2016,"93646.0"
"DE22","pop_tot_Sheet_8",2017,"96871.0"
"DE22","pop_tot_Sheet_8",2018,"99533.0"
"DE22","pop_tot_Sheet_8",2019,"102412.0"
"DE22","pop_tot_Sheet_8",2020,"103688.0"
"DE22","pop_tot_Sheet_8",2021,"104256.0"
"DE22","pop_tot_Sheet_8",2022,"104287.0"
"DE22","pop_tot_Sheet_8",2023,"102526.0"
"DE22","pop_tot_Sheet_8",2024,"101612.0"
"DE23","pop_tot_Sheet_8",2015,"80292.0"
"DE23","pop_tot_Sheet_8",2016,"83425.0"
"DE23","pop_tot_Sheet_8",2017,"86441.0"
"DE23","pop_tot_Sheet_8",2018,"88905.0"
"DE23","pop_tot_Sheet_8",2019,"91420.0"
"DE23","pop_tot_Sheet_8",2020,"93291.0"
"DE23","pop_tot_Sheet_8",2021,"93770.0"
"DE23","pop_tot_Sheet_8",2022,"94133.0"
"DE23","pop_tot_Sheet_8",2023,"92413.0"
"DE23","pop_tot_Sheet_8",2024,"91418.0"
"DE24","pop_tot_Sheet_8",2015,"80792.0"
"DE24","pop_tot_Sheet_8",2016,"83845.0"
"DE24","pop_tot_Sheet_8",2017,"86844.0"
"DE24","pop_tot_Sheet_8",2018,"88993.0"
"DE24","pop_tot_Sheet_8",2019,"91123.0"
"DE24","pop_tot_Sheet_8",2020,"92471.0"
"DE24","pop_tot_Sheet_8",2021,"92676.0"
"DE24","pop_tot_Sheet_8",2022,"92107.0"
"DE24","pop_tot_Sheet_8",2023,"90616.0"
"DE24","pop_tot_Sheet_8",2024,"89636.0"
"DE25","pop_tot_Sheet_8",2015,"121055.0"
"DE25","pop_tot_Sheet_8",2016,"125373.0"
"DE25","pop_tot_Sheet_8",2017,"129246.0"
"DE25","pop_tot_Sheet_8",2018,"133187.0"
"DE25","pop_tot_Sheet_8",2019,"137302.0"
"DE25","pop_tot_Sheet_8",2020,"140606.0"
"DE25","pop_tot_Sheet_8",2021,"142471.0"
"DE25","pop_tot_Sheet_8",2022,"143244.0"
"DE25","pop_tot_Sheet_8",2023,"143960.0"
"DE25","pop_tot_Sheet_8",2024,"143003.0"
"DE26","pop_tot_Sheet_8",2015,"98155.0"
"DE26","pop_tot_Sheet_8",2016,"101849.0"
"DE26","pop_tot_Sheet_8",2017,"104955.0"
"DE26","pop_tot_Sheet_8",2018,"108254.0"
"DE26","pop_tot_Sheet_8",2019,"111203.0"
"DE26","pop_tot_Sheet_8",2020,"112855.0"
"DE26","pop_tot_Sheet_8",2021,"113197.0"
"DE26","pop_tot_Sheet_8",2022,"112942.0"
"DE26","pop_tot_Sheet_8",2023,"110712.0"
"DE26","pop_tot_Sheet_8",2024,"108791.0"
"DE27","pop_tot_Sheet_8",2015,"127621.0"
"DE27","pop_tot_Sheet_8",2016,"132955.0"
"DE27","pop_tot_Sheet_8",2017,"137710.0"
"DE27","pop_tot_Sheet_8",2018,"142428.0"
"DE27","pop_tot_Sheet_8",2019,"147195.0"
"DE27","pop_tot_Sheet_8",2020,"151107.0"
"DE27","pop_tot_Sheet_8",2021,"153803.0"
"DE27","pop_tot_Sheet_8",2022,"155556.0"
"DE27","pop_tot_Sheet_8",2023,"154251.0"
"DE27","pop_tot_Sheet_8",2024,"153972.0"
"DE30","pop_tot_Sheet_8",2015,"215911.0"
"DE30","pop_tot_Sheet_8",2016,"223288.0"
"DE30","pop_tot_Sheet_8",2017,"232273.0"
"DE30","pop_tot_Sheet_8",2018,"242929.0"
"DE30","pop_tot_Sheet_8",2019,"254720.0"
"DE30","pop_tot_Sheet_8",2020,"262524.0"
"DE30","pop_tot_Sheet_8",2021,"266889.0"
"DE30","pop_tot_Sheet_8",2022,"267422.0"
"DE30","pop_tot_Sheet_8",2023,"261135.0"
"DE30","pop_tot_Sheet_8",2024,"255555.0"
"DE40","pop_tot_Sheet_8",2015,"209224.0"
"DE40","pop_tot_Sheet_8",2016,"214650.0"
"DE40","pop_tot_Sheet_8",2017,"221998.0"
"DE40","pop_tot_Sheet_8",2018,"229965.0"
"DE40","pop_tot_Sheet_8",2019,"237367.0"
"DE40","pop_tot_Sheet_8",2020,"239654.0"
"DE40","pop_tot_Sheet_8",2021,"239445.0"
"DE40","pop_tot_Sheet_8",2022,"235235.0"
"DE40","pop_tot_Sheet_8",2023,"227126.0"
"DE40","pop_tot_Sheet_8",2024,"217615.0"
"DE50","pop_tot_Sheet_8",2015,"44289.0"
"DE50","pop_tot_Sheet_8",2016,"45412.0"
"DE50","pop_tot_Sheet_8",2017,"46547.0"
"DE50","pop_tot_Sheet_8",2018,"47715.0"
"DE50","pop_tot_Sheet_8",2019,"48888.0"
"DE50","pop_tot_Sheet_8",2020,"49771.0"
"DE50","pop_tot_Sheet_8",2021,"50682.0"
"DE50","pop_tot_Sheet_8",2022,"50947.0"
"DE50","pop_tot_Sheet_8",2023,"51619.0"
"DE50","pop_tot_Sheet_8",2024,"51582.0"
"DE60","pop_tot_Sheet_8",2015,"104226.0"
"DE60","pop_tot_Sheet_8",2016,"108632.0"
"DE60","pop_tot_Sheet_8",2017,"112527.0"
"DE60","pop_tot_Sheet_8",2018,"116917.0"
"DE60","pop_tot_Sheet_8",2019,"121805.0"
"DE60","pop_tot_Sheet_8",2020,"126531.0"
"DE60","pop_tot_Sheet_8",2021,"129874.0"
"DE60","pop_tot_Sheet_8",2022,"133562.0"
"DE60","pop_tot_Sheet_8",2023,"132412.0"
"DE60","pop_tot_Sheet_8",2024,"133878.0"
"DE71","pop_tot_Sheet_8",2015,"261890.0"
"DE71","pop_tot_Sheet_8",2016,"271282.0"
"DE71","pop_tot_Sheet_8",2017,"279837.0"
"DE71","pop_tot_Sheet_8",2018,"288858.0"
"DE71","pop_tot_Sheet_8",2019,"300245.0"
"DE71","pop_tot_Sheet_8",2020,"309970.0"
"DE71","pop_tot_Sheet_8",2021,"317704.0"
"DE71","pop_tot_Sheet_8",2022,"323415.0"
"DE71","pop_tot_Sheet_8",2023,"323081.0"
"DE71","pop_tot_Sheet_8",2024,"323302.0"
"DE72","pop_tot_Sheet_8",2015,"75329.0"
"DE72","pop_tot_Sheet_8",2016,"77939.0"
"DE72","pop_tot_Sheet_8",2017,"80566.0"
"DE72","pop_tot_Sheet_8",2018,"82398.0"
"DE72","pop_tot_Sheet_8",2019,"84419.0"
"DE72","pop_tot_Sheet_8",2020,"86146.0"
"DE72","pop_tot_Sheet_8",2021,"87036.0"
"DE72","pop_tot_Sheet_8",2022,"86589.0"
"DE72","pop_tot_Sheet_8",2023,"84960.0"
"DE72","pop_tot_Sheet_8",2024,"83489.0"
"DE73","pop_tot_Sheet_8",2015,"89416.0"
"DE73","pop_tot_Sheet_8",2016,"92193.0"
"DE73","pop_tot_Sheet_8",2017,"94750.0"
"DE73","pop_tot_Sheet_8",2018,"97390.0"
"DE73","pop_tot_Sheet_8",2019,"99862.0"
"DE73","pop_tot_Sheet_8",2020,"101751.0"
"DE73","pop_tot_Sheet_8",2021,"102877.0"
"DE73","pop_tot_Sheet_8",2022,"103107.0"
"DE73","pop_tot_Sheet_8",2023,"100550.0"
"DE73","pop_tot_Sheet_8",2024,"99564.0"
"DE80","pop_tot_Sheet_8",2015,"138677.0"
"DE80","pop_tot_Sheet_8",2016,"141069.0"
"DE80","pop_tot_Sheet_8",2017,"144330.0"
"DE80","pop_tot_Sheet_8",2018,"147391.0"
"DE80","pop_tot_Sheet_8",2019,"149868.0"
"DE80","pop_tot_Sheet_8",2020,"149680.0"
"DE80","pop_tot_Sheet_8",2021,"147886.0"
"DE80","pop_tot_Sheet_8",2022,"143743.0"
"DE80","pop_tot_Sheet_8",2023,"135310.0"
"DE80","pop_tot_Sheet_8",2024,"129223.0"
"DE91","pop_tot_Sheet_8",2015,"114639.0"
"DE91","pop_tot_Sheet_8",2016,"118108.0"
"DE91","pop_tot_Sheet_8",2017,"121714.0"
"DE91","pop_tot_Sheet_8",2018,"125017.0"
"DE91","pop_tot_Sheet_8",2019,"128368.0"
"DE91","pop_tot_Sheet_8",2020,"130674.0"
"DE91","pop_tot_Sheet_8",2021,"131868.0"
"DE91","pop_tot_Sheet_8",2022,"132501.0"
"DE91","pop_tot_Sheet_8",2023,"131924.0"
"DE91","pop_tot_Sheet_8",2024,"130972.0"
"DE92","pop_tot_Sheet_8",2015,"150204.0"
"DE92","pop_tot_Sheet_8",2016,"155491.0"
"DE92","pop_tot_Sheet_8",2017,"160288.0"
"DE92","pop_tot_Sheet_8",2018,"164767.0"
"DE92","pop_tot_Sheet_8",2019,"170189.0"
"DE92","pop_tot_Sheet_8",2020,"174253.0"
"DE92","pop_tot_Sheet_8",2021,"177168.0"
"DE92","pop_tot_Sheet_8",2022,"179451.0"
"DE92","pop_tot_Sheet_8",2023,"177430.0"
"DE92","pop_tot_Sheet_8",2024,"176944.0"
"DE93","pop_tot_Sheet_8",2015,"121492.0"
"DE93","pop_tot_Sheet_8",2016,"126531.0"
"DE93","pop_tot_Sheet_8",2017,"131321.0"
"DE93","pop_tot_Sheet_8",2018,"135747.0"
"DE93","pop_tot_Sheet_8",2019,"141405.0"
"DE93","pop_tot_Sheet_8",2020,"145428.0"
"DE93","pop_tot_Sheet_8",2021,"148739.0"
"DE93","pop_tot_Sheet_8",2022,"150936.0"
"DE93","pop_tot_Sheet_8",2023,"151023.0"
"DE93","pop_tot_Sheet_8",2024,"150120.0"
"DE94","pop_tot_Sheet_8",2015,"172803.0"
"DE94","pop_tot_Sheet_8",2016,"179393.0"
"DE94","pop_tot_Sheet_8",2017,"186380.0"
"DE94","pop_tot_Sheet_8",2018,"192377.0"
"DE94","pop_tot_Sheet_8",2019,"199369.0"
"DE94","pop_tot_Sheet_8",2020,"204968.0"
"DE94","pop_tot_Sheet_8",2021,"209447.0"
"DE94","pop_tot_Sheet_8",2022,"212077.0"
"DE94","pop_tot_Sheet_8",2023,"213833.0"
"DE94","pop_tot_Sheet_8",2024,"213262.0"
"DEA1","pop_tot_Sheet_8",2015,"371035.0"
"DEA1","pop_tot_Sheet_8",2016,"382482.0"
"DEA1","pop_tot_Sheet_8",2017,"391847.0"
"DEA1","pop_tot_Sheet_8",2018,"400741.0"
"DEA1","pop_tot_Sheet_8",2019,"412081.0"
"DEA1","pop_tot_Sheet_8",2020,"421573.0"
"DEA1","pop_tot_Sheet_8",2021,"427246.0"
"DEA1","pop_tot_Sheet_8",2022,"432011.0"
"DEA1","pop_tot_Sheet_8",2023,"435421.0"
"DEA1","pop_tot_Sheet_8",2024,"431857.0"
"DEA2","pop_tot_Sheet_8",2015,"303895.0"
"DEA2","pop_tot_Sheet_8",2016,"315374.0"
"DEA2","pop_tot_Sheet_8",2017,"325233.0"
"DEA2","pop_tot_Sheet_8",2018,"334653.0"
"DEA2","pop_tot_Sheet_8",2019,"345654.0"
"DEA2","pop_tot_Sheet_8",2020,"354520.0"
"DEA2","pop_tot_Sheet_8",2021,"360638.0"
"DEA2","pop_tot_Sheet_8",2022,"365236.0"
"DEA2","pop_tot_Sheet_8",2023,"367002.0"
"DEA2","pop_tot_Sheet_8",2024,"365598.0"
"DEA3","pop_tot_Sheet_8",2015,"190184.0"
"DEA3","pop_tot_Sheet_8",2016,"196370.0"
"DEA3","pop_tot_Sheet_8",2017,"201647.0"
"DEA3","pop_tot_Sheet_8",2018,"206198.0"
"DEA3","pop_tot_Sheet_8",2019,"211682.0"
"DEA3","pop_tot_Sheet_8",2020,"216023.0"
"DEA3","pop_tot_Sheet_8",2021,"218768.0"
"DEA3","pop_tot_Sheet_8",2022,"220909.0"
"DEA3","pop_tot_Sheet_8",2023,"222478.0"
"DEA3","pop_tot_Sheet_8",2024,"221210.0"
"DEA4","pop_tot_Sheet_8",2015,"146171.0"
"DEA4","pop_tot_Sheet_8",2016,"151291.0"
"DEA4","pop_tot_Sheet_8",2017,"155758.0"
"DEA4","pop_tot_Sheet_8",2018,"159814.0"
"DEA4","pop_tot_Sheet_8",2019,"164130.0"
"DEA4","pop_tot_Sheet_8",2020,"166614.0"
"DEA4","pop_tot_Sheet_8",2021,"168051.0"
"DEA4","pop_tot_Sheet_8",2022,"169369.0"
"DEA4","pop_tot_Sheet_8",2023,"170096.0"
"DEA4","pop_tot_Sheet_8",2024,"168762.0"
"DEA5","pop_tot_Sheet_8",2015,"262645.0"
"DEA5","pop_tot_Sheet_8",2016,"269248.0"
"DEA5","pop_tot_Sheet_8",2017,"274661.0"
"DEA5","pop_tot_Sheet_8",2018,"279991.0"
"DEA5","pop_tot_Sheet_8",2019,"286667.0"
"DEA5","pop_tot_Sheet_8",2020,"292522.0"
"DEA5","pop_tot_Sheet_8",2021,"296396.0"
"DEA5","pop_tot_Sheet_8",2022,"298773.0"
"DEA5","pop_tot_Sheet_8",2023,"299483.0"
"DEA5","pop_tot_Sheet_8",2024,"296926.0"
"DEB1","pop_tot_Sheet_8",2015,"113856.0"
"DEB1","pop_tot_Sheet_8",2016,"117449.0"
"DEB1","pop_tot_Sheet_8",2017,"121288.0"
"DEB1","pop_tot_Sheet_8",2018,"124357.0"
"DEB1","pop_tot_Sheet_8",2019,"127915.0"
"DEB1","pop_tot_Sheet_8",2020,"130511.0"
"DEB1","pop_tot_Sheet_8",2021,"131664.0"
"DEB1","pop_tot_Sheet_8",2022,"132088.0"
"DEB1","pop_tot_Sheet_8",2023,"131495.0"
"DEB1","pop_tot_Sheet_8",2024,"129631.0"
"DEB2","pop_tot_Sheet_8",2015,"39009.0"
"DEB2","pop_tot_Sheet_8",2016,"40039.0"
"DEB2","pop_tot_Sheet_8",2017,"41409.0"
"DEB2","pop_tot_Sheet_8",2018,"42587.0"
"DEB2","pop_tot_Sheet_8",2019,"43937.0"
"DEB2","pop_tot_Sheet_8",2020,"45100.0"
"DEB2","pop_tot_Sheet_8",2021,"46050.0"
"DEB2","pop_tot_Sheet_8",2022,"46229.0"
"DEB2","pop_tot_Sheet_8",2023,"44442.0"
"DEB2","pop_tot_Sheet_8",2024,"43846.0"
"DEB3","pop_tot_Sheet_8",2015,"151977.0"
"DEB3","pop_tot_Sheet_8",2016,"157537.0"
"DEB3","pop_tot_Sheet_8",2017,"162260.0"
"DEB3","pop_tot_Sheet_8",2018,"166200.0"
"DEB3","pop_tot_Sheet_8",2019,"170489.0"
"DEB3","pop_tot_Sheet_8",2020,"172964.0"
"DEB3","pop_tot_Sheet_8",2021,"173413.0"
"DEB3","pop_tot_Sheet_8",2022,"173010.0"
"DEB3","pop_tot_Sheet_8",2023,"170709.0"
"DEB3","pop_tot_Sheet_8",2024,"168335.0"
"DEC0","pop_tot_Sheet_8",2015,"81474.0"
"DEC0","pop_tot_Sheet_8",2016,"83559.0"
"DEC0","pop_tot_Sheet_8",2017,"85671.0"
"DEC0","pop_tot_Sheet_8",2018,"86740.0"
"DEC0","pop_tot_Sheet_8",2019,"87411.0"
"DEC0","pop_tot_Sheet_8",2020,"87404.0"
"DEC0","pop_tot_Sheet_8",2021,"87208.0"
"DEC0","pop_tot_Sheet_8",2022,"86092.0"
"DEC0","pop_tot_Sheet_8",2023,"86570.0"
"DEC0","pop_tot_Sheet_8",2024,"84504.0"
"DED2","pop_tot_Sheet_8",2015,"114999.0"
"DED2","pop_tot_Sheet_8",2016,"116142.0"
"DED2","pop_tot_Sheet_8",2017,"118972.0"
"DED2","pop_tot_Sheet_8",2018,"122236.0"
"DED2","pop_tot_Sheet_8",2019,"126018.0"
"DED2","pop_tot_Sheet_8",2020,"127116.0"
"DED2","pop_tot_Sheet_8",2021,"126818.0"
"DED2","pop_tot_Sheet_8",2022,"124793.0"
"DED2","pop_tot_Sheet_8",2023,"121438.0"
"DED2","pop_tot_Sheet_8",2024,"116877.0"
"DED4","pop_tot_Sheet_8",2015,"115003.0"
"DED4","pop_tot_Sheet_8",2016,"113911.0"
"DED4","pop_tot_Sheet_8",2017,"114717.0"
"DED4","pop_tot_Sheet_8",2018,"116302.0"
"DED4","pop_tot_Sheet_8",2019,"118146.0"
"DED4","pop_tot_Sheet_8",2020,"118108.0"
"DED4","pop_tot_Sheet_8",2021,"117349.0"
"DED4","pop_tot_Sheet_8",2022,"114669.0"
"DED4","pop_tot_Sheet_8",2023,"110746.0"
"DED4","pop_tot_Sheet_8",2024,"107095.0"
"DED5","pop_tot_Sheet_8",2015,"69219.0"
"DED5","pop_tot_Sheet_8",2016,"70417.0"
"DED5","pop_tot_Sheet_8",2017,"72346.0"
"DED5","pop_tot_Sheet_8",2018,"74558.0"
"DED5","pop_tot_Sheet_8",2019,"76763.0"
"DED5","pop_tot_Sheet_8",2020,"78006.0"
"DED5","pop_tot_Sheet_8",2021,"78351.0"
"DED5","pop_tot_Sheet_8",2022,"77548.0"
"DED5","pop_tot_Sheet_8",2023,"75744.0"
"DED5","pop_tot_Sheet_8",2024,"73708.0"
"DEE0","pop_tot_Sheet_8",2015,"184281.0"
"DEE0","pop_tot_Sheet_8",2016,"185607.0"
"DEE0","pop_tot_Sheet_8",2017,"188702.0"
"DEE0","pop_tot_Sheet_8",2018,"192340.0"
"DEE0","pop_tot_Sheet_8",2019,"196063.0"
"DEE0","pop_tot_Sheet_8",2020,"196242.0"
"DEE0","pop_tot_Sheet_8",2021,"194348.0"
"DEE0","pop_tot_Sheet_8",2022,"189666.0"
"DEE0","pop_tot_Sheet_8",2023,"182277.0"
"DEE0","pop_tot_Sheet_8",2024,"175247.0"
"DEF0","pop_tot_Sheet_8",2015,"197937.0"
"DEF0","pop_tot_Sheet_8",2016,"206023.0"
"DEF0","pop_tot_Sheet_8",2017,"215127.0"
"DEF0","pop_tot_Sheet_8",2018,"223326.0"
"DEF0","pop_tot_Sheet_8",2019,"232593.0"
"DEF0","pop_tot_Sheet_8",2020,"241130.0"
"DEF0","pop_tot_Sheet_8",2021,"248247.0"
"DEF0","pop_tot_Sheet_8",2022,"253721.0"
"DEF0","pop_tot_Sheet_8",2023,"257522.0"
"DEF0","pop_tot_Sheet_8",2024,"258499.0"
"DEG0","pop_tot_Sheet_8",2015,"177198.0"
"DEG0","pop_tot_Sheet_8",2016,"178166.0"
"DEG0","pop_tot_Sheet_8",2017,"180940.0"
"DEG0","pop_tot_Sheet_8",2018,"183571.0"
"DEG0","pop_tot_Sheet_8",2019,"186354.0"
"DEG0","pop_tot_Sheet_8",2020,"185821.0"
"DEG0","pop_tot_Sheet_8",2021,"183415.0"
"DEG0","pop_tot_Sheet_8",2022,"178329.0"
"DEG0","pop_tot_Sheet_8",2023,"172694.0"
"DEG0","pop_tot_Sheet_8",2024,"165948.0"
"EE00","pop_tot_Sheet_8",2015,"88480.0"
"EE00","pop_tot_Sheet_8",2016,"88728.0"
"EE00","pop_tot_Sheet_8",2017,"89106.0"
"EE00","pop_tot_Sheet_8",2018,"89278.0"
"EE00","pop_tot_Sheet_8",2019,"88719.0"
"EE00","pop_tot_Sheet_8",2020,"87640.0"
"EE00","pop_tot_Sheet_8",2021,"85566.0"
"EE00","pop_tot_Sheet_8",2022,"83564.0"
"EE00","pop_tot_Sheet_8",2023,"83015.0"
"EE00","pop_tot_Sheet_8",2024,"83393.0"
"IE04","pop_tot_Sheet_8",2015,"49631.0"
"IE04","pop_tot_Sheet_8",2016,"50598.0"
"IE04","pop_tot_Sheet_8",2017,"51385.0"
"IE04","pop_tot_Sheet_8",2018,"51980.0"
"IE04","pop_tot_Sheet_8",2019,"53042.0"
"IE04","pop_tot_Sheet_8",2020,"54228.0"
"IE04","pop_tot_Sheet_8",2021,"55632.0"
"IE04","pop_tot_Sheet_8",2022,"56732.0"
"IE04","pop_tot_Sheet_8",2023,"58018.0"
"IE04","pop_tot_Sheet_8",2024,"58979.0"
"IE05","pop_tot_Sheet_8",2015,"90920.0"
"IE05","pop_tot_Sheet_8",2016,"93216.0"
"IE05","pop_tot_Sheet_8",2017,"95688.0"
"IE05","pop_tot_Sheet_8",2018,"97583.0"
"IE05","pop_tot_Sheet_8",2019,"99868.0"
"IE05","pop_tot_Sheet_8",2020,"102592.0"
"IE05","pop_tot_Sheet_8",2021,"104353.0"
"IE05","pop_tot_Sheet_8",2022,"107088.0"
"IE05","pop_tot_Sheet_8",2023,"109724.0"
"IE05","pop_tot_Sheet_8",2024,"111136.0"
"IE06","pop_tot_Sheet_8",2015,"118642.0"
"IE06","pop_tot_Sheet_8",2016,"122435.0"
"IE06","pop_tot_Sheet_8",2017,"126340.0"
"IE06","pop_tot_Sheet_8",2018,"129457.0"
"IE06","pop_tot_Sheet_8",2019,"133307.0"
"IE06","pop_tot_Sheet_8",2020,"137620.0"
"IE06","pop_tot_Sheet_8",2021,"140106.0"
"IE06","pop_tot_Sheet_8",2022,"143396.0"
"IE06","pop_tot_Sheet_8",2023,"147141.0"
"IE06","pop_tot_Sheet_8",2024,"150552.0"
"EL30","pop_tot_Sheet_8",2015,"252864.0"
"EL30","pop_tot_Sheet_8",2016,"253337.0"
"EL30","pop_tot_Sheet_8",2017,"253520.0"
"EL30","pop_tot_Sheet_8",2018,"254248.0"
"EL30","pop_tot_Sheet_8",2019,"253733.0"
"EL30","pop_tot_Sheet_8",2020,"252623.0"
"EL30","pop_tot_Sheet_8",2021,"253446.0"
"EL30","pop_tot_Sheet_8",2022,"270806.0"
"EL30","pop_tot_Sheet_8",2023,"278411.0"
"EL30","pop_tot_Sheet_8",2024,"285341.0"
"EL41","pop_tot_Sheet_8",2015,"12083.0"
"EL41","pop_tot_Sheet_8",2016,"12348.0"
"EL41","pop_tot_Sheet_8",2017,"12603.0"
"EL41","pop_tot_Sheet_8",2018,"12882.0"
"EL41","pop_tot_Sheet_8",2019,"13147.0"
"EL41","pop_tot_Sheet_8",2020,"13264.0"
"EL41","pop_tot_Sheet_8",2021,"13407.0"
"EL41","pop_tot_Sheet_8",2022,"12800.0"
"EL41","pop_tot_Sheet_8",2023,"13051.0"
"EL41","pop_tot_Sheet_8",2024,"13425.0"
"EL42","pop_tot_Sheet_8",2015,"20676.0"
"EL42","pop_tot_Sheet_8",2016,"21089.0"
"EL42","pop_tot_Sheet_8",2017,"21487.0"
"EL42","pop_tot_Sheet_8",2018,"21846.0"
"EL42","pop_tot_Sheet_8",2019,"21960.0"
"EL42","pop_tot_Sheet_8",2020,"22173.0"
"EL42","pop_tot_Sheet_8",2021,"22204.0"
"EL42","pop_tot_Sheet_8",2022,"20811.0"
"EL42","pop_tot_Sheet_8",2023,"21469.0"
"EL42","pop_tot_Sheet_8",2024,"22210.0"
"EL43","pop_tot_Sheet_8",2015,"36878.0"
"EL43","pop_tot_Sheet_8",2016,"37563.0"
"EL43","pop_tot_Sheet_8",2017,"38215.0"
"EL43","pop_tot_Sheet_8",2018,"39052.0"
"EL43","pop_tot_Sheet_8",2019,"39571.0"
"EL43","pop_tot_Sheet_8",2020,"39615.0"
"EL43","pop_tot_Sheet_8",2021,"40141.0"
"EL43","pop_tot_Sheet_8",2022,"40526.0"
"EL43","pop_tot_Sheet_8",2023,"42102.0"
"EL43","pop_tot_Sheet_8",2024,"43459.0"
"EL51","pop_tot_Sheet_8",2015,"38473.0"
"EL51","pop_tot_Sheet_8",2016,"38763.0"
"EL51","pop_tot_Sheet_8",2017,"39112.0"
"EL51","pop_tot_Sheet_8",2018,"39431.0"
"EL51","pop_tot_Sheet_8",2019,"39470.0"
"EL51","pop_tot_Sheet_8",2020,"39596.0"
"EL51","pop_tot_Sheet_8",2021,"39713.0"
"EL51","pop_tot_Sheet_8",2022,"39391.0"
"EL51","pop_tot_Sheet_8",2023,"40244.0"
"EL51","pop_tot_Sheet_8",2024,"41054.0"
"EL52","pop_tot_Sheet_8",2015,"122604.0"
"EL52","pop_tot_Sheet_8",2016,"123918.0"
"EL52","pop_tot_Sheet_8",2017,"124219.0"
"EL52","pop_tot_Sheet_8",2018,"125516.0"
"EL52","pop_tot_Sheet_8",2019,"125570.0"
"EL52","pop_tot_Sheet_8",2020,"126766.0"
"EL52","pop_tot_Sheet_8",2021,"128162.0"
"EL52","pop_tot_Sheet_8",2022,"130346.0"
"EL52","pop_tot_Sheet_8",2023,"134863.0"
"EL52","pop_tot_Sheet_8",2024,"139191.0"
"EL53","pop_tot_Sheet_8",2015,"19246.0"
"EL53","pop_tot_Sheet_8",2016,"19446.0"
"EL53","pop_tot_Sheet_8",2017,"19573.0"
"EL53","pop_tot_Sheet_8",2018,"19651.0"
"EL53","pop_tot_Sheet_8",2019,"19527.0"
"EL53","pop_tot_Sheet_8",2020,"19502.0"
"EL53","pop_tot_Sheet_8",2021,"19492.0"
"EL53","pop_tot_Sheet_8",2022,"19726.0"
"EL53","pop_tot_Sheet_8",2023,"20078.0"
"EL53","pop_tot_Sheet_8",2024,"20509.0"
"EL54","pop_tot_Sheet_8",2015,"22684.0"
"EL54","pop_tot_Sheet_8",2016,"22663.0"
"EL54","pop_tot_Sheet_8",2017,"22523.0"
"EL54","pop_tot_Sheet_8",2018,"22475.0"
"EL54","pop_tot_Sheet_8",2019,"22101.0"
"EL54","pop_tot_Sheet_8",2020,"21700.0"
"EL54","pop_tot_Sheet_8",2021,"21347.0"
"EL54","pop_tot_Sheet_8",2022,"21236.0"
"EL54","pop_tot_Sheet_8",2023,"21712.0"
"EL54","pop_tot_Sheet_8",2024,"22397.0"
"EL61","pop_tot_Sheet_8",2015,"48486.0"
"EL61","pop_tot_Sheet_8",2016,"48616.0"
"EL61","pop_tot_Sheet_8",2017,"48522.0"
"EL61","pop_tot_Sheet_8",2018,"48445.0"
"EL61","pop_tot_Sheet_8",2019,"48013.0"
"EL61","pop_tot_Sheet_8",2020,"47672.0"
"EL61","pop_tot_Sheet_8",2021,"47746.0"
"EL61","pop_tot_Sheet_8",2022,"47739.0"
"EL61","pop_tot_Sheet_8",2023,"49074.0"
"EL61","pop_tot_Sheet_8",2024,"50487.0"
"EL62","pop_tot_Sheet_8",2015,"14278.0"
"EL62","pop_tot_Sheet_8",2016,"14494.0"
"EL62","pop_tot_Sheet_8",2017,"14653.0"
"EL62","pop_tot_Sheet_8",2018,"14678.0"
"EL62","pop_tot_Sheet_8",2019,"14580.0"
"EL62","pop_tot_Sheet_8",2020,"14554.0"
"EL62","pop_tot_Sheet_8",2021,"14472.0"
"EL62","pop_tot_Sheet_8",2022,"14875.0"
"EL62","pop_tot_Sheet_8",2023,"15152.0"
"EL62","pop_tot_Sheet_8",2024,"15292.0"
"EL63","pop_tot_Sheet_8",2015,"43360.0"
"EL63","pop_tot_Sheet_8",2016,"43573.0"
"EL63","pop_tot_Sheet_8",2017,"43638.0"
"EL63","pop_tot_Sheet_8",2018,"43667.0"
"EL63","pop_tot_Sheet_8",2019,"43467.0"
"EL63","pop_tot_Sheet_8",2020,"43246.0"
"EL63","pop_tot_Sheet_8",2021,"43222.0"
"EL63","pop_tot_Sheet_8",2022,"44858.0"
"EL63","pop_tot_Sheet_8",2023,"45676.0"
"EL63","pop_tot_Sheet_8",2024,"46656.0"
"EL64","pop_tot_Sheet_8",2015,"36185.0"
"EL64","pop_tot_Sheet_8",2016,"36540.0"
"EL64","pop_tot_Sheet_8",2017,"36677.0"
"EL64","pop_tot_Sheet_8",2018,"36968.0"
"EL64","pop_tot_Sheet_8",2019,"36937.0"
"EL64","pop_tot_Sheet_8",2020,"36842.0"
"EL64","pop_tot_Sheet_8",2021,"37086.0"
"EL64","pop_tot_Sheet_8",2022,"36631.0"
"EL64","pop_tot_Sheet_8",2023,"37283.0"
"EL64","pop_tot_Sheet_8",2024,"38405.0"
"EL65","pop_tot_Sheet_8",2015,"39824.0"
"EL65","pop_tot_Sheet_8",2016,"39972.0"
"EL65","pop_tot_Sheet_8",2017,"40362.0"
"EL65","pop_tot_Sheet_8",2018,"40582.0"
"EL65","pop_tot_Sheet_8",2019,"40507.0"
"EL65","pop_tot_Sheet_8",2020,"40098.0"
"EL65","pop_tot_Sheet_8",2021,"39831.0"
"EL65","pop_tot_Sheet_8",2022,"39572.0"
"EL65","pop_tot_Sheet_8",2023,"40057.0"
"EL65","pop_tot_Sheet_8",2024,"40737.0"
"ES11","pop_tot_Sheet_8",2015,"186428.0"
"ES11","pop_tot_Sheet_8",2016,"190691.0"
"ES11","pop_tot_Sheet_8",2017,"192948.0"
"ES11","pop_tot_Sheet_8",2018,"194128.0"
"ES11","pop_tot_Sheet_8",2019,"195104.0"
"ES11","pop_tot_Sheet_8",2020,"197004.0"
"ES11","pop_tot_Sheet_8",2021,"197548.0"
"ES11","pop_tot_Sheet_8",2022,"199678.0"
"ES11","pop_tot_Sheet_8",2023,"203610.0"
"ES11","pop_tot_Sheet_8",2024,"207604.0"
"ES12","pop_tot_Sheet_8",2015,"82407.0"
"ES12","pop_tot_Sheet_8",2016,"83373.0"
"ES12","pop_tot_Sheet_8",2017,"83327.0"
"ES12","pop_tot_Sheet_8",2018,"82750.0"
"ES12","pop_tot_Sheet_8",2019,"82162.0"
"ES12","pop_tot_Sheet_8",2020,"82053.0"
"ES12","pop_tot_Sheet_8",2021,"81316.0"
"ES12","pop_tot_Sheet_8",2022,"80814.0"
"ES12","pop_tot_Sheet_8",2023,"81063.0"
"ES12","pop_tot_Sheet_8",2024,"81039.0"
"ES13","pop_tot_Sheet_8",2015,"42952.0"
"ES13","pop_tot_Sheet_8",2016,"43748.0"
"ES13","pop_tot_Sheet_8",2017,"44268.0"
"ES13","pop_tot_Sheet_8",2018,"44105.0"
"ES13","pop_tot_Sheet_8",2019,"44130.0"
"ES13","pop_tot_Sheet_8",2020,"44012.0"
"ES13","pop_tot_Sheet_8",2021,"44406.0"
"ES13","pop_tot_Sheet_8",2022,"44914.0"
"ES13","pop_tot_Sheet_8",2023,"45621.0"
"ES13","pop_tot_Sheet_8",2024,"45931.0"
"ES21","pop_tot_Sheet_8",2015,"155153.0"
"ES21","pop_tot_Sheet_8",2016,"158678.0"
"ES21","pop_tot_Sheet_8",2017,"160844.0"
"ES21","pop_tot_Sheet_8",2018,"162131.0"
"ES21","pop_tot_Sheet_8",2019,"164017.0"
"ES21","pop_tot_Sheet_8",2020,"166424.0"
"ES21","pop_tot_Sheet_8",2021,"168111.0"
"ES21","pop_tot_Sheet_8",2022,"169637.0"
"ES21","pop_tot_Sheet_8",2023,"171476.0"
"ES21","pop_tot_Sheet_8",2024,"171828.0"
"ES22","pop_tot_Sheet_8",2015,"40858.0"
"ES22","pop_tot_Sheet_8",2016,"41999.0"
"ES22","pop_tot_Sheet_8",2017,"42999.0"
"ES22","pop_tot_Sheet_8",2018,"43775.0"
"ES22","pop_tot_Sheet_8",2019,"44896.0"
"ES22","pop_tot_Sheet_8",2020,"46264.0"
"ES22","pop_tot_Sheet_8",2021,"47105.0"
"ES22","pop_tot_Sheet_8",2022,"47925.0"
"ES22","pop_tot_Sheet_8",2023,"48926.0"
"ES22","pop_tot_Sheet_8",2024,"49617.0"
"ES23","pop_tot_Sheet_8",2015,"21196.0"
"ES23","pop_tot_Sheet_8",2016,"21885.0"
"ES23","pop_tot_Sheet_8",2017,"22341.0"
"ES23","pop_tot_Sheet_8",2018,"22538.0"
"ES23","pop_tot_Sheet_8",2019,"22912.0"
"ES23","pop_tot_Sheet_8",2020,"23143.0"
"ES23","pop_tot_Sheet_8",2021,"23300.0"
"ES23","pop_tot_Sheet_8",2022,"23382.0"
"ES23","pop_tot_Sheet_8",2023,"23900.0"
"ES23","pop_tot_Sheet_8",2024,"24116.0"
"ES24","pop_tot_Sheet_8",2015,"88003.0"
"ES24","pop_tot_Sheet_8",2016,"90318.0"
"ES24","pop_tot_Sheet_8",2017,"92090.0"
"ES24","pop_tot_Sheet_8",2018,"93362.0"
"ES24","pop_tot_Sheet_8",2019,"94808.0"
"ES24","pop_tot_Sheet_8",2020,"96722.0"
"ES24","pop_tot_Sheet_8",2021,"97735.0"
"ES24","pop_tot_Sheet_8",2022,"98795.0"
"ES24","pop_tot_Sheet_8",2023,"100389.0"
"ES24","pop_tot_Sheet_8",2024,"101437.0"
"ES30","pop_tot_Sheet_8",2015,"392094.0"
"ES30","pop_tot_Sheet_8",2016,"404707.0"
"ES30","pop_tot_Sheet_8",2017,"415609.0"
"ES30","pop_tot_Sheet_8",2018,"425730.0"
"ES30","pop_tot_Sheet_8",2019,"438648.0"
"ES30","pop_tot_Sheet_8",2020,"454299.0"
"ES30","pop_tot_Sheet_8",2021,"464573.0"
"ES30","pop_tot_Sheet_8",2022,"475774.0"
"ES30","pop_tot_Sheet_8",2023,"489564.0"
"ES30","pop_tot_Sheet_8",2024,"502889.0"
"ES41","pop_tot_Sheet_8",2015,"178475.0"
"ES41","pop_tot_Sheet_8",2016,"183453.0"
"ES41","pop_tot_Sheet_8",2017,"186236.0"
"ES41","pop_tot_Sheet_8",2018,"187610.0"
"ES41","pop_tot_Sheet_8",2019,"189367.0"
"ES41","pop_tot_Sheet_8",2020,"191337.0"
"ES41","pop_tot_Sheet_8",2021,"191853.0"
"ES41","pop_tot_Sheet_8",2022,"192116.0"
"ES41","pop_tot_Sheet_8",2023,"192855.0"
"ES41","pop_tot_Sheet_8",2024,"192458.0"
"ES42","pop_tot_Sheet_8",2015,"125650.0"
"ES42","pop_tot_Sheet_8",2016,"132585.0"
"ES42","pop_tot_Sheet_8",2017,"138046.0"
"ES42","pop_tot_Sheet_8",2018,"141295.0"
"ES42","pop_tot_Sheet_8",2019,"144821.0"
"ES42","pop_tot_Sheet_8",2020,"148999.0"
"ES42","pop_tot_Sheet_8",2021,"151478.0"
"ES42","pop_tot_Sheet_8",2022,"153741.0"
"ES42","pop_tot_Sheet_8",2023,"157522.0"
"ES42","pop_tot_Sheet_8",2024,"160050.0"
"ES43","pop_tot_Sheet_8",2015,"71555.0"
"ES43","pop_tot_Sheet_8",2016,"75429.0"
"ES43","pop_tot_Sheet_8",2017,"78383.0"
"ES43","pop_tot_Sheet_8",2018,"80619.0"
"ES43","pop_tot_Sheet_8",2019,"82410.0"
"ES43","pop_tot_Sheet_8",2020,"84434.0"
"ES43","pop_tot_Sheet_8",2021,"85062.0"
"ES43","pop_tot_Sheet_8",2022,"85495.0"
"ES43","pop_tot_Sheet_8",2023,"85829.0"
"ES43","pop_tot_Sheet_8",2024,"85665.0"
"ES51","pop_tot_Sheet_8",2015,"462505.0"
"ES51","pop_tot_Sheet_8",2016,"473453.0"
"ES51","pop_tot_Sheet_8",2017,"483206.0"
"ES51","pop_tot_Sheet_8",2018,"490291.0"
"ES51","pop_tot_Sheet_8",2019,"498322.0"
"ES51","pop_tot_Sheet_8",2020,"513035.0"
"ES51","pop_tot_Sheet_8",2021,"524302.0"
"ES51","pop_tot_Sheet_8",2022,"536714.0"
"ES51","pop_tot_Sheet_8",2023,"552817.0"
"ES51","pop_tot_Sheet_8",2024,"565397.0"
"ES52","pop_tot_Sheet_8",2015,"315110.0"
"ES52","pop_tot_Sheet_8",2016,"324947.0"
"ES52","pop_tot_Sheet_8",2017,"333990.0"
"ES52","pop_tot_Sheet_8",2018,"340002.0"
"ES52","pop_tot_Sheet_8",2019,"347741.0"
"ES52","pop_tot_Sheet_8",2020,"358324.0"
"ES52","pop_tot_Sheet_8",2021,"365825.0"
"ES52","pop_tot_Sheet_8",2022,"376231.0"
"ES52","pop_tot_Sheet_8",2023,"388640.0"
"ES52","pop_tot_Sheet_8",2024,"397689.0"
"ES53","pop_tot_Sheet_8",2015,"67027.0"
"ES53","pop_tot_Sheet_8",2016,"69416.0"
"ES53","pop_tot_Sheet_8",2017,"71262.0"
"ES53","pop_tot_Sheet_8",2018,"72916.0"
"ES53","pop_tot_Sheet_8",2019,"75089.0"
"ES53","pop_tot_Sheet_8",2020,"78071.0"
"ES53","pop_tot_Sheet_8",2021,"79974.0"
"ES53","pop_tot_Sheet_8",2022,"82352.0"
"ES53","pop_tot_Sheet_8",2023,"85452.0"
"ES53","pop_tot_Sheet_8",2024,"87653.0"
"ES61","pop_tot_Sheet_8",2015,"519790.0"
"ES61","pop_tot_Sheet_8",2016,"539905.0"
"ES61","pop_tot_Sheet_8",2017,"557043.0"
"ES61","pop_tot_Sheet_8",2018,"566968.0"
"ES61","pop_tot_Sheet_8",2019,"580683.0"
"ES61","pop_tot_Sheet_8",2020,"603089.0"
"ES61","pop_tot_Sheet_8",2021,"617891.0"
"ES61","pop_tot_Sheet_8",2022,"633325.0"
"ES61","pop_tot_Sheet_8",2023,"652360.0"
"ES61","pop_tot_Sheet_8",2024,"661174.0"
"ES62","pop_tot_Sheet_8",2015,"83420.0"
"ES62","pop_tot_Sheet_8",2016,"87126.0"
"ES62","pop_tot_Sheet_8",2017,"90814.0"
"ES62","pop_tot_Sheet_8",2018,"92288.0"
"ES62","pop_tot_Sheet_8",2019,"95089.0"
"ES62","pop_tot_Sheet_8",2020,"98753.0"
"ES62","pop_tot_Sheet_8",2021,"101912.0"
"ES62","pop_tot_Sheet_8",2022,"105719.0"
"ES62","pop_tot_Sheet_8",2023,"110306.0"
"ES62","pop_tot_Sheet_8",2024,"112958.0"
"ES63","pop_tot_Sheet_8",2015,"5046.0"
"ES63","pop_tot_Sheet_8",2016,"5283.0"
"ES63","pop_tot_Sheet_8",2017,"5427.0"
"ES63","pop_tot_Sheet_8",2018,"5545.0"
"ES63","pop_tot_Sheet_8",2019,"5594.0"
"ES63","pop_tot_Sheet_8",2020,"5779.0"
"ES63","pop_tot_Sheet_8",2021,"5726.0"
"ES63","pop_tot_Sheet_8",2022,"5740.0"
"ES63","pop_tot_Sheet_8",2023,"5717.0"
"ES63","pop_tot_Sheet_8",2024,"5714.0"
"ES64","pop_tot_Sheet_8",2015,"5013.0"
"ES64","pop_tot_Sheet_8",2016,"5244.0"
"ES64","pop_tot_Sheet_8",2017,"5366.0"
"ES64","pop_tot_Sheet_8",2018,"5388.0"
"ES64","pop_tot_Sheet_8",2019,"5383.0"
"ES64","pop_tot_Sheet_8",2020,"5446.0"
"ES64","pop_tot_Sheet_8",2021,"5418.0"
"ES64","pop_tot_Sheet_8",2022,"5399.0"
"ES64","pop_tot_Sheet_8",2023,"5561.0"
"ES64","pop_tot_Sheet_8",2024,"5569.0"
"ES70","pop_tot_Sheet_8",2015,"131286.0"
"ES70","pop_tot_Sheet_8",2016,"135937.0"
"ES70","pop_tot_Sheet_8",2017,"141538.0"
"ES70","pop_tot_Sheet_8",2018,"148190.0"
"ES70","pop_tot_Sheet_8",2019,"155942.0"
"ES70","pop_tot_Sheet_8",2020,"164959.0"
"ES70","pop_tot_Sheet_8",2021,"170893.0"
"ES70","pop_tot_Sheet_8",2022,"176155.0"
"ES70","pop_tot_Sheet_8",2023,"181490.0"
"ES70","pop_tot_Sheet_8",2024,"185120.0"
"FR10","pop_tot_Sheet_8",2015,"709319.0"
"FR10","pop_tot_Sheet_8",2016,"717331.0"
"FR10","pop_tot_Sheet_8",2017,"722379.0"
"FR10","pop_tot_Sheet_8",2018,"728461.0"
"FR10","pop_tot_Sheet_8",2019,"743699.0"
"FR10","pop_tot_Sheet_8",2020,"752894.0"
"FR10","pop_tot_Sheet_8",2021,"756290.0"
"FR10","pop_tot_Sheet_8",2022,"763018.0"
"FR10","pop_tot_Sheet_8",2023,"760411.0"
"FR10","pop_tot_Sheet_8",2024,"754276.0"
"FRB0","pop_tot_Sheet_8",2015,"171176.0"
"FRB0","pop_tot_Sheet_8",2016,"170790.0"
"FRB0","pop_tot_Sheet_8",2017,"170351.0"
"FRB0","pop_tot_Sheet_8",2018,"169230.0"
"FRB0","pop_tot_Sheet_8",2019,"169293.0"
"FRB0","pop_tot_Sheet_8",2020,"169818.0"
"FRB0","pop_tot_Sheet_8",2021,"170197.0"
"FRB0","pop_tot_Sheet_8",2022,"171901.0"
"FRB0","pop_tot_Sheet_8",2023,"172628.0"
"FRB0","pop_tot_Sheet_8",2024,"172207.0"
"FRC1","pop_tot_Sheet_8",2015,"112897.0"
"FRC1","pop_tot_Sheet_8",2016,"112805.0"
"FRC1","pop_tot_Sheet_8",2017,"112417.0"
"FRC1","pop_tot_Sheet_8",2018,"111252.0"
"FRC1","pop_tot_Sheet_8",2019,"110599.0"
"FRC1","pop_tot_Sheet_8",2020,"110664.0"
"FRC1","pop_tot_Sheet_8",2021,"110813.0"
"FRC1","pop_tot_Sheet_8",2022,"110983.0"
"FRC1","pop_tot_Sheet_8",2023,"110772.0"
"FRC1","pop_tot_Sheet_8",2024,"110422.0"
"FRC2","pop_tot_Sheet_8",2015,"77238.0"
"FRC2","pop_tot_Sheet_8",2016,"77272.0"
"FRC2","pop_tot_Sheet_8",2017,"77238.0"
"FRC2","pop_tot_Sheet_8",2018,"76858.0"
"FRC2","pop_tot_Sheet_8",2019,"77078.0"
"FRC2","pop_tot_Sheet_8",2020,"77391.0"
"FRC2","pop_tot_Sheet_8",2021,"77824.0"
"FRC2","pop_tot_Sheet_8",2022,"78124.0"
"FRC2","pop_tot_Sheet_8",2023,"78791.0"
"FRC2","pop_tot_Sheet_8",2024,"78541.0"
"FRD1","pop_tot_Sheet_8",2015,"101323.0"
"FRD1","pop_tot_Sheet_8",2016,"100939.0"
"FRD1","pop_tot_Sheet_8",2017,"100336.0"
"FRD1","pop_tot_Sheet_8",2018,"99944.0"
"FRD1","pop_tot_Sheet_8",2019,"100115.0"
"FRD1","pop_tot_Sheet_8",2020,"100184.0"
"FRD1","pop_tot_Sheet_8",2021,"100479.0"
"FRD1","pop_tot_Sheet_8",2022,"100134.0"
"FRD1","pop_tot_Sheet_8",2023,"99694.0"
"FRD1","pop_tot_Sheet_8",2024,"98222.0"
"FRD2","pop_tot_Sheet_8",2015,"122496.0"
"FRD2","pop_tot_Sheet_8",2016,"122163.0"
"FRD2","pop_tot_Sheet_8",2017,"121129.0"
"FRD2","pop_tot_Sheet_8",2018,"120917.0"
"FRD2","pop_tot_Sheet_8",2019,"121335.0"
"FRD2","pop_tot_Sheet_8",2020,"121012.0"
"FRD2","pop_tot_Sheet_8",2021,"120684.0"
"FRD2","pop_tot_Sheet_8",2022,"120191.0"
"FRD2","pop_tot_Sheet_8",2023,"119989.0"
"FRD2","pop_tot_Sheet_8",2024,"119015.0"
"FRE1","pop_tot_Sheet_8",2015,"256601.0"
"FRE1","pop_tot_Sheet_8",2016,"255888.0"
"FRE1","pop_tot_Sheet_8",2017,"255052.0"
"FRE1","pop_tot_Sheet_8",2018,"254405.0"
"FRE1","pop_tot_Sheet_8",2019,"255129.0"
"FRE1","pop_tot_Sheet_8",2020,"254980.0"
"FRE1","pop_tot_Sheet_8",2021,"254824.0"
"FRE1","pop_tot_Sheet_8",2022,"254135.0"
"FRE1","pop_tot_Sheet_8",2023,"253020.0"
"FRE1","pop_tot_Sheet_8",2024,"250051.0"
"FRE2","pop_tot_Sheet_8",2015,"126475.0"
"FRE2","pop_tot_Sheet_8",2016,"126022.0"
"FRE2","pop_tot_Sheet_8",2017,"125993.0"
"FRE2","pop_tot_Sheet_8",2018,"125670.0"
"FRE2","pop_tot_Sheet_8",2019,"126631.0"
"FRE2","pop_tot_Sheet_8",2020,"126551.0"
"FRE2","pop_tot_Sheet_8",2021,"126766.0"
"FRE2","pop_tot_Sheet_8",2022,"127197.0"
"FRE2","pop_tot_Sheet_8",2023,"126621.0"
"FRE2","pop_tot_Sheet_8",2024,"125639.0"
"FRF1","pop_tot_Sheet_8",2015,"126662.0"
"FRF1","pop_tot_Sheet_8",2016,"127540.0"
"FRF1","pop_tot_Sheet_8",2017,"127569.0"
"FRF1","pop_tot_Sheet_8",2018,"128507.0"
"FRF1","pop_tot_Sheet_8",2019,"130106.0"
"FRF1","pop_tot_Sheet_8",2020,"132024.0"
"FRF1","pop_tot_Sheet_8",2021,"133470.0"
"FRF1","pop_tot_Sheet_8",2022,"133895.0"
"FRF1","pop_tot_Sheet_8",2023,"133437.0"
"FRF1","pop_tot_Sheet_8",2024,"132979.0"
"FRF2","pop_tot_Sheet_8",2015,"89415.0"
"FRF2","pop_tot_Sheet_8",2016,"88905.0"
"FRF2","pop_tot_Sheet_8",2017,"88424.0"
"FRF2","pop_tot_Sheet_8",2018,"88287.0"
"FRF2","pop_tot_Sheet_8",2019,"88118.0"
"FRF2","pop_tot_Sheet_8",2020,"87924.0"
"FRF2","pop_tot_Sheet_8",2021,"87599.0"
"FRF2","pop_tot_Sheet_8",2022,"87318.0"
"FRF2","pop_tot_Sheet_8",2023,"86570.0"
"FRF2","pop_tot_Sheet_8",2024,"85648.0"
"FRF3","pop_tot_Sheet_8",2015,"161689.0"
"FRF3","pop_tot_Sheet_8",2016,"161819.0"
"FRF3","pop_tot_Sheet_8",2017,"162043.0"
"FRF3","pop_tot_Sheet_8",2018,"161997.0"
"FRF3","pop_tot_Sheet_8",2019,"162334.0"
"FRF3","pop_tot_Sheet_8",2020,"162133.0"
"FRF3","pop_tot_Sheet_8",2021,"161887.0"
"FRF3","pop_tot_Sheet_8",2022,"160210.0"
"FRF3","pop_tot_Sheet_8",2023,"158856.0"
"FRF3","pop_tot_Sheet_8",2024,"155880.0"
"FRG0","pop_tot_Sheet_8",2015,"233324.0"
"FRG0","pop_tot_Sheet_8",2016,"234590.0"
"FRG0","pop_tot_Sheet_8",2017,"236561.0"
"FRG0","pop_tot_Sheet_8",2018,"238018.0"
"FRG0","pop_tot_Sheet_8",2019,"240793.0"
"FRG0","pop_tot_Sheet_8",2020,"241886.0"
"FRG0","pop_tot_Sheet_8",2021,"243137.0"
"FRG0","pop_tot_Sheet_8",2022,"244293.0"
"FRG0","pop_tot_Sheet_8",2023,"244625.0"
"FRG0","pop_tot_Sheet_8",2024,"244563.0"
"FRH0","pop_tot_Sheet_8",2015,"216532.0"
"FRH0","pop_tot_Sheet_8",2016,"218642.0"
"FRH0","pop_tot_Sheet_8",2017,"219162.0"
"FRH0","pop_tot_Sheet_8",2018,"220712.0"
"FRH0","pop_tot_Sheet_8",2019,"221891.0"
"FRH0","pop_tot_Sheet_8",2020,"223034.0"
"FRH0","pop_tot_Sheet_8",2021,"224653.0"
"FRH0","pop_tot_Sheet_8",2022,"226144.0"
"FRH0","pop_tot_Sheet_8",2023,"226379.0"
"FRH0","pop_tot_Sheet_8",2024,"226337.0"
"FRI1","pop_tot_Sheet_8",2015,"222306.0"
"FRI1","pop_tot_Sheet_8",2016,"224554.0"
"FRI1","pop_tot_Sheet_8",2017,"225071.0"
"FRI1","pop_tot_Sheet_8",2018,"226407.0"
"FRI1","pop_tot_Sheet_8",2019,"229845.0"
"FRI1","pop_tot_Sheet_8",2020,"232654.0"
"FRI1","pop_tot_Sheet_8",2021,"235828.0"
"FRI1","pop_tot_Sheet_8",2022,"239066.0"
"FRI1","pop_tot_Sheet_8",2023,"240253.0"
"FRI1","pop_tot_Sheet_8",2024,"239998.0"
"FRI2","pop_tot_Sheet_8",2015,"52381.0"
"FRI2","pop_tot_Sheet_8",2016,"52060.0"
"FRI2","pop_tot_Sheet_8",2017,"51743.0"
"FRI2","pop_tot_Sheet_8",2018,"51041.0"
"FRI2","pop_tot_Sheet_8",2019,"50621.0"
"FRI2","pop_tot_Sheet_8",2020,"50745.0"
"FRI2","pop_tot_Sheet_8",2021,"50457.0"
"FRI2","pop_tot_Sheet_8",2022,"50487.0"
"FRI2","pop_tot_Sheet_8",2023,"50446.0"
"FRI2","pop_tot_Sheet_8",2024,"50208.0"
"FRI3","pop_tot_Sheet_8",2015,"124574.0"
"FRI3","pop_tot_Sheet_8",2016,"123825.0"
"FRI3","pop_tot_Sheet_8",2017,"123379.0"
"FRI3","pop_tot_Sheet_8",2018,"122386.0"
"FRI3","pop_tot_Sheet_8",2019,"122343.0"
"FRI3","pop_tot_Sheet_8",2020,"123666.0"
"FRI3","pop_tot_Sheet_8",2021,"124106.0"
"FRI3","pop_tot_Sheet_8",2022,"124906.0"
"FRI3","pop_tot_Sheet_8",2023,"124943.0"
"FRI3","pop_tot_Sheet_8",2024,"125172.0"
"FRJ1","pop_tot_Sheet_8",2015,"177849.0"
"FRJ1","pop_tot_Sheet_8",2016,"180043.0"
"FRJ1","pop_tot_Sheet_8",2017,"181990.0"
"FRJ1","pop_tot_Sheet_8",2018,"182783.0"
"FRJ1","pop_tot_Sheet_8",2019,"185227.0"
"FRJ1","pop_tot_Sheet_8",2020,"188696.0"
"FRJ1","pop_tot_Sheet_8",2021,"192167.0"
"FRJ1","pop_tot_Sheet_8",2022,"194821.0"
"FRJ1","pop_tot_Sheet_8",2023,"197084.0"
"FRJ1","pop_tot_Sheet_8",2024,"197266.0"
"FRJ2","pop_tot_Sheet_8",2015,"194150.0"
"FRJ2","pop_tot_Sheet_8",2016,"196574.0"
"FRJ2","pop_tot_Sheet_8",2017,"198735.0"
"FRJ2","pop_tot_Sheet_8",2018,"200703.0"
"FRJ2","pop_tot_Sheet_8",2019,"203680.0"
"FRJ2","pop_tot_Sheet_8",2020,"206808.0"
"FRJ2","pop_tot_Sheet_8",2021,"209159.0"
"FRJ2","pop_tot_Sheet_8",2022,"210704.0"
"FRJ2","pop_tot_Sheet_8",2023,"211202.0"
"FRJ2","pop_tot_Sheet_8",2024,"209899.0"
"FRK1","pop_tot_Sheet_8",2015,"94736.0"
"FRK1","pop_tot_Sheet_8",2016,"94687.0"
"FRK1","pop_tot_Sheet_8",2017,"94329.0"
"FRK1","pop_tot_Sheet_8",2018,"93264.0"
"FRK1","pop_tot_Sheet_8",2019,"93352.0"
"FRK1","pop_tot_Sheet_8",2020,"93200.0"
"FRK1","pop_tot_Sheet_8",2021,"93267.0"
"FRK1","pop_tot_Sheet_8",2022,"93555.0"
"FRK1","pop_tot_Sheet_8",2023,"93752.0"
"FRK1","pop_tot_Sheet_8",2024,"92962.0"
"FRK2","pop_tot_Sheet_8",2015,"394128.0"
"FRK2","pop_tot_Sheet_8",2016,"397519.0"
"FRK2","pop_tot_Sheet_8",2017,"400734.0"
"FRK2","pop_tot_Sheet_8",2018,"405036.0"
"FRK2","pop_tot_Sheet_8",2019,"414260.0"
"FRK2","pop_tot_Sheet_8",2020,"421586.0"
"FRK2","pop_tot_Sheet_8",2021,"428125.0"
"FRK2","pop_tot_Sheet_8",2022,"434100.0"
"FRK2","pop_tot_Sheet_8",2023,"437543.0"
"FRK2","pop_tot_Sheet_8",2024,"437131.0"
"FRL0","pop_tot_Sheet_8",2015,"322619.0"
"FRL0","pop_tot_Sheet_8",2016,"325400.0"
"FRL0","pop_tot_Sheet_8",2017,"326822.0"
"FRL0","pop_tot_Sheet_8",2018,"329092.0"
"FRL0","pop_tot_Sheet_8",2019,"335356.0"
"FRL0","pop_tot_Sheet_8",2020,"341361.0"
"FRL0","pop_tot_Sheet_8",2021,"346580.0"
"FRL0","pop_tot_Sheet_8",2022,"351922.0"
"FRL0","pop_tot_Sheet_8",2023,"353450.0"
"FRL0","pop_tot_Sheet_8",2024,"352157.0"
"FRM0","pop_tot_Sheet_8",2015,"21296.0"
"FRM0","pop_tot_Sheet_8",2016,"21969.0"
"FRM0","pop_tot_Sheet_8",2017,"22317.0"
"FRM0","pop_tot_Sheet_8",2018,"22308.0"
"FRM0","pop_tot_Sheet_8",2019,"22754.0"
"FRM0","pop_tot_Sheet_8",2020,"23079.0"
"FRM0","pop_tot_Sheet_8",2021,"23313.0"
"FRM0","pop_tot_Sheet_8",2022,"23773.0"
"FRM0","pop_tot_Sheet_8",2023,"24150.0"
"FRM0","pop_tot_Sheet_8",2024,"24476.0"
"FRY1","pop_tot_Sheet_8",2015,"29879.0"
"FRY1","pop_tot_Sheet_8",2016,"30956.0"
"FRY1","pop_tot_Sheet_8",2017,"31114.0"
"FRY1","pop_tot_Sheet_8",2018,"32144.0"
"FRY1","pop_tot_Sheet_8",2019,"32787.0"
"FRY1","pop_tot_Sheet_8",2020,"33527.0"
"FRY1","pop_tot_Sheet_8",2021,"33893.0"
"FRY1","pop_tot_Sheet_8",2022,"34640.0"
"FRY1","pop_tot_Sheet_8",2023,"33954.0"
"FRY1","pop_tot_Sheet_8",2024,"33918.0"
"FRY2","pop_tot_Sheet_8",2015,"28287.0"
"FRY2","pop_tot_Sheet_8",2016,"29404.0"
"FRY2","pop_tot_Sheet_8",2017,"30375.0"
"FRY2","pop_tot_Sheet_8",2018,"30838.0"
"FRY2","pop_tot_Sheet_8",2019,"31494.0"
"FRY2","pop_tot_Sheet_8",2020,"31828.0"
"FRY2","pop_tot_Sheet_8",2021,"32129.0"
"FRY2","pop_tot_Sheet_8",2022,"31798.0"
"FRY2","pop_tot_Sheet_8",2023,"31611.0"
"FRY2","pop_tot_Sheet_8",2024,"31114.0"
"FRY3","pop_tot_Sheet_8",2015,"10107.0"
"FRY3","pop_tot_Sheet_8",2016,"10830.0"
"FRY3","pop_tot_Sheet_8",2017,"11014.0"
"FRY3","pop_tot_Sheet_8",2018,"11451.0"
"FRY3","pop_tot_Sheet_8",2019,"11790.0"
"FRY3","pop_tot_Sheet_8",2020,"12193.0"
"FRY3","pop_tot_Sheet_8",2021,"12562.0"
"FRY3","pop_tot_Sheet_8",2022,"12765.0"
"FRY3","pop_tot_Sheet_8",2023,"13249.0"
"FRY3","pop_tot_Sheet_8",2024,"13197.0"
"FRY4","pop_tot_Sheet_8",2015,"50232.0"
"FRY4","pop_tot_Sheet_8",2016,"51363.0"
"FRY4","pop_tot_Sheet_8",2017,"53258.0"
"FRY4","pop_tot_Sheet_8",2018,"54612.0"
"FRY4","pop_tot_Sheet_8",2019,"57688.0"
"FRY4","pop_tot_Sheet_8",2020,"60619.0"
"FRY4","pop_tot_Sheet_8",2021,"63100.0"
"FRY4","pop_tot_Sheet_8",2022,"64212.0"
"FRY4","pop_tot_Sheet_8",2023,"65312.0"
"FRY4","pop_tot_Sheet_8",2024,"65750.0"
"FRY5","pop_tot_Sheet_8",2015,"5489.0"
"FRY5","pop_tot_Sheet_8",2016,"5694.0"
"FRY5","pop_tot_Sheet_8",2017,"5912.0"
"FRY5","pop_tot_Sheet_8",2018,"6136.0"
"FRY5","pop_tot_Sheet_8",2019,"6372.0"
"FRY5","pop_tot_Sheet_8",2020,"6610.0"
"FRY5","pop_tot_Sheet_8",2021,"6830.0"
"FRY5","pop_tot_Sheet_8",2022,"7082.0"
"FRY5","pop_tot_Sheet_8",2023,"7330.0"
"FRY5","pop_tot_Sheet_8",2024,"7575.0"
"HR02","pop_tot_Sheet_8",2015,"90204.0"
"HR02","pop_tot_Sheet_8",2016,"89486.0"
"HR02","pop_tot_Sheet_8",2017,"88199.0"
"HR02","pop_tot_Sheet_8",2018,"86862.0"
"HR02","pop_tot_Sheet_8",2019,"85530.0"
"HR02","pop_tot_Sheet_8",2020,"83349.0"
"HR02","pop_tot_Sheet_8",2021,"81882.0"
"HR02","pop_tot_Sheet_8",2022,"79998.0"
"HR02","pop_tot_Sheet_8",2023,"77673.0"
"HR02","pop_tot_Sheet_8",2024,"75236.0"
"HR03","pop_tot_Sheet_8",2015,"105176.0"
"HR03","pop_tot_Sheet_8",2016,"103454.0"
"HR03","pop_tot_Sheet_8",2017,"101986.0"
"HR03","pop_tot_Sheet_8",2018,"100367.0"
"HR03","pop_tot_Sheet_8",2019,"97570.0"
"HR03","pop_tot_Sheet_8",2020,"95254.0"
"HR03","pop_tot_Sheet_8",2021,"93355.0"
"HR03","pop_tot_Sheet_8",2022,"91672.0"
"HR03","pop_tot_Sheet_8",2023,"90272.0"
"HR03","pop_tot_Sheet_8",2024,"90170.0"
"HR05","pop_tot_Sheet_8",2015,"54228.0"
"HR05","pop_tot_Sheet_8",2016,"52916.0"
"HR05","pop_tot_Sheet_8",2017,"51746.0"
"HR05","pop_tot_Sheet_8",2018,"50926.0"
"HR05","pop_tot_Sheet_8",2019,"50152.0"
"HR05","pop_tot_Sheet_8",2020,"49077.0"
"HR05","pop_tot_Sheet_8",2021,"48935.0"
"HR05","pop_tot_Sheet_8",2022,"49031.0"
"HR05","pop_tot_Sheet_8",2023,"49023.0"
"HR05","pop_tot_Sheet_8",2024,"48939.0"
"HR06","pop_tot_Sheet_8",2015,"62668.0"
"HR06","pop_tot_Sheet_8",2016,"61865.0"
"HR06","pop_tot_Sheet_8",2017,"60913.0"
"HR06","pop_tot_Sheet_8",2018,"60581.0"
"HR06","pop_tot_Sheet_8",2019,"59923.0"
"HR06","pop_tot_Sheet_8",2020,"58514.0"
"HR06","pop_tot_Sheet_8",2021,"58163.0"
"HR06","pop_tot_Sheet_8",2022,"57953.0"
"HR06","pop_tot_Sheet_8",2023,"57032.0"
"HR06","pop_tot_Sheet_8",2024,"56236.0"
"ITC1","pop_tot_Sheet_8",2015,"299764.0"
"ITC1","pop_tot_Sheet_8",2016,"303672.0"
"ITC1","pop_tot_Sheet_8",2017,"308898.0"
"ITC1","pop_tot_Sheet_8",2018,"313517.0"
"ITC1","pop_tot_Sheet_8",2019,"320710.0"
"ITC1","pop_tot_Sheet_8",2020,"331419.0"
"ITC1","pop_tot_Sheet_8",2021,"337831.0"
"ITC1","pop_tot_Sheet_8",2022,"345479.0"
"ITC1","pop_tot_Sheet_8",2023,"351352.0"
"ITC1","pop_tot_Sheet_8",2024,"354625.0"
"ITC2","pop_tot_Sheet_8",2015,"8693.0"
"ITC2","pop_tot_Sheet_8",2016,"8747.0"
"ITC2","pop_tot_Sheet_8",2017,"8966.0"
"ITC2","pop_tot_Sheet_8",2018,"9196.0"
"ITC2","pop_tot_Sheet_8",2019,"9571.0"
"ITC2","pop_tot_Sheet_8",2020,"9953.0"
"ITC2","pop_tot_Sheet_8",2021,"10249.0"
"ITC2","pop_tot_Sheet_8",2022,"10504.0"
"ITC2","pop_tot_Sheet_8",2023,"10742.0"
"ITC2","pop_tot_Sheet_8",2024,"10766.0"
"ITC3","pop_tot_Sheet_8",2015,"108458.0"
"ITC3","pop_tot_Sheet_8",2016,"110733.0"
"ITC3","pop_tot_Sheet_8",2017,"113150.0"
"ITC3","pop_tot_Sheet_8",2018,"115791.0"
"ITC3","pop_tot_Sheet_8",2019,"119224.0"
"ITC3","pop_tot_Sheet_8",2020,"123430.0"
"ITC3","pop_tot_Sheet_8",2021,"126922.0"
"ITC3","pop_tot_Sheet_8",2022,"129910.0"
"ITC3","pop_tot_Sheet_8",2023,"131063.0"
"ITC3","pop_tot_Sheet_8",2024,"131724.0"
"ITC4","pop_tot_Sheet_8",2015,"643015.0"
"ITC4","pop_tot_Sheet_8",2016,"658352.0"
"ITC4","pop_tot_Sheet_8",2017,"675281.0"
"ITC4","pop_tot_Sheet_8",2018,"695231.0"
"ITC4","pop_tot_Sheet_8",2019,"721270.0"
"ITC4","pop_tot_Sheet_8",2020,"751937.0"
"ITC4","pop_tot_Sheet_8",2021,"775721.0"
"ITC4","pop_tot_Sheet_8",2022,"799700.0"
"ITC4","pop_tot_Sheet_8",2023,"818282.0"
"ITC4","pop_tot_Sheet_8",2024,"829373.0"
"ITF1","pop_tot_Sheet_8",2015,"89883.0"
"ITF1","pop_tot_Sheet_8",2016,"90979.0"
"ITF1","pop_tot_Sheet_8",2017,"92412.0"
"ITF1","pop_tot_Sheet_8",2018,"93804.0"
"ITF1","pop_tot_Sheet_8",2019,"95941.0"
"ITF1","pop_tot_Sheet_8",2020,"98654.0"
"ITF1","pop_tot_Sheet_8",2021,"100351.0"
"ITF1","pop_tot_Sheet_8",2022,"102824.0"
"ITF1","pop_tot_Sheet_8",2023,"104556.0"
"ITF1","pop_tot_Sheet_8",2024,"105276.0"
"ITF2","pop_tot_Sheet_8",2015,"21785.0"
"ITF2","pop_tot_Sheet_8",2016,"22141.0"
"ITF2","pop_tot_Sheet_8",2017,"22341.0"
"ITF2","pop_tot_Sheet_8",2018,"22567.0"
"ITF2","pop_tot_Sheet_8",2019,"22948.0"
"ITF2","pop_tot_Sheet_8",2020,"23474.0"
"ITF2","pop_tot_Sheet_8",2021,"23404.0"
"ITF2","pop_tot_Sheet_8",2022,"23836.0"
"ITF2","pop_tot_Sheet_8",2023,"24040.0"
"ITF2","pop_tot_Sheet_8",2024,"24037.0"
"ITF3","pop_tot_Sheet_8",2015,"372999.0"
"ITF3","pop_tot_Sheet_8",2016,"379178.0"
"ITF3","pop_tot_Sheet_8",2017,"389792.0"
"ITF3","pop_tot_Sheet_8",2018,"399239.0"
"ITF3","pop_tot_Sheet_8",2019,"409613.0"
"ITF3","pop_tot_Sheet_8",2020,"422151.0"
"ITF3","pop_tot_Sheet_8",2021,"422845.0"
"ITF3","pop_tot_Sheet_8",2022,"434623.0"
"ITF3","pop_tot_Sheet_8",2023,"439733.0"
"ITF3","pop_tot_Sheet_8",2024,"441454.0"
"ITF4","pop_tot_Sheet_8",2015,"265084.0"
"ITF4","pop_tot_Sheet_8",2016,"269145.0"
"ITF4","pop_tot_Sheet_8",2017,"274060.0"
"ITF4","pop_tot_Sheet_8",2018,"278387.0"
"ITF4","pop_tot_Sheet_8",2019,"284758.0"
"ITF4","pop_tot_Sheet_8",2020,"293629.0"
"ITF4","pop_tot_Sheet_8",2021,"299157.0"
"ITF4","pop_tot_Sheet_8",2022,"306532.0"
"ITF4","pop_tot_Sheet_8",2023,"311280.0"
"ITF4","pop_tot_Sheet_8",2024,"313410.0"
"ITF5","pop_tot_Sheet_8",2015,"39588.0"
"ITF5","pop_tot_Sheet_8",2016,"40353.0"
"ITF5","pop_tot_Sheet_8",2017,"40981.0"
"ITF5","pop_tot_Sheet_8",2018,"42007.0"
"ITF5","pop_tot_Sheet_8",2019,"42719.0"
"ITF5","pop_tot_Sheet_8",2020,"43687.0"
"ITF5","pop_tot_Sheet_8",2021,"43750.0"
"ITF5","pop_tot_Sheet_8",2022,"44025.0"
"ITF5","pop_tot_Sheet_8",2023,"44107.0"
"ITF5","pop_tot_Sheet_8",2024,"43922.0"
"ITF6","pop_tot_Sheet_8",2015,"130648.0"
"ITF6","pop_tot_Sheet_8",2016,"132800.0"
"ITF6","pop_tot_Sheet_8",2017,"135301.0"
"ITF6","pop_tot_Sheet_8",2018,"137102.0"
"ITF6","pop_tot_Sheet_8",2019,"139716.0"
"ITF6","pop_tot_Sheet_8",2020,"142330.0"
"ITF6","pop_tot_Sheet_8",2021,"141024.0"
"ITF6","pop_tot_Sheet_8",2022,"143018.0"
"ITF6","pop_tot_Sheet_8",2023,"143454.0"
"ITF6","pop_tot_Sheet_8",2024,"143472.0"
"ITG1","pop_tot_Sheet_8",2015,"327858.0"
"ITG1","pop_tot_Sheet_8",2016,"333449.0"
"ITG1","pop_tot_Sheet_8",2017,"338779.0"
"ITG1","pop_tot_Sheet_8",2018,"344514.0"
"ITG1","pop_tot_Sheet_8",2019,"350454.0"
"ITG1","pop_tot_Sheet_8",2020,"358991.0"
"ITG1","pop_tot_Sheet_8",2021,"359752.0"
"ITG1","pop_tot_Sheet_8",2022,"367122.0"
"ITG1","pop_tot_Sheet_8",2023,"370438.0"
"ITG1","pop_tot_Sheet_8",2024,"372646.0"
"ITG2","pop_tot_Sheet_8",2015,"119341.0"
"ITG2","pop_tot_Sheet_8",2016,"120989.0"
"ITG2","pop_tot_Sheet_8",2017,"122879.0"
"ITG2","pop_tot_Sheet_8",2018,"124706.0"
"ITG2","pop_tot_Sheet_8",2019,"127255.0"
"ITG2","pop_tot_Sheet_8",2020,"130690.0"
"ITG2","pop_tot_Sheet_8",2021,"132161.0"
"ITG2","pop_tot_Sheet_8",2022,"134763.0"
"ITG2","pop_tot_Sheet_8",2023,"135824.0"
"ITG2","pop_tot_Sheet_8",2024,"135484.0"
"ITH1","pop_tot_Sheet_8",2015,"31877.0"
"ITH1","pop_tot_Sheet_8",2016,"33356.0"
"ITH1","pop_tot_Sheet_8",2017,"34837.0"
"ITH1","pop_tot_Sheet_8",2018,"36299.0"
"ITH1","pop_tot_Sheet_8",2019,"37936.0"
"ITH1","pop_tot_Sheet_8",2020,"39641.0"
"ITH1","pop_tot_Sheet_8",2021,"41214.0"
"ITH1","pop_tot_Sheet_8",2022,"42124.0"
"ITH1","pop_tot_Sheet_8",2023,"42774.0"
"ITH1","pop_tot_Sheet_8",2024,"43446.0"
"ITH2","pop_tot_Sheet_8",2015,"35851.0"
"ITH2","pop_tot_Sheet_8",2016,"36856.0"
"ITH2","pop_tot_Sheet_8",2017,"37928.0"
"ITH2","pop_tot_Sheet_8",2018,"38664.0"
"ITH2","pop_tot_Sheet_8",2019,"40015.0"
"ITH2","pop_tot_Sheet_8",2020,"41483.0"
"ITH2","pop_tot_Sheet_8",2021,"42298.0"
"ITH2","pop_tot_Sheet_8",2022,"43015.0"
"ITH2","pop_tot_Sheet_8",2023,"43898.0"
"ITH2","pop_tot_Sheet_8",2024,"44173.0"
"ITH3","pop_tot_Sheet_8",2015,"327660.0"
"ITH3","pop_tot_Sheet_8",2016,"335832.0"
"ITH3","pop_tot_Sheet_8",2017,"345941.0"
"ITH3","pop_tot_Sheet_8",2018,"356950.0"
"ITH3","pop_tot_Sheet_8",2019,"369556.0"
"ITH3","pop_tot_Sheet_8",2020,"383411.0"
"ITH3","pop_tot_Sheet_8",2021,"395276.0"
"ITH3","pop_tot_Sheet_8",2022,"404134.0"
"ITH3","pop_tot_Sheet_8",2023,"410985.0"
"ITH3","pop_tot_Sheet_8",2024,"414157.0"
"ITH4","pop_tot_Sheet_8",2015,"82341.0"
"ITH4","pop_tot_Sheet_8",2016,"84105.0"
"ITH4","pop_tot_Sheet_8",2017,"86240.0"
"ITH4","pop_tot_Sheet_8",2018,"88589.0"
"ITH4","pop_tot_Sheet_8",2019,"91781.0"
"ITH4","pop_tot_Sheet_8",2020,"95068.0"
"ITH4","pop_tot_Sheet_8",2021,"97755.0"
"ITH4","pop_tot_Sheet_8",2022,"99760.0"
"ITH4","pop_tot_Sheet_8",2023,"101330.0"
"ITH4","pop_tot_Sheet_8",2024,"101742.0"
"ITH5","pop_tot_Sheet_8",2015,"294608.0"
"ITH5","pop_tot_Sheet_8",2016,"301616.0"
"ITH5","pop_tot_Sheet_8",2017,"308328.0"
"ITH5","pop_tot_Sheet_8",2018,"315603.0"
"ITH5","pop_tot_Sheet_8",2019,"325308.0"
"ITH5","pop_tot_Sheet_8",2020,"336924.0"
"ITH5","pop_tot_Sheet_8",2021,"343084.0"
"ITH5","pop_tot_Sheet_8",2022,"351329.0"
"ITH5","pop_tot_Sheet_8",2023,"357635.0"
"ITH5","pop_tot_Sheet_8",2024,"362729.0"
"ITI1","pop_tot_Sheet_8",2015,"249131.0"
"ITI1","pop_tot_Sheet_8",2016,"253905.0"
"ITI1","pop_tot_Sheet_8",2017,"259359.0"
"ITI1","pop_tot_Sheet_8",2018,"265476.0"
"ITI1","pop_tot_Sheet_8",2019,"272904.0"
"ITI1","pop_tot_Sheet_8",2020,"282566.0"
"ITI1","pop_tot_Sheet_8",2021,"289927.0"
"ITI1","pop_tot_Sheet_8",2022,"296761.0"
"ITI1","pop_tot_Sheet_8",2023,"302232.0"
"ITI1","pop_tot_Sheet_8",2024,"304804.0"
"ITI2","pop_tot_Sheet_8",2015,"58626.0"
"ITI2","pop_tot_Sheet_8",2016,"59940.0"
"ITI2","pop_tot_Sheet_8",2017,"61163.0"
"ITI2","pop_tot_Sheet_8",2018,"62532.0"
"ITI2","pop_tot_Sheet_8",2019,"64254.0"
"ITI2","pop_tot_Sheet_8",2020,"66144.0"
"ITI2","pop_tot_Sheet_8",2021,"67288.0"
"ITI2","pop_tot_Sheet_8",2022,"68026.0"
"ITI2","pop_tot_Sheet_8",2023,"68745.0"
"ITI2","pop_tot_Sheet_8",2024,"69252.0"
"ITI3","pop_tot_Sheet_8",2015,"103555.0"
"ITI3","pop_tot_Sheet_8",2016,"105376.0"
"ITI3","pop_tot_Sheet_8",2017,"107339.0"
"ITI3","pop_tot_Sheet_8",2018,"109222.0"
"ITI3","pop_tot_Sheet_8",2019,"111857.0"
"ITI3","pop_tot_Sheet_8",2020,"115187.0"
"ITI3","pop_tot_Sheet_8",2021,"116534.0"
"ITI3","pop_tot_Sheet_8",2022,"117856.0"
"ITI3","pop_tot_Sheet_8",2023,"119583.0"
"ITI3","pop_tot_Sheet_8",2024,"120157.0"
"ITI4","pop_tot_Sheet_8",2015,"381233.0"
"ITI4","pop_tot_Sheet_8",2016,"390335.0"
"ITI4","pop_tot_Sheet_8",2017,"402086.0"
"ITI4","pop_tot_Sheet_8",2018,"414212.0"
"ITI4","pop_tot_Sheet_8",2019,"429627.0"
"ITI4","pop_tot_Sheet_8",2020,"446722.0"
"ITI4","pop_tot_Sheet_8",2021,"457422.0"
"ITI4","pop_tot_Sheet_8",2022,"469794.0"
"ITI4","pop_tot_Sheet_8",2023,"478548.0"
"ITI4","pop_tot_Sheet_8",2024,"482339.0"
"CY00","pop_tot_Sheet_8",2015,"52726.0"
"CY00","pop_tot_Sheet_8",2016,"54336.0"
"CY00","pop_tot_Sheet_8",2017,"55583.0"
"CY00","pop_tot_Sheet_8",2018,"56880.0"
"CY00","pop_tot_Sheet_8",2019,"57936.0"
"CY00","pop_tot_Sheet_8",2020,"58227.0"
"CY00","pop_tot_Sheet_8",2021,"57698.0"
"CY00","pop_tot_Sheet_8",2022,"57733.0"
"CY00","pop_tot_Sheet_8",2023,"58238.0"
"CY00","pop_tot_Sheet_8",2024,"58937.0"
"LV00","pop_tot_Sheet_8",2015,"141822.0"
"LV00","pop_tot_Sheet_8",2016,"143381.0"
"LV00","pop_tot_Sheet_8",2017,"144574.0"
"LV00","pop_tot_Sheet_8",2018,"143946.0"
"LV00","pop_tot_Sheet_8",2019,"141408.0"
"LV00","pop_tot_Sheet_8",2020,"138282.0"
"LV00","pop_tot_Sheet_8",2021,"133517.0"
"LV00","pop_tot_Sheet_8",2022,"129230.0"
"LV00","pop_tot_Sheet_8",2023,"126933.0"
"LV00","pop_tot_Sheet_8",2024,"125056.0"
"LT01","pop_tot_Sheet_8",2015,"53581.0"
"LT01","pop_tot_Sheet_8",2016,"55333.0"
"LT01","pop_tot_Sheet_8",2017,"57230.0"
"LT01","pop_tot_Sheet_8",2018,"57797.0"
"LT01","pop_tot_Sheet_8",2019,"57062.0"
"LT01","pop_tot_Sheet_8",2020,"56223.0"
"LT01","pop_tot_Sheet_8",2021,"56228.0"
"LT01","pop_tot_Sheet_8",2022,"54525.0"
"LT01","pop_tot_Sheet_8",2023,"53802.0"
"LT01","pop_tot_Sheet_8",2024,"53538.0"
"LT02","pop_tot_Sheet_8",2015,"157700.0"
"LT02","pop_tot_Sheet_8",2016,"163554.0"
"LT02","pop_tot_Sheet_8",2017,"168896.0"
"LT02","pop_tot_Sheet_8",2018,"170545.0"
"LT02","pop_tot_Sheet_8",2019,"168960.0"
"LT02","pop_tot_Sheet_8",2020,"166202.0"
"LT02","pop_tot_Sheet_8",2021,"162346.0"
"LT02","pop_tot_Sheet_8",2022,"157507.0"
"LT02","pop_tot_Sheet_8",2023,"154248.0"
"LT02","pop_tot_Sheet_8",2024,"152702.0"
"LU00","pop_tot_Sheet_8",2015,"35370.0"
"LU00","pop_tot_Sheet_8",2016,"36917.0"
"LU00","pop_tot_Sheet_8",2017,"38415.0"
"LU00","pop_tot_Sheet_8",2018,"39734.0"
"LU00","pop_tot_Sheet_8",2019,"41130.0"
"LU00","pop_tot_Sheet_8",2020,"42549.0"
"LU00","pop_tot_Sheet_8",2021,"43859.0"
"LU00","pop_tot_Sheet_8",2022,"44770.0"
"LU00","pop_tot_Sheet_8",2023,"45677.0"
"LU00","pop_tot_Sheet_8",2024,"46178.0"
"HU11","pop_tot_Sheet_8",2015,"104526.0"
"HU11","pop_tot_Sheet_8",2016,"96475.0"
"HU11","pop_tot_Sheet_8",2017,"90972.0"
"HU11","pop_tot_Sheet_8",2018,"87634.0"
"HU11","pop_tot_Sheet_8",2019,"86262.0"
"HU11","pop_tot_Sheet_8",2020,"86533.0"
"HU11","pop_tot_Sheet_8",2021,"86012.0"
"HU11","pop_tot_Sheet_8",2022,"87534.0"
"HU11","pop_tot_Sheet_8",2023,"93470.0"
"HU11","pop_tot_Sheet_8",2024,"99954.0"
"HU12","pop_tot_Sheet_8",2015,"77335.0"
"HU12","pop_tot_Sheet_8",2016,"73574.0"
"HU12","pop_tot_Sheet_8",2017,"70984.0"
"HU12","pop_tot_Sheet_8",2018,"69401.0"
"HU12","pop_tot_Sheet_8",2019,"69135.0"
"HU12","pop_tot_Sheet_8",2020,"69514.0"
"HU12","pop_tot_Sheet_8",2021,"70349.0"
"HU12","pop_tot_Sheet_8",2022,"72430.0"
"HU12","pop_tot_Sheet_8",2023,"77893.0"
"HU12","pop_tot_Sheet_8",2024,"83355.0"
"HU21","pop_tot_Sheet_8",2015,"79255.0"
"HU21","pop_tot_Sheet_8",2016,"74828.0"
"HU21","pop_tot_Sheet_8",2017,"71024.0"
"HU21","pop_tot_Sheet_8",2018,"68248.0"
"HU21","pop_tot_Sheet_8",2019,"66810.0"
"HU21","pop_tot_Sheet_8",2020,"65644.0"
"HU21","pop_tot_Sheet_8",2021,"64681.0"
"HU21","pop_tot_Sheet_8",2022,"64491.0"
"HU21","pop_tot_Sheet_8",2023,"66964.0"
"HU21","pop_tot_Sheet_8",2024,"69437.0"
"HU22","pop_tot_Sheet_8",2015,"73565.0"
"HU22","pop_tot_Sheet_8",2016,"68914.0"
"HU22","pop_tot_Sheet_8",2017,"65174.0"
"HU22","pop_tot_Sheet_8",2018,"62640.0"
"HU22","pop_tot_Sheet_8",2019,"60847.0"
"HU22","pop_tot_Sheet_8",2020,"59857.0"
"HU22","pop_tot_Sheet_8",2021,"59469.0"
"HU22","pop_tot_Sheet_8",2022,"59784.0"
"HU22","pop_tot_Sheet_8",2023,"62458.0"
"HU22","pop_tot_Sheet_8",2024,"64951.0"
"HU23","pop_tot_Sheet_8",2015,"72096.0"
"HU23","pop_tot_Sheet_8",2016,"67661.0"
"HU23","pop_tot_Sheet_8",2017,"63966.0"
"HU23","pop_tot_Sheet_8",2018,"60618.0"
"HU23","pop_tot_Sheet_8",2019,"58398.0"
"HU23","pop_tot_Sheet_8",2020,"57006.0"
"HU23","pop_tot_Sheet_8",2021,"55762.0"
"HU23","pop_tot_Sheet_8",2022,"55447.0"
"HU23","pop_tot_Sheet_8",2023,"57455.0"
"HU23","pop_tot_Sheet_8",2024,"58919.0"
"HU31","pop_tot_Sheet_8",2015,"86307.0"
"HU31","pop_tot_Sheet_8",2016,"81844.0"
"HU31","pop_tot_Sheet_8",2017,"77841.0"
"HU31","pop_tot_Sheet_8",2018,"74874.0"
"HU31","pop_tot_Sheet_8",2019,"72495.0"
"HU31","pop_tot_Sheet_8",2020,"70564.0"
"HU31","pop_tot_Sheet_8",2021,"69044.0"
"HU31","pop_tot_Sheet_8",2022,"68266.0"
"HU31","pop_tot_Sheet_8",2023,"70050.0"
"HU31","pop_tot_Sheet_8",2024,"71337.0"
"HU32","pop_tot_Sheet_8",2015,"107349.0"
"HU32","pop_tot_Sheet_8",2016,"101715.0"
"HU32","pop_tot_Sheet_8",2017,"96345.0"
"HU32","pop_tot_Sheet_8",2018,"92201.0"
"HU32","pop_tot_Sheet_8",2019,"88863.0"
"HU32","pop_tot_Sheet_8",2020,"86682.0"
"HU32","pop_tot_Sheet_8",2021,"85001.0"
"HU32","pop_tot_Sheet_8",2022,"84561.0"
"HU32","pop_tot_Sheet_8",2023,"87329.0"
"HU32","pop_tot_Sheet_8",2024,"90364.0"
"HU33","pop_tot_Sheet_8",2015,"95170.0"
"HU33","pop_tot_Sheet_8",2016,"88888.0"
"HU33","pop_tot_Sheet_8",2017,"82823.0"
"HU33","pop_tot_Sheet_8",2018,"79203.0"
"HU33","pop_tot_Sheet_8",2019,"76487.0"
"HU33","pop_tot_Sheet_8",2020,"75024.0"
"HU33","pop_tot_Sheet_8",2021,"74316.0"
"HU33","pop_tot_Sheet_8",2022,"74617.0"
"HU33","pop_tot_Sheet_8",2023,"76832.0"
"HU33","pop_tot_Sheet_8",2024,"79846.0"
"MT00","pop_tot_Sheet_8",2015,"30650.0"
"MT00","pop_tot_Sheet_8",2016,"31178.0"
"MT00","pop_tot_Sheet_8",2017,"31274.0"
"MT00","pop_tot_Sheet_8",2018,"31325.0"
"MT00","pop_tot_Sheet_8",2019,"31159.0"
"MT00","pop_tot_Sheet_8",2020,"31097.0"
"MT00","pop_tot_Sheet_8",2021,"30196.0"
"MT00","pop_tot_Sheet_8",2022,"29353.0"
"MT00","pop_tot_Sheet_8",2023,"28686.0"
"MT00","pop_tot_Sheet_8",2024,"28682.0"
"NL11","pop_tot_Sheet_8",2015,"39610.0"
"NL11","pop_tot_Sheet_8",2016,"39593.0"
"NL11","pop_tot_Sheet_8",2017,"39699.0"
"NL11","pop_tot_Sheet_8",2018,"39892.0"
"NL11","pop_tot_Sheet_8",2019,"40220.0"
"NL11","pop_tot_Sheet_8",2020,"40493.0"
"NL11","pop_tot_Sheet_8",2021,"40939.0"
"NL11","pop_tot_Sheet_8",2022,"40985.0"
"NL11","pop_tot_Sheet_8",2023,"41016.0"
"NL11","pop_tot_Sheet_8",2024,"40577.0"
"NL12","pop_tot_Sheet_8",2015,"45018.0"
"NL12","pop_tot_Sheet_8",2016,"45275.0"
"NL12","pop_tot_Sheet_8",2017,"45711.0"
"NL12","pop_tot_Sheet_8",2018,"46243.0"
"NL12","pop_tot_Sheet_8",2019,"46908.0"
"NL12","pop_tot_Sheet_8",2020,"47669.0"
"NL12","pop_tot_Sheet_8",2021,"48347.0"
"NL12","pop_tot_Sheet_8",2022,"48573.0"
"NL12","pop_tot_Sheet_8",2023,"48991.0"
"NL12","pop_tot_Sheet_8",2024,"49273.0"
"NL13","pop_tot_Sheet_8",2015,"36211.0"
"NL13","pop_tot_Sheet_8",2016,"36712.0"
"NL13","pop_tot_Sheet_8",2017,"37201.0"
"NL13","pop_tot_Sheet_8",2018,"37464.0"
"NL13","pop_tot_Sheet_8",2019,"37823.0"
"NL13","pop_tot_Sheet_8",2020,"38316.0"
"NL13","pop_tot_Sheet_8",2021,"38635.0"
"NL13","pop_tot_Sheet_8",2022,"38646.0"
"NL13","pop_tot_Sheet_8",2023,"38921.0"
"NL13","pop_tot_Sheet_8",2024,"38832.0"
"NL21","pop_tot_Sheet_8",2015,"75512.0"
"NL21","pop_tot_Sheet_8",2016,"76711.0"
"NL21","pop_tot_Sheet_8",2017,"78150.0"
"NL21","pop_tot_Sheet_8",2018,"79389.0"
"NL21","pop_tot_Sheet_8",2019,"80584.0"
"NL21","pop_tot_Sheet_8",2020,"81847.0"
"NL21","pop_tot_Sheet_8",2021,"82991.0"
"NL21","pop_tot_Sheet_8",2022,"83346.0"
"NL21","pop_tot_Sheet_8",2023,"83949.0"
"NL21","pop_tot_Sheet_8",2024,"84551.0"
"NL22","pop_tot_Sheet_8",2015,"141197.0"
"NL22","pop_tot_Sheet_8",2016,"143692.0"
"NL22","pop_tot_Sheet_8",2017,"146670.0"
"NL22","pop_tot_Sheet_8",2018,"149684.0"
"NL22","pop_tot_Sheet_8",2019,"152395.0"
"NL22","pop_tot_Sheet_8",2020,"154749.0"
"NL22","pop_tot_Sheet_8",2021,"156581.0"
"NL22","pop_tot_Sheet_8",2022,"157301.0"
"NL22","pop_tot_Sheet_8",2023,"157620.0"
"NL22","pop_tot_Sheet_8",2024,"157805.0"
"NL23","pop_tot_Sheet_8",2015,"27230.0"
"NL23","pop_tot_Sheet_8",2016,"27889.0"
"NL23","pop_tot_Sheet_8",2017,"28535.0"
"NL23","pop_tot_Sheet_8",2018,"29165.0"
"NL23","pop_tot_Sheet_8",2019,"29755.0"
"NL23","pop_tot_Sheet_8",2020,"30389.0"
"NL23","pop_tot_Sheet_8",2021,"30849.0"
"NL23","pop_tot_Sheet_8",2022,"30955.0"
"NL23","pop_tot_Sheet_8",2023,"30957.0"
"NL23","pop_tot_Sheet_8",2024,"30965.0"
"NL32","pop_tot_Sheet_8",2015,"181501.0"
"NL32","pop_tot_Sheet_8",2016,"185667.0"
"NL32","pop_tot_Sheet_8",2017,"189617.0"
"NL32","pop_tot_Sheet_8",2018,"193435.0"
"NL32","pop_tot_Sheet_8",2019,"197393.0"
"NL32","pop_tot_Sheet_8",2020,"201348.0"
"NL32","pop_tot_Sheet_8",2021,"202933.0"
"NL32","pop_tot_Sheet_8",2022,"203172.0"
"NL32","pop_tot_Sheet_8",2023,"203209.0"
"NL32","pop_tot_Sheet_8",2024,"202870.0"
"NL34","pop_tot_Sheet_8",2015,"27005.0"
"NL34","pop_tot_Sheet_8",2016,"27064.0"
"NL34","pop_tot_Sheet_8",2017,"27256.0"
"NL34","pop_tot_Sheet_8",2018,"27444.0"
"NL34","pop_tot_Sheet_8",2019,"27885.0"
"NL34","pop_tot_Sheet_8",2020,"28194.0"
"NL34","pop_tot_Sheet_8",2021,"28648.0"
"NL34","pop_tot_Sheet_8",2022,"28985.0"
"NL34","pop_tot_Sheet_8",2023,"29505.0"
"NL34","pop_tot_Sheet_8",2024,"29465.0"
"NL41","pop_tot_Sheet_8",2015,"173931.0"
"NL41","pop_tot_Sheet_8",2016,"177038.0"
"NL41","pop_tot_Sheet_8",2017,"180766.0"
"NL41","pop_tot_Sheet_8",2018,"184268.0"
"NL41","pop_tot_Sheet_8",2019,"187514.0"
"NL41","pop_tot_Sheet_8",2020,"190470.0"
"NL41","pop_tot_Sheet_8",2021,"193002.0"
"NL41","pop_tot_Sheet_8",2022,"193200.0"
"NL41","pop_tot_Sheet_8",2023,"192781.0"
"NL41","pop_tot_Sheet_8",2024,"192858.0"
"NL42","pop_tot_Sheet_8",2015,"87800.0"
"NL42","pop_tot_Sheet_8",2016,"88861.0"
"NL42","pop_tot_Sheet_8",2017,"90196.0"
"NL42","pop_tot_Sheet_8",2018,"90997.0"
"NL42","pop_tot_Sheet_8",2019,"91471.0"
"NL42","pop_tot_Sheet_8",2020,"91818.0"
"NL42","pop_tot_Sheet_8",2021,"91757.0"
"NL42","pop_tot_Sheet_8",2022,"90618.0"
"NL42","pop_tot_Sheet_8",2023,"89683.0"
"NL42","pop_tot_Sheet_8",2024,"87838.0"
"AT11","pop_tot_Sheet_8",2015,"22409.0"
"AT11","pop_tot_Sheet_8",2016,"23030.0"
"AT11","pop_tot_Sheet_8",2017,"23484.0"
"AT11","pop_tot_Sheet_8",2018,"24101.0"
"AT11","pop_tot_Sheet_8",2019,"24713.0"
"AT11","pop_tot_Sheet_8",2020,"24952.0"
"AT11","pop_tot_Sheet_8",2021,"25140.0"
"AT11","pop_tot_Sheet_8",2022,"25376.0"
"AT11","pop_tot_Sheet_8",2023,"25272.0"
"AT11","pop_tot_Sheet_8",2024,"25230.0"
"AT12","pop_tot_Sheet_8",2015,"113864.0"
"AT12","pop_tot_Sheet_8",2016,"118860.0"
"AT12","pop_tot_Sheet_8",2017,"123812.0"
"AT12","pop_tot_Sheet_8",2018,"128288.0"
"AT12","pop_tot_Sheet_8",2019,"133381.0"
"AT12","pop_tot_Sheet_8",2020,"137628.0"
"AT12","pop_tot_Sheet_8",2021,"140526.0"
"AT12","pop_tot_Sheet_8",2022,"141946.0"
"AT12","pop_tot_Sheet_8",2023,"143691.0"
"AT12","pop_tot_Sheet_8",2024,"144122.0"
"AT13","pop_tot_Sheet_8",2015,"107682.0"
"AT13","pop_tot_Sheet_8",2016,"112157.0"
"AT13","pop_tot_Sheet_8",2017,"115955.0"
"AT13","pop_tot_Sheet_8",2018,"120672.0"
"AT13","pop_tot_Sheet_8",2019,"125432.0"
"AT13","pop_tot_Sheet_8",2020,"129389.0"
"AT13","pop_tot_Sheet_8",2021,"132052.0"
"AT13","pop_tot_Sheet_8",2022,"133991.0"
"AT13","pop_tot_Sheet_8",2023,"136311.0"
"AT13","pop_tot_Sheet_8",2024,"137482.0"
"AT21","pop_tot_Sheet_8",2015,"42193.0"
"AT21","pop_tot_Sheet_8",2016,"43369.0"
"AT21","pop_tot_Sheet_8",2017,"44227.0"
"AT21","pop_tot_Sheet_8",2018,"45209.0"
"AT21","pop_tot_Sheet_8",2019,"46354.0"
"AT21","pop_tot_Sheet_8",2020,"47118.0"
"AT21","pop_tot_Sheet_8",2021,"47478.0"
"AT21","pop_tot_Sheet_8",2022,"47456.0"
"AT21","pop_tot_Sheet_8",2023,"47467.0"
"AT21","pop_tot_Sheet_8",2024,"47214.0"
"AT22","pop_tot_Sheet_8",2015,"86702.0"
"AT22","pop_tot_Sheet_8",2016,"89253.0"
"AT22","pop_tot_Sheet_8",2017,"91493.0"
"AT22","pop_tot_Sheet_8",2018,"93811.0"
"AT22","pop_tot_Sheet_8",2019,"96483.0"
"AT22","pop_tot_Sheet_8",2020,"98538.0"
"AT22","pop_tot_Sheet_8",2021,"100010.0"
"AT22","pop_tot_Sheet_8",2022,"100579.0"
"AT22","pop_tot_Sheet_8",2023,"100756.0"
"AT22","pop_tot_Sheet_8",2024,"100560.0"
"AT31","pop_tot_Sheet_8",2015,"99741.0"
"AT31","pop_tot_Sheet_8",2016,"103994.0"
"AT31","pop_tot_Sheet_8",2017,"107559.0"
"AT31","pop_tot_Sheet_8",2018,"111310.0"
"AT31","pop_tot_Sheet_8",2019,"114884.0"
"AT31","pop_tot_Sheet_8",2020,"117969.0"
"AT31","pop_tot_Sheet_8",2021,"119694.0"
"AT31","pop_tot_Sheet_8",2022,"120480.0"
"AT31","pop_tot_Sheet_8",2023,"120754.0"
"AT31","pop_tot_Sheet_8",2024,"120192.0"
"AT32","pop_tot_Sheet_8",2015,"36494.0"
"AT32","pop_tot_Sheet_8",2016,"37868.0"
"AT32","pop_tot_Sheet_8",2017,"38710.0"
"AT32","pop_tot_Sheet_8",2018,"39958.0"
"AT32","pop_tot_Sheet_8",2019,"41355.0"
"AT32","pop_tot_Sheet_8",2020,"42380.0"
"AT32","pop_tot_Sheet_8",2021,"43361.0"
"AT32","pop_tot_Sheet_8",2022,"43732.0"
"AT32","pop_tot_Sheet_8",2023,"44257.0"
"AT32","pop_tot_Sheet_8",2024,"44604.0"
"AT33","pop_tot_Sheet_8",2015,"47465.0"
"AT33","pop_tot_Sheet_8",2016,"49385.0"
"AT33","pop_tot_Sheet_8",2017,"51359.0"
"AT33","pop_tot_Sheet_8",2018,"53745.0"
"AT33","pop_tot_Sheet_8",2019,"55815.0"
"AT33","pop_tot_Sheet_8",2020,"57986.0"
"AT33","pop_tot_Sheet_8",2021,"60031.0"
"AT33","pop_tot_Sheet_8",2022,"61284.0"
"AT33","pop_tot_Sheet_8",2023,"61794.0"
"AT33","pop_tot_Sheet_8",2024,"62111.0"
"AT34","pop_tot_Sheet_8",2015,"24286.0"
"AT34","pop_tot_Sheet_8",2016,"25333.0"
"AT34","pop_tot_Sheet_8",2017,"26387.0"
"AT34","pop_tot_Sheet_8",2018,"27518.0"
"AT34","pop_tot_Sheet_8",2019,"28468.0"
"AT34","pop_tot_Sheet_8",2020,"29525.0"
"AT34","pop_tot_Sheet_8",2021,"30391.0"
"AT34","pop_tot_Sheet_8",2022,"30940.0"
"AT34","pop_tot_Sheet_8",2023,"31313.0"
"AT34","pop_tot_Sheet_8",2024,"31488.0"
"PL21","pop_tot_Sheet_8",2015,"228847.0"
"PL21","pop_tot_Sheet_8",2016,"225724.0"
"PL21","pop_tot_Sheet_8",2017,"221598.0"
"PL21","pop_tot_Sheet_8",2018,"216216.0"
"PL21","pop_tot_Sheet_8",2019,"209778.0"
"PL21","pop_tot_Sheet_8",2020,"204817.0"
"PL21","pop_tot_Sheet_8",2021,"197003.0"
"PL21","pop_tot_Sheet_8",2022,"194142.0"
"PL21","pop_tot_Sheet_8",2023,"191979.0"
"PL21","pop_tot_Sheet_8",2024,"191089.0"
"PL22","pop_tot_Sheet_8",2015,"363157.0"
"PL22","pop_tot_Sheet_8",2016,"354914.0"
"PL22","pop_tot_Sheet_8",2017,"342160.0"
"PL22","pop_tot_Sheet_8",2018,"327648.0"
"PL22","pop_tot_Sheet_8",2019,"311858.0"
"PL22","pop_tot_Sheet_8",2020,"298567.0"
"PL22","pop_tot_Sheet_8",2021,"279989.0"
"PL22","pop_tot_Sheet_8",2022,"272614.0"
"PL22","pop_tot_Sheet_8",2023,"266392.0"
"PL22","pop_tot_Sheet_8",2024,"261856.0"
"PL41","pop_tot_Sheet_8",2015,"252137.0"
"PL41","pop_tot_Sheet_8",2016,"245620.0"
"PL41","pop_tot_Sheet_8",2017,"236829.0"
"PL41","pop_tot_Sheet_8",2018,"225747.0"
"PL41","pop_tot_Sheet_8",2019,"217045.0"
"PL41","pop_tot_Sheet_8",2020,"208572.0"
"PL41","pop_tot_Sheet_8",2021,"200680.0"
"PL41","pop_tot_Sheet_8",2022,"196176.0"
"PL41","pop_tot_Sheet_8",2023,"193292.0"
"PL41","pop_tot_Sheet_8",2024,"191344.0"
"PL42","pop_tot_Sheet_8",2015,"141001.0"
"PL42","pop_tot_Sheet_8",2016,"135438.0"
"PL42","pop_tot_Sheet_8",2017,"128693.0"
"PL42","pop_tot_Sheet_8",2018,"120859.0"
"PL42","pop_tot_Sheet_8",2019,"113662.0"
"PL42","pop_tot_Sheet_8",2020,"106847.0"
"PL42","pop_tot_Sheet_8",2021,"99781.0"
"PL42","pop_tot_Sheet_8",2022,"95843.0"
"PL42","pop_tot_Sheet_8",2023,"93631.0"
"PL42","pop_tot_Sheet_8",2024,"91651.0"
"PL43","pop_tot_Sheet_8",2015,"81606.0"
"PL43","pop_tot_Sheet_8",2016,"78641.0"
"PL43","pop_tot_Sheet_8",2017,"75231.0"
"PL43","pop_tot_Sheet_8",2018,"70806.0"
"PL43","pop_tot_Sheet_8",2019,"66530.0"
"PL43","pop_tot_Sheet_8",2020,"62938.0"
"PL43","pop_tot_Sheet_8",2021,"59380.0"
"PL43","pop_tot_Sheet_8",2022,"57156.0"
"PL43","pop_tot_Sheet_8",2023,"55489.0"
"PL43","pop_tot_Sheet_8",2024,"54531.0"
"PL51","pop_tot_Sheet_8",2015,"234493.0"
"PL51","pop_tot_Sheet_8",2016,"224900.0"
"PL51","pop_tot_Sheet_8",2017,"214261.0"
"PL51","pop_tot_Sheet_8",2018,"201023.0"
"PL51","pop_tot_Sheet_8",2019,"188049.0"
"PL51","pop_tot_Sheet_8",2020,"177014.0"
"PL51","pop_tot_Sheet_8",2021,"165973.0"
"PL51","pop_tot_Sheet_8",2022,"159239.0"
"PL51","pop_tot_Sheet_8",2023,"154741.0"
"PL51","pop_tot_Sheet_8",2024,"151723.0"
"PL52","pop_tot_Sheet_8",2015,"74454.0"
"PL52","pop_tot_Sheet_8",2016,"73544.0"
"PL52","pop_tot_Sheet_8",2017,"72227.0"
"PL52","pop_tot_Sheet_8",2018,"70420.0"
"PL52","pop_tot_Sheet_8",2019,"68283.0"
"PL52","pop_tot_Sheet_8",2020,"65744.0"
"PL52","pop_tot_Sheet_8",2021,"63168.0"
"PL52","pop_tot_Sheet_8",2022,"61243.0"
"PL52","pop_tot_Sheet_8",2023,"59998.0"
"PL52","pop_tot_Sheet_8",2024,"58768.0"
"PL61","pop_tot_Sheet_8",2015,"160246.0"
"PL61","pop_tot_Sheet_8",2016,"155887.0"
"PL61","pop_tot_Sheet_8",2017,"150086.0"
"PL61","pop_tot_Sheet_8",2018,"143232.0"
"PL61","pop_tot_Sheet_8",2019,"136418.0"
"PL61","pop_tot_Sheet_8",2020,"130507.0"
"PL61","pop_tot_Sheet_8",2021,"123951.0"
"PL61","pop_tot_Sheet_8",2022,"120171.0"
"PL61","pop_tot_Sheet_8",2023,"117562.0"
"PL61","pop_tot_Sheet_8",2024,"115957.0"
"PL62","pop_tot_Sheet_8",2015,"111859.0"
"PL62","pop_tot_Sheet_8",2016,"109682.0"
"PL62","pop_tot_Sheet_8",2017,"106337.0"
"PL62","pop_tot_Sheet_8",2018,"102447.0"
"PL62","pop_tot_Sheet_8",2019,"98340.0"
"PL62","pop_tot_Sheet_8",2020,"93958.0"
"PL62","pop_tot_Sheet_8",2021,"88216.0"
"PL62","pop_tot_Sheet_8",2022,"85285.0"
"PL62","pop_tot_Sheet_8",2023,"82730.0"
"PL62","pop_tot_Sheet_8",2024,"80382.0"
"PL63","pop_tot_Sheet_8",2015,"166496.0"
"PL63","pop_tot_Sheet_8",2016,"161052.0"
"PL63","pop_tot_Sheet_8",2017,"155359.0"
"PL63","pop_tot_Sheet_8",2018,"148531.0"
"PL63","pop_tot_Sheet_8",2019,"142648.0"
"PL63","pop_tot_Sheet_8",2020,"137575.0"
"PL63","pop_tot_Sheet_8",2021,"131421.0"
"PL63","pop_tot_Sheet_8",2022,"128275.0"
"PL63","pop_tot_Sheet_8",2023,"127052.0"
"PL63","pop_tot_Sheet_8",2024,"125846.0"
"PL71","pop_tot_Sheet_8",2015,"198799.0"
"PL71","pop_tot_Sheet_8",2016,"190803.0"
"PL71","pop_tot_Sheet_8",2017,"182090.0"
"PL71","pop_tot_Sheet_8",2018,"171990.0"
"PL71","pop_tot_Sheet_8",2019,"162433.0"
"PL71","pop_tot_Sheet_8",2020,"154137.0"
"PL71","pop_tot_Sheet_8",2021,"146564.0"
"PL71","pop_tot_Sheet_8",2022,"142184.0"
"PL71","pop_tot_Sheet_8",2023,"139674.0"
"PL71","pop_tot_Sheet_8",2024,"138486.0"
"PL72","pop_tot_Sheet_8",2015,"98203.0"
"PL72","pop_tot_Sheet_8",2016,"95453.0"
"PL72","pop_tot_Sheet_8",2017,"92202.0"
"PL72","pop_tot_Sheet_8",2018,"87978.0"
"PL72","pop_tot_Sheet_8",2019,"83783.0"
"PL72","pop_tot_Sheet_8",2020,"79719.0"
"PL72","pop_tot_Sheet_8",2021,"74912.0"
"PL72","pop_tot_Sheet_8",2022,"72065.0"
"PL72","pop_tot_Sheet_8",2023,"70241.0"
"PL72","pop_tot_Sheet_8",2024,"68896.0"
"PL81","pop_tot_Sheet_8",2015,"157743.0"
"PL81","pop_tot_Sheet_8",2016,"153452.0"
"PL81","pop_tot_Sheet_8",2017,"148460.0"
"PL81","pop_tot_Sheet_8",2018,"141836.0"
"PL81","pop_tot_Sheet_8",2019,"136475.0"
"PL81","pop_tot_Sheet_8",2020,"131670.0"
"PL81","pop_tot_Sheet_8",2021,"126108.0"
"PL81","pop_tot_Sheet_8",2022,"123535.0"
"PL81","pop_tot_Sheet_8",2023,"121430.0"
"PL81","pop_tot_Sheet_8",2024,"119443.0"
"PL82","pop_tot_Sheet_8",2015,"145813.0"
"PL82","pop_tot_Sheet_8",2016,"144978.0"
"PL82","pop_tot_Sheet_8",2017,"143168.0"
"PL82","pop_tot_Sheet_8",2018,"140208.0"
"PL82","pop_tot_Sheet_8",2019,"137349.0"
"PL82","pop_tot_Sheet_8",2020,"133706.0"
"PL82","pop_tot_Sheet_8",2021,"127406.0"
"PL82","pop_tot_Sheet_8",2022,"124699.0"
"PL82","pop_tot_Sheet_8",2023,"122694.0"
"PL82","pop_tot_Sheet_8",2024,"120748.0"
"PL84","pop_tot_Sheet_8",2015,"86965.0"
"PL84","pop_tot_Sheet_8",2016,"86893.0"
"PL84","pop_tot_Sheet_8",2017,"85569.0"
"PL84","pop_tot_Sheet_8",2018,"82972.0"
"PL84","pop_tot_Sheet_8",2019,"80561.0"
"PL84","pop_tot_Sheet_8",2020,"78236.0"
"PL84","pop_tot_Sheet_8",2021,"73680.0"
"PL84","pop_tot_Sheet_8",2022,"71892.0"
"PL84","pop_tot_Sheet_8",2023,"70432.0"
"PL84","pop_tot_Sheet_8",2024,"69095.0"
"PL91","pop_tot_Sheet_8",2015,"213410.0"
"PL91","pop_tot_Sheet_8",2016,"202451.0"
"PL91","pop_tot_Sheet_8",2017,"190245.0"
"PL91","pop_tot_Sheet_8",2018,"178358.0"
"PL91","pop_tot_Sheet_8",2019,"168524.0"
"PL91","pop_tot_Sheet_8",2020,"161206.0"
"PL91","pop_tot_Sheet_8",2021,"155806.0"
"PL91","pop_tot_Sheet_8",2022,"154531.0"
"PL91","pop_tot_Sheet_8",2023,"154633.0"
"PL91","pop_tot_Sheet_8",2024,"155999.0"
"PL92","pop_tot_Sheet_8",2015,"175529.0"
"PL92","pop_tot_Sheet_8",2016,"171332.0"
"PL92","pop_tot_Sheet_8",2017,"165892.0"
"PL92","pop_tot_Sheet_8",2018,"159026.0"
"PL92","pop_tot_Sheet_8",2019,"153140.0"
"PL92","pop_tot_Sheet_8",2020,"147261.0"
"PL92","pop_tot_Sheet_8",2021,"141405.0"
"PL92","pop_tot_Sheet_8",2022,"138084.0"
"PL92","pop_tot_Sheet_8",2023,"135876.0"
"PL92","pop_tot_Sheet_8",2024,"133934.0"
"PT11","pop_tot_Sheet_8",2015,"252809.0"
"PT11","pop_tot_Sheet_8",2016,"256626.0"
"PT11","pop_tot_Sheet_8",2017,"262686.0"
"PT11","pop_tot_Sheet_8",2018,"266380.0"
"PT11","pop_tot_Sheet_8",2019,"269382.0"
"PT11","pop_tot_Sheet_8",2020,"273832.0"
"PT11","pop_tot_Sheet_8",2021,"275542.0"
"PT11","pop_tot_Sheet_8",2022,"275624.0"
"PT11","pop_tot_Sheet_8",2023,"276345.0"
"PT11","pop_tot_Sheet_8",2024,"276761.0"
"PT15","pop_tot_Sheet_8",2015,"29847.0"
"PT15","pop_tot_Sheet_8",2016,"30513.0"
"PT15","pop_tot_Sheet_8",2017,"31290.0"
"PT15","pop_tot_Sheet_8",2018,"31949.0"
"PT15","pop_tot_Sheet_8",2019,"32206.0"
"PT15","pop_tot_Sheet_8",2020,"32969.0"
"PT15","pop_tot_Sheet_8",2021,"32848.0"
"PT15","pop_tot_Sheet_8",2022,"32708.0"
"PT15","pop_tot_Sheet_8",2023,"32981.0"
"PT15","pop_tot_Sheet_8",2024,"33173.0"
"PT20","pop_tot_Sheet_8",2015,"14844.0"
"PT20","pop_tot_Sheet_8",2016,"15654.0"
"PT20","pop_tot_Sheet_8",2017,"16138.0"
"PT20","pop_tot_Sheet_8",2018,"16596.0"
"PT20","pop_tot_Sheet_8",2019,"16870.0"
"PT20","pop_tot_Sheet_8",2020,"17210.0"
"PT20","pop_tot_Sheet_8",2021,"17200.0"
"PT20","pop_tot_Sheet_8",2022,"17107.0"
"PT20","pop_tot_Sheet_8",2023,"17109.0"
"PT20","pop_tot_Sheet_8",2024,"17079.0"
"PT30","pop_tot_Sheet_8",2015,"16638.0"
"PT30","pop_tot_Sheet_8",2016,"17472.0"
"PT30","pop_tot_Sheet_8",2017,"18340.0"
"PT30","pop_tot_Sheet_8",2018,"18956.0"
"PT30","pop_tot_Sheet_8",2019,"19990.0"
"PT30","pop_tot_Sheet_8",2020,"20780.0"
"PT30","pop_tot_Sheet_8",2021,"20993.0"
"PT30","pop_tot_Sheet_8",2022,"21006.0"
"PT30","pop_tot_Sheet_8",2023,"21228.0"
"PT30","pop_tot_Sheet_8",2024,"20934.0"
"RO11","pop_tot_Sheet_8",2015,"177393.0"
"RO11","pop_tot_Sheet_8",2016,"170094.0"
"RO11","pop_tot_Sheet_8",2017,"162997.0"
"RO11","pop_tot_Sheet_8",2018,"154933.0"
"RO11","pop_tot_Sheet_8",2019,"148925.0"
"RO11","pop_tot_Sheet_8",2020,"143974.0"
"RO11","pop_tot_Sheet_8",2021,"140214.0"
"RO11","pop_tot_Sheet_8",2022,"141445.0"
"RO11","pop_tot_Sheet_8",2023,"152761.0"
"RO11","pop_tot_Sheet_8",2024,"166994.0"
"RO12","pop_tot_Sheet_8",2015,"169079.0"
"RO12","pop_tot_Sheet_8",2016,"159690.0"
"RO12","pop_tot_Sheet_8",2017,"149980.0"
"RO12","pop_tot_Sheet_8",2018,"140910.0"
"RO12","pop_tot_Sheet_8",2019,"133917.0"
"RO12","pop_tot_Sheet_8",2020,"127887.0"
"RO12","pop_tot_Sheet_8",2021,"122905.0"
"RO12","pop_tot_Sheet_8",2022,"121962.0"
"RO12","pop_tot_Sheet_8",2023,"133382.0"
"RO12","pop_tot_Sheet_8",2024,"147679.0"
"RO21","pop_tot_Sheet_8",2015,"214067.0"
"RO21","pop_tot_Sheet_8",2016,"204338.0"
"RO21","pop_tot_Sheet_8",2017,"194533.0"
"RO21","pop_tot_Sheet_8",2018,"183927.0"
"RO21","pop_tot_Sheet_8",2019,"174209.0"
"RO21","pop_tot_Sheet_8",2020,"165828.0"
"RO21","pop_tot_Sheet_8",2021,"158440.0"
"RO21","pop_tot_Sheet_8",2022,"163215.0"
"RO21","pop_tot_Sheet_8",2023,"182496.0"
"RO21","pop_tot_Sheet_8",2024,"206855.0"
"RO22","pop_tot_Sheet_8",2015,"186312.0"
"RO22","pop_tot_Sheet_8",2016,"175735.0"
"RO22","pop_tot_Sheet_8",2017,"164119.0"
"RO22","pop_tot_Sheet_8",2018,"153077.0"
"RO22","pop_tot_Sheet_8",2019,"143097.0"
"RO22","pop_tot_Sheet_8",2020,"134323.0"
"RO22","pop_tot_Sheet_8",2021,"125613.0"
"RO22","pop_tot_Sheet_8",2022,"125079.0"
"RO22","pop_tot_Sheet_8",2023,"143224.0"
"RO22","pop_tot_Sheet_8",2024,"165382.0"
"RO31","pop_tot_Sheet_8",2015,"209062.0"
"RO31","pop_tot_Sheet_8",2016,"199707.0"
"RO31","pop_tot_Sheet_8",2017,"189939.0"
"RO31","pop_tot_Sheet_8",2018,"179801.0"
"RO31","pop_tot_Sheet_8",2019,"169282.0"
"RO31","pop_tot_Sheet_8",2020,"160967.0"
"RO31","pop_tot_Sheet_8",2021,"154714.0"
"RO31","pop_tot_Sheet_8",2022,"154758.0"
"RO31","pop_tot_Sheet_8",2023,"183047.0"
"RO31","pop_tot_Sheet_8",2024,"213876.0"
"RO32","pop_tot_Sheet_8",2015,"160849.0"
"RO32","pop_tot_Sheet_8",2016,"150787.0"
"RO32","pop_tot_Sheet_8",2017,"138824.0"
"RO32","pop_tot_Sheet_8",2018,"128540.0"
"RO32","pop_tot_Sheet_8",2019,"119496.0"
"RO32","pop_tot_Sheet_8",2020,"112395.0"
"RO32","pop_tot_Sheet_8",2021,"105030.0"
"RO32","pop_tot_Sheet_8",2022,"100895.0"
"RO32","pop_tot_Sheet_8",2023,"123479.0"
"RO32","pop_tot_Sheet_8",2024,"147544.0"
"RO41","pop_tot_Sheet_8",2015,"143586.0"
"RO41","pop_tot_Sheet_8",2016,"139578.0"
"RO41","pop_tot_Sheet_8",2017,"134858.0"
"RO41","pop_tot_Sheet_8",2018,"128176.0"
"RO41","pop_tot_Sheet_8",2019,"121541.0"
"RO41","pop_tot_Sheet_8",2020,"116055.0"
"RO41","pop_tot_Sheet_8",2021,"110334.0"
"RO41","pop_tot_Sheet_8",2022,"108321.0"
"RO41","pop_tot_Sheet_8",2023,"123632.0"
"RO41","pop_tot_Sheet_8",2024,"142093.0"
"RO42","pop_tot_Sheet_8",2015,"133528.0"
"RO42","pop_tot_Sheet_8",2016,"126295.0"
"RO42","pop_tot_Sheet_8",2017,"119031.0"
"RO42","pop_tot_Sheet_8",2018,"111658.0"
"RO42","pop_tot_Sheet_8",2019,"105573.0"
"RO42","pop_tot_Sheet_8",2020,"100822.0"
"RO42","pop_tot_Sheet_8",2021,"96722.0"
"RO42","pop_tot_Sheet_8",2022,"93744.0"
"RO42","pop_tot_Sheet_8",2023,"105144.0"
"RO42","pop_tot_Sheet_8",2024,"119284.0"
"SI03","pop_tot_Sheet_8",2015,"83990.0"
"SI03","pop_tot_Sheet_8",2016,"83291.0"
"SI03","pop_tot_Sheet_8",2017,"82788.0"
"SI03","pop_tot_Sheet_8",2018,"82445.0"
"SI03","pop_tot_Sheet_8",2019,"82709.0"
"SI03","pop_tot_Sheet_8",2020,"82717.0"
"SI03","pop_tot_Sheet_8",2021,"83665.0"
"SI03","pop_tot_Sheet_8",2022,"83740.0"
"SI03","pop_tot_Sheet_8",2023,"83451.0"
"SI03","pop_tot_Sheet_8",2024,"82877.0"
"SI04","pop_tot_Sheet_8",2015,"66565.0"
"SI04","pop_tot_Sheet_8",2016,"66141.0"
"SI04","pop_tot_Sheet_8",2017,"65848.0"
"SI04","pop_tot_Sheet_8",2018,"66136.0"
"SI04","pop_tot_Sheet_8",2019,"66838.0"
"SI04","pop_tot_Sheet_8",2020,"67653.0"
"SI04","pop_tot_Sheet_8",2021,"68687.0"
"SI04","pop_tot_Sheet_8",2022,"69377.0"
"SI04","pop_tot_Sheet_8",2023,"69712.0"
"SI04","pop_tot_Sheet_8",2024,"69477.0"
"SK01","pop_tot_Sheet_8",2015,"44502.0"
"SK01","pop_tot_Sheet_8",2016,"42656.0"
"SK01","pop_tot_Sheet_8",2017,"41073.0"
"SK01","pop_tot_Sheet_8",2018,"39699.0"
"SK01","pop_tot_Sheet_8",2019,"39120.0"
"SK01","pop_tot_Sheet_8",2020,"39116.0"
"SK01","pop_tot_Sheet_8",2021,"38884.0"
"SK01","pop_tot_Sheet_8",2022,"41438.0"
"SK01","pop_tot_Sheet_8",2023,"40910.0"
"SK01","pop_tot_Sheet_8",2024,"40239.0"
"SK02","pop_tot_Sheet_8",2015,"134788.0"
"SK02","pop_tot_Sheet_8",2016,"131932.0"
"SK02","pop_tot_Sheet_8",2017,"129322.0"
"SK02","pop_tot_Sheet_8",2018,"126795.0"
"SK02","pop_tot_Sheet_8",2019,"125268.0"
"SK02","pop_tot_Sheet_8",2020,"126084.0"
"SK02","pop_tot_Sheet_8",2021,"125510.0"
"SK02","pop_tot_Sheet_8",2022,"124953.0"
"SK02","pop_tot_Sheet_8",2023,"123436.0"
"SK02","pop_tot_Sheet_8",2024,"121427.0"
"SK03","pop_tot_Sheet_8",2015,"94723.0"
"SK03","pop_tot_Sheet_8",2016,"93231.0"
"SK03","pop_tot_Sheet_8",2017,"91728.0"
"SK03","pop_tot_Sheet_8",2018,"89745.0"
"SK03","pop_tot_Sheet_8",2019,"89641.0"
"SK03","pop_tot_Sheet_8",2020,"89776.0"
"SK03","pop_tot_Sheet_8",2021,"89551.0"
"SK03","pop_tot_Sheet_8",2022,"87870.0"
"SK03","pop_tot_Sheet_8",2023,"86800.0"
"SK03","pop_tot_Sheet_8",2024,"84494.0"
"SK04","pop_tot_Sheet_8",2015,"106006.0"
"SK04","pop_tot_Sheet_8",2016,"105455.0"
"SK04","pop_tot_Sheet_8",2017,"104274.0"
"SK04","pop_tot_Sheet_8",2018,"102505.0"
"SK04","pop_tot_Sheet_8",2019,"102246.0"
"SK04","pop_tot_Sheet_8",2020,"102944.0"
"SK04","pop_tot_Sheet_8",2021,"102096.0"
"SK04","pop_tot_Sheet_8",2022,"99025.0"
"SK04","pop_tot_Sheet_8",2023,"97952.0"
"SK04","pop_tot_Sheet_8",2024,"95531.0"
"FI19","pop_tot_Sheet_8",2015,"91642.0"
"FI19","pop_tot_Sheet_8",2016,"90664.0"
"FI19","pop_tot_Sheet_8",2017,"89716.0"
"FI19","pop_tot_Sheet_8",2018,"89279.0"
"FI19","pop_tot_Sheet_8",2019,"89815.0"
"FI19","pop_tot_Sheet_8",2020,"89524.0"
"FI19","pop_tot_Sheet_8",2021,"88822.0"
"FI19","pop_tot_Sheet_8",2022,"88319.0"
"FI19","pop_tot_Sheet_8",2023,"87564.0"
"FI19","pop_tot_Sheet_8",2024,"86394.0"
"FI1B","pop_tot_Sheet_8",2015,"99439.0"
"FI1B","pop_tot_Sheet_8",2016,"100132.0"
"FI1B","pop_tot_Sheet_8",2017,"101066.0"
"FI1B","pop_tot_Sheet_8",2018,"102765.0"
"FI1B","pop_tot_Sheet_8",2019,"105742.0"
"FI1B","pop_tot_Sheet_8",2020,"108285.0"
"FI1B","pop_tot_Sheet_8",2021,"109836.0"
"FI1B","pop_tot_Sheet_8",2022,"111023.0"
"FI1B","pop_tot_Sheet_8",2023,"111888.0"
"FI1B","pop_tot_Sheet_8",2024,"112160.0"
"FI1C","pop_tot_Sheet_8",2015,"81112.0"
"FI1C","pop_tot_Sheet_8",2016,"80201.0"
"FI1C","pop_tot_Sheet_8",2017,"79330.0"
"FI1C","pop_tot_Sheet_8",2018,"78831.0"
"FI1C","pop_tot_Sheet_8",2019,"79462.0"
"FI1C","pop_tot_Sheet_8",2020,"79608.0"
"FI1C","pop_tot_Sheet_8",2021,"79524.0"
"FI1C","pop_tot_Sheet_8",2022,"79355.0"
"FI1C","pop_tot_Sheet_8",2023,"79099.0"
"FI1C","pop_tot_Sheet_8",2024,"78313.0"
"FI1D","pop_tot_Sheet_8",2015,"96773.0"
"FI1D","pop_tot_Sheet_8",2016,"95166.0"
"FI1D","pop_tot_Sheet_8",2017,"93381.0"
"FI1D","pop_tot_Sheet_8",2018,"91966.0"
"FI1D","pop_tot_Sheet_8",2019,"91244.0"
"FI1D","pop_tot_Sheet_8",2020,"89464.0"
"FI1D","pop_tot_Sheet_8",2021,"87540.0"
"FI1D","pop_tot_Sheet_8",2022,"85496.0"
"FI1D","pop_tot_Sheet_8",2023,"83275.0"
"FI1D","pop_tot_Sheet_8",2024,"80947.0"
"FI20","pop_tot_Sheet_8",2015,"1931.0"
"FI20","pop_tot_Sheet_8",2016,"1947.0"
"FI20","pop_tot_Sheet_8",2017,"1931.0"
"FI20","pop_tot_Sheet_8",2018,"1957.0"
"FI20","pop_tot_Sheet_8",2019,"1970.0"
"FI20","pop_tot_Sheet_8",2020,"1990.0"
"FI20","pop_tot_Sheet_8",2021,"2061.0"
"FI20","pop_tot_Sheet_8",2022,"2120.0"
"FI20","pop_tot_Sheet_8",2023,"2183.0"
"FI20","pop_tot_Sheet_8",2024,"2218.0"
"SE11","pop_tot_Sheet_8",2015,"121958.0"
"SE11","pop_tot_Sheet_8",2016,"124149.0"
"SE11","pop_tot_Sheet_8",2017,"126294.0"
"SE11","pop_tot_Sheet_8",2018,"129264.0"
"SE11","pop_tot_Sheet_8",2019,"133639.0"
"SE11","pop_tot_Sheet_8",2020,"140561.0"
"SE11","pop_tot_Sheet_8",2021,"146157.0"
"SE11","pop_tot_Sheet_8",2022,"151329.0"
"SE11","pop_tot_Sheet_8",2023,"154689.0"
"SE11","pop_tot_Sheet_8",2024,"155803.0"
"SE12","pop_tot_Sheet_8",2015,"95698.0"
"SE12","pop_tot_Sheet_8",2016,"95814.0"
"SE12","pop_tot_Sheet_8",2017,"96027.0"
"SE12","pop_tot_Sheet_8",2018,"97056.0"
"SE12","pop_tot_Sheet_8",2019,"98677.0"
"SE12","pop_tot_Sheet_8",2020,"102289.0"
"SE12","pop_tot_Sheet_8",2021,"105968.0"
"SE12","pop_tot_Sheet_8",2022,"109628.0"
"SE12","pop_tot_Sheet_8",2023,"112231.0"
"SE12","pop_tot_Sheet_8",2024,"113117.0"
"SE21","pop_tot_Sheet_8",2015,"50957.0"
"SE21","pop_tot_Sheet_8",2016,"50518.0"
"SE21","pop_tot_Sheet_8",2017,"50097.0"
"SE21","pop_tot_Sheet_8",2018,"50505.0"
"SE21","pop_tot_Sheet_8",2019,"51294.0"
"SE21","pop_tot_Sheet_8",2020,"52659.0"
"SE21","pop_tot_Sheet_8",2021,"54369.0"
"SE21","pop_tot_Sheet_8",2022,"56186.0"
"SE21","pop_tot_Sheet_8",2023,"57598.0"
"SE21","pop_tot_Sheet_8",2024,"57957.0"
"SE22","pop_tot_Sheet_8",2015,"82941.0"
"SE22","pop_tot_Sheet_8",2016,"83215.0"
"SE22","pop_tot_Sheet_8",2017,"84086.0"
"SE22","pop_tot_Sheet_8",2018,"85239.0"
"SE22","pop_tot_Sheet_8",2019,"87664.0"
"SE22","pop_tot_Sheet_8",2020,"90891.0"
"SE22","pop_tot_Sheet_8",2021,"94320.0"
"SE22","pop_tot_Sheet_8",2022,"97392.0"
"SE22","pop_tot_Sheet_8",2023,"100045.0"
"SE22","pop_tot_Sheet_8",2024,"100956.0"
"SE23","pop_tot_Sheet_8",2015,"116474.0"
"SE23","pop_tot_Sheet_8",2016,"116542.0"
"SE23","pop_tot_Sheet_8",2017,"116871.0"
"SE23","pop_tot_Sheet_8",2018,"117399.0"
"SE23","pop_tot_Sheet_8",2019,"120307.0"
"SE23","pop_tot_Sheet_8",2020,"124241.0"
"SE23","pop_tot_Sheet_8",2021,"128744.0"
"SE23","pop_tot_Sheet_8",2022,"132753.0"
"SE23","pop_tot_Sheet_8",2023,"136259.0"
"SE23","pop_tot_Sheet_8",2024,"136616.0"
"SE31","pop_tot_Sheet_8",2015,"54031.0"
"SE31","pop_tot_Sheet_8",2016,"53452.0"
"SE31","pop_tot_Sheet_8",2017,"52754.0"
"SE31","pop_tot_Sheet_8",2018,"52780.0"
"SE31","pop_tot_Sheet_8",2019,"53125.0"
"SE31","pop_tot_Sheet_8",2020,"54410.0"
"SE31","pop_tot_Sheet_8",2021,"55721.0"
"SE31","pop_tot_Sheet_8",2022,"57302.0"
"SE31","pop_tot_Sheet_8",2023,"58408.0"
"SE31","pop_tot_Sheet_8",2024,"58438.0"
"SE32","pop_tot_Sheet_8",2015,"24071.0"
"SE32","pop_tot_Sheet_8",2016,"23713.0"
"SE32","pop_tot_Sheet_8",2017,"23150.0"
"SE32","pop_tot_Sheet_8",2018,"22706.0"
"SE32","pop_tot_Sheet_8",2019,"22735.0"
"SE32","pop_tot_Sheet_8",2020,"23268.0"
"SE32","pop_tot_Sheet_8",2021,"24062.0"
"SE32","pop_tot_Sheet_8",2022,"24969.0"
"SE32","pop_tot_Sheet_8",2023,"25715.0"
"SE32","pop_tot_Sheet_8",2024,"25758.0"
"SE33","pop_tot_Sheet_8",2015,"33178.0"
"SE33","pop_tot_Sheet_8",2016,"32791.0"
"SE33","pop_tot_Sheet_8",2017,"32139.0"
"SE33","pop_tot_Sheet_8",2018,"31665.0"
"SE33","pop_tot_Sheet_8",2019,"31526.0"
"SE33","pop_tot_Sheet_8",2020,"31789.0"
"SE33","pop_tot_Sheet_8",2021,"32332.0"
"SE33","pop_tot_Sheet_8",2022,"33079.0"
"SE33","pop_tot_Sheet_8",2023,"33774.0"
"SE33","pop_tot_Sheet_8",2024,"33856.0"
"IS00","pop_tot_Sheet_8",2015,"20626.0"
"IS00","pop_tot_Sheet_8",2016,"21030.0"
"IS00","pop_tot_Sheet_8",2017,"21159.0"
"IS00","pop_tot_Sheet_8",2018,"21532.0"
"IS00","pop_tot_Sheet_8",2019,"21837.0"
"IS00","pop_tot_Sheet_8",2020,"21965.0"
"IS00","pop_tot_Sheet_8",2021,"21958.0"
"IS00","pop_tot_Sheet_8",2022,"22407.0"
"IS00","pop_tot_Sheet_8",2023,"22629.0"
"IS00","pop_tot_Sheet_8",2024,"21855.0"
"LI00","pop_tot_Sheet_8",2015,"2739.0"
"LI00","pop_tot_Sheet_8",2016,"2853.0"
"LI00","pop_tot_Sheet_8",2017,"2912.0"
"LI00","pop_tot_Sheet_8",2018,"2986.0"
"LI00","pop_tot_Sheet_8",2019,"3079.0"
"LI00","pop_tot_Sheet_8",2020,"3149.0"
"LI00","pop_tot_Sheet_8",2021,"3165.0"
"LI00","pop_tot_Sheet_8",2022,"3171.0"
"LI00","pop_tot_Sheet_8",2023,"3189.0"
"LI00","pop_tot_Sheet_8",2024,"3253.0"
"NO02","pop_tot_Sheet_8",2015,"25341.0"
"NO02","pop_tot_Sheet_8",2016,"25172.0"
"NO02","pop_tot_Sheet_8",2017,"25109.0"
"NO02","pop_tot_Sheet_8",2018,"25098.0"
"NO02","pop_tot_Sheet_8",2019,"25151.0"
"NO02","pop_tot_Sheet_8",2020,"25395.0"
"NO02","pop_tot_Sheet_8",2021,"25853.0"
"NO02","pop_tot_Sheet_8",2022,"26333.0"
"NO02","pop_tot_Sheet_8",2023,"26818.0"
"NO02","pop_tot_Sheet_8",2024,"27235.0"
"NO06","pop_tot_Sheet_8",2015,"27319.0"
"NO06","pop_tot_Sheet_8",2016,"27207.0"
"NO06","pop_tot_Sheet_8",2017,"27160.0"
"NO06","pop_tot_Sheet_8",2018,"27356.0"
"NO06","pop_tot_Sheet_8",2019,"27697.0"
"NO06","pop_tot_Sheet_8",2020,"28133.0"
"NO06","pop_tot_Sheet_8",2021,"29008.0"
"NO06","pop_tot_Sheet_8",2022,"29794.0"
"NO06","pop_tot_Sheet_8",2023,"30397.0"
"NO06","pop_tot_Sheet_8",2024,"31196.0"
"NO07","pop_tot_Sheet_8",2015,"30948.0"
"NO07","pop_tot_Sheet_8",2016,"30751.0"
"NO07","pop_tot_Sheet_8",2017,"30507.0"
"NO07","pop_tot_Sheet_8",2018,"30846.0"
"NO07","pop_tot_Sheet_8",2019,"31276.0"
"NO07","pop_tot_Sheet_8",2020,"31710.0"
"NO07","pop_tot_Sheet_8",2021,"32371.0"
"NO07","pop_tot_Sheet_8",2022,"32924.0"
"NO07","pop_tot_Sheet_8",2023,"33524.0"
"NO07","pop_tot_Sheet_8",2024,"34321.0"
"NO08","pop_tot_Sheet_8",2015,"106467.0"
"NO08","pop_tot_Sheet_8",2016,"108554.0"
"NO08","pop_tot_Sheet_8",2017,"109763.0"
"NO08","pop_tot_Sheet_8",2018,"111550.0"
"NO08","pop_tot_Sheet_8",2019,"113560.0"
"NO08","pop_tot_Sheet_8",2020,"116848.0"
"NO08","pop_tot_Sheet_8",2021,"119884.0"
"NO08","pop_tot_Sheet_8",2022,"123386.0"
"NO08","pop_tot_Sheet_8",2023,"126398.0"
"NO08","pop_tot_Sheet_8",2024,"129990.0"
"NO09","pop_tot_Sheet_8",2015,"45344.0"
"NO09","pop_tot_Sheet_8",2016,"45494.0"
"NO09","pop_tot_Sheet_8",2017,"45584.0"
"NO09","pop_tot_Sheet_8",2018,"45876.0"
"NO09","pop_tot_Sheet_8",2019,"46175.0"
"NO09","pop_tot_Sheet_8",2020,"47047.0"
"NO09","pop_tot_Sheet_8",2021,"48106.0"
"NO09","pop_tot_Sheet_8",2022,"49181.0"
"NO09","pop_tot_Sheet_8",2023,"50575.0"
"NO09","pop_tot_Sheet_8",2024,"51482.0"
"NO0A","pop_tot_Sheet_8",2015,"80285.0"
"NO0A","pop_tot_Sheet_8",2016,"80606.0"
"NO0A","pop_tot_Sheet_8",2017,"80908.0"
"NO0A","pop_tot_Sheet_8",2018,"81456.0"
"NO0A","pop_tot_Sheet_8",2019,"81841.0"
"NO0A","pop_tot_Sheet_8",2020,"82766.0"
"NO0A","pop_tot_Sheet_8",2021,"84104.0"
"NO0A","pop_tot_Sheet_8",2022,"85507.0"
"NO0A","pop_tot_Sheet_8",2023,"87572.0"
"NO0A","pop_tot_Sheet_8",2024,"89915.0"
"CH01","pop_tot_Sheet_8",2015,"97760.0"
"CH01","pop_tot_Sheet_8",2016,"101328.0"
"CH01","pop_tot_Sheet_8",2017,"104608.0"
"CH01","pop_tot_Sheet_8",2018,"107824.0"
"CH01","pop_tot_Sheet_8",2019,"111437.0"
"CH01","pop_tot_Sheet_8",2020,"114922.0"
"CH01","pop_tot_Sheet_8",2021,"118064.0"
"CH01","pop_tot_Sheet_8",2022,"120461.0"
"CH01","pop_tot_Sheet_8",2023,"121480.0"
"CH01","pop_tot_Sheet_8",2024,"121669.0"
"CH02","pop_tot_Sheet_8",2015,"124276.0"
"CH02","pop_tot_Sheet_8",2016,"127585.0"
"CH02","pop_tot_Sheet_8",2017,"130211.0"
"CH02","pop_tot_Sheet_8",2018,"133203.0"
"CH02","pop_tot_Sheet_8",2019,"136705.0"
"CH02","pop_tot_Sheet_8",2020,"140170.0"
"CH02","pop_tot_Sheet_8",2021,"142571.0"
"CH02","pop_tot_Sheet_8",2022,"144035.0"
"CH02","pop_tot_Sheet_8",2023,"144603.0"
"CH02","pop_tot_Sheet_8",2024,"144619.0"
"CH03","pop_tot_Sheet_8",2015,"77108.0"
"CH03","pop_tot_Sheet_8",2016,"79367.0"
"CH03","pop_tot_Sheet_8",2017,"81385.0"
"CH03","pop_tot_Sheet_8",2018,"83286.0"
"CH03","pop_tot_Sheet_8",2019,"85589.0"
"CH03","pop_tot_Sheet_8",2020,"88481.0"
"CH03","pop_tot_Sheet_8",2021,"90305.0"
"CH03","pop_tot_Sheet_8",2022,"91772.0"
"CH03","pop_tot_Sheet_8",2023,"92247.0"
"CH03","pop_tot_Sheet_8",2024,"92670.0"
"CH04","pop_tot_Sheet_8",2015,"88684.0"
"CH04","pop_tot_Sheet_8",2016,"91316.0"
"CH04","pop_tot_Sheet_8",2017,"94109.0"
"CH04","pop_tot_Sheet_8",2018,"97087.0"
"CH04","pop_tot_Sheet_8",2019,"100928.0"
"CH04","pop_tot_Sheet_8",2020,"104638.0"
"CH04","pop_tot_Sheet_8",2021,"107621.0"
"CH04","pop_tot_Sheet_8",2022,"109691.0"
"CH04","pop_tot_Sheet_8",2023,"111263.0"
"CH04","pop_tot_Sheet_8",2024,"112009.0"
"CH05","pop_tot_Sheet_8",2015,"79222.0"
"CH05","pop_tot_Sheet_8",2016,"81496.0"
"CH05","pop_tot_Sheet_8",2017,"83601.0"
"CH05","pop_tot_Sheet_8",2018,"86152.0"
"CH05","pop_tot_Sheet_8",2019,"88724.0"
"CH05","pop_tot_Sheet_8",2020,"91259.0"
"CH05","pop_tot_Sheet_8",2021,"93008.0"
"CH05","pop_tot_Sheet_8",2022,"94244.0"
"CH05","pop_tot_Sheet_8",2023,"94179.0"
"CH05","pop_tot_Sheet_8",2024,"93951.0"
"CH06","pop_tot_Sheet_8",2015,"53113.0"
"CH06","pop_tot_Sheet_8",2016,"55227.0"
"CH06","pop_tot_Sheet_8",2017,"57186.0"
"CH06","pop_tot_Sheet_8",2018,"58894.0"
"CH06","pop_tot_Sheet_8",2019,"60836.0"
"CH06","pop_tot_Sheet_8",2020,"63051.0"
"CH06","pop_tot_Sheet_8",2021,"64453.0"
"CH06","pop_tot_Sheet_8",2022,"65786.0"
"CH06","pop_tot_Sheet_8",2023,"66443.0"
"CH06","pop_tot_Sheet_8",2024,"66735.0"
"CH07","pop_tot_Sheet_8",2015,"23300.0"
"CH07","pop_tot_Sheet_8",2016,"23958.0"
"CH07","pop_tot_Sheet_8",2017,"24712.0"
"CH07","pop_tot_Sheet_8",2018,"25441.0"
"CH07","pop_tot_Sheet_8",2019,"26513.0"
"CH07","pop_tot_Sheet_8",2020,"27499.0"
"CH07","pop_tot_Sheet_8",2021,"28478.0"
"CH07","pop_tot_Sheet_8",2022,"29340.0"
"CH07","pop_tot_Sheet_8",2023,"29740.0"
"CH07","pop_tot_Sheet_8",2024,"29944.0"
"ME00","pop_tot_Sheet_8",2015,"42283.0"
"ME00","pop_tot_Sheet_8",2016,"42329.0"
"ME00","pop_tot_Sheet_8",2017,"42228.0"
"ME00","pop_tot_Sheet_8",2018,"42085.0"
"ME00","pop_tot_Sheet_8",2019,"41896.0"
"ME00","pop_tot_Sheet_8",2020,"41594.0"
"ME00","pop_tot_Sheet_8",2021,"41116.0"
"ME00","pop_tot_Sheet_8",2022,"40600.0"
"ME00","pop_tot_Sheet_8",2023,"39930.0"
"ME00","pop_tot_Sheet_8",2024,"39935.0"
"MK00","pop_tot_Sheet_8",2015,"135722.0"
"MK00","pop_tot_Sheet_8",2016,"137042.0"
"MK00","pop_tot_Sheet_8",2017,"137305.0"
"MK00","pop_tot_Sheet_8",2018,"136613.0"
"MK00","pop_tot_Sheet_8",2019,"137168.0"
"MK00","pop_tot_Sheet_8",2020,"137938.0"
"MK00","pop_tot_Sheet_8",2021,"137892.0"
"MK00","pop_tot_Sheet_8",2022,"127738.0"
"MK00","pop_tot_Sheet_8",2023,"127834.0"
"MK00","pop_tot_Sheet_8",2024,"126775.0"
"TR10","pop_tot_Sheet_8",2015,"624942.0"
"TR10","pop_tot_Sheet_8",2016,"643142.0"
"TR10","pop_tot_Sheet_8",2017,"646560.0"
"TR10","pop_tot_Sheet_8",2018,"691676.0"
"TR10","pop_tot_Sheet_8",2019,"707264.0"
"TR10","pop_tot_Sheet_8",2020,"761297.0"
"TR10","pop_tot_Sheet_8",2021,"796380.0"
"TR10","pop_tot_Sheet_8",2022,"825821.0"
"TR10","pop_tot_Sheet_8",2023,"814234.0"
"TR10","pop_tot_Sheet_8",2024,"803546.0"
"TR21","pop_tot_Sheet_8",2015,"99353.0"
"TR21","pop_tot_Sheet_8",2016,"101144.0"
"TR21","pop_tot_Sheet_8",2017,"103647.0"
"TR21","pop_tot_Sheet_8",2018,"108271.0"
"TR21","pop_tot_Sheet_8",2019,"110213.0"
"TR21","pop_tot_Sheet_8",2020,"113546.0"
"TR21","pop_tot_Sheet_8",2021,"115398.0"
"TR21","pop_tot_Sheet_8",2022,"117468.0"
"TR21","pop_tot_Sheet_8",2023,"116900.0"
"TR21","pop_tot_Sheet_8",2024,"119354.0"
"TR22","pop_tot_Sheet_8",2015,"114147.0"
"TR22","pop_tot_Sheet_8",2016,"114049.0"
"TR22","pop_tot_Sheet_8",2017,"115668.0"
"TR22","pop_tot_Sheet_8",2018,"120010.0"
"TR22","pop_tot_Sheet_8",2019,"123706.0"
"TR22","pop_tot_Sheet_8",2020,"125042.0"
"TR22","pop_tot_Sheet_8",2021,"126280.0"
"TR22","pop_tot_Sheet_8",2022,"128173.0"
"TR22","pop_tot_Sheet_8",2023,"127646.0"
"TR22","pop_tot_Sheet_8",2024,"129461.0"
"TR31","pop_tot_Sheet_8",2015,"238184.0"
"TR31","pop_tot_Sheet_8",2016,"240505.0"
"TR31","pop_tot_Sheet_8",2017,"244068.0"
"TR31","pop_tot_Sheet_8",2018,"256471.0"
"TR31","pop_tot_Sheet_8",2019,"262930.0"
"TR31","pop_tot_Sheet_8",2020,"271627.0"
"TR31","pop_tot_Sheet_8",2021,"277543.0"
"TR31","pop_tot_Sheet_8",2022,"282350.0"
"TR31","pop_tot_Sheet_8",2023,"277333.0"
"TR31","pop_tot_Sheet_8",2024,"278331.0"
"TR32","pop_tot_Sheet_8",2015,"171518.0"
"TR32","pop_tot_Sheet_8",2016,"173647.0"
"TR32","pop_tot_Sheet_8",2017,"176943.0"
"TR32","pop_tot_Sheet_8",2018,"186834.0"
"TR32","pop_tot_Sheet_8",2019,"195265.0"
"TR32","pop_tot_Sheet_8",2020,"202687.0"
"TR32","pop_tot_Sheet_8",2021,"206291.0"
"TR32","pop_tot_Sheet_8",2022,"212583.0"
"TR32","pop_tot_Sheet_8",2023,"210328.0"
"TR32","pop_tot_Sheet_8",2024,"214018.0"
"TR33","pop_tot_Sheet_8",2015,"170647.0"
"TR33","pop_tot_Sheet_8",2016,"170457.0"
"TR33","pop_tot_Sheet_8",2017,"172768.0"
"TR33","pop_tot_Sheet_8",2018,"184139.0"
"TR33","pop_tot_Sheet_8",2019,"191764.0"
"TR33","pop_tot_Sheet_8",2020,"196060.0"
"TR33","pop_tot_Sheet_8",2021,"197252.0"
"TR33","pop_tot_Sheet_8",2022,"200082.0"
"TR33","pop_tot_Sheet_8",2023,"195494.0"
"TR33","pop_tot_Sheet_8",2024,"196116.0"
"TR41","pop_tot_Sheet_8",2015,"203877.0"
"TR41","pop_tot_Sheet_8",2016,"207641.0"
"TR41","pop_tot_Sheet_8",2017,"211843.0"
"TR41","pop_tot_Sheet_8",2018,"224939.0"
"TR41","pop_tot_Sheet_8",2019,"232553.0"
"TR41","pop_tot_Sheet_8",2020,"242999.0"
"TR41","pop_tot_Sheet_8",2021,"250061.0"
"TR41","pop_tot_Sheet_8",2022,"256354.0"
"TR41","pop_tot_Sheet_8",2023,"253406.0"
"TR41","pop_tot_Sheet_8",2024,"257060.0"
"TR42","pop_tot_Sheet_8",2015,"177699.0"
"TR42","pop_tot_Sheet_8",2016,"181854.0"
"TR42","pop_tot_Sheet_8",2017,"182074.0"
"TR42","pop_tot_Sheet_8",2018,"194728.0"
"TR42","pop_tot_Sheet_8",2019,"202532.0"
"TR42","pop_tot_Sheet_8",2020,"213137.0"
"TR42","pop_tot_Sheet_8",2021,"222062.0"
"TR42","pop_tot_Sheet_8",2022,"230769.0"
"TR42","pop_tot_Sheet_8",2023,"228066.0"
"TR42","pop_tot_Sheet_8",2024,"230671.0"
"TR51","pop_tot_Sheet_8",2015,"257783.0"
"TR51","pop_tot_Sheet_8",2016,"265440.0"
"TR51","pop_tot_Sheet_8",2017,"269891.0"
"TR51","pop_tot_Sheet_8",2018,"289258.0"
"TR51","pop_tot_Sheet_8",2019,"299213.0"
"TR51","pop_tot_Sheet_8",2020,"318904.0"
"TR51","pop_tot_Sheet_8",2021,"332687.0"
"TR51","pop_tot_Sheet_8",2022,"342438.0"
"TR51","pop_tot_Sheet_8",2023,"335936.0"
"TR51","pop_tot_Sheet_8",2024,"334217.0"
"TR52","pop_tot_Sheet_8",2015,"108739.0"
"TR52","pop_tot_Sheet_8",2016,"107481.0"
"TR52","pop_tot_Sheet_8",2017,"109562.0"
"TR52","pop_tot_Sheet_8",2018,"118628.0"
"TR52","pop_tot_Sheet_8",2019,"124778.0"
"TR52","pop_tot_Sheet_8",2020,"131989.0"
"TR52","pop_tot_Sheet_8",2021,"137128.0"
"TR52","pop_tot_Sheet_8",2022,"139669.0"
"TR52","pop_tot_Sheet_8",2023,"137485.0"
"TR52","pop_tot_Sheet_8",2024,"139363.0"
"TR61","pop_tot_Sheet_8",2015,"148638.0"
"TR61","pop_tot_Sheet_8",2016,"150911.0"
"TR61","pop_tot_Sheet_8",2017,"155238.0"
"TR61","pop_tot_Sheet_8",2018,"166652.0"
"TR61","pop_tot_Sheet_8",2019,"177259.0"
"TR61","pop_tot_Sheet_8",2020,"187966.0"
"TR61","pop_tot_Sheet_8",2021,"195212.0"
"TR61","pop_tot_Sheet_8",2022,"203557.0"
"TR61","pop_tot_Sheet_8",2023,"201354.0"
"TR61","pop_tot_Sheet_8",2024,"202903.0"
"TR62","pop_tot_Sheet_8",2015,"188568.0"
"TR62","pop_tot_Sheet_8",2016,"188594.0"
"TR62","pop_tot_Sheet_8",2017,"190778.0"
"TR62","pop_tot_Sheet_8",2018,"202950.0"
"TR62","pop_tot_Sheet_8",2019,"213558.0"
"TR62","pop_tot_Sheet_8",2020,"225055.0"
"TR62","pop_tot_Sheet_8",2021,"236280.0"
"TR62","pop_tot_Sheet_8",2022,"242036.0"
"TR62","pop_tot_Sheet_8",2023,"238535.0"
"TR62","pop_tot_Sheet_8",2024,"236988.0"
"TR63","pop_tot_Sheet_8",2015,"129044.0"
"TR63","pop_tot_Sheet_8",2016,"130998.0"
"TR63","pop_tot_Sheet_8",2017,"129491.0"
"TR63","pop_tot_Sheet_8",2018,"139939.0"
"TR63","pop_tot_Sheet_8",2019,"151493.0"
"TR63","pop_tot_Sheet_8",2020,"160548.0"
"TR63","pop_tot_Sheet_8",2021,"169616.0"
"TR63","pop_tot_Sheet_8",2022,"175330.0"
"TR63","pop_tot_Sheet_8",2023,"174444.0"
"TR63","pop_tot_Sheet_8",2024,"166472.0"
"TR71","pop_tot_Sheet_8",2015,"75110.0"
"TR71","pop_tot_Sheet_8",2016,"74570.0"
"TR71","pop_tot_Sheet_8",2017,"75447.0"
"TR71","pop_tot_Sheet_8",2018,"80403.0"
"TR71","pop_tot_Sheet_8",2019,"86977.0"
"TR71","pop_tot_Sheet_8",2020,"89959.0"
"TR71","pop_tot_Sheet_8",2021,"95061.0"
"TR71","pop_tot_Sheet_8",2022,"97942.0"
"TR71","pop_tot_Sheet_8",2023,"96595.0"
"TR71","pop_tot_Sheet_8",2024,"99042.0"
"TR72","pop_tot_Sheet_8",2015,"114625.0"
"TR72","pop_tot_Sheet_8",2016,"113879.0"
"TR72","pop_tot_Sheet_8",2017,"113341.0"
"TR72","pop_tot_Sheet_8",2018,"120034.0"
"TR72","pop_tot_Sheet_8",2019,"128382.0"
"TR72","pop_tot_Sheet_8",2020,"133032.0"
"TR72","pop_tot_Sheet_8",2021,"138064.0"
"TR72","pop_tot_Sheet_8",2022,"143506.0"
"TR72","pop_tot_Sheet_8",2023,"140240.0"
"TR72","pop_tot_Sheet_8",2024,"142677.0"
"TR81","pop_tot_Sheet_8",2015,"65493.0"
"TR81","pop_tot_Sheet_8",2016,"65949.0"
"TR81","pop_tot_Sheet_8",2017,"65809.0"
"TR81","pop_tot_Sheet_8",2018,"68133.0"
"TR81","pop_tot_Sheet_8",2019,"70312.0"
"TR81","pop_tot_Sheet_8",2020,"70495.0"
"TR81","pop_tot_Sheet_8",2021,"70257.0"
"TR81","pop_tot_Sheet_8",2022,"70695.0"
"TR81","pop_tot_Sheet_8",2023,"70144.0"
"TR81","pop_tot_Sheet_8",2024,"70873.0"
"TR82","pop_tot_Sheet_8",2015,"49628.0"
"TR82","pop_tot_Sheet_8",2016,"47914.0"
"TR82","pop_tot_Sheet_8",2017,"46404.0"
"TR82","pop_tot_Sheet_8",2018,"49487.0"
"TR82","pop_tot_Sheet_8",2019,"56513.0"
"TR82","pop_tot_Sheet_8",2020,"56074.0"
"TR82","pop_tot_Sheet_8",2021,"55652.0"
"TR82","pop_tot_Sheet_8",2022,"56810.0"
"TR82","pop_tot_Sheet_8",2023,"55229.0"
"TR82","pop_tot_Sheet_8",2024,"57155.0"
"TR83","pop_tot_Sheet_8",2015,"154027.0"
"TR83","pop_tot_Sheet_8",2016,"151747.0"
"TR83","pop_tot_Sheet_8",2017,"150127.0"
"TR83","pop_tot_Sheet_8",2018,"162096.0"
"TR83","pop_tot_Sheet_8",2019,"174574.0"
"TR83","pop_tot_Sheet_8",2020,"181971.0"
"TR83","pop_tot_Sheet_8",2021,"190258.0"
"TR83","pop_tot_Sheet_8",2022,"195330.0"
"TR83","pop_tot_Sheet_8",2023,"188015.0"
"TR83","pop_tot_Sheet_8",2024,"187008.0"
"TR90","pop_tot_Sheet_8",2015,"154894.0"
"TR90","pop_tot_Sheet_8",2016,"150639.0"
"TR90","pop_tot_Sheet_8",2017,"150548.0"
"TR90","pop_tot_Sheet_8",2018,"157848.0"
"TR90","pop_tot_Sheet_8",2019,"175792.0"
"TR90","pop_tot_Sheet_8",2020,"180325.0"
"TR90","pop_tot_Sheet_8",2021,"188774.0"
"TR90","pop_tot_Sheet_8",2022,"192636.0"
"TR90","pop_tot_Sheet_8",2023,"188417.0"
"TR90","pop_tot_Sheet_8",2024,"190261.0"
"TRA1","pop_tot_Sheet_8",2015,"43731.0"
"TRA1","pop_tot_Sheet_8",2016,"41257.0"
"TRA1","pop_tot_Sheet_8",2017,"40385.0"
"TRA1","pop_tot_Sheet_8",2018,"43807.0"
"TRA1","pop_tot_Sheet_8",2019,"48139.0"
"TRA1","pop_tot_Sheet_8",2020,"51316.0"
"TRA1","pop_tot_Sheet_8",2021,"54317.0"
"TRA1","pop_tot_Sheet_8",2022,"56429.0"
"TRA1","pop_tot_Sheet_8",2023,"53462.0"
"TRA1","pop_tot_Sheet_8",2024,"54027.0"
"TRA2","pop_tot_Sheet_8",2015,"35101.0"
"TRA2","pop_tot_Sheet_8",2016,"33208.0"
"TRA2","pop_tot_Sheet_8",2017,"32883.0"
"TRA2","pop_tot_Sheet_8",2018,"36038.0"
"TRA2","pop_tot_Sheet_8",2019,"38724.0"
"TRA2","pop_tot_Sheet_8",2020,"42366.0"
"TRA2","pop_tot_Sheet_8",2021,"45914.0"
"TRA2","pop_tot_Sheet_8",2022,"46208.0"
"TRA2","pop_tot_Sheet_8",2023,"42819.0"
"TRA2","pop_tot_Sheet_8",2024,"41588.0"
"TRB1","pop_tot_Sheet_8",2015,"74204.0"
"TRB1","pop_tot_Sheet_8",2016,"72165.0"
"TRB1","pop_tot_Sheet_8",2017,"71657.0"
"TRB1","pop_tot_Sheet_8",2018,"77932.0"
"TRB1","pop_tot_Sheet_8",2019,"85477.0"
"TRB1","pop_tot_Sheet_8",2020,"90441.0"
"TRB1","pop_tot_Sheet_8",2021,"96989.0"
"TRB1","pop_tot_Sheet_8",2022,"99344.0"
"TRB1","pop_tot_Sheet_8",2023,"96479.0"
"TRB1","pop_tot_Sheet_8",2024,"94189.0"
"TRB2","pop_tot_Sheet_8",2015,"50383.0"
"TRB2","pop_tot_Sheet_8",2016,"48663.0"
"TRB2","pop_tot_Sheet_8",2017,"48510.0"
"TRB2","pop_tot_Sheet_8",2018,"53609.0"
"TRB2","pop_tot_Sheet_8",2019,"59753.0"
"TRB2","pop_tot_Sheet_8",2020,"65888.0"
"TRB2","pop_tot_Sheet_8",2021,"72626.0"
"TRB2","pop_tot_Sheet_8",2022,"74817.0"
"TRB2","pop_tot_Sheet_8",2023,"71680.0"
"TRB2","pop_tot_Sheet_8",2024,"69091.0"
"TRC1","pop_tot_Sheet_8",2015,"81200.0"
"TRC1","pop_tot_Sheet_8",2016,"81808.0"
"TRC1","pop_tot_Sheet_8",2017,"84042.0"
"TRC1","pop_tot_Sheet_8",2018,"91580.0"
"TRC1","pop_tot_Sheet_8",2019,"99377.0"
"TRC1","pop_tot_Sheet_8",2020,"106576.0"
"TRC1","pop_tot_Sheet_8",2021,"116718.0"
"TRC1","pop_tot_Sheet_8",2022,"119203.0"
"TRC1","pop_tot_Sheet_8",2023,"117800.0"
"TRC1","pop_tot_Sheet_8",2024,"115787.0"
"TRC2","pop_tot_Sheet_8",2015,"79267.0"
"TRC2","pop_tot_Sheet_8",2016,"79572.0"
"TRC2","pop_tot_Sheet_8",2017,"83716.0"
"TRC2","pop_tot_Sheet_8",2018,"92483.0"
"TRC2","pop_tot_Sheet_8",2019,"101471.0"
"TRC2","pop_tot_Sheet_8",2020,"111141.0"
"TRC2","pop_tot_Sheet_8",2021,"124073.0"
"TRC2","pop_tot_Sheet_8",2022,"127663.0"
"TRC2","pop_tot_Sheet_8",2023,"124840.0"
"TRC2","pop_tot_Sheet_8",2024,"124825.0"
"TRC3","pop_tot_Sheet_8",2015,"45761.0"
"TRC3","pop_tot_Sheet_8",2016,"43936.0"
"TRC3","pop_tot_Sheet_8",2017,"44336.0"
"TRC3","pop_tot_Sheet_8",2018,"48782.0"
"TRC3","pop_tot_Sheet_8",2019,"54322.0"
"TRC3","pop_tot_Sheet_8",2020,"59556.0"
"TRC3","pop_tot_Sheet_8",2021,"66694.0"
"TRC3","pop_tot_Sheet_8",2022,"69967.0"
"TRC3","pop_tot_Sheet_8",2023,"70260.0"
"TRC3","pop_tot_Sheet_8",2024,"71499.0"
