"region_id","indicator","year","value"
"BE10","y_nw_ned_nt_pc_18_29_y",2015,"101340.0"
"BE10","y_nw_ned_nt_pc_18_29_y",2016,"103918.0"
"BE10","y_nw_ned_nt_pc_18_29_y",2017,"102944.0"
"BE10","y_nw_ned_nt_pc_18_29_y",2018,"103405.0"
"BE10","y_nw_ned_nt_pc_18_29_y",2019,"104455.0"
"BE10","y_nw_ned_nt_pc_18_29_y",2020,"105361.0"
"BE10","y_nw_ned_nt_pc_18_29_y",2021,"105660.0"
"BE10","y_nw_ned_nt_pc_18_29_y",2022,"105670.0"
"BE10","y_nw_ned_nt_pc_18_29_y",2023,"109146.0"
"BE10","y_nw_ned_nt_pc_18_29_y",2024,"111078.0"
"BE21","y_nw_ned_nt_pc_18_29_y",2015,"114824.0"
"BE21","y_nw_ned_nt_pc_18_29_y",2016,"116878.0"
"BE21","y_nw_ned_nt_pc_18_29_y",2017,"118470.0"
"BE21","y_nw_ned_nt_pc_18_29_y",2018,"120143.0"
"BE21","y_nw_ned_nt_pc_18_29_y",2019,"120738.0"
"BE21","y_nw_ned_nt_pc_18_29_y",2020,"120657.0"
"BE21","y_nw_ned_nt_pc_18_29_y",2021,"119317.0"
"BE21","y_nw_ned_nt_pc_18_29_y",2022,"118412.0"
"BE21","y_nw_ned_nt_pc_18_29_y",2023,"118823.0"
"BE21","y_nw_ned_nt_pc_18_29_y",2024,"119609.0"
"BE22","y_nw_ned_nt_pc_18_29_y",2015,"50301.0"
"BE22","y_nw_ned_nt_pc_18_29_y",2016,"51087.0"
"BE22","y_nw_ned_nt_pc_18_29_y",2017,"51523.0"
"BE22","y_nw_ned_nt_pc_18_29_y",2018,"51958.0"
"BE22","y_nw_ned_nt_pc_18_29_y",2019,"51957.0"
"BE22","y_nw_ned_nt_pc_18_29_y",2020,"51539.0"
"BE22","y_nw_ned_nt_pc_18_29_y",2021,"50527.0"
"BE22","y_nw_ned_nt_pc_18_29_y",2022,"49562.0"
"BE22","y_nw_ned_nt_pc_18_29_y",2023,"49645.0"
"BE22","y_nw_ned_nt_pc_18_29_y",2024,"49302.0"
"BE23","y_nw_ned_nt_pc_18_29_y",2015,"91669.0"
"BE23","y_nw_ned_nt_pc_18_29_y",2016,"94136.0"
"BE23","y_nw_ned_nt_pc_18_29_y",2017,"95799.0"
"BE23","y_nw_ned_nt_pc_18_29_y",2018,"97048.0"
"BE23","y_nw_ned_nt_pc_18_29_y",2019,"98227.0"
"BE23","y_nw_ned_nt_pc_18_29_y",2020,"98506.0"
"BE23","y_nw_ned_nt_pc_18_29_y",2021,"98032.0"
"BE23","y_nw_ned_nt_pc_18_29_y",2022,"97663.0"
"BE23","y_nw_ned_nt_pc_18_29_y",2023,"98407.0"
"BE23","y_nw_ned_nt_pc_18_29_y",2024,"98488.0"
"BE24","y_nw_ned_nt_pc_18_29_y",2015,"63494.0"
"BE24","y_nw_ned_nt_pc_18_29_y",2016,"65296.0"
"BE24","y_nw_ned_nt_pc_18_29_y",2017,"66458.0"
"BE24","y_nw_ned_nt_pc_18_29_y",2018,"67294.0"
"BE24","y_nw_ned_nt_pc_18_29_y",2019,"67930.0"
"BE24","y_nw_ned_nt_pc_18_29_y",2020,"68674.0"
"BE24","y_nw_ned_nt_pc_18_29_y",2021,"68228.0"
"BE24","y_nw_ned_nt_pc_18_29_y",2022,"68143.0"
"BE24","y_nw_ned_nt_pc_18_29_y",2023,"68160.0"
"BE24","y_nw_ned_nt_pc_18_29_y",2024,"68203.0"
"BE25","y_nw_ned_nt_pc_18_29_y",2015,"66267.0"
"BE25","y_nw_ned_nt_pc_18_29_y",2016,"67561.0"
"BE25","y_nw_ned_nt_pc_18_29_y",2017,"68776.0"
"BE25","y_nw_ned_nt_pc_18_29_y",2018,"70074.0"
"BE25","y_nw_ned_nt_pc_18_29_y",2019,"70769.0"
"BE25","y_nw_ned_nt_pc_18_29_y",2020,"70810.0"
"BE25","y_nw_ned_nt_pc_18_29_y",2021,"70123.0"
"BE25","y_nw_ned_nt_pc_18_29_y",2022,"69193.0"
"BE25","y_nw_ned_nt_pc_18_29_y",2023,"69096.0"
"BE25","y_nw_ned_nt_pc_18_29_y",2024,"68483.0"
"BE31","y_nw_ned_nt_pc_18_29_y",2015,"23140.0"
"BE31","y_nw_ned_nt_pc_18_29_y",2016,"23643.0"
"BE31","y_nw_ned_nt_pc_18_29_y",2017,"23990.0"
"BE31","y_nw_ned_nt_pc_18_29_y",2018,"24156.0"
"BE31","y_nw_ned_nt_pc_18_29_y",2019,"23954.0"
"BE31","y_nw_ned_nt_pc_18_29_y",2020,"23581.0"
"BE31","y_nw_ned_nt_pc_18_29_y",2021,"23139.0"
"BE31","y_nw_ned_nt_pc_18_29_y",2022,"22779.0"
"BE31","y_nw_ned_nt_pc_18_29_y",2023,"22716.0"
"BE31","y_nw_ned_nt_pc_18_29_y",2024,"22614.0"
"BE32","y_nw_ned_nt_pc_18_29_y",2015,"83027.0"
"BE32","y_nw_ned_nt_pc_18_29_y",2016,"84326.0"
"BE32","y_nw_ned_nt_pc_18_29_y",2017,"85079.0"
"BE32","y_nw_ned_nt_pc_18_29_y",2018,"85355.0"
"BE32","y_nw_ned_nt_pc_18_29_y",2019,"84368.0"
"BE32","y_nw_ned_nt_pc_18_29_y",2020,"82780.0"
"BE32","y_nw_ned_nt_pc_18_29_y",2021,"81208.0"
"BE32","y_nw_ned_nt_pc_18_29_y",2022,"80232.0"
"BE32","y_nw_ned_nt_pc_18_29_y",2023,"79642.0"
"BE32","y_nw_ned_nt_pc_18_29_y",2024,"79520.0"
"BE33","y_nw_ned_nt_pc_18_29_y",2015,"72386.0"
"BE33","y_nw_ned_nt_pc_18_29_y",2016,"73663.0"
"BE33","y_nw_ned_nt_pc_18_29_y",2017,"74205.0"
"BE33","y_nw_ned_nt_pc_18_29_y",2018,"74035.0"
"BE33","y_nw_ned_nt_pc_18_29_y",2019,"73109.0"
"BE33","y_nw_ned_nt_pc_18_29_y",2020,"72047.0"
"BE33","y_nw_ned_nt_pc_18_29_y",2021,"70553.0"
"BE33","y_nw_ned_nt_pc_18_29_y",2022,"69597.0"
"BE33","y_nw_ned_nt_pc_18_29_y",2023,"69013.0"
"BE33","y_nw_ned_nt_pc_18_29_y",2024,"68843.0"
"BE34","y_nw_ned_nt_pc_18_29_y",2015,"18156.0"
"BE34","y_nw_ned_nt_pc_18_29_y",2016,"18937.0"
"BE34","y_nw_ned_nt_pc_18_29_y",2017,"18878.0"
"BE34","y_nw_ned_nt_pc_18_29_y",2018,"18926.0"
"BE34","y_nw_ned_nt_pc_18_29_y",2019,"19012.0"
"BE34","y_nw_ned_nt_pc_18_29_y",2020,"18841.0"
"BE34","y_nw_ned_nt_pc_18_29_y",2021,"18847.0"
"BE34","y_nw_ned_nt_pc_18_29_y",2022,"18913.0"
"BE34","y_nw_ned_nt_pc_18_29_y",2023,"18967.0"
"BE34","y_nw_ned_nt_pc_18_29_y",2024,"18902.0"
"BE35","y_nw_ned_nt_pc_18_29_y",2015,"31478.0"
"BE35","y_nw_ned_nt_pc_18_29_y",2016,"32176.0"
"BE35","y_nw_ned_nt_pc_18_29_y",2017,"32368.0"
"BE35","y_nw_ned_nt_pc_18_29_y",2018,"32545.0"
"BE35","y_nw_ned_nt_pc_18_29_y",2019,"32028.0"
"BE35","y_nw_ned_nt_pc_18_29_y",2020,"31640.0"
"BE35","y_nw_ned_nt_pc_18_29_y",2021,"30963.0"
"BE35","y_nw_ned_nt_pc_18_29_y",2022,"30750.0"
"BE35","y_nw_ned_nt_pc_18_29_y",2023,"30405.0"
"BE35","y_nw_ned_nt_pc_18_29_y",2024,"30640.0"
"BG31","y_nw_ned_nt_pc_18_29_y",2015,"39651.0"
"BG31","y_nw_ned_nt_pc_18_29_y",2016,"38928.0"
"BG31","y_nw_ned_nt_pc_18_29_y",2017,"37474.0"
"BG31","y_nw_ned_nt_pc_18_29_y",2018,"35831.0"
"BG31","y_nw_ned_nt_pc_18_29_y",2019,"34155.0"
"BG31","y_nw_ned_nt_pc_18_29_y",2020,"32069.0"
"BG31","y_nw_ned_nt_pc_18_29_y",2021,"30059.0"
"BG31","y_nw_ned_nt_pc_18_29_y",2022,"27604.0"
"BG31","y_nw_ned_nt_pc_18_29_y",2023,"26072.0"
"BG31","y_nw_ned_nt_pc_18_29_y",2024,"25068.0"
"BG32","y_nw_ned_nt_pc_18_29_y",2015,"43607.0"
"BG32","y_nw_ned_nt_pc_18_29_y",2016,"42289.0"
"BG32","y_nw_ned_nt_pc_18_29_y",2017,"40313.0"
"BG32","y_nw_ned_nt_pc_18_29_y",2018,"38118.0"
"BG32","y_nw_ned_nt_pc_18_29_y",2019,"35757.0"
"BG32","y_nw_ned_nt_pc_18_29_y",2020,"32643.0"
"BG32","y_nw_ned_nt_pc_18_29_y",2021,"30016.0"
"BG32","y_nw_ned_nt_pc_18_29_y",2022,"27720.0"
"BG32","y_nw_ned_nt_pc_18_29_y",2023,"25865.0"
"BG32","y_nw_ned_nt_pc_18_29_y",2024,"24515.0"
"BG33","y_nw_ned_nt_pc_18_29_y",2015,"57599.0"
"BG33","y_nw_ned_nt_pc_18_29_y",2016,"55701.0"
"BG33","y_nw_ned_nt_pc_18_29_y",2017,"52731.0"
"BG33","y_nw_ned_nt_pc_18_29_y",2018,"49701.0"
"BG33","y_nw_ned_nt_pc_18_29_y",2019,"46294.0"
"BG33","y_nw_ned_nt_pc_18_29_y",2020,"42336.0"
"BG33","y_nw_ned_nt_pc_18_29_y",2021,"39848.0"
"BG33","y_nw_ned_nt_pc_18_29_y",2022,"37066.0"
"BG33","y_nw_ned_nt_pc_18_29_y",2023,"35384.0"
"BG33","y_nw_ned_nt_pc_18_29_y",2024,"34284.0"
"BG34","y_nw_ned_nt_pc_18_29_y",2015,"61929.0"
"BG34","y_nw_ned_nt_pc_18_29_y",2016,"60423.0"
"BG34","y_nw_ned_nt_pc_18_29_y",2017,"57661.0"
"BG34","y_nw_ned_nt_pc_18_29_y",2018,"54259.0"
"BG34","y_nw_ned_nt_pc_18_29_y",2019,"50502.0"
"BG34","y_nw_ned_nt_pc_18_29_y",2020,"46571.0"
"BG34","y_nw_ned_nt_pc_18_29_y",2021,"43202.0"
"BG34","y_nw_ned_nt_pc_18_29_y",2022,"39665.0"
"BG34","y_nw_ned_nt_pc_18_29_y",2023,"37645.0"
"BG34","y_nw_ned_nt_pc_18_29_y",2024,"36315.0"
"BG41","y_nw_ned_nt_pc_18_29_y",2015,"155124.0"
"BG41","y_nw_ned_nt_pc_18_29_y",2016,"153503.0"
"BG41","y_nw_ned_nt_pc_18_29_y",2017,"147345.0"
"BG41","y_nw_ned_nt_pc_18_29_y",2018,"139753.0"
"BG41","y_nw_ned_nt_pc_18_29_y",2019,"130677.0"
"BG41","y_nw_ned_nt_pc_18_29_y",2020,"121360.0"
"BG41","y_nw_ned_nt_pc_18_29_y",2021,"112534.0"
"BG41","y_nw_ned_nt_pc_18_29_y",2022,"104800.0"
"BG41","y_nw_ned_nt_pc_18_29_y",2023,"99600.0"
"BG41","y_nw_ned_nt_pc_18_29_y",2024,"96468.0"
"BG42","y_nw_ned_nt_pc_18_29_y",2015,"87658.0"
"BG42","y_nw_ned_nt_pc_18_29_y",2016,"85049.0"
"BG42","y_nw_ned_nt_pc_18_29_y",2017,"80931.0"
"BG42","y_nw_ned_nt_pc_18_29_y",2018,"76053.0"
"BG42","y_nw_ned_nt_pc_18_29_y",2019,"71143.0"
"BG42","y_nw_ned_nt_pc_18_29_y",2020,"65556.0"
"BG42","y_nw_ned_nt_pc_18_29_y",2021,"62077.0"
"BG42","y_nw_ned_nt_pc_18_29_y",2022,"58164.0"
"BG42","y_nw_ned_nt_pc_18_29_y",2023,"55747.0"
"BG42","y_nw_ned_nt_pc_18_29_y",2024,"53988.0"
"CZ01","y_nw_ned_nt_pc_18_29_y",2015,"89167.0"
"CZ01","y_nw_ned_nt_pc_18_29_y",2016,"87856.0"
"CZ01","y_nw_ned_nt_pc_18_29_y",2017,"87431.0"
"CZ01","y_nw_ned_nt_pc_18_29_y",2018,"86178.0"
"CZ01","y_nw_ned_nt_pc_18_29_y",2019,"84768.0"
"CZ01","y_nw_ned_nt_pc_18_29_y",2020,"82699.0"
"CZ01","y_nw_ned_nt_pc_18_29_y",2021,"74814.0"
"CZ01","y_nw_ned_nt_pc_18_29_y",2022,"73996.0"
"CZ01","y_nw_ned_nt_pc_18_29_y",2023,"79198.0"
"CZ01","y_nw_ned_nt_pc_18_29_y",2024,"78417.0"
"CZ02","y_nw_ned_nt_pc_18_29_y",2015,"81258.0"
"CZ02","y_nw_ned_nt_pc_18_29_y",2016,"80627.0"
"CZ02","y_nw_ned_nt_pc_18_29_y",2017,"80336.0"
"CZ02","y_nw_ned_nt_pc_18_29_y",2018,"80130.0"
"CZ02","y_nw_ned_nt_pc_18_29_y",2019,"80207.0"
"CZ02","y_nw_ned_nt_pc_18_29_y",2020,"78697.0"
"CZ02","y_nw_ned_nt_pc_18_29_y",2021,"73573.0"
"CZ02","y_nw_ned_nt_pc_18_29_y",2022,"70252.0"
"CZ02","y_nw_ned_nt_pc_18_29_y",2023,"70234.0"
"CZ02","y_nw_ned_nt_pc_18_29_y",2024,"67133.0"
"CZ03","y_nw_ned_nt_pc_18_29_y",2015,"78960.0"
"CZ03","y_nw_ned_nt_pc_18_29_y",2016,"78558.0"
"CZ03","y_nw_ned_nt_pc_18_29_y",2017,"77997.0"
"CZ03","y_nw_ned_nt_pc_18_29_y",2018,"76920.0"
"CZ03","y_nw_ned_nt_pc_18_29_y",2019,"76321.0"
"CZ03","y_nw_ned_nt_pc_18_29_y",2020,"75028.0"
"CZ03","y_nw_ned_nt_pc_18_29_y",2021,"69515.0"
"CZ03","y_nw_ned_nt_pc_18_29_y",2022,"65890.0"
"CZ03","y_nw_ned_nt_pc_18_29_y",2023,"66275.0"
"CZ03","y_nw_ned_nt_pc_18_29_y",2024,"63415.0"
"CZ04","y_nw_ned_nt_pc_18_29_y",2015,"74025.0"
"CZ04","y_nw_ned_nt_pc_18_29_y",2016,"72791.0"
"CZ04","y_nw_ned_nt_pc_18_29_y",2017,"71764.0"
"CZ04","y_nw_ned_nt_pc_18_29_y",2018,"70357.0"
"CZ04","y_nw_ned_nt_pc_18_29_y",2019,"69398.0"
"CZ04","y_nw_ned_nt_pc_18_29_y",2020,"67664.0"
"CZ04","y_nw_ned_nt_pc_18_29_y",2021,"62760.0"
"CZ04","y_nw_ned_nt_pc_18_29_y",2022,"59310.0"
"CZ04","y_nw_ned_nt_pc_18_29_y",2023,"58415.0"
"CZ04","y_nw_ned_nt_pc_18_29_y",2024,"55572.0"
"CZ05","y_nw_ned_nt_pc_18_29_y",2015,"97846.0"
"CZ05","y_nw_ned_nt_pc_18_29_y",2016,"96809.0"
"CZ05","y_nw_ned_nt_pc_18_29_y",2017,"96465.0"
"CZ05","y_nw_ned_nt_pc_18_29_y",2018,"95747.0"
"CZ05","y_nw_ned_nt_pc_18_29_y",2019,"94806.0"
"CZ05","y_nw_ned_nt_pc_18_29_y",2020,"92463.0"
"CZ05","y_nw_ned_nt_pc_18_29_y",2021,"85907.0"
"CZ05","y_nw_ned_nt_pc_18_29_y",2022,"81460.0"
"CZ05","y_nw_ned_nt_pc_18_29_y",2023,"80229.0"
"CZ05","y_nw_ned_nt_pc_18_29_y",2024,"76422.0"
"CZ06","y_nw_ned_nt_pc_18_29_y",2015,"112182.0"
"CZ06","y_nw_ned_nt_pc_18_29_y",2016,"110667.0"
"CZ06","y_nw_ned_nt_pc_18_29_y",2017,"109930.0"
"CZ06","y_nw_ned_nt_pc_18_29_y",2018,"109241.0"
"CZ06","y_nw_ned_nt_pc_18_29_y",2019,"108256.0"
"CZ06","y_nw_ned_nt_pc_18_29_y",2020,"105558.0"
"CZ06","y_nw_ned_nt_pc_18_29_y",2021,"98538.0"
"CZ06","y_nw_ned_nt_pc_18_29_y",2022,"93292.0"
"CZ06","y_nw_ned_nt_pc_18_29_y",2023,"92141.0"
"CZ06","y_nw_ned_nt_pc_18_29_y",2024,"87648.0"
"CZ07","y_nw_ned_nt_pc_18_29_y",2015,"80403.0"
"CZ07","y_nw_ned_nt_pc_18_29_y",2016,"79918.0"
"CZ07","y_nw_ned_nt_pc_18_29_y",2017,"79509.0"
"CZ07","y_nw_ned_nt_pc_18_29_y",2018,"78304.0"
"CZ07","y_nw_ned_nt_pc_18_29_y",2019,"76788.0"
"CZ07","y_nw_ned_nt_pc_18_29_y",2020,"74292.0"
"CZ07","y_nw_ned_nt_pc_18_29_y",2021,"68295.0"
"CZ07","y_nw_ned_nt_pc_18_29_y",2022,"63833.0"
"CZ07","y_nw_ned_nt_pc_18_29_y",2023,"61640.0"
"CZ07","y_nw_ned_nt_pc_18_29_y",2024,"58721.0"
"CZ08","y_nw_ned_nt_pc_18_29_y",2015,"83098.0"
"CZ08","y_nw_ned_nt_pc_18_29_y",2016,"82878.0"
"CZ08","y_nw_ned_nt_pc_18_29_y",2017,"82161.0"
"CZ08","y_nw_ned_nt_pc_18_29_y",2018,"80687.0"
"CZ08","y_nw_ned_nt_pc_18_29_y",2019,"78433.0"
"CZ08","y_nw_ned_nt_pc_18_29_y",2020,"75491.0"
"CZ08","y_nw_ned_nt_pc_18_29_y",2021,"69009.0"
"CZ08","y_nw_ned_nt_pc_18_29_y",2022,"64560.0"
"CZ08","y_nw_ned_nt_pc_18_29_y",2023,"62193.0"
"CZ08","y_nw_ned_nt_pc_18_29_y",2024,"58958.0"
"DK01","y_nw_ned_nt_pc_18_29_y",2015,"137128.0"
"DK01","y_nw_ned_nt_pc_18_29_y",2016,"142677.0"
"DK01","y_nw_ned_nt_pc_18_29_y",2017,"147008.0"
"DK01","y_nw_ned_nt_pc_18_29_y",2018,"150976.0"
"DK01","y_nw_ned_nt_pc_18_29_y",2019,"153367.0"
"DK01","y_nw_ned_nt_pc_18_29_y",2020,"155462.0"
"DK01","y_nw_ned_nt_pc_18_29_y",2021,"155254.0"
"DK01","y_nw_ned_nt_pc_18_29_y",2022,"156230.0"
"DK01","y_nw_ned_nt_pc_18_29_y",2023,"158678.0"
"DK01","y_nw_ned_nt_pc_18_29_y",2024,"160745.0"
"DK02","y_nw_ned_nt_pc_18_29_y",2015,"34717.0"
"DK02","y_nw_ned_nt_pc_18_29_y",2016,"36850.0"
"DK02","y_nw_ned_nt_pc_18_29_y",2017,"38287.0"
"DK02","y_nw_ned_nt_pc_18_29_y",2018,"39681.0"
"DK02","y_nw_ned_nt_pc_18_29_y",2019,"40548.0"
"DK02","y_nw_ned_nt_pc_18_29_y",2020,"41138.0"
"DK02","y_nw_ned_nt_pc_18_29_y",2021,"41711.0"
"DK02","y_nw_ned_nt_pc_18_29_y",2022,"41958.0"
"DK02","y_nw_ned_nt_pc_18_29_y",2023,"41693.0"
"DK02","y_nw_ned_nt_pc_18_29_y",2024,"41258.0"
"DK03","y_nw_ned_nt_pc_18_29_y",2015,"62661.0"
"DK03","y_nw_ned_nt_pc_18_29_y",2016,"65632.0"
"DK03","y_nw_ned_nt_pc_18_29_y",2017,"67904.0"
"DK03","y_nw_ned_nt_pc_18_29_y",2018,"70416.0"
"DK03","y_nw_ned_nt_pc_18_29_y",2019,"72219.0"
"DK03","y_nw_ned_nt_pc_18_29_y",2020,"73026.0"
"DK03","y_nw_ned_nt_pc_18_29_y",2021,"73292.0"
"DK03","y_nw_ned_nt_pc_18_29_y",2022,"73750.0"
"DK03","y_nw_ned_nt_pc_18_29_y",2023,"73700.0"
"DK03","y_nw_ned_nt_pc_18_29_y",2024,"72623.0"
"DK04","y_nw_ned_nt_pc_18_29_y",2015,"79046.0"
"DK04","y_nw_ned_nt_pc_18_29_y",2016,"82419.0"
"DK04","y_nw_ned_nt_pc_18_29_y",2017,"85336.0"
"DK04","y_nw_ned_nt_pc_18_29_y",2018,"88640.0"
"DK04","y_nw_ned_nt_pc_18_29_y",2019,"90698.0"
"DK04","y_nw_ned_nt_pc_18_29_y",2020,"92421.0"
"DK04","y_nw_ned_nt_pc_18_29_y",2021,"93495.0"
"DK04","y_nw_ned_nt_pc_18_29_y",2022,"94854.0"
"DK04","y_nw_ned_nt_pc_18_29_y",2023,"96283.0"
"DK04","y_nw_ned_nt_pc_18_29_y",2024,"96604.0"
"DK05","y_nw_ned_nt_pc_18_29_y",2015,"32806.0"
"DK05","y_nw_ned_nt_pc_18_29_y",2016,"34405.0"
"DK05","y_nw_ned_nt_pc_18_29_y",2017,"35582.0"
"DK05","y_nw_ned_nt_pc_18_29_y",2018,"37064.0"
"DK05","y_nw_ned_nt_pc_18_29_y",2019,"38057.0"
"DK05","y_nw_ned_nt_pc_18_29_y",2020,"38763.0"
"DK05","y_nw_ned_nt_pc_18_29_y",2021,"39084.0"
"DK05","y_nw_ned_nt_pc_18_29_y",2022,"39283.0"
"DK05","y_nw_ned_nt_pc_18_29_y",2023,"39199.0"
"DK05","y_nw_ned_nt_pc_18_29_y",2024,"38485.0"
"DE11","y_nw_ned_nt_pc_18_29_y",2015,"260851.0"
"DE11","y_nw_ned_nt_pc_18_29_y",2016,"275300.0"
"DE11","y_nw_ned_nt_pc_18_29_y",2017,"278936.0"
"DE11","y_nw_ned_nt_pc_18_29_y",2018,"281123.0"
"DE11","y_nw_ned_nt_pc_18_29_y",2019,"279212.0"
"DE11","y_nw_ned_nt_pc_18_29_y",2020,"276298.0"
"DE11","y_nw_ned_nt_pc_18_29_y",2021,"267729.0"
"DE11","y_nw_ned_nt_pc_18_29_y",2022,"263097.0"
"DE11","y_nw_ned_nt_pc_18_29_y",2023,"259167.0"
"DE11","y_nw_ned_nt_pc_18_29_y",2024,"261484.0"
"DE12","y_nw_ned_nt_pc_18_29_y",2015,"181436.0"
"DE12","y_nw_ned_nt_pc_18_29_y",2016,"190164.0"
"DE12","y_nw_ned_nt_pc_18_29_y",2017,"192714.0"
"DE12","y_nw_ned_nt_pc_18_29_y",2018,"193963.0"
"DE12","y_nw_ned_nt_pc_18_29_y",2019,"192542.0"
"DE12","y_nw_ned_nt_pc_18_29_y",2020,"189641.0"
"DE12","y_nw_ned_nt_pc_18_29_y",2021,"184725.0"
"DE12","y_nw_ned_nt_pc_18_29_y",2022,"183248.0"
"DE12","y_nw_ned_nt_pc_18_29_y",2023,"182516.0"
"DE12","y_nw_ned_nt_pc_18_29_y",2024,"183953.0"
"DE13","y_nw_ned_nt_pc_18_29_y",2015,"138796.0"
"DE13","y_nw_ned_nt_pc_18_29_y",2016,"145632.0"
"DE13","y_nw_ned_nt_pc_18_29_y",2017,"146885.0"
"DE13","y_nw_ned_nt_pc_18_29_y",2018,"147575.0"
"DE13","y_nw_ned_nt_pc_18_29_y",2019,"146428.0"
"DE13","y_nw_ned_nt_pc_18_29_y",2020,"144396.0"
"DE13","y_nw_ned_nt_pc_18_29_y",2021,"141972.0"
"DE13","y_nw_ned_nt_pc_18_29_y",2022,"141764.0"
"DE13","y_nw_ned_nt_pc_18_29_y",2023,"141321.0"
"DE13","y_nw_ned_nt_pc_18_29_y",2024,"143095.0"
"DE14","y_nw_ned_nt_pc_18_29_y",2015,"114304.0"
"DE14","y_nw_ned_nt_pc_18_29_y",2016,"121113.0"
"DE14","y_nw_ned_nt_pc_18_29_y",2017,"122317.0"
"DE14","y_nw_ned_nt_pc_18_29_y",2018,"123179.0"
"DE14","y_nw_ned_nt_pc_18_29_y",2019,"122421.0"
"DE14","y_nw_ned_nt_pc_18_29_y",2020,"120882.0"
"DE14","y_nw_ned_nt_pc_18_29_y",2021,"118420.0"
"DE14","y_nw_ned_nt_pc_18_29_y",2022,"118178.0"
"DE14","y_nw_ned_nt_pc_18_29_y",2023,"116666.0"
"DE14","y_nw_ned_nt_pc_18_29_y",2024,"118004.0"
"DE21","y_nw_ned_nt_pc_18_29_y",2015,"313036.0"
"DE21","y_nw_ned_nt_pc_18_29_y",2016,"325800.0"
"DE21","y_nw_ned_nt_pc_18_29_y",2017,"329874.0"
"DE21","y_nw_ned_nt_pc_18_29_y",2018,"327821.0"
"DE21","y_nw_ned_nt_pc_18_29_y",2019,"328862.0"
"DE21","y_nw_ned_nt_pc_18_29_y",2020,"326668.0"
"DE21","y_nw_ned_nt_pc_18_29_y",2021,"320243.0"
"DE21","y_nw_ned_nt_pc_18_29_y",2022,"318934.0"
"DE21","y_nw_ned_nt_pc_18_29_y",2023,"311155.0"
"DE21","y_nw_ned_nt_pc_18_29_y",2024,"316204.0"
"DE22","y_nw_ned_nt_pc_18_29_y",2015,"71672.0"
"DE22","y_nw_ned_nt_pc_18_29_y",2016,"75457.0"
"DE22","y_nw_ned_nt_pc_18_29_y",2017,"76823.0"
"DE22","y_nw_ned_nt_pc_18_29_y",2018,"78324.0"
"DE22","y_nw_ned_nt_pc_18_29_y",2019,"78609.0"
"DE22","y_nw_ned_nt_pc_18_29_y",2020,"77585.0"
"DE22","y_nw_ned_nt_pc_18_29_y",2021,"75746.0"
"DE22","y_nw_ned_nt_pc_18_29_y",2022,"75478.0"
"DE22","y_nw_ned_nt_pc_18_29_y",2023,"72321.0"
"DE22","y_nw_ned_nt_pc_18_29_y",2024,"72452.0"
"DE23","y_nw_ned_nt_pc_18_29_y",2015,"68916.0"
"DE23","y_nw_ned_nt_pc_18_29_y",2016,"72023.0"
"DE23","y_nw_ned_nt_pc_18_29_y",2017,"73070.0"
"DE23","y_nw_ned_nt_pc_18_29_y",2018,"73748.0"
"DE23","y_nw_ned_nt_pc_18_29_y",2019,"73546.0"
"DE23","y_nw_ned_nt_pc_18_29_y",2020,"72444.0"
"DE23","y_nw_ned_nt_pc_18_29_y",2021,"70013.0"
"DE23","y_nw_ned_nt_pc_18_29_y",2022,"69567.0"
"DE23","y_nw_ned_nt_pc_18_29_y",2023,"67688.0"
"DE23","y_nw_ned_nt_pc_18_29_y",2024,"68567.0"
"DE24","y_nw_ned_nt_pc_18_29_y",2015,"61818.0"
"DE24","y_nw_ned_nt_pc_18_29_y",2016,"64052.0"
"DE24","y_nw_ned_nt_pc_18_29_y",2017,"64897.0"
"DE24","y_nw_ned_nt_pc_18_29_y",2018,"65496.0"
"DE24","y_nw_ned_nt_pc_18_29_y",2019,"65000.0"
"DE24","y_nw_ned_nt_pc_18_29_y",2020,"63791.0"
"DE24","y_nw_ned_nt_pc_18_29_y",2021,"61655.0"
"DE24","y_nw_ned_nt_pc_18_29_y",2022,"60896.0"
"DE24","y_nw_ned_nt_pc_18_29_y",2023,"58462.0"
"DE24","y_nw_ned_nt_pc_18_29_y",2024,"59224.0"
"DE25","y_nw_ned_nt_pc_18_29_y",2015,"111170.0"
"DE25","y_nw_ned_nt_pc_18_29_y",2016,"116847.0"
"DE25","y_nw_ned_nt_pc_18_29_y",2017,"118437.0"
"DE25","y_nw_ned_nt_pc_18_29_y",2018,"118828.0"
"DE25","y_nw_ned_nt_pc_18_29_y",2019,"118095.0"
"DE25","y_nw_ned_nt_pc_18_29_y",2020,"116323.0"
"DE25","y_nw_ned_nt_pc_18_29_y",2021,"113012.0"
"DE25","y_nw_ned_nt_pc_18_29_y",2022,"112043.0"
"DE25","y_nw_ned_nt_pc_18_29_y",2023,"109496.0"
"DE25","y_nw_ned_nt_pc_18_29_y",2024,"111229.0"
"DE26","y_nw_ned_nt_pc_18_29_y",2015,"80217.0"
"DE26","y_nw_ned_nt_pc_18_29_y",2016,"82903.0"
"DE26","y_nw_ned_nt_pc_18_29_y",2017,"83001.0"
"DE26","y_nw_ned_nt_pc_18_29_y",2018,"83051.0"
"DE26","y_nw_ned_nt_pc_18_29_y",2019,"82437.0"
"DE26","y_nw_ned_nt_pc_18_29_y",2020,"81156.0"
"DE26","y_nw_ned_nt_pc_18_29_y",2021,"78753.0"
"DE26","y_nw_ned_nt_pc_18_29_y",2022,"78265.0"
"DE26","y_nw_ned_nt_pc_18_29_y",2023,"75129.0"
"DE26","y_nw_ned_nt_pc_18_29_y",2024,"75352.0"
"DE27","y_nw_ned_nt_pc_18_29_y",2015,"113300.0"
"DE27","y_nw_ned_nt_pc_18_29_y",2016,"118904.0"
"DE27","y_nw_ned_nt_pc_18_29_y",2017,"120059.0"
"DE27","y_nw_ned_nt_pc_18_29_y",2018,"121507.0"
"DE27","y_nw_ned_nt_pc_18_29_y",2019,"121491.0"
"DE27","y_nw_ned_nt_pc_18_29_y",2020,"120119.0"
"DE27","y_nw_ned_nt_pc_18_29_y",2021,"117801.0"
"DE27","y_nw_ned_nt_pc_18_29_y",2022,"117439.0"
"DE27","y_nw_ned_nt_pc_18_29_y",2023,"113437.0"
"DE27","y_nw_ned_nt_pc_18_29_y",2024,"114948.0"
"DE30","y_nw_ned_nt_pc_18_29_y",2015,"298261.0"
"DE30","y_nw_ned_nt_pc_18_29_y",2016,"304968.0"
"DE30","y_nw_ned_nt_pc_18_29_y",2017,"303222.0"
"DE30","y_nw_ned_nt_pc_18_29_y",2018,"297064.0"
"DE30","y_nw_ned_nt_pc_18_29_y",2019,"288455.0"
"DE30","y_nw_ned_nt_pc_18_29_y",2020,"280135.0"
"DE30","y_nw_ned_nt_pc_18_29_y",2021,"267099.0"
"DE30","y_nw_ned_nt_pc_18_29_y",2022,"268803.0"
"DE30","y_nw_ned_nt_pc_18_29_y",2023,"261703.0"
"DE30","y_nw_ned_nt_pc_18_29_y",2024,"268713.0"
"DE40","y_nw_ned_nt_pc_18_29_y",2015,"137019.0"
"DE40","y_nw_ned_nt_pc_18_29_y",2016,"138253.0"
"DE40","y_nw_ned_nt_pc_18_29_y",2017,"128313.0"
"DE40","y_nw_ned_nt_pc_18_29_y",2018,"116244.0"
"DE40","y_nw_ned_nt_pc_18_29_y",2019,"103438.0"
"DE40","y_nw_ned_nt_pc_18_29_y",2020,"92191.0"
"DE40","y_nw_ned_nt_pc_18_29_y",2021,"82958.0"
"DE40","y_nw_ned_nt_pc_18_29_y",2022,"83177.0"
"DE40","y_nw_ned_nt_pc_18_29_y",2023,"85426.0"
"DE40","y_nw_ned_nt_pc_18_29_y",2024,"91737.0"
"DE50","y_nw_ned_nt_pc_18_29_y",2015,"48949.0"
"DE50","y_nw_ned_nt_pc_18_29_y",2016,"50457.0"
"DE50","y_nw_ned_nt_pc_18_29_y",2017,"51358.0"
"DE50","y_nw_ned_nt_pc_18_29_y",2018,"50840.0"
"DE50","y_nw_ned_nt_pc_18_29_y",2019,"50103.0"
"DE50","y_nw_ned_nt_pc_18_29_y",2020,"49087.0"
"DE50","y_nw_ned_nt_pc_18_29_y",2021,"48018.0"
"DE50","y_nw_ned_nt_pc_18_29_y",2022,"47624.0"
"DE50","y_nw_ned_nt_pc_18_29_y",2023,"50203.0"
"DE50","y_nw_ned_nt_pc_18_29_y",2024,"51972.0"
"DE60","y_nw_ned_nt_pc_18_29_y",2015,"142242.0"
"DE60","y_nw_ned_nt_pc_18_29_y",2016,"146736.0"
"DE60","y_nw_ned_nt_pc_18_29_y",2017,"148780.0"
"DE60","y_nw_ned_nt_pc_18_29_y",2018,"149349.0"
"DE60","y_nw_ned_nt_pc_18_29_y",2019,"148012.0"
"DE60","y_nw_ned_nt_pc_18_29_y",2020,"146039.0"
"DE60","y_nw_ned_nt_pc_18_29_y",2021,"143196.0"
"DE60","y_nw_ned_nt_pc_18_29_y",2022,"143011.0"
"DE60","y_nw_ned_nt_pc_18_29_y",2023,"139773.0"
"DE60","y_nw_ned_nt_pc_18_29_y",2024,"144238.0"
"DE71","y_nw_ned_nt_pc_18_29_y",2015,"247370.0"
"DE71","y_nw_ned_nt_pc_18_29_y",2016,"258707.0"
"DE71","y_nw_ned_nt_pc_18_29_y",2017,"260834.0"
"DE71","y_nw_ned_nt_pc_18_29_y",2018,"261237.0"
"DE71","y_nw_ned_nt_pc_18_29_y",2019,"258794.0"
"DE71","y_nw_ned_nt_pc_18_29_y",2020,"256859.0"
"DE71","y_nw_ned_nt_pc_18_29_y",2021,"251532.0"
"DE71","y_nw_ned_nt_pc_18_29_y",2022,"248970.0"
"DE71","y_nw_ned_nt_pc_18_29_y",2023,"246133.0"
"DE71","y_nw_ned_nt_pc_18_29_y",2024,"249575.0"
"DE72","y_nw_ned_nt_pc_18_29_y",2015,"67681.0"
"DE72","y_nw_ned_nt_pc_18_29_y",2016,"70500.0"
"DE72","y_nw_ned_nt_pc_18_29_y",2017,"70990.0"
"DE72","y_nw_ned_nt_pc_18_29_y",2018,"71106.0"
"DE72","y_nw_ned_nt_pc_18_29_y",2019,"70581.0"
"DE72","y_nw_ned_nt_pc_18_29_y",2020,"69614.0"
"DE72","y_nw_ned_nt_pc_18_29_y",2021,"68463.0"
"DE72","y_nw_ned_nt_pc_18_29_y",2022,"68683.0"
"DE72","y_nw_ned_nt_pc_18_29_y",2023,"66480.0"
"DE72","y_nw_ned_nt_pc_18_29_y",2024,"67426.0"
"DE73","y_nw_ned_nt_pc_18_29_y",2015,"70150.0"
"DE73","y_nw_ned_nt_pc_18_29_y",2016,"74206.0"
"DE73","y_nw_ned_nt_pc_18_29_y",2017,"74927.0"
"DE73","y_nw_ned_nt_pc_18_29_y",2018,"74497.0"
"DE73","y_nw_ned_nt_pc_18_29_y",2019,"73984.0"
"DE73","y_nw_ned_nt_pc_18_29_y",2020,"73266.0"
"DE73","y_nw_ned_nt_pc_18_29_y",2021,"71733.0"
"DE73","y_nw_ned_nt_pc_18_29_y",2022,"71334.0"
"DE73","y_nw_ned_nt_pc_18_29_y",2023,"68614.0"
"DE73","y_nw_ned_nt_pc_18_29_y",2024,"69027.0"
"DE80","y_nw_ned_nt_pc_18_29_y",2015,"103385.0"
"DE80","y_nw_ned_nt_pc_18_29_y",2016,"104647.0"
"DE80","y_nw_ned_nt_pc_18_29_y",2017,"96404.0"
"DE80","y_nw_ned_nt_pc_18_29_y",2018,"86692.0"
"DE80","y_nw_ned_nt_pc_18_29_y",2019,"76233.0"
"DE80","y_nw_ned_nt_pc_18_29_y",2020,"66259.0"
"DE80","y_nw_ned_nt_pc_18_29_y",2021,"58680.0"
"DE80","y_nw_ned_nt_pc_18_29_y",2022,"58259.0"
"DE80","y_nw_ned_nt_pc_18_29_y",2023,"55926.0"
"DE80","y_nw_ned_nt_pc_18_29_y",2024,"59371.0"
"DE91","y_nw_ned_nt_pc_18_29_y",2015,"97363.0"
"DE91","y_nw_ned_nt_pc_18_29_y",2016,"102774.0"
"DE91","y_nw_ned_nt_pc_18_29_y",2017,"101731.0"
"DE91","y_nw_ned_nt_pc_18_29_y",2018,"101120.0"
"DE91","y_nw_ned_nt_pc_18_29_y",2019,"100047.0"
"DE91","y_nw_ned_nt_pc_18_29_y",2020,"98833.0"
"DE91","y_nw_ned_nt_pc_18_29_y",2021,"95986.0"
"DE91","y_nw_ned_nt_pc_18_29_y",2022,"95299.0"
"DE91","y_nw_ned_nt_pc_18_29_y",2023,"94172.0"
"DE91","y_nw_ned_nt_pc_18_29_y",2024,"95533.0"
"DE92","y_nw_ned_nt_pc_18_29_y",2015,"123319.0"
"DE92","y_nw_ned_nt_pc_18_29_y",2016,"129644.0"
"DE92","y_nw_ned_nt_pc_18_29_y",2017,"130986.0"
"DE92","y_nw_ned_nt_pc_18_29_y",2018,"131417.0"
"DE92","y_nw_ned_nt_pc_18_29_y",2019,"131621.0"
"DE92","y_nw_ned_nt_pc_18_29_y",2020,"130638.0"
"DE92","y_nw_ned_nt_pc_18_29_y",2021,"129310.0"
"DE92","y_nw_ned_nt_pc_18_29_y",2022,"129786.0"
"DE92","y_nw_ned_nt_pc_18_29_y",2023,"126057.0"
"DE92","y_nw_ned_nt_pc_18_29_y",2024,"128175.0"
"DE93","y_nw_ned_nt_pc_18_29_y",2015,"85312.0"
"DE93","y_nw_ned_nt_pc_18_29_y",2016,"90475.0"
"DE93","y_nw_ned_nt_pc_18_29_y",2017,"90567.0"
"DE93","y_nw_ned_nt_pc_18_29_y",2018,"89911.0"
"DE93","y_nw_ned_nt_pc_18_29_y",2019,"89019.0"
"DE93","y_nw_ned_nt_pc_18_29_y",2020,"88462.0"
"DE93","y_nw_ned_nt_pc_18_29_y",2021,"87222.0"
"DE93","y_nw_ned_nt_pc_18_29_y",2022,"88174.0"
"DE93","y_nw_ned_nt_pc_18_29_y",2023,"85882.0"
"DE93","y_nw_ned_nt_pc_18_29_y",2024,"86971.0"
"DE94","y_nw_ned_nt_pc_18_29_y",2015,"148365.0"
"DE94","y_nw_ned_nt_pc_18_29_y",2016,"157437.0"
"DE94","y_nw_ned_nt_pc_18_29_y",2017,"158534.0"
"DE94","y_nw_ned_nt_pc_18_29_y",2018,"158794.0"
"DE94","y_nw_ned_nt_pc_18_29_y",2019,"158624.0"
"DE94","y_nw_ned_nt_pc_18_29_y",2020,"157720.0"
"DE94","y_nw_ned_nt_pc_18_29_y",2021,"155981.0"
"DE94","y_nw_ned_nt_pc_18_29_y",2022,"156504.0"
"DE94","y_nw_ned_nt_pc_18_29_y",2023,"153588.0"
"DE94","y_nw_ned_nt_pc_18_29_y",2024,"154589.0"
"DEA1","y_nw_ned_nt_pc_18_29_y",2015,"310376.0"
"DEA1","y_nw_ned_nt_pc_18_29_y",2016,"328178.0"
"DEA1","y_nw_ned_nt_pc_18_29_y",2017,"332112.0"
"DEA1","y_nw_ned_nt_pc_18_29_y",2018,"332762.0"
"DEA1","y_nw_ned_nt_pc_18_29_y",2019,"330260.0"
"DEA1","y_nw_ned_nt_pc_18_29_y",2020,"327461.0"
"DEA1","y_nw_ned_nt_pc_18_29_y",2021,"319748.0"
"DEA1","y_nw_ned_nt_pc_18_29_y",2022,"317476.0"
"DEA1","y_nw_ned_nt_pc_18_29_y",2023,"313790.0"
"DEA1","y_nw_ned_nt_pc_18_29_y",2024,"315203.0"
"DEA2","y_nw_ned_nt_pc_18_29_y",2015,"284654.0"
"DEA2","y_nw_ned_nt_pc_18_29_y",2016,"298824.0"
"DEA2","y_nw_ned_nt_pc_18_29_y",2017,"301149.0"
"DEA2","y_nw_ned_nt_pc_18_29_y",2018,"302496.0"
"DEA2","y_nw_ned_nt_pc_18_29_y",2019,"302391.0"
"DEA2","y_nw_ned_nt_pc_18_29_y",2020,"301521.0"
"DEA2","y_nw_ned_nt_pc_18_29_y",2021,"296765.0"
"DEA2","y_nw_ned_nt_pc_18_29_y",2022,"295250.0"
"DEA2","y_nw_ned_nt_pc_18_29_y",2023,"290392.0"
"DEA2","y_nw_ned_nt_pc_18_29_y",2024,"293897.0"
"DEA3","y_nw_ned_nt_pc_18_29_y",2015,"155729.0"
"DEA3","y_nw_ned_nt_pc_18_29_y",2016,"164274.0"
"DEA3","y_nw_ned_nt_pc_18_29_y",2017,"164343.0"
"DEA3","y_nw_ned_nt_pc_18_29_y",2018,"164188.0"
"DEA3","y_nw_ned_nt_pc_18_29_y",2019,"163452.0"
"DEA3","y_nw_ned_nt_pc_18_29_y",2020,"161975.0"
"DEA3","y_nw_ned_nt_pc_18_29_y",2021,"159038.0"
"DEA3","y_nw_ned_nt_pc_18_29_y",2022,"159231.0"
"DEA3","y_nw_ned_nt_pc_18_29_y",2023,"157374.0"
"DEA3","y_nw_ned_nt_pc_18_29_y",2024,"159126.0"
"DEA4","y_nw_ned_nt_pc_18_29_y",2015,"123789.0"
"DEA4","y_nw_ned_nt_pc_18_29_y",2016,"130348.0"
"DEA4","y_nw_ned_nt_pc_18_29_y",2017,"129176.0"
"DEA4","y_nw_ned_nt_pc_18_29_y",2018,"128151.0"
"DEA4","y_nw_ned_nt_pc_18_29_y",2019,"127001.0"
"DEA4","y_nw_ned_nt_pc_18_29_y",2020,"125430.0"
"DEA4","y_nw_ned_nt_pc_18_29_y",2021,"122809.0"
"DEA4","y_nw_ned_nt_pc_18_29_y",2022,"122900.0"
"DEA4","y_nw_ned_nt_pc_18_29_y",2023,"123044.0"
"DEA4","y_nw_ned_nt_pc_18_29_y",2024,"123167.0"
"DEA5","y_nw_ned_nt_pc_18_29_y",2015,"215229.0"
"DEA5","y_nw_ned_nt_pc_18_29_y",2016,"227605.0"
"DEA5","y_nw_ned_nt_pc_18_29_y",2017,"227576.0"
"DEA5","y_nw_ned_nt_pc_18_29_y",2018,"227248.0"
"DEA5","y_nw_ned_nt_pc_18_29_y",2019,"226355.0"
"DEA5","y_nw_ned_nt_pc_18_29_y",2020,"224281.0"
"DEA5","y_nw_ned_nt_pc_18_29_y",2021,"218977.0"
"DEA5","y_nw_ned_nt_pc_18_29_y",2022,"217592.0"
"DEA5","y_nw_ned_nt_pc_18_29_y",2023,"215343.0"
"DEA5","y_nw_ned_nt_pc_18_29_y",2024,"215749.0"
"DEB1","y_nw_ned_nt_pc_18_29_y",2015,"82151.0"
"DEB1","y_nw_ned_nt_pc_18_29_y",2016,"85999.0"
"DEB1","y_nw_ned_nt_pc_18_29_y",2017,"86844.0"
"DEB1","y_nw_ned_nt_pc_18_29_y",2018,"87000.0"
"DEB1","y_nw_ned_nt_pc_18_29_y",2019,"86403.0"
"DEB1","y_nw_ned_nt_pc_18_29_y",2020,"85672.0"
"DEB1","y_nw_ned_nt_pc_18_29_y",2021,"83864.0"
"DEB1","y_nw_ned_nt_pc_18_29_y",2022,"83189.0"
"DEB1","y_nw_ned_nt_pc_18_29_y",2023,"82574.0"
"DEB1","y_nw_ned_nt_pc_18_29_y",2024,"82590.0"
"DEB2","y_nw_ned_nt_pc_18_29_y",2015,"33130.0"
"DEB2","y_nw_ned_nt_pc_18_29_y",2016,"35334.0"
"DEB2","y_nw_ned_nt_pc_18_29_y",2017,"34868.0"
"DEB2","y_nw_ned_nt_pc_18_29_y",2018,"34811.0"
"DEB2","y_nw_ned_nt_pc_18_29_y",2019,"34512.0"
"DEB2","y_nw_ned_nt_pc_18_29_y",2020,"34118.0"
"DEB2","y_nw_ned_nt_pc_18_29_y",2021,"33387.0"
"DEB2","y_nw_ned_nt_pc_18_29_y",2022,"33065.0"
"DEB2","y_nw_ned_nt_pc_18_29_y",2023,"31437.0"
"DEB2","y_nw_ned_nt_pc_18_29_y",2024,"31400.0"
"DEB3","y_nw_ned_nt_pc_18_29_y",2015,"125503.0"
"DEB3","y_nw_ned_nt_pc_18_29_y",2016,"130349.0"
"DEB3","y_nw_ned_nt_pc_18_29_y",2017,"131814.0"
"DEB3","y_nw_ned_nt_pc_18_29_y",2018,"131586.0"
"DEB3","y_nw_ned_nt_pc_18_29_y",2019,"130275.0"
"DEB3","y_nw_ned_nt_pc_18_29_y",2020,"128663.0"
"DEB3","y_nw_ned_nt_pc_18_29_y",2021,"125205.0"
"DEB3","y_nw_ned_nt_pc_18_29_y",2022,"124387.0"
"DEB3","y_nw_ned_nt_pc_18_29_y",2023,"122502.0"
"DEB3","y_nw_ned_nt_pc_18_29_y",2024,"123139.0"
"DEC0","y_nw_ned_nt_pc_18_29_y",2015,"58383.0"
"DEC0","y_nw_ned_nt_pc_18_29_y",2016,"60892.0"
"DEC0","y_nw_ned_nt_pc_18_29_y",2017,"60966.0"
"DEC0","y_nw_ned_nt_pc_18_29_y",2018,"60465.0"
"DEC0","y_nw_ned_nt_pc_18_29_y",2019,"59357.0"
"DEC0","y_nw_ned_nt_pc_18_29_y",2020,"58375.0"
"DEC0","y_nw_ned_nt_pc_18_29_y",2021,"56958.0"
"DEC0","y_nw_ned_nt_pc_18_29_y",2022,"56476.0"
"DEC0","y_nw_ned_nt_pc_18_29_y",2023,"57935.0"
"DEC0","y_nw_ned_nt_pc_18_29_y",2024,"57666.0"
"DED2","y_nw_ned_nt_pc_18_29_y",2015,"106461.0"
"DED2","y_nw_ned_nt_pc_18_29_y",2016,"107183.0"
"DED2","y_nw_ned_nt_pc_18_29_y",2017,"99102.0"
"DED2","y_nw_ned_nt_pc_18_29_y",2018,"89160.0"
"DED2","y_nw_ned_nt_pc_18_29_y",2019,"80075.0"
"DED2","y_nw_ned_nt_pc_18_29_y",2020,"70984.0"
"DED2","y_nw_ned_nt_pc_18_29_y",2021,"63280.0"
"DED2","y_nw_ned_nt_pc_18_29_y",2022,"62558.0"
"DED2","y_nw_ned_nt_pc_18_29_y",2023,"64161.0"
"DED2","y_nw_ned_nt_pc_18_29_y",2024,"67410.0"
"DED4","y_nw_ned_nt_pc_18_29_y",2015,"83295.0"
"DED4","y_nw_ned_nt_pc_18_29_y",2016,"83851.0"
"DED4","y_nw_ned_nt_pc_18_29_y",2017,"77179.0"
"DED4","y_nw_ned_nt_pc_18_29_y",2018,"68836.0"
"DED4","y_nw_ned_nt_pc_18_29_y",2019,"61203.0"
"DED4","y_nw_ned_nt_pc_18_29_y",2020,"53701.0"
"DED4","y_nw_ned_nt_pc_18_29_y",2021,"47453.0"
"DED4","y_nw_ned_nt_pc_18_29_y",2022,"46700.0"
"DED4","y_nw_ned_nt_pc_18_29_y",2023,"48179.0"
"DED4","y_nw_ned_nt_pc_18_29_y",2024,"50795.0"
"DED5","y_nw_ned_nt_pc_18_29_y",2015,"78021.0"
"DED5","y_nw_ned_nt_pc_18_29_y",2016,"80990.0"
"DED5","y_nw_ned_nt_pc_18_29_y",2017,"78456.0"
"DED5","y_nw_ned_nt_pc_18_29_y",2018,"73652.0"
"DED5","y_nw_ned_nt_pc_18_29_y",2019,"67552.0"
"DED5","y_nw_ned_nt_pc_18_29_y",2020,"61575.0"
"DED5","y_nw_ned_nt_pc_18_29_y",2021,"56260.0"
"DED5","y_nw_ned_nt_pc_18_29_y",2022,"56491.0"
"DED5","y_nw_ned_nt_pc_18_29_y",2023,"58411.0"
"DED5","y_nw_ned_nt_pc_18_29_y",2024,"61522.0"
"DEE0","y_nw_ned_nt_pc_18_29_y",2015,"135490.0"
"DEE0","y_nw_ned_nt_pc_18_29_y",2016,"137810.0"
"DEE0","y_nw_ned_nt_pc_18_29_y",2017,"128399.0"
"DEE0","y_nw_ned_nt_pc_18_29_y",2018,"116415.0"
"DEE0","y_nw_ned_nt_pc_18_29_y",2019,"103210.0"
"DEE0","y_nw_ned_nt_pc_18_29_y",2020,"91359.0"
"DEE0","y_nw_ned_nt_pc_18_29_y",2021,"80852.0"
"DEE0","y_nw_ned_nt_pc_18_29_y",2022,"80496.0"
"DEE0","y_nw_ned_nt_pc_18_29_y",2023,"80338.0"
"DEE0","y_nw_ned_nt_pc_18_29_y",2024,"85274.0"
"DEF0","y_nw_ned_nt_pc_18_29_y",2015,"154567.0"
"DEF0","y_nw_ned_nt_pc_18_29_y",2016,"162376.0"
"DEF0","y_nw_ned_nt_pc_18_29_y",2017,"165517.0"
"DEF0","y_nw_ned_nt_pc_18_29_y",2018,"165028.0"
"DEF0","y_nw_ned_nt_pc_18_29_y",2019,"163243.0"
"DEF0","y_nw_ned_nt_pc_18_29_y",2020,"161920.0"
"DEF0","y_nw_ned_nt_pc_18_29_y",2021,"158929.0"
"DEF0","y_nw_ned_nt_pc_18_29_y",2022,"159658.0"
"DEF0","y_nw_ned_nt_pc_18_29_y",2023,"157847.0"
"DEF0","y_nw_ned_nt_pc_18_29_y",2024,"160651.0"
"DEG0","y_nw_ned_nt_pc_18_29_y",2015,"135116.0"
"DEG0","y_nw_ned_nt_pc_18_29_y",2016,"136669.0"
"DEG0","y_nw_ned_nt_pc_18_29_y",2017,"125596.0"
"DEG0","y_nw_ned_nt_pc_18_29_y",2018,"113396.0"
"DEG0","y_nw_ned_nt_pc_18_29_y",2019,"100492.0"
"DEG0","y_nw_ned_nt_pc_18_29_y",2020,"89030.0"
"DEG0","y_nw_ned_nt_pc_18_29_y",2021,"79167.0"
"DEG0","y_nw_ned_nt_pc_18_29_y",2022,"78727.0"
"DEG0","y_nw_ned_nt_pc_18_29_y",2023,"81605.0"
"DEG0","y_nw_ned_nt_pc_18_29_y",2024,"86337.0"
"EE00","y_nw_ned_nt_pc_18_29_y",2015,"99054.0"
"EE00","y_nw_ned_nt_pc_18_29_y",2016,"99140.0"
"EE00","y_nw_ned_nt_pc_18_29_y",2017,"96576.0"
"EE00","y_nw_ned_nt_pc_18_29_y",2018,"93383.0"
"EE00","y_nw_ned_nt_pc_18_29_y",2019,"88133.0"
"EE00","y_nw_ned_nt_pc_18_29_y",2020,"81682.0"
"EE00","y_nw_ned_nt_pc_18_29_y",2021,"75693.0"
"EE00","y_nw_ned_nt_pc_18_29_y",2022,"72479.0"
"EE00","y_nw_ned_nt_pc_18_29_y",2023,"71376.0"
"EE00","y_nw_ned_nt_pc_18_29_y",2024,"69593.0"
"IE04","y_nw_ned_nt_pc_18_29_y",2015,"44962.0"
"IE04","y_nw_ned_nt_pc_18_29_y",2016,"44339.0"
"IE04","y_nw_ned_nt_pc_18_29_y",2017,"44063.0"
"IE04","y_nw_ned_nt_pc_18_29_y",2018,"43862.0"
"IE04","y_nw_ned_nt_pc_18_29_y",2019,"44526.0"
"IE04","y_nw_ned_nt_pc_18_29_y",2020,"45003.0"
"IE04","y_nw_ned_nt_pc_18_29_y",2021,"44565.0"
"IE04","y_nw_ned_nt_pc_18_29_y",2022,"43734.0"
"IE04","y_nw_ned_nt_pc_18_29_y",2023,"46860.0"
"IE04","y_nw_ned_nt_pc_18_29_y",2024,"48707.0"
"IE05","y_nw_ned_nt_pc_18_29_y",2015,"90361.0"
"IE05","y_nw_ned_nt_pc_18_29_y",2016,"87676.0"
"IE05","y_nw_ned_nt_pc_18_29_y",2017,"86654.0"
"IE05","y_nw_ned_nt_pc_18_29_y",2018,"87185.0"
"IE05","y_nw_ned_nt_pc_18_29_y",2019,"88882.0"
"IE05","y_nw_ned_nt_pc_18_29_y",2020,"89207.0"
"IE05","y_nw_ned_nt_pc_18_29_y",2021,"89021.0"
"IE05","y_nw_ned_nt_pc_18_29_y",2022,"89754.0"
"IE05","y_nw_ned_nt_pc_18_29_y",2023,"93766.0"
"IE05","y_nw_ned_nt_pc_18_29_y",2024,"98270.0"
"IE06","y_nw_ned_nt_pc_18_29_y",2015,"165222.0"
"IE06","y_nw_ned_nt_pc_18_29_y",2016,"165330.0"
"IE06","y_nw_ned_nt_pc_18_29_y",2017,"164177.0"
"IE06","y_nw_ned_nt_pc_18_29_y",2018,"160876.0"
"IE06","y_nw_ned_nt_pc_18_29_y",2019,"158777.0"
"IE06","y_nw_ned_nt_pc_18_29_y",2020,"160189.0"
"IE06","y_nw_ned_nt_pc_18_29_y",2021,"161457.0"
"IE06","y_nw_ned_nt_pc_18_29_y",2022,"164802.0"
"IE06","y_nw_ned_nt_pc_18_29_y",2023,"168933.0"
"IE06","y_nw_ned_nt_pc_18_29_y",2024,"169203.0"
"EL30","y_nw_ned_nt_pc_18_29_y",2015,"222505.0"
"EL30","y_nw_ned_nt_pc_18_29_y",2016,"212767.0"
"EL30","y_nw_ned_nt_pc_18_29_y",2017,"209163.0"
"EL30","y_nw_ned_nt_pc_18_29_y",2018,"206774.0"
"EL30","y_nw_ned_nt_pc_18_29_y",2019,"200027.0"
"EL30","y_nw_ned_nt_pc_18_29_y",2020,"197971.0"
"EL30","y_nw_ned_nt_pc_18_29_y",2021,"197632.0"
"EL30","y_nw_ned_nt_pc_18_29_y",2022,"204059.0"
"EL30","y_nw_ned_nt_pc_18_29_y",2023,"197775.0"
"EL30","y_nw_ned_nt_pc_18_29_y",2024,"194606.0"
"EL41","y_nw_ned_nt_pc_18_29_y",2015,"13710.0"
"EL41","y_nw_ned_nt_pc_18_29_y",2016,"13960.0"
"EL41","y_nw_ned_nt_pc_18_29_y",2017,"15163.0"
"EL41","y_nw_ned_nt_pc_18_29_y",2018,"16258.0"
"EL41","y_nw_ned_nt_pc_18_29_y",2019,"16726.0"
"EL41","y_nw_ned_nt_pc_18_29_y",2020,"17674.0"
"EL41","y_nw_ned_nt_pc_18_29_y",2021,"16943.0"
"EL41","y_nw_ned_nt_pc_18_29_y",2022,"9939.0"
"EL41","y_nw_ned_nt_pc_18_29_y",2023,"10075.0"
"EL41","y_nw_ned_nt_pc_18_29_y",2024,"11310.0"
"EL42","y_nw_ned_nt_pc_18_29_y",2015,"21761.0"
"EL42","y_nw_ned_nt_pc_18_29_y",2016,"21185.0"
"EL42","y_nw_ned_nt_pc_18_29_y",2017,"21014.0"
"EL42","y_nw_ned_nt_pc_18_29_y",2018,"20476.0"
"EL42","y_nw_ned_nt_pc_18_29_y",2019,"19849.0"
"EL42","y_nw_ned_nt_pc_18_29_y",2020,"19831.0"
"EL42","y_nw_ned_nt_pc_18_29_y",2021,"19079.0"
"EL42","y_nw_ned_nt_pc_18_29_y",2022,"17643.0"
"EL42","y_nw_ned_nt_pc_18_29_y",2023,"17178.0"
"EL42","y_nw_ned_nt_pc_18_29_y",2024,"17171.0"
"EL43","y_nw_ned_nt_pc_18_29_y",2015,"38300.0"
"EL43","y_nw_ned_nt_pc_18_29_y",2016,"37849.0"
"EL43","y_nw_ned_nt_pc_18_29_y",2017,"37375.0"
"EL43","y_nw_ned_nt_pc_18_29_y",2018,"37294.0"
"EL43","y_nw_ned_nt_pc_18_29_y",2019,"36344.0"
"EL43","y_nw_ned_nt_pc_18_29_y",2020,"35882.0"
"EL43","y_nw_ned_nt_pc_18_29_y",2021,"35210.0"
"EL43","y_nw_ned_nt_pc_18_29_y",2022,"33137.0"
"EL43","y_nw_ned_nt_pc_18_29_y",2023,"32562.0"
"EL43","y_nw_ned_nt_pc_18_29_y",2024,"32162.0"
"EL51","y_nw_ned_nt_pc_18_29_y",2015,"35619.0"
"EL51","y_nw_ned_nt_pc_18_29_y",2016,"35713.0"
"EL51","y_nw_ned_nt_pc_18_29_y",2017,"35599.0"
"EL51","y_nw_ned_nt_pc_18_29_y",2018,"35967.0"
"EL51","y_nw_ned_nt_pc_18_29_y",2019,"35607.0"
"EL51","y_nw_ned_nt_pc_18_29_y",2020,"35615.0"
"EL51","y_nw_ned_nt_pc_18_29_y",2021,"35189.0"
"EL51","y_nw_ned_nt_pc_18_29_y",2022,"27297.0"
"EL51","y_nw_ned_nt_pc_18_29_y",2023,"27702.0"
"EL51","y_nw_ned_nt_pc_18_29_y",2024,"29049.0"
"EL52","y_nw_ned_nt_pc_18_29_y",2015,"101522.0"
"EL52","y_nw_ned_nt_pc_18_29_y",2016,"99523.0"
"EL52","y_nw_ned_nt_pc_18_29_y",2017,"98893.0"
"EL52","y_nw_ned_nt_pc_18_29_y",2018,"98731.0"
"EL52","y_nw_ned_nt_pc_18_29_y",2019,"96703.0"
"EL52","y_nw_ned_nt_pc_18_29_y",2020,"96419.0"
"EL52","y_nw_ned_nt_pc_18_29_y",2021,"95449.0"
"EL52","y_nw_ned_nt_pc_18_29_y",2022,"93559.0"
"EL52","y_nw_ned_nt_pc_18_29_y",2023,"93604.0"
"EL52","y_nw_ned_nt_pc_18_29_y",2024,"93590.0"
"EL53","y_nw_ned_nt_pc_18_29_y",2015,"13586.0"
"EL53","y_nw_ned_nt_pc_18_29_y",2016,"12799.0"
"EL53","y_nw_ned_nt_pc_18_29_y",2017,"11958.0"
"EL53","y_nw_ned_nt_pc_18_29_y",2018,"11872.0"
"EL53","y_nw_ned_nt_pc_18_29_y",2019,"11765.0"
"EL53","y_nw_ned_nt_pc_18_29_y",2020,"11743.0"
"EL53","y_nw_ned_nt_pc_18_29_y",2021,"12138.0"
"EL53","y_nw_ned_nt_pc_18_29_y",2022,"11417.0"
"EL53","y_nw_ned_nt_pc_18_29_y",2023,"11330.0"
"EL53","y_nw_ned_nt_pc_18_29_y",2024,"11139.0"
"EL54","y_nw_ned_nt_pc_18_29_y",2015,"16153.0"
"EL54","y_nw_ned_nt_pc_18_29_y",2016,"15977.0"
"EL54","y_nw_ned_nt_pc_18_29_y",2017,"16020.0"
"EL54","y_nw_ned_nt_pc_18_29_y",2018,"16555.0"
"EL54","y_nw_ned_nt_pc_18_29_y",2019,"16271.0"
"EL54","y_nw_ned_nt_pc_18_29_y",2020,"16228.0"
"EL54","y_nw_ned_nt_pc_18_29_y",2021,"15836.0"
"EL54","y_nw_ned_nt_pc_18_29_y",2022,"14055.0"
"EL54","y_nw_ned_nt_pc_18_29_y",2023,"14039.0"
"EL54","y_nw_ned_nt_pc_18_29_y",2024,"14477.0"
"EL61","y_nw_ned_nt_pc_18_29_y",2015,"37915.0"
"EL61","y_nw_ned_nt_pc_18_29_y",2016,"37257.0"
"EL61","y_nw_ned_nt_pc_18_29_y",2017,"37143.0"
"EL61","y_nw_ned_nt_pc_18_29_y",2018,"37287.0"
"EL61","y_nw_ned_nt_pc_18_29_y",2019,"36471.0"
"EL61","y_nw_ned_nt_pc_18_29_y",2020,"36306.0"
"EL61","y_nw_ned_nt_pc_18_29_y",2021,"35799.0"
"EL61","y_nw_ned_nt_pc_18_29_y",2022,"32101.0"
"EL61","y_nw_ned_nt_pc_18_29_y",2023,"31845.0"
"EL61","y_nw_ned_nt_pc_18_29_y",2024,"31794.0"
"EL62","y_nw_ned_nt_pc_18_29_y",2015,"10316.0"
"EL62","y_nw_ned_nt_pc_18_29_y",2016,"9739.0"
"EL62","y_nw_ned_nt_pc_18_29_y",2017,"9332.0"
"EL62","y_nw_ned_nt_pc_18_29_y",2018,"9179.0"
"EL62","y_nw_ned_nt_pc_18_29_y",2019,"8979.0"
"EL62","y_nw_ned_nt_pc_18_29_y",2020,"8883.0"
"EL62","y_nw_ned_nt_pc_18_29_y",2021,"8864.0"
"EL62","y_nw_ned_nt_pc_18_29_y",2022,"9218.0"
"EL62","y_nw_ned_nt_pc_18_29_y",2023,"8858.0"
"EL62","y_nw_ned_nt_pc_18_29_y",2024,"8326.0"
"EL63","y_nw_ned_nt_pc_18_29_y",2015,"38313.0"
"EL63","y_nw_ned_nt_pc_18_29_y",2016,"37821.0"
"EL63","y_nw_ned_nt_pc_18_29_y",2017,"37467.0"
"EL63","y_nw_ned_nt_pc_18_29_y",2018,"37673.0"
"EL63","y_nw_ned_nt_pc_18_29_y",2019,"36787.0"
"EL63","y_nw_ned_nt_pc_18_29_y",2020,"36078.0"
"EL63","y_nw_ned_nt_pc_18_29_y",2021,"35315.0"
"EL63","y_nw_ned_nt_pc_18_29_y",2022,"32869.0"
"EL63","y_nw_ned_nt_pc_18_29_y",2023,"32366.0"
"EL63","y_nw_ned_nt_pc_18_29_y",2024,"32097.0"
"EL64","y_nw_ned_nt_pc_18_29_y",2015,"30420.0"
"EL64","y_nw_ned_nt_pc_18_29_y",2016,"29411.0"
"EL64","y_nw_ned_nt_pc_18_29_y",2017,"28810.0"
"EL64","y_nw_ned_nt_pc_18_29_y",2018,"28441.0"
"EL64","y_nw_ned_nt_pc_18_29_y",2019,"27750.0"
"EL64","y_nw_ned_nt_pc_18_29_y",2020,"27430.0"
"EL64","y_nw_ned_nt_pc_18_29_y",2021,"26547.0"
"EL64","y_nw_ned_nt_pc_18_29_y",2022,"22688.0"
"EL64","y_nw_ned_nt_pc_18_29_y",2023,"22390.0"
"EL64","y_nw_ned_nt_pc_18_29_y",2024,"22822.0"
"EL65","y_nw_ned_nt_pc_18_29_y",2015,"31002.0"
"EL65","y_nw_ned_nt_pc_18_29_y",2016,"29654.0"
"EL65","y_nw_ned_nt_pc_18_29_y",2017,"28274.0"
"EL65","y_nw_ned_nt_pc_18_29_y",2018,"27252.0"
"EL65","y_nw_ned_nt_pc_18_29_y",2019,"25693.0"
"EL65","y_nw_ned_nt_pc_18_29_y",2020,"24616.0"
"EL65","y_nw_ned_nt_pc_18_29_y",2021,"23872.0"
"EL65","y_nw_ned_nt_pc_18_29_y",2022,"23780.0"
"EL65","y_nw_ned_nt_pc_18_29_y",2023,"23143.0"
"EL65","y_nw_ned_nt_pc_18_29_y",2024,"23027.0"
"ES11","y_nw_ned_nt_pc_18_29_y",2015,"139690.0"
"ES11","y_nw_ned_nt_pc_18_29_y",2016,"133616.0"
"ES11","y_nw_ned_nt_pc_18_29_y",2017,"129323.0"
"ES11","y_nw_ned_nt_pc_18_29_y",2018,"126067.0"
"ES11","y_nw_ned_nt_pc_18_29_y",2019,"124490.0"
"ES11","y_nw_ned_nt_pc_18_29_y",2020,"122230.0"
"ES11","y_nw_ned_nt_pc_18_29_y",2021,"119747.0"
"ES11","y_nw_ned_nt_pc_18_29_y",2022,"117290.0"
"ES11","y_nw_ned_nt_pc_18_29_y",2023,"116518.0"
"ES11","y_nw_ned_nt_pc_18_29_y",2024,"116095.0"
"ES12","y_nw_ned_nt_pc_18_29_y",2015,"50499.0"
"ES12","y_nw_ned_nt_pc_18_29_y",2016,"47196.0"
"ES12","y_nw_ned_nt_pc_18_29_y",2017,"44782.0"
"ES12","y_nw_ned_nt_pc_18_29_y",2018,"42915.0"
"ES12","y_nw_ned_nt_pc_18_29_y",2019,"41449.0"
"ES12","y_nw_ned_nt_pc_18_29_y",2020,"40427.0"
"ES12","y_nw_ned_nt_pc_18_29_y",2021,"39869.0"
"ES12","y_nw_ned_nt_pc_18_29_y",2022,"38870.0"
"ES12","y_nw_ned_nt_pc_18_29_y",2023,"39000.0"
"ES12","y_nw_ned_nt_pc_18_29_y",2024,"39619.0"
"ES13","y_nw_ned_nt_pc_18_29_y",2015,"29980.0"
"ES13","y_nw_ned_nt_pc_18_29_y",2016,"28533.0"
"ES13","y_nw_ned_nt_pc_18_29_y",2017,"27418.0"
"ES13","y_nw_ned_nt_pc_18_29_y",2018,"26857.0"
"ES13","y_nw_ned_nt_pc_18_29_y",2019,"26263.0"
"ES13","y_nw_ned_nt_pc_18_29_y",2020,"25884.0"
"ES13","y_nw_ned_nt_pc_18_29_y",2021,"25572.0"
"ES13","y_nw_ned_nt_pc_18_29_y",2022,"25274.0"
"ES13","y_nw_ned_nt_pc_18_29_y",2023,"25207.0"
"ES13","y_nw_ned_nt_pc_18_29_y",2024,"25210.0"
"ES21","y_nw_ned_nt_pc_18_29_y",2015,"106073.0"
"ES21","y_nw_ned_nt_pc_18_29_y",2016,"101957.0"
"ES21","y_nw_ned_nt_pc_18_29_y",2017,"99342.0"
"ES21","y_nw_ned_nt_pc_18_29_y",2018,"98874.0"
"ES21","y_nw_ned_nt_pc_18_29_y",2019,"99372.0"
"ES21","y_nw_ned_nt_pc_18_29_y",2020,"101010.0"
"ES21","y_nw_ned_nt_pc_18_29_y",2021,"101764.0"
"ES21","y_nw_ned_nt_pc_18_29_y",2022,"102100.0"
"ES21","y_nw_ned_nt_pc_18_29_y",2023,"105041.0"
"ES21","y_nw_ned_nt_pc_18_29_y",2024,"107931.0"
"ES22","y_nw_ned_nt_pc_18_29_y",2015,"33695.0"
"ES22","y_nw_ned_nt_pc_18_29_y",2016,"32663.0"
"ES22","y_nw_ned_nt_pc_18_29_y",2017,"32293.0"
"ES22","y_nw_ned_nt_pc_18_29_y",2018,"32460.0"
"ES22","y_nw_ned_nt_pc_18_29_y",2019,"32792.0"
"ES22","y_nw_ned_nt_pc_18_29_y",2020,"33565.0"
"ES22","y_nw_ned_nt_pc_18_29_y",2021,"33833.0"
"ES22","y_nw_ned_nt_pc_18_29_y",2022,"34337.0"
"ES22","y_nw_ned_nt_pc_18_29_y",2023,"35511.0"
"ES22","y_nw_ned_nt_pc_18_29_y",2024,"36724.0"
"ES23","y_nw_ned_nt_pc_18_29_y",2015,"16632.0"
"ES23","y_nw_ned_nt_pc_18_29_y",2016,"16048.0"
"ES23","y_nw_ned_nt_pc_18_29_y",2017,"15704.0"
"ES23","y_nw_ned_nt_pc_18_29_y",2018,"15487.0"
"ES23","y_nw_ned_nt_pc_18_29_y",2019,"15241.0"
"ES23","y_nw_ned_nt_pc_18_29_y",2020,"15270.0"
"ES23","y_nw_ned_nt_pc_18_29_y",2021,"15075.0"
"ES23","y_nw_ned_nt_pc_18_29_y",2022,"14956.0"
"ES23","y_nw_ned_nt_pc_18_29_y",2023,"15338.0"
"ES23","y_nw_ned_nt_pc_18_29_y",2024,"15756.0"
"ES24","y_nw_ned_nt_pc_18_29_y",2015,"72505.0"
"ES24","y_nw_ned_nt_pc_18_29_y",2016,"69031.0"
"ES24","y_nw_ned_nt_pc_18_29_y",2017,"67039.0"
"ES24","y_nw_ned_nt_pc_18_29_y",2018,"65838.0"
"ES24","y_nw_ned_nt_pc_18_29_y",2019,"65983.0"
"ES24","y_nw_ned_nt_pc_18_29_y",2020,"66791.0"
"ES24","y_nw_ned_nt_pc_18_29_y",2021,"67147.0"
"ES24","y_nw_ned_nt_pc_18_29_y",2022,"66537.0"
"ES24","y_nw_ned_nt_pc_18_29_y",2023,"68050.0"
"ES24","y_nw_ned_nt_pc_18_29_y",2024,"69111.0"
"ES30","y_nw_ned_nt_pc_18_29_y",2015,"372529.0"
"ES30","y_nw_ned_nt_pc_18_29_y",2016,"363952.0"
"ES30","y_nw_ned_nt_pc_18_29_y",2017,"359384.0"
"ES30","y_nw_ned_nt_pc_18_29_y",2018,"364562.0"
"ES30","y_nw_ned_nt_pc_18_29_y",2019,"374979.0"
"ES30","y_nw_ned_nt_pc_18_29_y",2020,"387522.0"
"ES30","y_nw_ned_nt_pc_18_29_y",2021,"387486.0"
"ES30","y_nw_ned_nt_pc_18_29_y",2022,"386117.0"
"ES30","y_nw_ned_nt_pc_18_29_y",2023,"407555.0"
"ES30","y_nw_ned_nt_pc_18_29_y",2024,"424615.0"
"ES41","y_nw_ned_nt_pc_18_29_y",2015,"127516.0"
"ES41","y_nw_ned_nt_pc_18_29_y",2016,"121239.0"
"ES41","y_nw_ned_nt_pc_18_29_y",2017,"116161.0"
"ES41","y_nw_ned_nt_pc_18_29_y",2018,"112727.0"
"ES41","y_nw_ned_nt_pc_18_29_y",2019,"110460.0"
"ES41","y_nw_ned_nt_pc_18_29_y",2020,"107909.0"
"ES41","y_nw_ned_nt_pc_18_29_y",2021,"106345.0"
"ES41","y_nw_ned_nt_pc_18_29_y",2022,"104662.0"
"ES41","y_nw_ned_nt_pc_18_29_y",2023,"105561.0"
"ES41","y_nw_ned_nt_pc_18_29_y",2024,"106012.0"
"ES42","y_nw_ned_nt_pc_18_29_y",2015,"124817.0"
"ES42","y_nw_ned_nt_pc_18_29_y",2016,"120074.0"
"ES42","y_nw_ned_nt_pc_18_29_y",2017,"116594.0"
"ES42","y_nw_ned_nt_pc_18_29_y",2018,"114036.0"
"ES42","y_nw_ned_nt_pc_18_29_y",2019,"111995.0"
"ES42","y_nw_ned_nt_pc_18_29_y",2020,"111165.0"
"ES42","y_nw_ned_nt_pc_18_29_y",2021,"110742.0"
"ES42","y_nw_ned_nt_pc_18_29_y",2022,"109515.0"
"ES42","y_nw_ned_nt_pc_18_29_y",2023,"109962.0"
"ES42","y_nw_ned_nt_pc_18_29_y",2024,"110837.0"
"ES43","y_nw_ned_nt_pc_18_29_y",2015,"67391.0"
"ES43","y_nw_ned_nt_pc_18_29_y",2016,"66062.0"
"ES43","y_nw_ned_nt_pc_18_29_y",2017,"64398.0"
"ES43","y_nw_ned_nt_pc_18_29_y",2018,"62585.0"
"ES43","y_nw_ned_nt_pc_18_29_y",2019,"60679.0"
"ES43","y_nw_ned_nt_pc_18_29_y",2020,"58845.0"
"ES43","y_nw_ned_nt_pc_18_29_y",2021,"57585.0"
"ES43","y_nw_ned_nt_pc_18_29_y",2022,"55840.0"
"ES43","y_nw_ned_nt_pc_18_29_y",2023,"53952.0"
"ES43","y_nw_ned_nt_pc_18_29_y",2024,"52966.0"
"ES51","y_nw_ned_nt_pc_18_29_y",2015,"409281.0"
"ES51","y_nw_ned_nt_pc_18_29_y",2016,"401383.0"
"ES51","y_nw_ned_nt_pc_18_29_y",2017,"400665.0"
"ES51","y_nw_ned_nt_pc_18_29_y",2018,"409330.0"
"ES51","y_nw_ned_nt_pc_18_29_y",2019,"420476.0"
"ES51","y_nw_ned_nt_pc_18_29_y",2020,"431964.0"
"ES51","y_nw_ned_nt_pc_18_29_y",2021,"433032.0"
"ES51","y_nw_ned_nt_pc_18_29_y",2022,"431447.0"
"ES51","y_nw_ned_nt_pc_18_29_y",2023,"449588.0"
"ES51","y_nw_ned_nt_pc_18_29_y",2024,"464519.0"
"ES52","y_nw_ned_nt_pc_18_29_y",2015,"275385.0"
"ES52","y_nw_ned_nt_pc_18_29_y",2016,"267284.0"
"ES52","y_nw_ned_nt_pc_18_29_y",2017,"261816.0"
"ES52","y_nw_ned_nt_pc_18_29_y",2018,"260813.0"
"ES52","y_nw_ned_nt_pc_18_29_y",2019,"260821.0"
"ES52","y_nw_ned_nt_pc_18_29_y",2020,"263599.0"
"ES52","y_nw_ned_nt_pc_18_29_y",2021,"262843.0"
"ES52","y_nw_ned_nt_pc_18_29_y",2022,"263340.0"
"ES52","y_nw_ned_nt_pc_18_29_y",2023,"271633.0"
"ES52","y_nw_ned_nt_pc_18_29_y",2024,"281941.0"
"ES53","y_nw_ned_nt_pc_18_29_y",2015,"72704.0"
"ES53","y_nw_ned_nt_pc_18_29_y",2016,"71107.0"
"ES53","y_nw_ned_nt_pc_18_29_y",2017,"71232.0"
"ES53","y_nw_ned_nt_pc_18_29_y",2018,"72161.0"
"ES53","y_nw_ned_nt_pc_18_29_y",2019,"73376.0"
"ES53","y_nw_ned_nt_pc_18_29_y",2020,"74700.0"
"ES53","y_nw_ned_nt_pc_18_29_y",2021,"73769.0"
"ES53","y_nw_ned_nt_pc_18_29_y",2022,"71765.0"
"ES53","y_nw_ned_nt_pc_18_29_y",2023,"73864.0"
"ES53","y_nw_ned_nt_pc_18_29_y",2024,"76958.0"
"ES61","y_nw_ned_nt_pc_18_29_y",2015,"517586.0"
"ES61","y_nw_ned_nt_pc_18_29_y",2016,"506450.0"
"ES61","y_nw_ned_nt_pc_18_29_y",2017,"496749.0"
"ES61","y_nw_ned_nt_pc_18_29_y",2018,"491422.0"
"ES61","y_nw_ned_nt_pc_18_29_y",2019,"487162.0"
"ES61","y_nw_ned_nt_pc_18_29_y",2020,"482034.0"
"ES61","y_nw_ned_nt_pc_18_29_y",2021,"475942.0"
"ES61","y_nw_ned_nt_pc_18_29_y",2022,"468398.0"
"ES61","y_nw_ned_nt_pc_18_29_y",2023,"466724.0"
"ES61","y_nw_ned_nt_pc_18_29_y",2024,"462843.0"
"ES62","y_nw_ned_nt_pc_18_29_y",2015,"89326.0"
"ES62","y_nw_ned_nt_pc_18_29_y",2016,"87443.0"
"ES62","y_nw_ned_nt_pc_18_29_y",2017,"86741.0"
"ES62","y_nw_ned_nt_pc_18_29_y",2018,"86471.0"
"ES62","y_nw_ned_nt_pc_18_29_y",2019,"86985.0"
"ES62","y_nw_ned_nt_pc_18_29_y",2020,"87492.0"
"ES62","y_nw_ned_nt_pc_18_29_y",2021,"87194.0"
"ES62","y_nw_ned_nt_pc_18_29_y",2022,"87206.0"
"ES62","y_nw_ned_nt_pc_18_29_y",2023,"88660.0"
"ES62","y_nw_ned_nt_pc_18_29_y",2024,"89811.0"
"ES63","y_nw_ned_nt_pc_18_29_y",2015,"6044.0"
"ES63","y_nw_ned_nt_pc_18_29_y",2016,"5719.0"
"ES63","y_nw_ned_nt_pc_18_29_y",2017,"5656.0"
"ES63","y_nw_ned_nt_pc_18_29_y",2018,"5707.0"
"ES63","y_nw_ned_nt_pc_18_29_y",2019,"5707.0"
"ES63","y_nw_ned_nt_pc_18_29_y",2020,"5558.0"
"ES63","y_nw_ned_nt_pc_18_29_y",2021,"5485.0"
"ES63","y_nw_ned_nt_pc_18_29_y",2022,"5350.0"
"ES63","y_nw_ned_nt_pc_18_29_y",2023,"5441.0"
"ES63","y_nw_ned_nt_pc_18_29_y",2024,"5296.0"
"ES64","y_nw_ned_nt_pc_18_29_y",2015,"5978.0"
"ES64","y_nw_ned_nt_pc_18_29_y",2016,"5885.0"
"ES64","y_nw_ned_nt_pc_18_29_y",2017,"5823.0"
"ES64","y_nw_ned_nt_pc_18_29_y",2018,"5839.0"
"ES64","y_nw_ned_nt_pc_18_29_y",2019,"5879.0"
"ES64","y_nw_ned_nt_pc_18_29_y",2020,"5947.0"
"ES64","y_nw_ned_nt_pc_18_29_y",2021,"5924.0"
"ES64","y_nw_ned_nt_pc_18_29_y",2022,"5891.0"
"ES64","y_nw_ned_nt_pc_18_29_y",2023,"5938.0"
"ES64","y_nw_ned_nt_pc_18_29_y",2024,"5962.0"
"ES70","y_nw_ned_nt_pc_18_29_y",2015,"134542.0"
"ES70","y_nw_ned_nt_pc_18_29_y",2016,"132395.0"
"ES70","y_nw_ned_nt_pc_18_29_y",2017,"131317.0"
"ES70","y_nw_ned_nt_pc_18_29_y",2018,"131786.0"
"ES70","y_nw_ned_nt_pc_18_29_y",2019,"131980.0"
"ES70","y_nw_ned_nt_pc_18_29_y",2020,"132144.0"
"ES70","y_nw_ned_nt_pc_18_29_y",2021,"130497.0"
"ES70","y_nw_ned_nt_pc_18_29_y",2022,"129094.0"
"ES70","y_nw_ned_nt_pc_18_29_y",2023,"129929.0"
"ES70","y_nw_ned_nt_pc_18_29_y",2024,"131422.0"
"FR10","y_nw_ned_nt_pc_18_29_y",2015,"889365.0"
"FR10","y_nw_ned_nt_pc_18_29_y",2016,"892774.0"
"FR10","y_nw_ned_nt_pc_18_29_y",2017,"891994.0"
"FR10","y_nw_ned_nt_pc_18_29_y",2018,"895260.0"
"FR10","y_nw_ned_nt_pc_18_29_y",2019,"876115.0"
"FR10","y_nw_ned_nt_pc_18_29_y",2020,"860952.0"
"FR10","y_nw_ned_nt_pc_18_29_y",2021,"850692.0"
"FR10","y_nw_ned_nt_pc_18_29_y",2022,"853658.0"
"FR10","y_nw_ned_nt_pc_18_29_y",2023,"854258.0"
"FR10","y_nw_ned_nt_pc_18_29_y",2024,"867450.0"
"FRB0","y_nw_ned_nt_pc_18_29_y",2015,"137376.0"
"FRB0","y_nw_ned_nt_pc_18_29_y",2016,"136608.0"
"FRB0","y_nw_ned_nt_pc_18_29_y",2017,"134885.0"
"FRB0","y_nw_ned_nt_pc_18_29_y",2018,"132783.0"
"FRB0","y_nw_ned_nt_pc_18_29_y",2019,"128264.0"
"FRB0","y_nw_ned_nt_pc_18_29_y",2020,"126891.0"
"FRB0","y_nw_ned_nt_pc_18_29_y",2021,"126394.0"
"FRB0","y_nw_ned_nt_pc_18_29_y",2022,"126512.0"
"FRB0","y_nw_ned_nt_pc_18_29_y",2023,"127747.0"
"FRB0","y_nw_ned_nt_pc_18_29_y",2024,"129737.0"
"FRC1","y_nw_ned_nt_pc_18_29_y",2015,"85448.0"
"FRC1","y_nw_ned_nt_pc_18_29_y",2016,"84451.0"
"FRC1","y_nw_ned_nt_pc_18_29_y",2017,"82464.0"
"FRC1","y_nw_ned_nt_pc_18_29_y",2018,"81070.0"
"FRC1","y_nw_ned_nt_pc_18_29_y",2019,"78926.0"
"FRC1","y_nw_ned_nt_pc_18_29_y",2020,"77696.0"
"FRC1","y_nw_ned_nt_pc_18_29_y",2021,"77411.0"
"FRC1","y_nw_ned_nt_pc_18_29_y",2022,"78062.0"
"FRC1","y_nw_ned_nt_pc_18_29_y",2023,"78430.0"
"FRC1","y_nw_ned_nt_pc_18_29_y",2024,"79819.0"
"FRC2","y_nw_ned_nt_pc_18_29_y",2015,"66982.0"
"FRC2","y_nw_ned_nt_pc_18_29_y",2016,"65966.0"
"FRC2","y_nw_ned_nt_pc_18_29_y",2017,"64541.0"
"FRC2","y_nw_ned_nt_pc_18_29_y",2018,"63796.0"
"FRC2","y_nw_ned_nt_pc_18_29_y",2019,"62240.0"
"FRC2","y_nw_ned_nt_pc_18_29_y",2020,"61214.0"
"FRC2","y_nw_ned_nt_pc_18_29_y",2021,"61124.0"
"FRC2","y_nw_ned_nt_pc_18_29_y",2022,"61700.0"
"FRC2","y_nw_ned_nt_pc_18_29_y",2023,"61495.0"
"FRC2","y_nw_ned_nt_pc_18_29_y",2024,"61709.0"
"FRD1","y_nw_ned_nt_pc_18_29_y",2015,"76568.0"
"FRD1","y_nw_ned_nt_pc_18_29_y",2016,"75515.0"
"FRD1","y_nw_ned_nt_pc_18_29_y",2017,"74518.0"
"FRD1","y_nw_ned_nt_pc_18_29_y",2018,"73759.0"
"FRD1","y_nw_ned_nt_pc_18_29_y",2019,"72462.0"
"FRD1","y_nw_ned_nt_pc_18_29_y",2020,"71855.0"
"FRD1","y_nw_ned_nt_pc_18_29_y",2021,"72427.0"
"FRD1","y_nw_ned_nt_pc_18_29_y",2022,"73230.0"
"FRD1","y_nw_ned_nt_pc_18_29_y",2023,"73407.0"
"FRD1","y_nw_ned_nt_pc_18_29_y",2024,"74317.0"
"FRD2","y_nw_ned_nt_pc_18_29_y",2015,"110063.0"
"FRD2","y_nw_ned_nt_pc_18_29_y",2016,"107727.0"
"FRD2","y_nw_ned_nt_pc_18_29_y",2017,"106008.0"
"FRD2","y_nw_ned_nt_pc_18_29_y",2018,"104010.0"
"FRD2","y_nw_ned_nt_pc_18_29_y",2019,"101371.0"
"FRD2","y_nw_ned_nt_pc_18_29_y",2020,"99950.0"
"FRD2","y_nw_ned_nt_pc_18_29_y",2021,"98946.0"
"FRD2","y_nw_ned_nt_pc_18_29_y",2022,"98474.0"
"FRD2","y_nw_ned_nt_pc_18_29_y",2023,"98509.0"
"FRD2","y_nw_ned_nt_pc_18_29_y",2024,"99735.0"
"FRE1","y_nw_ned_nt_pc_18_29_y",2015,"259512.0"
"FRE1","y_nw_ned_nt_pc_18_29_y",2016,"254623.0"
"FRE1","y_nw_ned_nt_pc_18_29_y",2017,"249391.0"
"FRE1","y_nw_ned_nt_pc_18_29_y",2018,"244705.0"
"FRE1","y_nw_ned_nt_pc_18_29_y",2019,"240791.0"
"FRE1","y_nw_ned_nt_pc_18_29_y",2020,"235516.0"
"FRE1","y_nw_ned_nt_pc_18_29_y",2021,"234327.0"
"FRE1","y_nw_ned_nt_pc_18_29_y",2022,"234474.0"
"FRE1","y_nw_ned_nt_pc_18_29_y",2023,"234671.0"
"FRE1","y_nw_ned_nt_pc_18_29_y",2024,"236282.0"
"FRE2","y_nw_ned_nt_pc_18_29_y",2015,"114088.0"
"FRE2","y_nw_ned_nt_pc_18_29_y",2016,"112564.0"
"FRE2","y_nw_ned_nt_pc_18_29_y",2017,"109967.0"
"FRE2","y_nw_ned_nt_pc_18_29_y",2018,"107667.0"
"FRE2","y_nw_ned_nt_pc_18_29_y",2019,"104673.0"
"FRE2","y_nw_ned_nt_pc_18_29_y",2020,"102690.0"
"FRE2","y_nw_ned_nt_pc_18_29_y",2021,"101359.0"
"FRE2","y_nw_ned_nt_pc_18_29_y",2022,"100034.0"
"FRE2","y_nw_ned_nt_pc_18_29_y",2023,"99209.0"
"FRE2","y_nw_ned_nt_pc_18_29_y",2024,"99995.0"
"FRF1","y_nw_ned_nt_pc_18_29_y",2015,"116617.0"
"FRF1","y_nw_ned_nt_pc_18_29_y",2016,"116010.0"
"FRF1","y_nw_ned_nt_pc_18_29_y",2017,"114357.0"
"FRF1","y_nw_ned_nt_pc_18_29_y",2018,"114228.0"
"FRF1","y_nw_ned_nt_pc_18_29_y",2019,"112659.0"
"FRF1","y_nw_ned_nt_pc_18_29_y",2020,"111330.0"
"FRF1","y_nw_ned_nt_pc_18_29_y",2021,"111019.0"
"FRF1","y_nw_ned_nt_pc_18_29_y",2022,"110853.0"
"FRF1","y_nw_ned_nt_pc_18_29_y",2023,"110785.0"
"FRF1","y_nw_ned_nt_pc_18_29_y",2024,"111757.0"
"FRF2","y_nw_ned_nt_pc_18_29_y",2015,"78515.0"
"FRF2","y_nw_ned_nt_pc_18_29_y",2016,"77584.0"
"FRF2","y_nw_ned_nt_pc_18_29_y",2017,"75791.0"
"FRF2","y_nw_ned_nt_pc_18_29_y",2018,"74800.0"
"FRF2","y_nw_ned_nt_pc_18_29_y",2019,"73315.0"
"FRF2","y_nw_ned_nt_pc_18_29_y",2020,"71364.0"
"FRF2","y_nw_ned_nt_pc_18_29_y",2021,"70343.0"
"FRF2","y_nw_ned_nt_pc_18_29_y",2022,"70123.0"
"FRF2","y_nw_ned_nt_pc_18_29_y",2023,"69931.0"
"FRF2","y_nw_ned_nt_pc_18_29_y",2024,"70238.0"
"FRF3","y_nw_ned_nt_pc_18_29_y",2015,"140868.0"
"FRF3","y_nw_ned_nt_pc_18_29_y",2016,"138347.0"
"FRF3","y_nw_ned_nt_pc_18_29_y",2017,"135897.0"
"FRF3","y_nw_ned_nt_pc_18_29_y",2018,"132785.0"
"FRF3","y_nw_ned_nt_pc_18_29_y",2019,"130533.0"
"FRF3","y_nw_ned_nt_pc_18_29_y",2020,"128752.0"
"FRF3","y_nw_ned_nt_pc_18_29_y",2021,"128440.0"
"FRF3","y_nw_ned_nt_pc_18_29_y",2022,"126802.0"
"FRF3","y_nw_ned_nt_pc_18_29_y",2023,"126398.0"
"FRF3","y_nw_ned_nt_pc_18_29_y",2024,"126637.0"
"FRG0","y_nw_ned_nt_pc_18_29_y",2015,"205125.0"
"FRG0","y_nw_ned_nt_pc_18_29_y",2016,"204390.0"
"FRG0","y_nw_ned_nt_pc_18_29_y",2017,"202390.0"
"FRG0","y_nw_ned_nt_pc_18_29_y",2018,"201345.0"
"FRG0","y_nw_ned_nt_pc_18_29_y",2019,"197231.0"
"FRG0","y_nw_ned_nt_pc_18_29_y",2020,"196905.0"
"FRG0","y_nw_ned_nt_pc_18_29_y",2021,"199224.0"
"FRG0","y_nw_ned_nt_pc_18_29_y",2022,"202693.0"
"FRG0","y_nw_ned_nt_pc_18_29_y",2023,"204802.0"
"FRG0","y_nw_ned_nt_pc_18_29_y",2024,"208696.0"
"FRH0","y_nw_ned_nt_pc_18_29_y",2015,"172623.0"
"FRH0","y_nw_ned_nt_pc_18_29_y",2016,"171725.0"
"FRH0","y_nw_ned_nt_pc_18_29_y",2017,"168826.0"
"FRH0","y_nw_ned_nt_pc_18_29_y",2018,"166806.0"
"FRH0","y_nw_ned_nt_pc_18_29_y",2019,"164274.0"
"FRH0","y_nw_ned_nt_pc_18_29_y",2020,"164892.0"
"FRH0","y_nw_ned_nt_pc_18_29_y",2021,"166530.0"
"FRH0","y_nw_ned_nt_pc_18_29_y",2022,"170442.0"
"FRH0","y_nw_ned_nt_pc_18_29_y",2023,"172746.0"
"FRH0","y_nw_ned_nt_pc_18_29_y",2024,"175386.0"
"FRI1","y_nw_ned_nt_pc_18_29_y",2015,"182278.0"
"FRI1","y_nw_ned_nt_pc_18_29_y",2016,"182862.0"
"FRI1","y_nw_ned_nt_pc_18_29_y",2017,"182442.0"
"FRI1","y_nw_ned_nt_pc_18_29_y",2018,"181269.0"
"FRI1","y_nw_ned_nt_pc_18_29_y",2019,"179330.0"
"FRI1","y_nw_ned_nt_pc_18_29_y",2020,"178569.0"
"FRI1","y_nw_ned_nt_pc_18_29_y",2021,"179797.0"
"FRI1","y_nw_ned_nt_pc_18_29_y",2022,"183173.0"
"FRI1","y_nw_ned_nt_pc_18_29_y",2023,"183909.0"
"FRI1","y_nw_ned_nt_pc_18_29_y",2024,"186098.0"
"FRI2","y_nw_ned_nt_pc_18_29_y",2015,"35536.0"
"FRI2","y_nw_ned_nt_pc_18_29_y",2016,"35133.0"
"FRI2","y_nw_ned_nt_pc_18_29_y",2017,"34524.0"
"FRI2","y_nw_ned_nt_pc_18_29_y",2018,"33723.0"
"FRI2","y_nw_ned_nt_pc_18_29_y",2019,"32973.0"
"FRI2","y_nw_ned_nt_pc_18_29_y",2020,"32759.0"
"FRI2","y_nw_ned_nt_pc_18_29_y",2021,"32961.0"
"FRI2","y_nw_ned_nt_pc_18_29_y",2022,"33521.0"
"FRI2","y_nw_ned_nt_pc_18_29_y",2023,"33799.0"
"FRI2","y_nw_ned_nt_pc_18_29_y",2024,"34215.0"
"FRI3","y_nw_ned_nt_pc_18_29_y",2015,"89499.0"
"FRI3","y_nw_ned_nt_pc_18_29_y",2016,"88210.0"
"FRI3","y_nw_ned_nt_pc_18_29_y",2017,"85956.0"
"FRI3","y_nw_ned_nt_pc_18_29_y",2018,"85709.0"
"FRI3","y_nw_ned_nt_pc_18_29_y",2019,"84500.0"
"FRI3","y_nw_ned_nt_pc_18_29_y",2020,"83235.0"
"FRI3","y_nw_ned_nt_pc_18_29_y",2021,"83299.0"
"FRI3","y_nw_ned_nt_pc_18_29_y",2022,"83885.0"
"FRI3","y_nw_ned_nt_pc_18_29_y",2023,"84351.0"
"FRI3","y_nw_ned_nt_pc_18_29_y",2024,"85520.0"
"FRJ1","y_nw_ned_nt_pc_18_29_y",2015,"149640.0"
"FRJ1","y_nw_ned_nt_pc_18_29_y",2016,"149627.0"
"FRJ1","y_nw_ned_nt_pc_18_29_y",2017,"147582.0"
"FRJ1","y_nw_ned_nt_pc_18_29_y",2018,"146297.0"
"FRJ1","y_nw_ned_nt_pc_18_29_y",2019,"145370.0"
"FRJ1","y_nw_ned_nt_pc_18_29_y",2020,"143973.0"
"FRJ1","y_nw_ned_nt_pc_18_29_y",2021,"145180.0"
"FRJ1","y_nw_ned_nt_pc_18_29_y",2022,"147193.0"
"FRJ1","y_nw_ned_nt_pc_18_29_y",2023,"147973.0"
"FRJ1","y_nw_ned_nt_pc_18_29_y",2024,"150056.0"
"FRJ2","y_nw_ned_nt_pc_18_29_y",2015,"171019.0"
"FRJ2","y_nw_ned_nt_pc_18_29_y",2016,"170600.0"
"FRJ2","y_nw_ned_nt_pc_18_29_y",2017,"169627.0"
"FRJ2","y_nw_ned_nt_pc_18_29_y",2018,"170580.0"
"FRJ2","y_nw_ned_nt_pc_18_29_y",2019,"169874.0"
"FRJ2","y_nw_ned_nt_pc_18_29_y",2020,"170682.0"
"FRJ2","y_nw_ned_nt_pc_18_29_y",2021,"172105.0"
"FRJ2","y_nw_ned_nt_pc_18_29_y",2022,"173699.0"
"FRJ2","y_nw_ned_nt_pc_18_29_y",2023,"175641.0"
"FRJ2","y_nw_ned_nt_pc_18_29_y",2024,"177717.0"
"FRK1","y_nw_ned_nt_pc_18_29_y",2015,"69708.0"
"FRK1","y_nw_ned_nt_pc_18_29_y",2016,"69631.0"
"FRK1","y_nw_ned_nt_pc_18_29_y",2017,"69024.0"
"FRK1","y_nw_ned_nt_pc_18_29_y",2018,"68154.0"
"FRK1","y_nw_ned_nt_pc_18_29_y",2019,"66989.0"
"FRK1","y_nw_ned_nt_pc_18_29_y",2020,"65343.0"
"FRK1","y_nw_ned_nt_pc_18_29_y",2021,"65314.0"
"FRK1","y_nw_ned_nt_pc_18_29_y",2022,"66260.0"
"FRK1","y_nw_ned_nt_pc_18_29_y",2023,"66470.0"
"FRK1","y_nw_ned_nt_pc_18_29_y",2024,"67316.0"
"FRK2","y_nw_ned_nt_pc_18_29_y",2015,"397693.0"
"FRK2","y_nw_ned_nt_pc_18_29_y",2016,"398161.0"
"FRK2","y_nw_ned_nt_pc_18_29_y",2017,"395286.0"
"FRK2","y_nw_ned_nt_pc_18_29_y",2018,"393343.0"
"FRK2","y_nw_ned_nt_pc_18_29_y",2019,"386113.0"
"FRK2","y_nw_ned_nt_pc_18_29_y",2020,"385527.0"
"FRK2","y_nw_ned_nt_pc_18_29_y",2021,"387105.0"
"FRK2","y_nw_ned_nt_pc_18_29_y",2022,"391391.0"
"FRK2","y_nw_ned_nt_pc_18_29_y",2023,"391852.0"
"FRK2","y_nw_ned_nt_pc_18_29_y",2024,"396671.0"
"FRL0","y_nw_ned_nt_pc_18_29_y",2015,"277321.0"
"FRL0","y_nw_ned_nt_pc_18_29_y",2016,"275774.0"
"FRL0","y_nw_ned_nt_pc_18_29_y",2017,"272019.0"
"FRL0","y_nw_ned_nt_pc_18_29_y",2018,"270372.0"
"FRL0","y_nw_ned_nt_pc_18_29_y",2019,"263694.0"
"FRL0","y_nw_ned_nt_pc_18_29_y",2020,"261538.0"
"FRL0","y_nw_ned_nt_pc_18_29_y",2021,"260793.0"
"FRL0","y_nw_ned_nt_pc_18_29_y",2022,"263841.0"
"FRL0","y_nw_ned_nt_pc_18_29_y",2023,"264824.0"
"FRL0","y_nw_ned_nt_pc_18_29_y",2024,"269444.0"
"FRM0","y_nw_ned_nt_pc_18_29_y",2015,"18917.0"
"FRM0","y_nw_ned_nt_pc_18_29_y",2016,"18723.0"
"FRM0","y_nw_ned_nt_pc_18_29_y",2017,"18561.0"
"FRM0","y_nw_ned_nt_pc_18_29_y",2018,"18540.0"
"FRM0","y_nw_ned_nt_pc_18_29_y",2019,"17692.0"
"FRM0","y_nw_ned_nt_pc_18_29_y",2020,"17812.0"
"FRM0","y_nw_ned_nt_pc_18_29_y",2021,"17099.0"
"FRM0","y_nw_ned_nt_pc_18_29_y",2022,"17425.0"
"FRM0","y_nw_ned_nt_pc_18_29_y",2023,"17158.0"
"FRM0","y_nw_ned_nt_pc_18_29_y",2024,"17335.0"
"FRY1","y_nw_ned_nt_pc_18_29_y",2015,"20447.0"
"FRY1","y_nw_ned_nt_pc_18_29_y",2016,"20246.0"
"FRY1","y_nw_ned_nt_pc_18_29_y",2017,"20383.0"
"FRY1","y_nw_ned_nt_pc_18_29_y",2018,"20070.0"
"FRY1","y_nw_ned_nt_pc_18_29_y",2019,"19531.0"
"FRY1","y_nw_ned_nt_pc_18_29_y",2020,"19096.0"
"FRY1","y_nw_ned_nt_pc_18_29_y",2021,"18508.0"
"FRY1","y_nw_ned_nt_pc_18_29_y",2022,"18163.0"
"FRY1","y_nw_ned_nt_pc_18_29_y",2023,"17871.0"
"FRY1","y_nw_ned_nt_pc_18_29_y",2024,"17615.0"
"FRY2","y_nw_ned_nt_pc_18_29_y",2015,"18063.0"
"FRY2","y_nw_ned_nt_pc_18_29_y",2016,"17897.0"
"FRY2","y_nw_ned_nt_pc_18_29_y",2017,"17467.0"
"FRY2","y_nw_ned_nt_pc_18_29_y",2018,"17306.0"
"FRY2","y_nw_ned_nt_pc_18_29_y",2019,"16909.0"
"FRY2","y_nw_ned_nt_pc_18_29_y",2020,"16307.0"
"FRY2","y_nw_ned_nt_pc_18_29_y",2021,"15633.0"
"FRY2","y_nw_ned_nt_pc_18_29_y",2022,"15361.0"
"FRY2","y_nw_ned_nt_pc_18_29_y",2023,"14820.0"
"FRY2","y_nw_ned_nt_pc_18_29_y",2024,"14745.0"
"FRY3","y_nw_ned_nt_pc_18_29_y",2015,"17982.0"
"FRY3","y_nw_ned_nt_pc_18_29_y",2016,"19197.0"
"FRY3","y_nw_ned_nt_pc_18_29_y",2017,"18596.0"
"FRY3","y_nw_ned_nt_pc_18_29_y",2018,"19146.0"
"FRY3","y_nw_ned_nt_pc_18_29_y",2019,"18883.0"
"FRY3","y_nw_ned_nt_pc_18_29_y",2020,"18922.0"
"FRY3","y_nw_ned_nt_pc_18_29_y",2021,"18541.0"
"FRY3","y_nw_ned_nt_pc_18_29_y",2022,"18366.0"
"FRY3","y_nw_ned_nt_pc_18_29_y",2023,"18140.0"
"FRY3","y_nw_ned_nt_pc_18_29_y",2024,"18460.0"
"FRY4","y_nw_ned_nt_pc_18_29_y",2015,"51864.0"
"FRY4","y_nw_ned_nt_pc_18_29_y",2016,"51255.0"
"FRY4","y_nw_ned_nt_pc_18_29_y",2017,"51093.0"
"FRY4","y_nw_ned_nt_pc_18_29_y",2018,"51026.0"
"FRY4","y_nw_ned_nt_pc_18_29_y",2019,"50800.0"
"FRY4","y_nw_ned_nt_pc_18_29_y",2020,"49399.0"
"FRY4","y_nw_ned_nt_pc_18_29_y",2021,"48205.0"
"FRY4","y_nw_ned_nt_pc_18_29_y",2022,"47525.0"
"FRY4","y_nw_ned_nt_pc_18_29_y",2023,"46528.0"
"FRY4","y_nw_ned_nt_pc_18_29_y",2024,"45939.0"
"FRY5","y_nw_ned_nt_pc_18_29_y",2015,"15470.0"
"FRY5","y_nw_ned_nt_pc_18_29_y",2016,"16057.0"
"FRY5","y_nw_ned_nt_pc_18_29_y",2017,"16667.0"
"FRY5","y_nw_ned_nt_pc_18_29_y",2018,"17299.0"
"FRY5","y_nw_ned_nt_pc_18_29_y",2019,"17962.0"
"FRY5","y_nw_ned_nt_pc_18_29_y",2020,"18636.0"
"FRY5","y_nw_ned_nt_pc_18_29_y",2021,"19258.0"
"FRY5","y_nw_ned_nt_pc_18_29_y",2022,"19963.0"
"FRY5","y_nw_ned_nt_pc_18_29_y",2023,"20665.0"
"FRY5","y_nw_ned_nt_pc_18_29_y",2024,"21335.0"
"HR02","y_nw_ned_nt_pc_18_29_y",2015,"72756.0"
"HR02","y_nw_ned_nt_pc_18_29_y",2016,"69547.0"
"HR02","y_nw_ned_nt_pc_18_29_y",2017,"65753.0"
"HR02","y_nw_ned_nt_pc_18_29_y",2018,"60354.0"
"HR02","y_nw_ned_nt_pc_18_29_y",2019,"57306.0"
"HR02","y_nw_ned_nt_pc_18_29_y",2020,"55016.0"
"HR02","y_nw_ned_nt_pc_18_29_y",2021,"53806.0"
"HR02","y_nw_ned_nt_pc_18_29_y",2022,"53887.0"
"HR02","y_nw_ned_nt_pc_18_29_y",2023,"54964.0"
"HR02","y_nw_ned_nt_pc_18_29_y",2024,"55967.0"
"HR03","y_nw_ned_nt_pc_18_29_y",2015,"84084.0"
"HR03","y_nw_ned_nt_pc_18_29_y",2016,"81810.0"
"HR03","y_nw_ned_nt_pc_18_29_y",2017,"79550.0"
"HR03","y_nw_ned_nt_pc_18_29_y",2018,"75785.0"
"HR03","y_nw_ned_nt_pc_18_29_y",2019,"73652.0"
"HR03","y_nw_ned_nt_pc_18_29_y",2020,"72512.0"
"HR03","y_nw_ned_nt_pc_18_29_y",2021,"70296.0"
"HR03","y_nw_ned_nt_pc_18_29_y",2022,"69689.0"
"HR03","y_nw_ned_nt_pc_18_29_y",2023,"71916.0"
"HR03","y_nw_ned_nt_pc_18_29_y",2024,"74049.0"
"HR05","y_nw_ned_nt_pc_18_29_y",2015,"50745.0"
"HR05","y_nw_ned_nt_pc_18_29_y",2016,"49462.0"
"HR05","y_nw_ned_nt_pc_18_29_y",2017,"48661.0"
"HR05","y_nw_ned_nt_pc_18_29_y",2018,"47387.0"
"HR05","y_nw_ned_nt_pc_18_29_y",2019,"46595.0"
"HR05","y_nw_ned_nt_pc_18_29_y",2020,"46947.0"
"HR05","y_nw_ned_nt_pc_18_29_y",2021,"47078.0"
"HR05","y_nw_ned_nt_pc_18_29_y",2022,"47799.0"
"HR05","y_nw_ned_nt_pc_18_29_y",2023,"48981.0"
"HR05","y_nw_ned_nt_pc_18_29_y",2024,"49761.0"
"HR06","y_nw_ned_nt_pc_18_29_y",2015,"52696.0"
"HR06","y_nw_ned_nt_pc_18_29_y",2016,"50367.0"
"HR06","y_nw_ned_nt_pc_18_29_y",2017,"48374.0"
"HR06","y_nw_ned_nt_pc_18_29_y",2018,"46211.0"
"HR06","y_nw_ned_nt_pc_18_29_y",2019,"44397.0"
"HR06","y_nw_ned_nt_pc_18_29_y",2020,"43418.0"
"HR06","y_nw_ned_nt_pc_18_29_y",2021,"43264.0"
"HR06","y_nw_ned_nt_pc_18_29_y",2022,"43676.0"
"HR06","y_nw_ned_nt_pc_18_29_y",2023,"45014.0"
"HR06","y_nw_ned_nt_pc_18_29_y",2024,"46617.0"
"ITC1","y_nw_ned_nt_pc_18_29_y",2015,"211421.0"
"ITC1","y_nw_ned_nt_pc_18_29_y",2016,"210148.0"
"ITC1","y_nw_ned_nt_pc_18_29_y",2017,"210309.0"
"ITC1","y_nw_ned_nt_pc_18_29_y",2018,"210665.0"
"ITC1","y_nw_ned_nt_pc_18_29_y",2019,"208696.0"
"ITC1","y_nw_ned_nt_pc_18_29_y",2020,"208072.0"
"ITC1","y_nw_ned_nt_pc_18_29_y",2021,"205447.0"
"ITC1","y_nw_ned_nt_pc_18_29_y",2022,"203792.0"
"ITC1","y_nw_ned_nt_pc_18_29_y",2023,"206975.0"
"ITC1","y_nw_ned_nt_pc_18_29_y",2024,"211740.0"
"ITC2","y_nw_ned_nt_pc_18_29_y",2015,"6378.0"
"ITC2","y_nw_ned_nt_pc_18_29_y",2016,"6215.0"
"ITC2","y_nw_ned_nt_pc_18_29_y",2017,"6157.0"
"ITC2","y_nw_ned_nt_pc_18_29_y",2018,"6148.0"
"ITC2","y_nw_ned_nt_pc_18_29_y",2019,"6050.0"
"ITC2","y_nw_ned_nt_pc_18_29_y",2020,"5975.0"
"ITC2","y_nw_ned_nt_pc_18_29_y",2021,"5847.0"
"ITC2","y_nw_ned_nt_pc_18_29_y",2022,"5885.0"
"ITC2","y_nw_ned_nt_pc_18_29_y",2023,"5844.0"
"ITC2","y_nw_ned_nt_pc_18_29_y",2024,"5918.0"
"ITC3","y_nw_ned_nt_pc_18_29_y",2015,"68773.0"
"ITC3","y_nw_ned_nt_pc_18_29_y",2016,"68522.0"
"ITC3","y_nw_ned_nt_pc_18_29_y",2017,"69680.0"
"ITC3","y_nw_ned_nt_pc_18_29_y",2018,"70383.0"
"ITC3","y_nw_ned_nt_pc_18_29_y",2019,"70116.0"
"ITC3","y_nw_ned_nt_pc_18_29_y",2020,"69549.0"
"ITC3","y_nw_ned_nt_pc_18_29_y",2021,"69197.0"
"ITC3","y_nw_ned_nt_pc_18_29_y",2022,"68968.0"
"ITC3","y_nw_ned_nt_pc_18_29_y",2023,"69838.0"
"ITC3","y_nw_ned_nt_pc_18_29_y",2024,"71142.0"
"ITC4","y_nw_ned_nt_pc_18_29_y",2015,"503891.0"
"ITC4","y_nw_ned_nt_pc_18_29_y",2016,"501398.0"
"ITC4","y_nw_ned_nt_pc_18_29_y",2017,"502772.0"
"ITC4","y_nw_ned_nt_pc_18_29_y",2018,"505747.0"
"ITC4","y_nw_ned_nt_pc_18_29_y",2019,"505413.0"
"ITC4","y_nw_ned_nt_pc_18_29_y",2020,"506923.0"
"ITC4","y_nw_ned_nt_pc_18_29_y",2021,"505359.0"
"ITC4","y_nw_ned_nt_pc_18_29_y",2022,"499410.0"
"ITC4","y_nw_ned_nt_pc_18_29_y",2023,"508599.0"
"ITC4","y_nw_ned_nt_pc_18_29_y",2024,"520311.0"
"ITF1","y_nw_ned_nt_pc_18_29_y",2015,"74285.0"
"ITF1","y_nw_ned_nt_pc_18_29_y",2016,"73103.0"
"ITF1","y_nw_ned_nt_pc_18_29_y",2017,"72253.0"
"ITF1","y_nw_ned_nt_pc_18_29_y",2018,"71619.0"
"ITF1","y_nw_ned_nt_pc_18_29_y",2019,"70209.0"
"ITF1","y_nw_ned_nt_pc_18_29_y",2020,"68199.0"
"ITF1","y_nw_ned_nt_pc_18_29_y",2021,"65341.0"
"ITF1","y_nw_ned_nt_pc_18_29_y",2022,"63923.0"
"ITF1","y_nw_ned_nt_pc_18_29_y",2023,"62691.0"
"ITF1","y_nw_ned_nt_pc_18_29_y",2024,"62131.0"
"ITF2","y_nw_ned_nt_pc_18_29_y",2015,"18035.0"
"ITF2","y_nw_ned_nt_pc_18_29_y",2016,"17936.0"
"ITF2","y_nw_ned_nt_pc_18_29_y",2017,"17898.0"
"ITF2","y_nw_ned_nt_pc_18_29_y",2018,"17752.0"
"ITF2","y_nw_ned_nt_pc_18_29_y",2019,"17347.0"
"ITF2","y_nw_ned_nt_pc_18_29_y",2020,"16722.0"
"ITF2","y_nw_ned_nt_pc_18_29_y",2021,"15827.0"
"ITF2","y_nw_ned_nt_pc_18_29_y",2022,"15459.0"
"ITF2","y_nw_ned_nt_pc_18_29_y",2023,"15172.0"
"ITF2","y_nw_ned_nt_pc_18_29_y",2024,"15084.0"
"ITF3","y_nw_ned_nt_pc_18_29_y",2015,"371017.0"
"ITF3","y_nw_ned_nt_pc_18_29_y",2016,"371046.0"
"ITF3","y_nw_ned_nt_pc_18_29_y",2017,"371343.0"
"ITF3","y_nw_ned_nt_pc_18_29_y",2018,"371606.0"
"ITF3","y_nw_ned_nt_pc_18_29_y",2019,"363920.0"
"ITF3","y_nw_ned_nt_pc_18_29_y",2020,"354312.0"
"ITF3","y_nw_ned_nt_pc_18_29_y",2021,"333875.0"
"ITF3","y_nw_ned_nt_pc_18_29_y",2022,"327921.0"
"ITF3","y_nw_ned_nt_pc_18_29_y",2023,"320342.0"
"ITF3","y_nw_ned_nt_pc_18_29_y",2024,"316237.0"
"ITF4","y_nw_ned_nt_pc_18_29_y",2015,"239215.0"
"ITF4","y_nw_ned_nt_pc_18_29_y",2016,"238343.0"
"ITF4","y_nw_ned_nt_pc_18_29_y",2017,"237013.0"
"ITF4","y_nw_ned_nt_pc_18_29_y",2018,"235074.0"
"ITF4","y_nw_ned_nt_pc_18_29_y",2019,"229819.0"
"ITF4","y_nw_ned_nt_pc_18_29_y",2020,"223657.0"
"ITF4","y_nw_ned_nt_pc_18_29_y",2021,"215216.0"
"ITF4","y_nw_ned_nt_pc_18_29_y",2022,"211689.0"
"ITF4","y_nw_ned_nt_pc_18_29_y",2023,"206855.0"
"ITF4","y_nw_ned_nt_pc_18_29_y",2024,"203708.0"
"ITF5","y_nw_ned_nt_pc_18_29_y",2015,"34906.0"
"ITF5","y_nw_ned_nt_pc_18_29_y",2016,"34790.0"
"ITF5","y_nw_ned_nt_pc_18_29_y",2017,"34388.0"
"ITF5","y_nw_ned_nt_pc_18_29_y",2018,"34127.0"
"ITF5","y_nw_ned_nt_pc_18_29_y",2019,"33245.0"
"ITF5","y_nw_ned_nt_pc_18_29_y",2020,"32043.0"
"ITF5","y_nw_ned_nt_pc_18_29_y",2021,"30177.0"
"ITF5","y_nw_ned_nt_pc_18_29_y",2022,"29364.0"
"ITF5","y_nw_ned_nt_pc_18_29_y",2023,"28466.0"
"ITF5","y_nw_ned_nt_pc_18_29_y",2024,"27950.0"
"ITF6","y_nw_ned_nt_pc_18_29_y",2015,"126666.0"
"ITF6","y_nw_ned_nt_pc_18_29_y",2016,"125659.0"
"ITF6","y_nw_ned_nt_pc_18_29_y",2017,"123913.0"
"ITF6","y_nw_ned_nt_pc_18_29_y",2018,"121693.0"
"ITF6","y_nw_ned_nt_pc_18_29_y",2019,"117588.0"
"ITF6","y_nw_ned_nt_pc_18_29_y",2020,"111943.0"
"ITF6","y_nw_ned_nt_pc_18_29_y",2021,"104071.0"
"ITF6","y_nw_ned_nt_pc_18_29_y",2022,"101343.0"
"ITF6","y_nw_ned_nt_pc_18_29_y",2023,"98345.0"
"ITF6","y_nw_ned_nt_pc_18_29_y",2024,"96533.0"
"ITG1","y_nw_ned_nt_pc_18_29_y",2015,"312168.0"
"ITG1","y_nw_ned_nt_pc_18_29_y",2016,"311543.0"
"ITG1","y_nw_ned_nt_pc_18_29_y",2017,"309274.0"
"ITG1","y_nw_ned_nt_pc_18_29_y",2018,"306313.0"
"ITG1","y_nw_ned_nt_pc_18_29_y",2019,"298810.0"
"ITG1","y_nw_ned_nt_pc_18_29_y",2020,"288509.0"
"ITG1","y_nw_ned_nt_pc_18_29_y",2021,"271322.0"
"ITG1","y_nw_ned_nt_pc_18_29_y",2022,"266686.0"
"ITG1","y_nw_ned_nt_pc_18_29_y",2023,"259510.0"
"ITG1","y_nw_ned_nt_pc_18_29_y",2024,"254798.0"
"ITG2","y_nw_ned_nt_pc_18_29_y",2015,"90040.0"
"ITG2","y_nw_ned_nt_pc_18_29_y",2016,"88635.0"
"ITG2","y_nw_ned_nt_pc_18_29_y",2017,"87361.0"
"ITG2","y_nw_ned_nt_pc_18_29_y",2018,"85737.0"
"ITG2","y_nw_ned_nt_pc_18_29_y",2019,"83217.0"
"ITG2","y_nw_ned_nt_pc_18_29_y",2020,"80193.0"
"ITG2","y_nw_ned_nt_pc_18_29_y",2021,"74789.0"
"ITG2","y_nw_ned_nt_pc_18_29_y",2022,"72912.0"
"ITG2","y_nw_ned_nt_pc_18_29_y",2023,"71207.0"
"ITG2","y_nw_ned_nt_pc_18_29_y",2024,"70016.0"
"ITH1","y_nw_ned_nt_pc_18_29_y",2015,"29327.0"
"ITH1","y_nw_ned_nt_pc_18_29_y",2016,"29352.0"
"ITH1","y_nw_ned_nt_pc_18_29_y",2017,"29835.0"
"ITH1","y_nw_ned_nt_pc_18_29_y",2018,"30399.0"
"ITH1","y_nw_ned_nt_pc_18_29_y",2019,"30585.0"
"ITH1","y_nw_ned_nt_pc_18_29_y",2020,"30570.0"
"ITH1","y_nw_ned_nt_pc_18_29_y",2021,"30289.0"
"ITH1","y_nw_ned_nt_pc_18_29_y",2022,"29765.0"
"ITH1","y_nw_ned_nt_pc_18_29_y",2023,"30090.0"
"ITH1","y_nw_ned_nt_pc_18_29_y",2024,"30619.0"
"ITH2","y_nw_ned_nt_pc_18_29_y",2015,"28289.0"
"ITH2","y_nw_ned_nt_pc_18_29_y",2016,"28374.0"
"ITH2","y_nw_ned_nt_pc_18_29_y",2017,"28522.0"
"ITH2","y_nw_ned_nt_pc_18_29_y",2018,"28908.0"
"ITH2","y_nw_ned_nt_pc_18_29_y",2019,"29013.0"
"ITH2","y_nw_ned_nt_pc_18_29_y",2020,"29173.0"
"ITH2","y_nw_ned_nt_pc_18_29_y",2021,"29199.0"
"ITH2","y_nw_ned_nt_pc_18_29_y",2022,"29053.0"
"ITH2","y_nw_ned_nt_pc_18_29_y",2023,"29315.0"
"ITH2","y_nw_ned_nt_pc_18_29_y",2024,"29803.0"
"ITH3","y_nw_ned_nt_pc_18_29_y",2015,"243729.0"
"ITH3","y_nw_ned_nt_pc_18_29_y",2016,"241703.0"
"ITH3","y_nw_ned_nt_pc_18_29_y",2017,"242224.0"
"ITH3","y_nw_ned_nt_pc_18_29_y",2018,"244804.0"
"ITH3","y_nw_ned_nt_pc_18_29_y",2019,"244506.0"
"ITH3","y_nw_ned_nt_pc_18_29_y",2020,"243464.0"
"ITH3","y_nw_ned_nt_pc_18_29_y",2021,"242443.0"
"ITH3","y_nw_ned_nt_pc_18_29_y",2022,"240205.0"
"ITH3","y_nw_ned_nt_pc_18_29_y",2023,"242917.0"
"ITH3","y_nw_ned_nt_pc_18_29_y",2024,"247139.0"
"ITH4","y_nw_ned_nt_pc_18_29_y",2015,"56744.0"
"ITH4","y_nw_ned_nt_pc_18_29_y",2016,"56064.0"
"ITH4","y_nw_ned_nt_pc_18_29_y",2017,"56027.0"
"ITH4","y_nw_ned_nt_pc_18_29_y",2018,"57056.0"
"ITH4","y_nw_ned_nt_pc_18_29_y",2019,"56780.0"
"ITH4","y_nw_ned_nt_pc_18_29_y",2020,"56027.0"
"ITH4","y_nw_ned_nt_pc_18_29_y",2021,"55660.0"
"ITH4","y_nw_ned_nt_pc_18_29_y",2022,"55333.0"
"ITH4","y_nw_ned_nt_pc_18_29_y",2023,"55782.0"
"ITH4","y_nw_ned_nt_pc_18_29_y",2024,"56904.0"
"ITH5","y_nw_ned_nt_pc_18_29_y",2015,"210624.0"
"ITH5","y_nw_ned_nt_pc_18_29_y",2016,"210222.0"
"ITH5","y_nw_ned_nt_pc_18_29_y",2017,"212168.0"
"ITH5","y_nw_ned_nt_pc_18_29_y",2018,"215308.0"
"ITH5","y_nw_ned_nt_pc_18_29_y",2019,"216901.0"
"ITH5","y_nw_ned_nt_pc_18_29_y",2020,"218803.0"
"ITH5","y_nw_ned_nt_pc_18_29_y",2021,"218464.0"
"ITH5","y_nw_ned_nt_pc_18_29_y",2022,"216587.0"
"ITH5","y_nw_ned_nt_pc_18_29_y",2023,"220401.0"
"ITH5","y_nw_ned_nt_pc_18_29_y",2024,"225628.0"
"ITI1","y_nw_ned_nt_pc_18_29_y",2015,"180197.0"
"ITI1","y_nw_ned_nt_pc_18_29_y",2016,"178652.0"
"ITI1","y_nw_ned_nt_pc_18_29_y",2017,"179435.0"
"ITI1","y_nw_ned_nt_pc_18_29_y",2018,"179647.0"
"ITI1","y_nw_ned_nt_pc_18_29_y",2019,"176948.0"
"ITI1","y_nw_ned_nt_pc_18_29_y",2020,"175038.0"
"ITI1","y_nw_ned_nt_pc_18_29_y",2021,"173495.0"
"ITI1","y_nw_ned_nt_pc_18_29_y",2022,"170191.0"
"ITI1","y_nw_ned_nt_pc_18_29_y",2023,"171265.0"
"ITI1","y_nw_ned_nt_pc_18_29_y",2024,"173571.0"
"ITI2","y_nw_ned_nt_pc_18_29_y",2015,"45565.0"
"ITI2","y_nw_ned_nt_pc_18_29_y",2016,"44610.0"
"ITI2","y_nw_ned_nt_pc_18_29_y",2017,"43989.0"
"ITI2","y_nw_ned_nt_pc_18_29_y",2018,"43778.0"
"ITI2","y_nw_ned_nt_pc_18_29_y",2019,"42779.0"
"ITI2","y_nw_ned_nt_pc_18_29_y",2020,"41926.0"
"ITI2","y_nw_ned_nt_pc_18_29_y",2021,"40845.0"
"ITI2","y_nw_ned_nt_pc_18_29_y",2022,"40103.0"
"ITI2","y_nw_ned_nt_pc_18_29_y",2023,"39903.0"
"ITI2","y_nw_ned_nt_pc_18_29_y",2024,"39912.0"
"ITI3","y_nw_ned_nt_pc_18_29_y",2015,"78882.0"
"ITI3","y_nw_ned_nt_pc_18_29_y",2016,"77847.0"
"ITI3","y_nw_ned_nt_pc_18_29_y",2017,"77236.0"
"ITI3","y_nw_ned_nt_pc_18_29_y",2018,"77260.0"
"ITI3","y_nw_ned_nt_pc_18_29_y",2019,"76142.0"
"ITI3","y_nw_ned_nt_pc_18_29_y",2020,"74815.0"
"ITI3","y_nw_ned_nt_pc_18_29_y",2021,"72979.0"
"ITI3","y_nw_ned_nt_pc_18_29_y",2022,"72002.0"
"ITI3","y_nw_ned_nt_pc_18_29_y",2023,"72180.0"
"ITI3","y_nw_ned_nt_pc_18_29_y",2024,"72994.0"
"ITI4","y_nw_ned_nt_pc_18_29_y",2015,"305464.0"
"ITI4","y_nw_ned_nt_pc_18_29_y",2016,"304624.0"
"ITI4","y_nw_ned_nt_pc_18_29_y",2017,"304054.0"
"ITI4","y_nw_ned_nt_pc_18_29_y",2018,"302616.0"
"ITI4","y_nw_ned_nt_pc_18_29_y",2019,"297515.0"
"ITI4","y_nw_ned_nt_pc_18_29_y",2020,"292581.0"
"ITI4","y_nw_ned_nt_pc_18_29_y",2021,"285737.0"
"ITI4","y_nw_ned_nt_pc_18_29_y",2022,"280754.0"
"ITI4","y_nw_ned_nt_pc_18_29_y",2023,"279973.0"
"ITI4","y_nw_ned_nt_pc_18_29_y",2024,"280073.0"
"CY00","y_nw_ned_nt_pc_18_29_y",2015,"72451.0"
"CY00","y_nw_ned_nt_pc_18_29_y",2016,"71753.0"
"CY00","y_nw_ned_nt_pc_18_29_y",2017,"69787.0"
"CY00","y_nw_ned_nt_pc_18_29_y",2018,"69851.0"
"CY00","y_nw_ned_nt_pc_18_29_y",2019,"69146.0"
"CY00","y_nw_ned_nt_pc_18_29_y",2020,"69200.0"
"CY00","y_nw_ned_nt_pc_18_29_y",2021,"68969.0"
"CY00","y_nw_ned_nt_pc_18_29_y",2022,"69074.0"
"CY00","y_nw_ned_nt_pc_18_29_y",2023,"68696.0"
"CY00","y_nw_ned_nt_pc_18_29_y",2024,"67821.0"
"LV00","y_nw_ned_nt_pc_18_29_y",2015,"144802.0"
"LV00","y_nw_ned_nt_pc_18_29_y",2016,"142180.0"
"LV00","y_nw_ned_nt_pc_18_29_y",2017,"137155.0"
"LV00","y_nw_ned_nt_pc_18_29_y",2018,"131714.0"
"LV00","y_nw_ned_nt_pc_18_29_y",2019,"123792.0"
"LV00","y_nw_ned_nt_pc_18_29_y",2020,"115546.0"
"LV00","y_nw_ned_nt_pc_18_29_y",2021,"106132.0"
"LV00","y_nw_ned_nt_pc_18_29_y",2022,"97180.0"
"LV00","y_nw_ned_nt_pc_18_29_y",2023,"90043.0"
"LV00","y_nw_ned_nt_pc_18_29_y",2024,"84766.0"
"LT01","y_nw_ned_nt_pc_18_29_y",2015,"62583.0"
"LT01","y_nw_ned_nt_pc_18_29_y",2016,"61808.0"
"LT01","y_nw_ned_nt_pc_18_29_y",2017,"60421.0"
"LT01","y_nw_ned_nt_pc_18_29_y",2018,"56572.0"
"LT01","y_nw_ned_nt_pc_18_29_y",2019,"53553.0"
"LT01","y_nw_ned_nt_pc_18_29_y",2020,"48575.0"
"LT01","y_nw_ned_nt_pc_18_29_y",2021,"48340.0"
"LT01","y_nw_ned_nt_pc_18_29_y",2022,"46315.0"
"LT01","y_nw_ned_nt_pc_18_29_y",2023,"47454.0"
"LT01","y_nw_ned_nt_pc_18_29_y",2024,"47948.0"
"LT02","y_nw_ned_nt_pc_18_29_y",2015,"128485.0"
"LT02","y_nw_ned_nt_pc_18_29_y",2016,"127701.0"
"LT02","y_nw_ned_nt_pc_18_29_y",2017,"125624.0"
"LT02","y_nw_ned_nt_pc_18_29_y",2018,"126127.0"
"LT02","y_nw_ned_nt_pc_18_29_y",2019,"127020.0"
"LT02","y_nw_ned_nt_pc_18_29_y",2020,"127922.0"
"LT02","y_nw_ned_nt_pc_18_29_y",2021,"120862.0"
"LT02","y_nw_ned_nt_pc_18_29_y",2022,"116253.0"
"LT02","y_nw_ned_nt_pc_18_29_y",2023,"112453.0"
"LT02","y_nw_ned_nt_pc_18_29_y",2024,"111413.0"
"LU00","y_nw_ned_nt_pc_18_29_y",2015,"40196.0"
"LU00","y_nw_ned_nt_pc_18_29_y",2016,"41908.0"
"LU00","y_nw_ned_nt_pc_18_29_y",2017,"43165.0"
"LU00","y_nw_ned_nt_pc_18_29_y",2018,"44724.0"
"LU00","y_nw_ned_nt_pc_18_29_y",2019,"46125.0"
"LU00","y_nw_ned_nt_pc_18_29_y",2020,"47573.0"
"LU00","y_nw_ned_nt_pc_18_29_y",2021,"47600.0"
"LU00","y_nw_ned_nt_pc_18_29_y",2022,"48783.0"
"LU00","y_nw_ned_nt_pc_18_29_y",2023,"50321.0"
"LU00","y_nw_ned_nt_pc_18_29_y",2024,"51035.0"
"HU11","y_nw_ned_nt_pc_18_29_y",2015,"120495.0"
"HU11","y_nw_ned_nt_pc_18_29_y",2016,"118824.0"
"HU11","y_nw_ned_nt_pc_18_29_y",2017,"119247.0"
"HU11","y_nw_ned_nt_pc_18_29_y",2018,"120415.0"
"HU11","y_nw_ned_nt_pc_18_29_y",2019,"121649.0"
"HU11","y_nw_ned_nt_pc_18_29_y",2020,"119881.0"
"HU11","y_nw_ned_nt_pc_18_29_y",2021,"115433.0"
"HU11","y_nw_ned_nt_pc_18_29_y",2022,"110272.0"
"HU11","y_nw_ned_nt_pc_18_29_y",2023,"111729.0"
"HU11","y_nw_ned_nt_pc_18_29_y",2024,"111658.0"
"HU12","y_nw_ned_nt_pc_18_29_y",2015,"69068.0"
"HU12","y_nw_ned_nt_pc_18_29_y",2016,"69567.0"
"HU12","y_nw_ned_nt_pc_18_29_y",2017,"70889.0"
"HU12","y_nw_ned_nt_pc_18_29_y",2018,"72471.0"
"HU12","y_nw_ned_nt_pc_18_29_y",2019,"73693.0"
"HU12","y_nw_ned_nt_pc_18_29_y",2020,"74623.0"
"HU12","y_nw_ned_nt_pc_18_29_y",2021,"74623.0"
"HU12","y_nw_ned_nt_pc_18_29_y",2022,"73149.0"
"HU12","y_nw_ned_nt_pc_18_29_y",2023,"72128.0"
"HU12","y_nw_ned_nt_pc_18_29_y",2024,"70124.0"
"HU21","y_nw_ned_nt_pc_18_29_y",2015,"65460.0"
"HU21","y_nw_ned_nt_pc_18_29_y",2016,"66012.0"
"HU21","y_nw_ned_nt_pc_18_29_y",2017,"66420.0"
"HU21","y_nw_ned_nt_pc_18_29_y",2018,"67132.0"
"HU21","y_nw_ned_nt_pc_18_29_y",2019,"67739.0"
"HU21","y_nw_ned_nt_pc_18_29_y",2020,"68345.0"
"HU21","y_nw_ned_nt_pc_18_29_y",2021,"67028.0"
"HU21","y_nw_ned_nt_pc_18_29_y",2022,"64672.0"
"HU21","y_nw_ned_nt_pc_18_29_y",2023,"59981.0"
"HU21","y_nw_ned_nt_pc_18_29_y",2024,"57985.0"
"HU22","y_nw_ned_nt_pc_18_29_y",2015,"58791.0"
"HU22","y_nw_ned_nt_pc_18_29_y",2016,"59124.0"
"HU22","y_nw_ned_nt_pc_18_29_y",2017,"59532.0"
"HU22","y_nw_ned_nt_pc_18_29_y",2018,"59756.0"
"HU22","y_nw_ned_nt_pc_18_29_y",2019,"60005.0"
"HU22","y_nw_ned_nt_pc_18_29_y",2020,"60323.0"
"HU22","y_nw_ned_nt_pc_18_29_y",2021,"59653.0"
"HU22","y_nw_ned_nt_pc_18_29_y",2022,"57986.0"
"HU22","y_nw_ned_nt_pc_18_29_y",2023,"54910.0"
"HU22","y_nw_ned_nt_pc_18_29_y",2024,"53005.0"
"HU23","y_nw_ned_nt_pc_18_29_y",2015,"53600.0"
"HU23","y_nw_ned_nt_pc_18_29_y",2016,"54210.0"
"HU23","y_nw_ned_nt_pc_18_29_y",2017,"54485.0"
"HU23","y_nw_ned_nt_pc_18_29_y",2018,"54530.0"
"HU23","y_nw_ned_nt_pc_18_29_y",2019,"54496.0"
"HU23","y_nw_ned_nt_pc_18_29_y",2020,"54582.0"
"HU23","y_nw_ned_nt_pc_18_29_y",2021,"53878.0"
"HU23","y_nw_ned_nt_pc_18_29_y",2022,"52815.0"
"HU23","y_nw_ned_nt_pc_18_29_y",2023,"48012.0"
"HU23","y_nw_ned_nt_pc_18_29_y",2024,"46418.0"
"HU31","y_nw_ned_nt_pc_18_29_y",2015,"71972.0"
"HU31","y_nw_ned_nt_pc_18_29_y",2016,"72313.0"
"HU31","y_nw_ned_nt_pc_18_29_y",2017,"72545.0"
"HU31","y_nw_ned_nt_pc_18_29_y",2018,"72778.0"
"HU31","y_nw_ned_nt_pc_18_29_y",2019,"72252.0"
"HU31","y_nw_ned_nt_pc_18_29_y",2020,"72845.0"
"HU31","y_nw_ned_nt_pc_18_29_y",2021,"72370.0"
"HU31","y_nw_ned_nt_pc_18_29_y",2022,"70847.0"
"HU31","y_nw_ned_nt_pc_18_29_y",2023,"65699.0"
"HU31","y_nw_ned_nt_pc_18_29_y",2024,"64122.0"
"HU32","y_nw_ned_nt_pc_18_29_y",2015,"96036.0"
"HU32","y_nw_ned_nt_pc_18_29_y",2016,"96669.0"
"HU32","y_nw_ned_nt_pc_18_29_y",2017,"97021.0"
"HU32","y_nw_ned_nt_pc_18_29_y",2018,"97027.0"
"HU32","y_nw_ned_nt_pc_18_29_y",2019,"96378.0"
"HU32","y_nw_ned_nt_pc_18_29_y",2020,"95949.0"
"HU32","y_nw_ned_nt_pc_18_29_y",2021,"95221.0"
"HU32","y_nw_ned_nt_pc_18_29_y",2022,"93575.0"
"HU32","y_nw_ned_nt_pc_18_29_y",2023,"86782.0"
"HU32","y_nw_ned_nt_pc_18_29_y",2024,"84896.0"
"HU33","y_nw_ned_nt_pc_18_29_y",2015,"77566.0"
"HU33","y_nw_ned_nt_pc_18_29_y",2016,"78179.0"
"HU33","y_nw_ned_nt_pc_18_29_y",2017,"78194.0"
"HU33","y_nw_ned_nt_pc_18_29_y",2018,"77995.0"
"HU33","y_nw_ned_nt_pc_18_29_y",2019,"78123.0"
"HU33","y_nw_ned_nt_pc_18_29_y",2020,"77564.0"
"HU33","y_nw_ned_nt_pc_18_29_y",2021,"76728.0"
"HU33","y_nw_ned_nt_pc_18_29_y",2022,"75289.0"
"HU33","y_nw_ned_nt_pc_18_29_y",2023,"68831.0"
"HU33","y_nw_ned_nt_pc_18_29_y",2024,"66450.0"
"MT00","y_nw_ned_nt_pc_18_29_y",2015,"33399.0"
"MT00","y_nw_ned_nt_pc_18_29_y",2016,"35048.0"
"MT00","y_nw_ned_nt_pc_18_29_y",2017,"36261.0"
"MT00","y_nw_ned_nt_pc_18_29_y",2018,"38915.0"
"MT00","y_nw_ned_nt_pc_18_29_y",2019,"41939.0"
"MT00","y_nw_ned_nt_pc_18_29_y",2020,"44773.0"
"MT00","y_nw_ned_nt_pc_18_29_y",2021,"43550.0"
"MT00","y_nw_ned_nt_pc_18_29_y",2022,"42987.0"
"MT00","y_nw_ned_nt_pc_18_29_y",2023,"46662.0"
"MT00","y_nw_ned_nt_pc_18_29_y",2024,"50672.0"
"NL11","y_nw_ned_nt_pc_18_29_y",2015,"39392.0"
"NL11","y_nw_ned_nt_pc_18_29_y",2016,"40336.0"
"NL11","y_nw_ned_nt_pc_18_29_y",2017,"40881.0"
"NL11","y_nw_ned_nt_pc_18_29_y",2018,"41018.0"
"NL11","y_nw_ned_nt_pc_18_29_y",2019,"41775.0"
"NL11","y_nw_ned_nt_pc_18_29_y",2020,"42502.0"
"NL11","y_nw_ned_nt_pc_18_29_y",2021,"42679.0"
"NL11","y_nw_ned_nt_pc_18_29_y",2022,"43095.0"
"NL11","y_nw_ned_nt_pc_18_29_y",2023,"44298.0"
"NL11","y_nw_ned_nt_pc_18_29_y",2024,"45217.0"
"NL12","y_nw_ned_nt_pc_18_29_y",2015,"34656.0"
"NL12","y_nw_ned_nt_pc_18_29_y",2016,"34719.0"
"NL12","y_nw_ned_nt_pc_18_29_y",2017,"35003.0"
"NL12","y_nw_ned_nt_pc_18_29_y",2018,"35156.0"
"NL12","y_nw_ned_nt_pc_18_29_y",2019,"35447.0"
"NL12","y_nw_ned_nt_pc_18_29_y",2020,"35736.0"
"NL12","y_nw_ned_nt_pc_18_29_y",2021,"35835.0"
"NL12","y_nw_ned_nt_pc_18_29_y",2022,"35824.0"
"NL12","y_nw_ned_nt_pc_18_29_y",2023,"36450.0"
"NL12","y_nw_ned_nt_pc_18_29_y",2024,"36857.0"
"NL13","y_nw_ned_nt_pc_18_29_y",2015,"22996.0"
"NL13","y_nw_ned_nt_pc_18_29_y",2016,"22980.0"
"NL13","y_nw_ned_nt_pc_18_29_y",2017,"22955.0"
"NL13","y_nw_ned_nt_pc_18_29_y",2018,"22846.0"
"NL13","y_nw_ned_nt_pc_18_29_y",2019,"22837.0"
"NL13","y_nw_ned_nt_pc_18_29_y",2020,"22977.0"
"NL13","y_nw_ned_nt_pc_18_29_y",2021,"22993.0"
"NL13","y_nw_ned_nt_pc_18_29_y",2022,"23198.0"
"NL13","y_nw_ned_nt_pc_18_29_y",2023,"23695.0"
"NL13","y_nw_ned_nt_pc_18_29_y",2024,"24487.0"
"NL21","y_nw_ned_nt_pc_18_29_y",2015,"68806.0"
"NL21","y_nw_ned_nt_pc_18_29_y",2016,"69135.0"
"NL21","y_nw_ned_nt_pc_18_29_y",2017,"69185.0"
"NL21","y_nw_ned_nt_pc_18_29_y",2018,"69378.0"
"NL21","y_nw_ned_nt_pc_18_29_y",2019,"70148.0"
"NL21","y_nw_ned_nt_pc_18_29_y",2020,"70791.0"
"NL21","y_nw_ned_nt_pc_18_29_y",2021,"70869.0"
"NL21","y_nw_ned_nt_pc_18_29_y",2022,"71342.0"
"NL21","y_nw_ned_nt_pc_18_29_y",2023,"72717.0"
"NL21","y_nw_ned_nt_pc_18_29_y",2024,"73929.0"
"NL22","y_nw_ned_nt_pc_18_29_y",2015,"114529.0"
"NL22","y_nw_ned_nt_pc_18_29_y",2016,"116718.0"
"NL22","y_nw_ned_nt_pc_18_29_y",2017,"119003.0"
"NL22","y_nw_ned_nt_pc_18_29_y",2018,"120651.0"
"NL22","y_nw_ned_nt_pc_18_29_y",2019,"123037.0"
"NL22","y_nw_ned_nt_pc_18_29_y",2020,"125659.0"
"NL22","y_nw_ned_nt_pc_18_29_y",2021,"126467.0"
"NL22","y_nw_ned_nt_pc_18_29_y",2022,"126658.0"
"NL22","y_nw_ned_nt_pc_18_29_y",2023,"128689.0"
"NL22","y_nw_ned_nt_pc_18_29_y",2024,"130836.0"
"NL23","y_nw_ned_nt_pc_18_29_y",2015,"25680.0"
"NL23","y_nw_ned_nt_pc_18_29_y",2016,"25958.0"
"NL23","y_nw_ned_nt_pc_18_29_y",2017,"26427.0"
"NL23","y_nw_ned_nt_pc_18_29_y",2018,"26735.0"
"NL23","y_nw_ned_nt_pc_18_29_y",2019,"26987.0"
"NL23","y_nw_ned_nt_pc_18_29_y",2020,"27503.0"
"NL23","y_nw_ned_nt_pc_18_29_y",2021,"27415.0"
"NL23","y_nw_ned_nt_pc_18_29_y",2022,"27374.0"
"NL23","y_nw_ned_nt_pc_18_29_y",2023,"28170.0"
"NL23","y_nw_ned_nt_pc_18_29_y",2024,"28134.0"
"NL32","y_nw_ned_nt_pc_18_29_y",2015,"189719.0"
"NL32","y_nw_ned_nt_pc_18_29_y",2016,"195938.0"
"NL32","y_nw_ned_nt_pc_18_29_y",2017,"201770.0"
"NL32","y_nw_ned_nt_pc_18_29_y",2018,"205894.0"
"NL32","y_nw_ned_nt_pc_18_29_y",2019,"209195.0"
"NL32","y_nw_ned_nt_pc_18_29_y",2020,"212523.0"
"NL32","y_nw_ned_nt_pc_18_29_y",2021,"208865.0"
"NL32","y_nw_ned_nt_pc_18_29_y",2022,"208850.0"
"NL32","y_nw_ned_nt_pc_18_29_y",2023,"213252.0"
"NL32","y_nw_ned_nt_pc_18_29_y",2024,"216722.0"
"NL34","y_nw_ned_nt_pc_18_29_y",2015,"19449.0"
"NL34","y_nw_ned_nt_pc_18_29_y",2016,"19747.0"
"NL34","y_nw_ned_nt_pc_18_29_y",2017,"19746.0"
"NL34","y_nw_ned_nt_pc_18_29_y",2018,"19921.0"
"NL34","y_nw_ned_nt_pc_18_29_y",2019,"20059.0"
"NL34","y_nw_ned_nt_pc_18_29_y",2020,"20211.0"
"NL34","y_nw_ned_nt_pc_18_29_y",2021,"19986.0"
"NL34","y_nw_ned_nt_pc_18_29_y",2022,"20194.0"
"NL34","y_nw_ned_nt_pc_18_29_y",2023,"20531.0"
"NL34","y_nw_ned_nt_pc_18_29_y",2024,"20736.0"
"NL41","y_nw_ned_nt_pc_18_29_y",2015,"147865.0"
"NL41","y_nw_ned_nt_pc_18_29_y",2016,"150447.0"
"NL41","y_nw_ned_nt_pc_18_29_y",2017,"152648.0"
"NL41","y_nw_ned_nt_pc_18_29_y",2018,"155573.0"
"NL41","y_nw_ned_nt_pc_18_29_y",2019,"158456.0"
"NL41","y_nw_ned_nt_pc_18_29_y",2020,"161767.0"
"NL41","y_nw_ned_nt_pc_18_29_y",2021,"162283.0"
"NL41","y_nw_ned_nt_pc_18_29_y",2022,"163796.0"
"NL41","y_nw_ned_nt_pc_18_29_y",2023,"166836.0"
"NL41","y_nw_ned_nt_pc_18_29_y",2024,"169828.0"
"NL42","y_nw_ned_nt_pc_18_29_y",2015,"62051.0"
"NL42","y_nw_ned_nt_pc_18_29_y",2016,"63141.0"
"NL42","y_nw_ned_nt_pc_18_29_y",2017,"63911.0"
"NL42","y_nw_ned_nt_pc_18_29_y",2018,"64087.0"
"NL42","y_nw_ned_nt_pc_18_29_y",2019,"63626.0"
"NL42","y_nw_ned_nt_pc_18_29_y",2020,"63711.0"
"NL42","y_nw_ned_nt_pc_18_29_y",2021,"62492.0"
"NL42","y_nw_ned_nt_pc_18_29_y",2022,"62191.0"
"NL42","y_nw_ned_nt_pc_18_29_y",2023,"63049.0"
"NL42","y_nw_ned_nt_pc_18_29_y",2024,"64038.0"
"AT11","y_nw_ned_nt_pc_18_29_y",2015,"15219.0"
"AT11","y_nw_ned_nt_pc_18_29_y",2016,"15391.0"
"AT11","y_nw_ned_nt_pc_18_29_y",2017,"15399.0"
"AT11","y_nw_ned_nt_pc_18_29_y",2018,"15205.0"
"AT11","y_nw_ned_nt_pc_18_29_y",2019,"15112.0"
"AT11","y_nw_ned_nt_pc_18_29_y",2020,"15062.0"
"AT11","y_nw_ned_nt_pc_18_29_y",2021,"14710.0"
"AT11","y_nw_ned_nt_pc_18_29_y",2022,"14369.0"
"AT11","y_nw_ned_nt_pc_18_29_y",2023,"14282.0"
"AT11","y_nw_ned_nt_pc_18_29_y",2024,"13713.0"
"AT12","y_nw_ned_nt_pc_18_29_y",2015,"91732.0"
"AT12","y_nw_ned_nt_pc_18_29_y",2016,"93999.0"
"AT12","y_nw_ned_nt_pc_18_29_y",2017,"96266.0"
"AT12","y_nw_ned_nt_pc_18_29_y",2018,"96772.0"
"AT12","y_nw_ned_nt_pc_18_29_y",2019,"97290.0"
"AT12","y_nw_ned_nt_pc_18_29_y",2020,"96743.0"
"AT12","y_nw_ned_nt_pc_18_29_y",2021,"95061.0"
"AT12","y_nw_ned_nt_pc_18_29_y",2022,"93450.0"
"AT12","y_nw_ned_nt_pc_18_29_y",2023,"92052.0"
"AT12","y_nw_ned_nt_pc_18_29_y",2024,"89686.0"
"AT13","y_nw_ned_nt_pc_18_29_y",2015,"148073.0"
"AT13","y_nw_ned_nt_pc_18_29_y",2016,"155902.0"
"AT13","y_nw_ned_nt_pc_18_29_y",2017,"159867.0"
"AT13","y_nw_ned_nt_pc_18_29_y",2018,"161710.0"
"AT13","y_nw_ned_nt_pc_18_29_y",2019,"160348.0"
"AT13","y_nw_ned_nt_pc_18_29_y",2020,"159966.0"
"AT13","y_nw_ned_nt_pc_18_29_y",2021,"159203.0"
"AT13","y_nw_ned_nt_pc_18_29_y",2022,"159336.0"
"AT13","y_nw_ned_nt_pc_18_29_y",2023,"163262.0"
"AT13","y_nw_ned_nt_pc_18_29_y",2024,"165933.0"
"AT21","y_nw_ned_nt_pc_18_29_y",2015,"32054.0"
"AT21","y_nw_ned_nt_pc_18_29_y",2016,"32365.0"
"AT21","y_nw_ned_nt_pc_18_29_y",2017,"32467.0"
"AT21","y_nw_ned_nt_pc_18_29_y",2018,"32506.0"
"AT21","y_nw_ned_nt_pc_18_29_y",2019,"32311.0"
"AT21","y_nw_ned_nt_pc_18_29_y",2020,"31783.0"
"AT21","y_nw_ned_nt_pc_18_29_y",2021,"31376.0"
"AT21","y_nw_ned_nt_pc_18_29_y",2022,"31131.0"
"AT21","y_nw_ned_nt_pc_18_29_y",2023,"30901.0"
"AT21","y_nw_ned_nt_pc_18_29_y",2024,"30254.0"
"AT22","y_nw_ned_nt_pc_18_29_y",2015,"80118.0"
"AT22","y_nw_ned_nt_pc_18_29_y",2016,"81647.0"
"AT22","y_nw_ned_nt_pc_18_29_y",2017,"82614.0"
"AT22","y_nw_ned_nt_pc_18_29_y",2018,"83073.0"
"AT22","y_nw_ned_nt_pc_18_29_y",2019,"82787.0"
"AT22","y_nw_ned_nt_pc_18_29_y",2020,"82339.0"
"AT22","y_nw_ned_nt_pc_18_29_y",2021,"81256.0"
"AT22","y_nw_ned_nt_pc_18_29_y",2022,"80687.0"
"AT22","y_nw_ned_nt_pc_18_29_y",2023,"80107.0"
"AT22","y_nw_ned_nt_pc_18_29_y",2024,"78854.0"
"AT31","y_nw_ned_nt_pc_18_29_y",2015,"92448.0"
"AT31","y_nw_ned_nt_pc_18_29_y",2016,"94767.0"
"AT31","y_nw_ned_nt_pc_18_29_y",2017,"96288.0"
"AT31","y_nw_ned_nt_pc_18_29_y",2018,"97222.0"
"AT31","y_nw_ned_nt_pc_18_29_y",2019,"98177.0"
"AT31","y_nw_ned_nt_pc_18_29_y",2020,"98105.0"
"AT31","y_nw_ned_nt_pc_18_29_y",2021,"97116.0"
"AT31","y_nw_ned_nt_pc_18_29_y",2022,"96951.0"
"AT31","y_nw_ned_nt_pc_18_29_y",2023,"96777.0"
"AT31","y_nw_ned_nt_pc_18_29_y",2024,"94602.0"
"AT32","y_nw_ned_nt_pc_18_29_y",2015,"35391.0"
"AT32","y_nw_ned_nt_pc_18_29_y",2016,"36475.0"
"AT32","y_nw_ned_nt_pc_18_29_y",2017,"36859.0"
"AT32","y_nw_ned_nt_pc_18_29_y",2018,"37429.0"
"AT32","y_nw_ned_nt_pc_18_29_y",2019,"37501.0"
"AT32","y_nw_ned_nt_pc_18_29_y",2020,"37314.0"
"AT32","y_nw_ned_nt_pc_18_29_y",2021,"37174.0"
"AT32","y_nw_ned_nt_pc_18_29_y",2022,"36780.0"
"AT32","y_nw_ned_nt_pc_18_29_y",2023,"36714.0"
"AT32","y_nw_ned_nt_pc_18_29_y",2024,"36488.0"
"AT33","y_nw_ned_nt_pc_18_29_y",2015,"50456.0"
"AT33","y_nw_ned_nt_pc_18_29_y",2016,"52132.0"
"AT33","y_nw_ned_nt_pc_18_29_y",2017,"53372.0"
"AT33","y_nw_ned_nt_pc_18_29_y",2018,"54048.0"
"AT33","y_nw_ned_nt_pc_18_29_y",2019,"54212.0"
"AT33","y_nw_ned_nt_pc_18_29_y",2020,"54107.0"
"AT33","y_nw_ned_nt_pc_18_29_y",2021,"53782.0"
"AT33","y_nw_ned_nt_pc_18_29_y",2022,"53094.0"
"AT33","y_nw_ned_nt_pc_18_29_y",2023,"52819.0"
"AT33","y_nw_ned_nt_pc_18_29_y",2024,"52287.0"
"AT34","y_nw_ned_nt_pc_18_29_y",2015,"24536.0"
"AT34","y_nw_ned_nt_pc_18_29_y",2016,"25109.0"
"AT34","y_nw_ned_nt_pc_18_29_y",2017,"25372.0"
"AT34","y_nw_ned_nt_pc_18_29_y",2018,"25861.0"
"AT34","y_nw_ned_nt_pc_18_29_y",2019,"25970.0"
"AT34","y_nw_ned_nt_pc_18_29_y",2020,"25983.0"
"AT34","y_nw_ned_nt_pc_18_29_y",2021,"25784.0"
"AT34","y_nw_ned_nt_pc_18_29_y",2022,"25774.0"
"AT34","y_nw_ned_nt_pc_18_29_y",2023,"25799.0"
"AT34","y_nw_ned_nt_pc_18_29_y",2024,"25567.0"
"PL21","y_nw_ned_nt_pc_18_29_y",2015,"262018.0"
"PL21","y_nw_ned_nt_pc_18_29_y",2016,"256325.0"
"PL21","y_nw_ned_nt_pc_18_29_y",2017,"252745.0"
"PL21","y_nw_ned_nt_pc_18_29_y",2018,"246755.0"
"PL21","y_nw_ned_nt_pc_18_29_y",2019,"240546.0"
"PL21","y_nw_ned_nt_pc_18_29_y",2020,"233978.0"
"PL21","y_nw_ned_nt_pc_18_29_y",2021,"229156.0"
"PL21","y_nw_ned_nt_pc_18_29_y",2022,"220033.0"
"PL21","y_nw_ned_nt_pc_18_29_y",2023,"211103.0"
"PL21","y_nw_ned_nt_pc_18_29_y",2024,"203311.0"
"PL22","y_nw_ned_nt_pc_18_29_y",2015,"336649.0"
"PL22","y_nw_ned_nt_pc_18_29_y",2016,"324003.0"
"PL22","y_nw_ned_nt_pc_18_29_y",2017,"313191.0"
"PL22","y_nw_ned_nt_pc_18_29_y",2018,"301215.0"
"PL22","y_nw_ned_nt_pc_18_29_y",2019,"289004.0"
"PL22","y_nw_ned_nt_pc_18_29_y",2020,"276656.0"
"PL22","y_nw_ned_nt_pc_18_29_y",2021,"245226.0"
"PL22","y_nw_ned_nt_pc_18_29_y",2022,"233263.0"
"PL22","y_nw_ned_nt_pc_18_29_y",2023,"223294.0"
"PL22","y_nw_ned_nt_pc_18_29_y",2024,"214220.0"
"PL41","y_nw_ned_nt_pc_18_29_y",2015,"269035.0"
"PL41","y_nw_ned_nt_pc_18_29_y",2016,"261180.0"
"PL41","y_nw_ned_nt_pc_18_29_y",2017,"254994.0"
"PL41","y_nw_ned_nt_pc_18_29_y",2018,"248154.0"
"PL41","y_nw_ned_nt_pc_18_29_y",2019,"241416.0"
"PL41","y_nw_ned_nt_pc_18_29_y",2020,"233526.0"
"PL41","y_nw_ned_nt_pc_18_29_y",2021,"225039.0"
"PL41","y_nw_ned_nt_pc_18_29_y",2022,"216338.0"
"PL41","y_nw_ned_nt_pc_18_29_y",2023,"208649.0"
"PL41","y_nw_ned_nt_pc_18_29_y",2024,"200671.0"
"PL42","y_nw_ned_nt_pc_18_29_y",2015,"123618.0"
"PL42","y_nw_ned_nt_pc_18_29_y",2016,"119470.0"
"PL42","y_nw_ned_nt_pc_18_29_y",2017,"116858.0"
"PL42","y_nw_ned_nt_pc_18_29_y",2018,"113903.0"
"PL42","y_nw_ned_nt_pc_18_29_y",2019,"111316.0"
"PL42","y_nw_ned_nt_pc_18_29_y",2020,"108714.0"
"PL42","y_nw_ned_nt_pc_18_29_y",2021,"96194.0"
"PL42","y_nw_ned_nt_pc_18_29_y",2022,"92144.0"
"PL42","y_nw_ned_nt_pc_18_29_y",2023,"88379.0"
"PL42","y_nw_ned_nt_pc_18_29_y",2024,"84480.0"
"PL43","y_nw_ned_nt_pc_18_29_y",2015,"75687.0"
"PL43","y_nw_ned_nt_pc_18_29_y",2016,"72867.0"
"PL43","y_nw_ned_nt_pc_18_29_y",2017,"70787.0"
"PL43","y_nw_ned_nt_pc_18_29_y",2018,"69234.0"
"PL43","y_nw_ned_nt_pc_18_29_y",2019,"67390.0"
"PL43","y_nw_ned_nt_pc_18_29_y",2020,"65721.0"
"PL43","y_nw_ned_nt_pc_18_29_y",2021,"56503.0"
"PL43","y_nw_ned_nt_pc_18_29_y",2022,"54034.0"
"PL43","y_nw_ned_nt_pc_18_29_y",2023,"51990.0"
"PL43","y_nw_ned_nt_pc_18_29_y",2024,"50134.0"
"PL51","y_nw_ned_nt_pc_18_29_y",2015,"216681.0"
"PL51","y_nw_ned_nt_pc_18_29_y",2016,"208622.0"
"PL51","y_nw_ned_nt_pc_18_29_y",2017,"202559.0"
"PL51","y_nw_ned_nt_pc_18_29_y",2018,"194604.0"
"PL51","y_nw_ned_nt_pc_18_29_y",2019,"187164.0"
"PL51","y_nw_ned_nt_pc_18_29_y",2020,"180551.0"
"PL51","y_nw_ned_nt_pc_18_29_y",2021,"180634.0"
"PL51","y_nw_ned_nt_pc_18_29_y",2022,"174097.0"
"PL51","y_nw_ned_nt_pc_18_29_y",2023,"168125.0"
"PL51","y_nw_ned_nt_pc_18_29_y",2024,"161051.0"
"PL52","y_nw_ned_nt_pc_18_29_y",2015,"73065.0"
"PL52","y_nw_ned_nt_pc_18_29_y",2016,"71447.0"
"PL52","y_nw_ned_nt_pc_18_29_y",2017,"70247.0"
"PL52","y_nw_ned_nt_pc_18_29_y",2018,"68095.0"
"PL52","y_nw_ned_nt_pc_18_29_y",2019,"65781.0"
"PL52","y_nw_ned_nt_pc_18_29_y",2020,"62901.0"
"PL52","y_nw_ned_nt_pc_18_29_y",2021,"52563.0"
"PL52","y_nw_ned_nt_pc_18_29_y",2022,"49729.0"
"PL52","y_nw_ned_nt_pc_18_29_y",2023,"48017.0"
"PL52","y_nw_ned_nt_pc_18_29_y",2024,"46268.0"
"PL61","y_nw_ned_nt_pc_18_29_y",2015,"155473.0"
"PL61","y_nw_ned_nt_pc_18_29_y",2016,"151394.0"
"PL61","y_nw_ned_nt_pc_18_29_y",2017,"148855.0"
"PL61","y_nw_ned_nt_pc_18_29_y",2018,"145949.0"
"PL61","y_nw_ned_nt_pc_18_29_y",2019,"142778.0"
"PL61","y_nw_ned_nt_pc_18_29_y",2020,"138949.0"
"PL61","y_nw_ned_nt_pc_18_29_y",2021,"118657.0"
"PL61","y_nw_ned_nt_pc_18_29_y",2022,"113589.0"
"PL61","y_nw_ned_nt_pc_18_29_y",2023,"109385.0"
"PL61","y_nw_ned_nt_pc_18_29_y",2024,"105209.0"
"PL62","y_nw_ned_nt_pc_18_29_y",2015,"109788.0"
"PL62","y_nw_ned_nt_pc_18_29_y",2016,"107282.0"
"PL62","y_nw_ned_nt_pc_18_29_y",2017,"105534.0"
"PL62","y_nw_ned_nt_pc_18_29_y",2018,"103801.0"
"PL62","y_nw_ned_nt_pc_18_29_y",2019,"101098.0"
"PL62","y_nw_ned_nt_pc_18_29_y",2020,"97679.0"
"PL62","y_nw_ned_nt_pc_18_29_y",2021,"77707.0"
"PL62","y_nw_ned_nt_pc_18_29_y",2022,"74265.0"
"PL62","y_nw_ned_nt_pc_18_29_y",2023,"71758.0"
"PL62","y_nw_ned_nt_pc_18_29_y",2024,"69140.0"
"PL63","y_nw_ned_nt_pc_18_29_y",2015,"176209.0"
"PL63","y_nw_ned_nt_pc_18_29_y",2016,"171814.0"
"PL63","y_nw_ned_nt_pc_18_29_y",2017,"168941.0"
"PL63","y_nw_ned_nt_pc_18_29_y",2018,"164418.0"
"PL63","y_nw_ned_nt_pc_18_29_y",2019,"159899.0"
"PL63","y_nw_ned_nt_pc_18_29_y",2020,"155170.0"
"PL63","y_nw_ned_nt_pc_18_29_y",2021,"153345.0"
"PL63","y_nw_ned_nt_pc_18_29_y",2022,"147133.0"
"PL63","y_nw_ned_nt_pc_18_29_y",2023,"141873.0"
"PL63","y_nw_ned_nt_pc_18_29_y",2024,"135971.0"
"PL71","y_nw_ned_nt_pc_18_29_y",2015,"175394.0"
"PL71","y_nw_ned_nt_pc_18_29_y",2016,"169771.0"
"PL71","y_nw_ned_nt_pc_18_29_y",2017,"166396.0"
"PL71","y_nw_ned_nt_pc_18_29_y",2018,"162973.0"
"PL71","y_nw_ned_nt_pc_18_29_y",2019,"159408.0"
"PL71","y_nw_ned_nt_pc_18_29_y",2020,"155045.0"
"PL71","y_nw_ned_nt_pc_18_29_y",2021,"140649.0"
"PL71","y_nw_ned_nt_pc_18_29_y",2022,"134902.0"
"PL71","y_nw_ned_nt_pc_18_29_y",2023,"130002.0"
"PL71","y_nw_ned_nt_pc_18_29_y",2024,"124672.0"
"PL72","y_nw_ned_nt_pc_18_29_y",2015,"91177.0"
"PL72","y_nw_ned_nt_pc_18_29_y",2016,"88553.0"
"PL72","y_nw_ned_nt_pc_18_29_y",2017,"87625.0"
"PL72","y_nw_ned_nt_pc_18_29_y",2018,"86784.0"
"PL72","y_nw_ned_nt_pc_18_29_y",2019,"85023.0"
"PL72","y_nw_ned_nt_pc_18_29_y",2020,"82457.0"
"PL72","y_nw_ned_nt_pc_18_29_y",2021,"65585.0"
"PL72","y_nw_ned_nt_pc_18_29_y",2022,"62716.0"
"PL72","y_nw_ned_nt_pc_18_29_y",2023,"60436.0"
"PL72","y_nw_ned_nt_pc_18_29_y",2024,"58785.0"
"PL81","y_nw_ned_nt_pc_18_29_y",2015,"163279.0"
"PL81","y_nw_ned_nt_pc_18_29_y",2016,"159684.0"
"PL81","y_nw_ned_nt_pc_18_29_y",2017,"157495.0"
"PL81","y_nw_ned_nt_pc_18_29_y",2018,"155310.0"
"PL81","y_nw_ned_nt_pc_18_29_y",2019,"151181.0"
"PL81","y_nw_ned_nt_pc_18_29_y",2020,"146363.0"
"PL81","y_nw_ned_nt_pc_18_29_y",2021,"118102.0"
"PL81","y_nw_ned_nt_pc_18_29_y",2022,"113331.0"
"PL81","y_nw_ned_nt_pc_18_29_y",2023,"109833.0"
"PL81","y_nw_ned_nt_pc_18_29_y",2024,"107276.0"
"PL82","y_nw_ned_nt_pc_18_29_y",2015,"165499.0"
"PL82","y_nw_ned_nt_pc_18_29_y",2016,"163650.0"
"PL82","y_nw_ned_nt_pc_18_29_y",2017,"162835.0"
"PL82","y_nw_ned_nt_pc_18_29_y",2018,"161657.0"
"PL82","y_nw_ned_nt_pc_18_29_y",2019,"157775.0"
"PL82","y_nw_ned_nt_pc_18_29_y",2020,"152658.0"
"PL82","y_nw_ned_nt_pc_18_29_y",2021,"121501.0"
"PL82","y_nw_ned_nt_pc_18_29_y",2022,"116285.0"
"PL82","y_nw_ned_nt_pc_18_29_y",2023,"112740.0"
"PL82","y_nw_ned_nt_pc_18_29_y",2024,"109959.0"
"PL84","y_nw_ned_nt_pc_18_29_y",2015,"91003.0"
"PL84","y_nw_ned_nt_pc_18_29_y",2016,"89181.0"
"PL84","y_nw_ned_nt_pc_18_29_y",2017,"87946.0"
"PL84","y_nw_ned_nt_pc_18_29_y",2018,"86563.0"
"PL84","y_nw_ned_nt_pc_18_29_y",2019,"84622.0"
"PL84","y_nw_ned_nt_pc_18_29_y",2020,"82073.0"
"PL84","y_nw_ned_nt_pc_18_29_y",2021,"68015.0"
"PL84","y_nw_ned_nt_pc_18_29_y",2022,"65131.0"
"PL84","y_nw_ned_nt_pc_18_29_y",2023,"62872.0"
"PL84","y_nw_ned_nt_pc_18_29_y",2024,"60506.0"
"PL91","y_nw_ned_nt_pc_18_29_y",2015,"213568.0"
"PL91","y_nw_ned_nt_pc_18_29_y",2016,"203223.0"
"PL91","y_nw_ned_nt_pc_18_29_y",2017,"193727.0"
"PL91","y_nw_ned_nt_pc_18_29_y",2018,"184407.0"
"PL91","y_nw_ned_nt_pc_18_29_y",2019,"176145.0"
"PL91","y_nw_ned_nt_pc_18_29_y",2020,"170365.0"
"PL91","y_nw_ned_nt_pc_18_29_y",2021,"220494.0"
"PL91","y_nw_ned_nt_pc_18_29_y",2022,"212760.0"
"PL91","y_nw_ned_nt_pc_18_29_y",2023,"202555.0"
"PL91","y_nw_ned_nt_pc_18_29_y",2024,"191387.0"
"PL92","y_nw_ned_nt_pc_18_29_y",2015,"177392.0"
"PL92","y_nw_ned_nt_pc_18_29_y",2016,"173544.0"
"PL92","y_nw_ned_nt_pc_18_29_y",2017,"171480.0"
"PL92","y_nw_ned_nt_pc_18_29_y",2018,"170686.0"
"PL92","y_nw_ned_nt_pc_18_29_y",2019,"168623.0"
"PL92","y_nw_ned_nt_pc_18_29_y",2020,"165217.0"
"PL92","y_nw_ned_nt_pc_18_29_y",2021,"137607.0"
"PL92","y_nw_ned_nt_pc_18_29_y",2022,"131953.0"
"PL92","y_nw_ned_nt_pc_18_29_y",2023,"127884.0"
"PL92","y_nw_ned_nt_pc_18_29_y",2024,"124167.0"
"PT11","y_nw_ned_nt_pc_18_29_y",2015,"199795.0"
"PT11","y_nw_ned_nt_pc_18_29_y",2016,"196265.0"
"PT11","y_nw_ned_nt_pc_18_29_y",2017,"194854.0"
"PT11","y_nw_ned_nt_pc_18_29_y",2018,"193947.0"
"PT11","y_nw_ned_nt_pc_18_29_y",2019,"193766.0"
"PT11","y_nw_ned_nt_pc_18_29_y",2020,"192686.0"
"PT11","y_nw_ned_nt_pc_18_29_y",2021,"192039.0"
"PT11","y_nw_ned_nt_pc_18_29_y",2022,"193146.0"
"PT11","y_nw_ned_nt_pc_18_29_y",2023,"197638.0"
"PT11","y_nw_ned_nt_pc_18_29_y",2024,"202560.0"
"PT15","y_nw_ned_nt_pc_18_29_y",2015,"23680.0"
"PT15","y_nw_ned_nt_pc_18_29_y",2016,"23244.0"
"PT15","y_nw_ned_nt_pc_18_29_y",2017,"23234.0"
"PT15","y_nw_ned_nt_pc_18_29_y",2018,"23247.0"
"PT15","y_nw_ned_nt_pc_18_29_y",2019,"23468.0"
"PT15","y_nw_ned_nt_pc_18_29_y",2020,"23421.0"
"PT15","y_nw_ned_nt_pc_18_29_y",2021,"23393.0"
"PT15","y_nw_ned_nt_pc_18_29_y",2022,"22983.0"
"PT15","y_nw_ned_nt_pc_18_29_y",2023,"23656.0"
"PT15","y_nw_ned_nt_pc_18_29_y",2024,"24071.0"
"PT20","y_nw_ned_nt_pc_18_29_y",2015,"16864.0"
"PT20","y_nw_ned_nt_pc_18_29_y",2016,"16414.0"
"PT20","y_nw_ned_nt_pc_18_29_y",2017,"15912.0"
"PT20","y_nw_ned_nt_pc_18_29_y",2018,"15318.0"
"PT20","y_nw_ned_nt_pc_18_29_y",2019,"14735.0"
"PT20","y_nw_ned_nt_pc_18_29_y",2020,"14230.0"
"PT20","y_nw_ned_nt_pc_18_29_y",2021,"14114.0"
"PT20","y_nw_ned_nt_pc_18_29_y",2022,"14192.0"
"PT20","y_nw_ned_nt_pc_18_29_y",2023,"14407.0"
"PT20","y_nw_ned_nt_pc_18_29_y",2024,"14504.0"
"PT30","y_nw_ned_nt_pc_18_29_y",2015,"14903.0"
"PT30","y_nw_ned_nt_pc_18_29_y",2016,"13897.0"
"PT30","y_nw_ned_nt_pc_18_29_y",2017,"13248.0"
"PT30","y_nw_ned_nt_pc_18_29_y",2018,"12744.0"
"PT30","y_nw_ned_nt_pc_18_29_y",2019,"12437.0"
"PT30","y_nw_ned_nt_pc_18_29_y",2020,"12264.0"
"PT30","y_nw_ned_nt_pc_18_29_y",2021,"12453.0"
"PT30","y_nw_ned_nt_pc_18_29_y",2022,"12613.0"
"PT30","y_nw_ned_nt_pc_18_29_y",2023,"13053.0"
"PT30","y_nw_ned_nt_pc_18_29_y",2024,"13616.0"
"RO11","y_nw_ned_nt_pc_18_29_y",2015,"197723.0"
"RO11","y_nw_ned_nt_pc_18_29_y",2016,"195554.0"
"RO11","y_nw_ned_nt_pc_18_29_y",2017,"191228.0"
"RO11","y_nw_ned_nt_pc_18_29_y",2018,"183976.0"
"RO11","y_nw_ned_nt_pc_18_29_y",2019,"171674.0"
"RO11","y_nw_ned_nt_pc_18_29_y",2020,"158622.0"
"RO11","y_nw_ned_nt_pc_18_29_y",2021,"147464.0"
"RO11","y_nw_ned_nt_pc_18_29_y",2022,"138923.0"
"RO11","y_nw_ned_nt_pc_18_29_y",2023,"139196.0"
"RO11","y_nw_ned_nt_pc_18_29_y",2024,"140713.0"
"RO12","y_nw_ned_nt_pc_18_29_y",2015,"166942.0"
"RO12","y_nw_ned_nt_pc_18_29_y",2016,"162187.0"
"RO12","y_nw_ned_nt_pc_18_29_y",2017,"155388.0"
"RO12","y_nw_ned_nt_pc_18_29_y",2018,"146230.0"
"RO12","y_nw_ned_nt_pc_18_29_y",2019,"136399.0"
"RO12","y_nw_ned_nt_pc_18_29_y",2020,"126482.0"
"RO12","y_nw_ned_nt_pc_18_29_y",2021,"119310.0"
"RO12","y_nw_ned_nt_pc_18_29_y",2022,"113528.0"
"RO12","y_nw_ned_nt_pc_18_29_y",2023,"114420.0"
"RO12","y_nw_ned_nt_pc_18_29_y",2024,"116640.0"
"RO21","y_nw_ned_nt_pc_18_29_y",2015,"209154.0"
"RO21","y_nw_ned_nt_pc_18_29_y",2016,"203794.0"
"RO21","y_nw_ned_nt_pc_18_29_y",2017,"196422.0"
"RO21","y_nw_ned_nt_pc_18_29_y",2018,"187497.0"
"RO21","y_nw_ned_nt_pc_18_29_y",2019,"181739.0"
"RO21","y_nw_ned_nt_pc_18_29_y",2020,"179345.0"
"RO21","y_nw_ned_nt_pc_18_29_y",2021,"178008.0"
"RO21","y_nw_ned_nt_pc_18_29_y",2022,"163964.0"
"RO21","y_nw_ned_nt_pc_18_29_y",2023,"164860.0"
"RO21","y_nw_ned_nt_pc_18_29_y",2024,"168185.0"
"RO22","y_nw_ned_nt_pc_18_29_y",2015,"158070.0"
"RO22","y_nw_ned_nt_pc_18_29_y",2016,"148798.0"
"RO22","y_nw_ned_nt_pc_18_29_y",2017,"136903.0"
"RO22","y_nw_ned_nt_pc_18_29_y",2018,"123648.0"
"RO22","y_nw_ned_nt_pc_18_29_y",2019,"115830.0"
"RO22","y_nw_ned_nt_pc_18_29_y",2020,"111409.0"
"RO22","y_nw_ned_nt_pc_18_29_y",2021,"110699.0"
"RO22","y_nw_ned_nt_pc_18_29_y",2022,"105648.0"
"RO22","y_nw_ned_nt_pc_18_29_y",2023,"105586.0"
"RO22","y_nw_ned_nt_pc_18_29_y",2024,"106618.0"
"RO31","y_nw_ned_nt_pc_18_29_y",2015,"197713.0"
"RO31","y_nw_ned_nt_pc_18_29_y",2016,"186208.0"
"RO31","y_nw_ned_nt_pc_18_29_y",2017,"172043.0"
"RO31","y_nw_ned_nt_pc_18_29_y",2018,"155793.0"
"RO31","y_nw_ned_nt_pc_18_29_y",2019,"145415.0"
"RO31","y_nw_ned_nt_pc_18_29_y",2020,"138797.0"
"RO31","y_nw_ned_nt_pc_18_29_y",2021,"137150.0"
"RO31","y_nw_ned_nt_pc_18_29_y",2022,"134690.0"
"RO31","y_nw_ned_nt_pc_18_29_y",2023,"133785.0"
"RO31","y_nw_ned_nt_pc_18_29_y",2024,"134247.0"
"RO32","y_nw_ned_nt_pc_18_29_y",2015,"213883.0"
"RO32","y_nw_ned_nt_pc_18_29_y",2016,"207301.0"
"RO32","y_nw_ned_nt_pc_18_29_y",2017,"196893.0"
"RO32","y_nw_ned_nt_pc_18_29_y",2018,"183222.0"
"RO32","y_nw_ned_nt_pc_18_29_y",2019,"161746.0"
"RO32","y_nw_ned_nt_pc_18_29_y",2020,"136569.0"
"RO32","y_nw_ned_nt_pc_18_29_y",2021,"119710.0"
"RO32","y_nw_ned_nt_pc_18_29_y",2022,"126253.0"
"RO32","y_nw_ned_nt_pc_18_29_y",2023,"127723.0"
"RO32","y_nw_ned_nt_pc_18_29_y",2024,"128488.0"
"RO41","y_nw_ned_nt_pc_18_29_y",2015,"123751.0"
"RO41","y_nw_ned_nt_pc_18_29_y",2016,"116988.0"
"RO41","y_nw_ned_nt_pc_18_29_y",2017,"109369.0"
"RO41","y_nw_ned_nt_pc_18_29_y",2018,"101299.0"
"RO41","y_nw_ned_nt_pc_18_29_y",2019,"97061.0"
"RO41","y_nw_ned_nt_pc_18_29_y",2020,"95827.0"
"RO41","y_nw_ned_nt_pc_18_29_y",2021,"95773.0"
"RO41","y_nw_ned_nt_pc_18_29_y",2022,"90212.0"
"RO41","y_nw_ned_nt_pc_18_29_y",2023,"89744.0"
"RO41","y_nw_ned_nt_pc_18_29_y",2024,"89942.0"
"RO42","y_nw_ned_nt_pc_18_29_y",2015,"138255.0"
"RO42","y_nw_ned_nt_pc_18_29_y",2016,"136446.0"
"RO42","y_nw_ned_nt_pc_18_29_y",2017,"133352.0"
"RO42","y_nw_ned_nt_pc_18_29_y",2018,"126680.0"
"RO42","y_nw_ned_nt_pc_18_29_y",2019,"117274.0"
"RO42","y_nw_ned_nt_pc_18_29_y",2020,"107688.0"
"RO42","y_nw_ned_nt_pc_18_29_y",2021,"99599.0"
"RO42","y_nw_ned_nt_pc_18_29_y",2022,"85664.0"
"RO42","y_nw_ned_nt_pc_18_29_y",2023,"85432.0"
"RO42","y_nw_ned_nt_pc_18_29_y",2024,"85906.0"
"SI03","y_nw_ned_nt_pc_18_29_y",2015,"70392.0"
"SI03","y_nw_ned_nt_pc_18_29_y",2016,"67489.0"
"SI03","y_nw_ned_nt_pc_18_29_y",2017,"64974.0"
"SI03","y_nw_ned_nt_pc_18_29_y",2018,"61571.0"
"SI03","y_nw_ned_nt_pc_18_29_y",2019,"59528.0"
"SI03","y_nw_ned_nt_pc_18_29_y",2020,"58969.0"
"SI03","y_nw_ned_nt_pc_18_29_y",2021,"57780.0"
"SI03","y_nw_ned_nt_pc_18_29_y",2022,"57096.0"
"SI03","y_nw_ned_nt_pc_18_29_y",2023,"57559.0"
"SI03","y_nw_ned_nt_pc_18_29_y",2024,"57452.0"
"SI04","y_nw_ned_nt_pc_18_29_y",2015,"62398.0"
"SI04","y_nw_ned_nt_pc_18_29_y",2016,"60683.0"
"SI04","y_nw_ned_nt_pc_18_29_y",2017,"58874.0"
"SI04","y_nw_ned_nt_pc_18_29_y",2018,"56329.0"
"SI04","y_nw_ned_nt_pc_18_29_y",2019,"55152.0"
"SI04","y_nw_ned_nt_pc_18_29_y",2020,"54907.0"
"SI04","y_nw_ned_nt_pc_18_29_y",2021,"55225.0"
"SI04","y_nw_ned_nt_pc_18_29_y",2022,"53994.0"
"SI04","y_nw_ned_nt_pc_18_29_y",2023,"54270.0"
"SI04","y_nw_ned_nt_pc_18_29_y",2024,"54423.0"
"SK01","y_nw_ned_nt_pc_18_29_y",2015,"44402.0"
"SK01","y_nw_ned_nt_pc_18_29_y",2016,"43363.0"
"SK01","y_nw_ned_nt_pc_18_29_y",2017,"42405.0"
"SK01","y_nw_ned_nt_pc_18_29_y",2018,"41318.0"
"SK01","y_nw_ned_nt_pc_18_29_y",2019,"40205.0"
"SK01","y_nw_ned_nt_pc_18_29_y",2020,"38747.0"
"SK01","y_nw_ned_nt_pc_18_29_y",2021,"36390.0"
"SK01","y_nw_ned_nt_pc_18_29_y",2022,"36572.0"
"SK01","y_nw_ned_nt_pc_18_29_y",2023,"34297.0"
"SK01","y_nw_ned_nt_pc_18_29_y",2024,"31811.0"
"SK02","y_nw_ned_nt_pc_18_29_y",2015,"137016.0"
"SK02","y_nw_ned_nt_pc_18_29_y",2016,"134089.0"
"SK02","y_nw_ned_nt_pc_18_29_y",2017,"131404.0"
"SK02","y_nw_ned_nt_pc_18_29_y",2018,"127940.0"
"SK02","y_nw_ned_nt_pc_18_29_y",2019,"124346.0"
"SK02","y_nw_ned_nt_pc_18_29_y",2020,"119526.0"
"SK02","y_nw_ned_nt_pc_18_29_y",2021,"113023.0"
"SK02","y_nw_ned_nt_pc_18_29_y",2022,"106436.0"
"SK02","y_nw_ned_nt_pc_18_29_y",2023,"100876.0"
"SK02","y_nw_ned_nt_pc_18_29_y",2024,"95046.0"
"SK03","y_nw_ned_nt_pc_18_29_y",2015,"103140.0"
"SK03","y_nw_ned_nt_pc_18_29_y",2016,"100845.0"
"SK03","y_nw_ned_nt_pc_18_29_y",2017,"99065.0"
"SK03","y_nw_ned_nt_pc_18_29_y",2018,"97264.0"
"SK03","y_nw_ned_nt_pc_18_29_y",2019,"95452.0"
"SK03","y_nw_ned_nt_pc_18_29_y",2020,"92183.0"
"SK03","y_nw_ned_nt_pc_18_29_y",2021,"88183.0"
"SK03","y_nw_ned_nt_pc_18_29_y",2022,"82212.0"
"SK03","y_nw_ned_nt_pc_18_29_y",2023,"78558.0"
"SK03","y_nw_ned_nt_pc_18_29_y",2024,"74719.0"
"SK04","y_nw_ned_nt_pc_18_29_y",2015,"127626.0"
"SK04","y_nw_ned_nt_pc_18_29_y",2016,"125420.0"
"SK04","y_nw_ned_nt_pc_18_29_y",2017,"124033.0"
"SK04","y_nw_ned_nt_pc_18_29_y",2018,"122353.0"
"SK04","y_nw_ned_nt_pc_18_29_y",2019,"120382.0"
"SK04","y_nw_ned_nt_pc_18_29_y",2020,"117379.0"
"SK04","y_nw_ned_nt_pc_18_29_y",2021,"112976.0"
"SK04","y_nw_ned_nt_pc_18_29_y",2022,"105250.0"
"SK04","y_nw_ned_nt_pc_18_29_y",2023,"101567.0"
"SK04","y_nw_ned_nt_pc_18_29_y",2024,"98150.0"
"FI19","y_nw_ned_nt_pc_18_29_y",2015,"84036.0"
"FI19","y_nw_ned_nt_pc_18_29_y",2016,"84231.0"
"FI19","y_nw_ned_nt_pc_18_29_y",2017,"84718.0"
"FI19","y_nw_ned_nt_pc_18_29_y",2018,"85867.0"
"FI19","y_nw_ned_nt_pc_18_29_y",2019,"85844.0"
"FI19","y_nw_ned_nt_pc_18_29_y",2020,"85727.0"
"FI19","y_nw_ned_nt_pc_18_29_y",2021,"84967.0"
"FI19","y_nw_ned_nt_pc_18_29_y",2022,"85077.0"
"FI19","y_nw_ned_nt_pc_18_29_y",2023,"84910.0"
"FI19","y_nw_ned_nt_pc_18_29_y",2024,"84791.0"
"FI1B","y_nw_ned_nt_pc_18_29_y",2015,"115893.0"
"FI1B","y_nw_ned_nt_pc_18_29_y",2016,"118351.0"
"FI1B","y_nw_ned_nt_pc_18_29_y",2017,"121965.0"
"FI1B","y_nw_ned_nt_pc_18_29_y",2018,"125526.0"
"FI1B","y_nw_ned_nt_pc_18_29_y",2019,"126901.0"
"FI1B","y_nw_ned_nt_pc_18_29_y",2020,"128407.0"
"FI1B","y_nw_ned_nt_pc_18_29_y",2021,"127804.0"
"FI1B","y_nw_ned_nt_pc_18_29_y",2022,"125776.0"
"FI1B","y_nw_ned_nt_pc_18_29_y",2023,"124583.0"
"FI1B","y_nw_ned_nt_pc_18_29_y",2024,"124003.0"
"FI1C","y_nw_ned_nt_pc_18_29_y",2015,"64359.0"
"FI1C","y_nw_ned_nt_pc_18_29_y",2016,"64422.0"
"FI1C","y_nw_ned_nt_pc_18_29_y",2017,"65204.0"
"FI1C","y_nw_ned_nt_pc_18_29_y",2018,"66374.0"
"FI1C","y_nw_ned_nt_pc_18_29_y",2019,"66117.0"
"FI1C","y_nw_ned_nt_pc_18_29_y",2020,"65894.0"
"FI1C","y_nw_ned_nt_pc_18_29_y",2021,"65511.0"
"FI1C","y_nw_ned_nt_pc_18_29_y",2022,"64578.0"
"FI1C","y_nw_ned_nt_pc_18_29_y",2023,"63308.0"
"FI1C","y_nw_ned_nt_pc_18_29_y",2024,"62776.0"
"FI1D","y_nw_ned_nt_pc_18_29_y",2015,"73654.0"
"FI1D","y_nw_ned_nt_pc_18_29_y",2016,"73827.0"
"FI1D","y_nw_ned_nt_pc_18_29_y",2017,"74201.0"
"FI1D","y_nw_ned_nt_pc_18_29_y",2018,"74758.0"
"FI1D","y_nw_ned_nt_pc_18_29_y",2019,"74236.0"
"FI1D","y_nw_ned_nt_pc_18_29_y",2020,"73972.0"
"FI1D","y_nw_ned_nt_pc_18_29_y",2021,"73070.0"
"FI1D","y_nw_ned_nt_pc_18_29_y",2022,"72264.0"
"FI1D","y_nw_ned_nt_pc_18_29_y",2023,"70714.0"
"FI1D","y_nw_ned_nt_pc_18_29_y",2024,"69804.0"
"FI20","y_nw_ned_nt_pc_18_29_y",2015,"1623.0"
"FI20","y_nw_ned_nt_pc_18_29_y",2016,"1697.0"
"FI20","y_nw_ned_nt_pc_18_29_y",2017,"1751.0"
"FI20","y_nw_ned_nt_pc_18_29_y",2018,"1800.0"
"FI20","y_nw_ned_nt_pc_18_29_y",2019,"1774.0"
"FI20","y_nw_ned_nt_pc_18_29_y",2020,"1685.0"
"FI20","y_nw_ned_nt_pc_18_29_y",2021,"1638.0"
"FI20","y_nw_ned_nt_pc_18_29_y",2022,"1556.0"
"FI20","y_nw_ned_nt_pc_18_29_y",2023,"1435.0"
"FI20","y_nw_ned_nt_pc_18_29_y",2024,"1425.0"
"SE11","y_nw_ned_nt_pc_18_29_y",2015,"165490.0"
"SE11","y_nw_ned_nt_pc_18_29_y",2016,"171569.0"
"SE11","y_nw_ned_nt_pc_18_29_y",2017,"176947.0"
"SE11","y_nw_ned_nt_pc_18_29_y",2018,"182255.0"
"SE11","y_nw_ned_nt_pc_18_29_y",2019,"184348.0"
"SE11","y_nw_ned_nt_pc_18_29_y",2020,"184850.0"
"SE11","y_nw_ned_nt_pc_18_29_y",2021,"179798.0"
"SE11","y_nw_ned_nt_pc_18_29_y",2022,"175656.0"
"SE11","y_nw_ned_nt_pc_18_29_y",2023,"171348.0"
"SE11","y_nw_ned_nt_pc_18_29_y",2024,"165107.0"
"SE12","y_nw_ned_nt_pc_18_29_y",2015,"107943.0"
"SE12","y_nw_ned_nt_pc_18_29_y",2016,"112253.0"
"SE12","y_nw_ned_nt_pc_18_29_y",2017,"117397.0"
"SE12","y_nw_ned_nt_pc_18_29_y",2018,"121886.0"
"SE12","y_nw_ned_nt_pc_18_29_y",2019,"123890.0"
"SE12","y_nw_ned_nt_pc_18_29_y",2020,"124850.0"
"SE12","y_nw_ned_nt_pc_18_29_y",2021,"121377.0"
"SE12","y_nw_ned_nt_pc_18_29_y",2022,"117303.0"
"SE12","y_nw_ned_nt_pc_18_29_y",2023,"112821.0"
"SE12","y_nw_ned_nt_pc_18_29_y",2024,"109019.0"
"SE21","y_nw_ned_nt_pc_18_29_y",2015,"49616.0"
"SE21","y_nw_ned_nt_pc_18_29_y",2016,"52137.0"
"SE21","y_nw_ned_nt_pc_18_29_y",2017,"55100.0"
"SE21","y_nw_ned_nt_pc_18_29_y",2018,"57161.0"
"SE21","y_nw_ned_nt_pc_18_29_y",2019,"57885.0"
"SE21","y_nw_ned_nt_pc_18_29_y",2020,"57710.0"
"SE21","y_nw_ned_nt_pc_18_29_y",2021,"55966.0"
"SE21","y_nw_ned_nt_pc_18_29_y",2022,"53982.0"
"SE21","y_nw_ned_nt_pc_18_29_y",2023,"51360.0"
"SE21","y_nw_ned_nt_pc_18_29_y",2024,"48756.0"
"SE22","y_nw_ned_nt_pc_18_29_y",2015,"97434.0"
"SE22","y_nw_ned_nt_pc_18_29_y",2016,"100800.0"
"SE22","y_nw_ned_nt_pc_18_29_y",2017,"104504.0"
"SE22","y_nw_ned_nt_pc_18_29_y",2018,"107288.0"
"SE22","y_nw_ned_nt_pc_18_29_y",2019,"107772.0"
"SE22","y_nw_ned_nt_pc_18_29_y",2020,"106845.0"
"SE22","y_nw_ned_nt_pc_18_29_y",2021,"104419.0"
"SE22","y_nw_ned_nt_pc_18_29_y",2022,"101113.0"
"SE22","y_nw_ned_nt_pc_18_29_y",2023,"97614.0"
"SE22","y_nw_ned_nt_pc_18_29_y",2024,"94388.0"
"SE23","y_nw_ned_nt_pc_18_29_y",2015,"131824.0"
"SE23","y_nw_ned_nt_pc_18_29_y",2016,"137448.0"
"SE23","y_nw_ned_nt_pc_18_29_y",2017,"143740.0"
"SE23","y_nw_ned_nt_pc_18_29_y",2018,"148348.0"
"SE23","y_nw_ned_nt_pc_18_29_y",2019,"150610.0"
"SE23","y_nw_ned_nt_pc_18_29_y",2020,"150680.0"
"SE23","y_nw_ned_nt_pc_18_29_y",2021,"145772.0"
"SE23","y_nw_ned_nt_pc_18_29_y",2022,"139571.0"
"SE23","y_nw_ned_nt_pc_18_29_y",2023,"134184.0"
"SE23","y_nw_ned_nt_pc_18_29_y",2024,"129851.0"
"SE31","y_nw_ned_nt_pc_18_29_y",2015,"48611.0"
"SE31","y_nw_ned_nt_pc_18_29_y",2016,"51035.0"
"SE31","y_nw_ned_nt_pc_18_29_y",2017,"53868.0"
"SE31","y_nw_ned_nt_pc_18_29_y",2018,"55285.0"
"SE31","y_nw_ned_nt_pc_18_29_y",2019,"55124.0"
"SE31","y_nw_ned_nt_pc_18_29_y",2020,"54159.0"
"SE31","y_nw_ned_nt_pc_18_29_y",2021,"52095.0"
"SE31","y_nw_ned_nt_pc_18_29_y",2022,"49524.0"
"SE31","y_nw_ned_nt_pc_18_29_y",2023,"46657.0"
"SE31","y_nw_ned_nt_pc_18_29_y",2024,"44363.0"
"SE32","y_nw_ned_nt_pc_18_29_y",2015,"21158.0"
"SE32","y_nw_ned_nt_pc_18_29_y",2016,"22267.0"
"SE32","y_nw_ned_nt_pc_18_29_y",2017,"23415.0"
"SE32","y_nw_ned_nt_pc_18_29_y",2018,"23870.0"
"SE32","y_nw_ned_nt_pc_18_29_y",2019,"23734.0"
"SE32","y_nw_ned_nt_pc_18_29_y",2020,"23304.0"
"SE32","y_nw_ned_nt_pc_18_29_y",2021,"22290.0"
"SE32","y_nw_ned_nt_pc_18_29_y",2022,"20973.0"
"SE32","y_nw_ned_nt_pc_18_29_y",2023,"19905.0"
"SE32","y_nw_ned_nt_pc_18_29_y",2024,"19008.0"
"SE33","y_nw_ned_nt_pc_18_29_y",2015,"33679.0"
"SE33","y_nw_ned_nt_pc_18_29_y",2016,"34904.0"
"SE33","y_nw_ned_nt_pc_18_29_y",2017,"36716.0"
"SE33","y_nw_ned_nt_pc_18_29_y",2018,"37910.0"
"SE33","y_nw_ned_nt_pc_18_29_y",2019,"37959.0"
"SE33","y_nw_ned_nt_pc_18_29_y",2020,"37298.0"
"SE33","y_nw_ned_nt_pc_18_29_y",2021,"36042.0"
"SE33","y_nw_ned_nt_pc_18_29_y",2022,"34193.0"
"SE33","y_nw_ned_nt_pc_18_29_y",2023,"32763.0"
"SE33","y_nw_ned_nt_pc_18_29_y",2024,"32150.0"
"IS00","y_nw_ned_nt_pc_18_29_y",2015,"23234.0"
"IS00","y_nw_ned_nt_pc_18_29_y",2016,"24370.0"
"IS00","y_nw_ned_nt_pc_18_29_y",2017,"25701.0"
"IS00","y_nw_ned_nt_pc_18_29_y",2018,"27931.0"
"IS00","y_nw_ned_nt_pc_18_29_y",2019,"29571.0"
"IS00","y_nw_ned_nt_pc_18_29_y",2020,"30567.0"
"IS00","y_nw_ned_nt_pc_18_29_y",2021,"30221.0"
"IS00","y_nw_ned_nt_pc_18_29_y",2022,"30501.0"
"IS00","y_nw_ned_nt_pc_18_29_y",2023,"31291.0"
"IS00","y_nw_ned_nt_pc_18_29_y",2024,"29225.0"
"LI00","y_nw_ned_nt_pc_18_29_y",2015,"2290.0"
"LI00","y_nw_ned_nt_pc_18_29_y",2016,"2286.0"
"LI00","y_nw_ned_nt_pc_18_29_y",2017,"2287.0"
"LI00","y_nw_ned_nt_pc_18_29_y",2018,"2284.0"
"LI00","y_nw_ned_nt_pc_18_29_y",2019,"2317.0"
"LI00","y_nw_ned_nt_pc_18_29_y",2020,"2298.0"
"LI00","y_nw_ned_nt_pc_18_29_y",2021,"2330.0"
"LI00","y_nw_ned_nt_pc_18_29_y",2022,"2304.0"
"LI00","y_nw_ned_nt_pc_18_29_y",2023,"2348.0"
"LI00","y_nw_ned_nt_pc_18_29_y",2024,"2238.0"
"NO02","y_nw_ned_nt_pc_18_29_y",2015,"19908.0"
"NO02","y_nw_ned_nt_pc_18_29_y",2016,"20556.0"
"NO02","y_nw_ned_nt_pc_18_29_y",2017,"21124.0"
"NO02","y_nw_ned_nt_pc_18_29_y",2018,"21595.0"
"NO02","y_nw_ned_nt_pc_18_29_y",2019,"21727.0"
"NO02","y_nw_ned_nt_pc_18_29_y",2020,"21524.0"
"NO02","y_nw_ned_nt_pc_18_29_y",2021,"21142.0"
"NO02","y_nw_ned_nt_pc_18_29_y",2022,"21056.0"
"NO02","y_nw_ned_nt_pc_18_29_y",2023,"20880.0"
"NO02","y_nw_ned_nt_pc_18_29_y",2024,"20631.0"
"NO06","y_nw_ned_nt_pc_18_29_y",2015,"31903.0"
"NO06","y_nw_ned_nt_pc_18_29_y",2016,"32867.0"
"NO06","y_nw_ned_nt_pc_18_29_y",2017,"33796.0"
"NO06","y_nw_ned_nt_pc_18_29_y",2018,"34707.0"
"NO06","y_nw_ned_nt_pc_18_29_y",2019,"35022.0"
"NO06","y_nw_ned_nt_pc_18_29_y",2020,"35055.0"
"NO06","y_nw_ned_nt_pc_18_29_y",2021,"34605.0"
"NO06","y_nw_ned_nt_pc_18_29_y",2022,"34957.0"
"NO06","y_nw_ned_nt_pc_18_29_y",2023,"34916.0"
"NO06","y_nw_ned_nt_pc_18_29_y",2024,"35165.0"
"NO07","y_nw_ned_nt_pc_18_29_y",2015,"30564.0"
"NO07","y_nw_ned_nt_pc_18_29_y",2016,"31444.0"
"NO07","y_nw_ned_nt_pc_18_29_y",2017,"32425.0"
"NO07","y_nw_ned_nt_pc_18_29_y",2018,"33387.0"
"NO07","y_nw_ned_nt_pc_18_29_y",2019,"33544.0"
"NO07","y_nw_ned_nt_pc_18_29_y",2020,"33382.0"
"NO07","y_nw_ned_nt_pc_18_29_y",2021,"32983.0"
"NO07","y_nw_ned_nt_pc_18_29_y",2022,"32801.0"
"NO07","y_nw_ned_nt_pc_18_29_y",2023,"32494.0"
"NO07","y_nw_ned_nt_pc_18_29_y",2024,"32411.0"
"NO08","y_nw_ned_nt_pc_18_29_y",2015,"135180.0"
"NO08","y_nw_ned_nt_pc_18_29_y",2016,"139600.0"
"NO08","y_nw_ned_nt_pc_18_29_y",2017,"141929.0"
"NO08","y_nw_ned_nt_pc_18_29_y",2018,"143676.0"
"NO08","y_nw_ned_nt_pc_18_29_y",2019,"144191.0"
"NO08","y_nw_ned_nt_pc_18_29_y",2020,"145086.0"
"NO08","y_nw_ned_nt_pc_18_29_y",2021,"143812.0"
"NO08","y_nw_ned_nt_pc_18_29_y",2022,"144187.0"
"NO08","y_nw_ned_nt_pc_18_29_y",2023,"145976.0"
"NO08","y_nw_ned_nt_pc_18_29_y",2024,"146654.0"
"NO09","y_nw_ned_nt_pc_18_29_y",2015,"41748.0"
"NO09","y_nw_ned_nt_pc_18_29_y",2016,"42853.0"
"NO09","y_nw_ned_nt_pc_18_29_y",2017,"43473.0"
"NO09","y_nw_ned_nt_pc_18_29_y",2018,"44031.0"
"NO09","y_nw_ned_nt_pc_18_29_y",2019,"44035.0"
"NO09","y_nw_ned_nt_pc_18_29_y",2020,"43684.0"
"NO09","y_nw_ned_nt_pc_18_29_y",2021,"43353.0"
"NO09","y_nw_ned_nt_pc_18_29_y",2022,"43231.0"
"NO09","y_nw_ned_nt_pc_18_29_y",2023,"43297.0"
"NO09","y_nw_ned_nt_pc_18_29_y",2024,"43205.0"
"NO0A","y_nw_ned_nt_pc_18_29_y",2015,"94017.0"
"NO0A","y_nw_ned_nt_pc_18_29_y",2016,"95187.0"
"NO0A","y_nw_ned_nt_pc_18_29_y",2017,"95191.0"
"NO0A","y_nw_ned_nt_pc_18_29_y",2018,"94179.0"
"NO0A","y_nw_ned_nt_pc_18_29_y",2019,"92669.0"
"NO0A","y_nw_ned_nt_pc_18_29_y",2020,"92192.0"
"NO0A","y_nw_ned_nt_pc_18_29_y",2021,"90991.0"
"NO0A","y_nw_ned_nt_pc_18_29_y",2022,"90441.0"
"NO0A","y_nw_ned_nt_pc_18_29_y",2023,"90635.0"
"NO0A","y_nw_ned_nt_pc_18_29_y",2024,"91180.0"
"CH01","y_nw_ned_nt_pc_18_29_y",2015,"106754.0"
"CH01","y_nw_ned_nt_pc_18_29_y",2016,"109529.0"
"CH01","y_nw_ned_nt_pc_18_29_y",2017,"112014.0"
"CH01","y_nw_ned_nt_pc_18_29_y",2018,"113959.0"
"CH01","y_nw_ned_nt_pc_18_29_y",2019,"113670.0"
"CH01","y_nw_ned_nt_pc_18_29_y",2020,"113190.0"
"CH01","y_nw_ned_nt_pc_18_29_y",2021,"112963.0"
"CH01","y_nw_ned_nt_pc_18_29_y",2022,"112301.0"
"CH01","y_nw_ned_nt_pc_18_29_y",2023,"112147.0"
"CH01","y_nw_ned_nt_pc_18_29_y",2024,"114474.0"
"CH02","y_nw_ned_nt_pc_18_29_y",2015,"117683.0"
"CH02","y_nw_ned_nt_pc_18_29_y",2016,"119779.0"
"CH02","y_nw_ned_nt_pc_18_29_y",2017,"121852.0"
"CH02","y_nw_ned_nt_pc_18_29_y",2018,"122761.0"
"CH02","y_nw_ned_nt_pc_18_29_y",2019,"121310.0"
"CH02","y_nw_ned_nt_pc_18_29_y",2020,"120689.0"
"CH02","y_nw_ned_nt_pc_18_29_y",2021,"119150.0"
"CH02","y_nw_ned_nt_pc_18_29_y",2022,"118009.0"
"CH02","y_nw_ned_nt_pc_18_29_y",2023,"117273.0"
"CH02","y_nw_ned_nt_pc_18_29_y",2024,"117822.0"
"CH03","y_nw_ned_nt_pc_18_29_y",2015,"72995.0"
"CH03","y_nw_ned_nt_pc_18_29_y",2016,"73995.0"
"CH03","y_nw_ned_nt_pc_18_29_y",2017,"74714.0"
"CH03","y_nw_ned_nt_pc_18_29_y",2018,"75104.0"
"CH03","y_nw_ned_nt_pc_18_29_y",2019,"74631.0"
"CH03","y_nw_ned_nt_pc_18_29_y",2020,"73949.0"
"CH03","y_nw_ned_nt_pc_18_29_y",2021,"72965.0"
"CH03","y_nw_ned_nt_pc_18_29_y",2022,"72674.0"
"CH03","y_nw_ned_nt_pc_18_29_y",2023,"72179.0"
"CH03","y_nw_ned_nt_pc_18_29_y",2024,"73201.0"
"CH04","y_nw_ned_nt_pc_18_29_y",2015,"104378.0"
"CH04","y_nw_ned_nt_pc_18_29_y",2016,"106003.0"
"CH04","y_nw_ned_nt_pc_18_29_y",2017,"107553.0"
"CH04","y_nw_ned_nt_pc_18_29_y",2018,"107942.0"
"CH04","y_nw_ned_nt_pc_18_29_y",2019,"108103.0"
"CH04","y_nw_ned_nt_pc_18_29_y",2020,"108347.0"
"CH04","y_nw_ned_nt_pc_18_29_y",2021,"107164.0"
"CH04","y_nw_ned_nt_pc_18_29_y",2022,"106502.0"
"CH04","y_nw_ned_nt_pc_18_29_y",2023,"107437.0"
"CH04","y_nw_ned_nt_pc_18_29_y",2024,"108946.0"
"CH05","y_nw_ned_nt_pc_18_29_y",2015,"78313.0"
"CH05","y_nw_ned_nt_pc_18_29_y",2016,"79008.0"
"CH05","y_nw_ned_nt_pc_18_29_y",2017,"79463.0"
"CH05","y_nw_ned_nt_pc_18_29_y",2018,"79730.0"
"CH05","y_nw_ned_nt_pc_18_29_y",2019,"78813.0"
"CH05","y_nw_ned_nt_pc_18_29_y",2020,"77699.0"
"CH05","y_nw_ned_nt_pc_18_29_y",2021,"76513.0"
"CH05","y_nw_ned_nt_pc_18_29_y",2022,"75638.0"
"CH05","y_nw_ned_nt_pc_18_29_y",2023,"75158.0"
"CH05","y_nw_ned_nt_pc_18_29_y",2024,"75696.0"
"CH06","y_nw_ned_nt_pc_18_29_y",2015,"52538.0"
"CH06","y_nw_ned_nt_pc_18_29_y",2016,"53401.0"
"CH06","y_nw_ned_nt_pc_18_29_y",2017,"53932.0"
"CH06","y_nw_ned_nt_pc_18_29_y",2018,"54250.0"
"CH06","y_nw_ned_nt_pc_18_29_y",2019,"53713.0"
"CH06","y_nw_ned_nt_pc_18_29_y",2020,"53186.0"
"CH06","y_nw_ned_nt_pc_18_29_y",2021,"52556.0"
"CH06","y_nw_ned_nt_pc_18_29_y",2022,"52237.0"
"CH06","y_nw_ned_nt_pc_18_29_y",2023,"52040.0"
"CH06","y_nw_ned_nt_pc_18_29_y",2024,"52260.0"
"CH07","y_nw_ned_nt_pc_18_29_y",2015,"18783.0"
"CH07","y_nw_ned_nt_pc_18_29_y",2016,"18872.0"
"CH07","y_nw_ned_nt_pc_18_29_y",2017,"19053.0"
"CH07","y_nw_ned_nt_pc_18_29_y",2018,"19071.0"
"CH07","y_nw_ned_nt_pc_18_29_y",2019,"19048.0"
"CH07","y_nw_ned_nt_pc_18_29_y",2020,"18787.0"
"CH07","y_nw_ned_nt_pc_18_29_y",2021,"18642.0"
"CH07","y_nw_ned_nt_pc_18_29_y",2022,"18769.0"
"CH07","y_nw_ned_nt_pc_18_29_y",2023,"18877.0"
"CH07","y_nw_ned_nt_pc_18_29_y",2024,"19272.0"
"ME00","y_nw_ned_nt_pc_18_29_y",2015,"43645.0"
"ME00","y_nw_ned_nt_pc_18_29_y",2016,"42226.0"
"ME00","y_nw_ned_nt_pc_18_29_y",2017,"40985.0"
"ME00","y_nw_ned_nt_pc_18_29_y",2018,"40003.0"
"ME00","y_nw_ned_nt_pc_18_29_y",2019,"39240.0"
"ME00","y_nw_ned_nt_pc_18_29_y",2020,"39210.0"
"ME00","y_nw_ned_nt_pc_18_29_y",2021,"39524.0"
"ME00","y_nw_ned_nt_pc_18_29_y",2022,"39594.0"
"ME00","y_nw_ned_nt_pc_18_29_y",2023,"39042.0"
"ME00","y_nw_ned_nt_pc_18_29_y",2024,"38748.0"
"MK00","y_nw_ned_nt_pc_18_29_y",2015,"162874.0"
"MK00","y_nw_ned_nt_pc_18_29_y",2016,"161173.0"
"MK00","y_nw_ned_nt_pc_18_29_y",2017,"160662.0"
"MK00","y_nw_ned_nt_pc_18_29_y",2018,"158524.0"
"MK00","y_nw_ned_nt_pc_18_29_y",2019,"155266.0"
"MK00","y_nw_ned_nt_pc_18_29_y",2020,"153483.0"
"MK00","y_nw_ned_nt_pc_18_29_y",2021,"150388.0"
"MK00","y_nw_ned_nt_pc_18_29_y",2022,"116515.0"
"MK00","y_nw_ned_nt_pc_18_29_y",2023,"112799.0"
"MK00","y_nw_ned_nt_pc_18_29_y",2024,"110977.0"
"TR10","y_nw_ned_nt_pc_18_29_y",2015,"1329169.0"
"TR10","y_nw_ned_nt_pc_18_29_y",2016,"1326115.0"
"TR10","y_nw_ned_nt_pc_18_29_y",2017,"1304105.0"
"TR10","y_nw_ned_nt_pc_18_29_y",2018,"1287312.0"
"TR10","y_nw_ned_nt_pc_18_29_y",2019,"1271437.0"
"TR10","y_nw_ned_nt_pc_18_29_y",2020,"1314469.0"
"TR10","y_nw_ned_nt_pc_18_29_y",2021,"1292327.0"
"TR10","y_nw_ned_nt_pc_18_29_y",2022,"1339926.0"
"TR10","y_nw_ned_nt_pc_18_29_y",2023,"1348973.0"
"TR10","y_nw_ned_nt_pc_18_29_y",2024,"1327965.0"
"TR21","y_nw_ned_nt_pc_18_29_y",2015,"132856.0"
"TR21","y_nw_ned_nt_pc_18_29_y",2016,"133195.0"
"TR21","y_nw_ned_nt_pc_18_29_y",2017,"133426.0"
"TR21","y_nw_ned_nt_pc_18_29_y",2018,"135993.0"
"TR21","y_nw_ned_nt_pc_18_29_y",2019,"136171.0"
"TR21","y_nw_ned_nt_pc_18_29_y",2020,"136906.0"
"TR21","y_nw_ned_nt_pc_18_29_y",2021,"136111.0"
"TR21","y_nw_ned_nt_pc_18_29_y",2022,"139731.0"
"TR21","y_nw_ned_nt_pc_18_29_y",2023,"142866.0"
"TR21","y_nw_ned_nt_pc_18_29_y",2024,"146323.0"
"TR22","y_nw_ned_nt_pc_18_29_y",2015,"112364.0"
"TR22","y_nw_ned_nt_pc_18_29_y",2016,"112320.0"
"TR22","y_nw_ned_nt_pc_18_29_y",2017,"112226.0"
"TR22","y_nw_ned_nt_pc_18_29_y",2018,"112483.0"
"TR22","y_nw_ned_nt_pc_18_29_y",2019,"112379.0"
"TR22","y_nw_ned_nt_pc_18_29_y",2020,"111440.0"
"TR22","y_nw_ned_nt_pc_18_29_y",2021,"112878.0"
"TR22","y_nw_ned_nt_pc_18_29_y",2022,"115262.0"
"TR22","y_nw_ned_nt_pc_18_29_y",2023,"116886.0"
"TR22","y_nw_ned_nt_pc_18_29_y",2024,"118731.0"
"TR31","y_nw_ned_nt_pc_18_29_y",2015,"325837.0"
"TR31","y_nw_ned_nt_pc_18_29_y",2016,"325946.0"
"TR31","y_nw_ned_nt_pc_18_29_y",2017,"322649.0"
"TR31","y_nw_ned_nt_pc_18_29_y",2018,"322177.0"
"TR31","y_nw_ned_nt_pc_18_29_y",2019,"321112.0"
"TR31","y_nw_ned_nt_pc_18_29_y",2020,"322734.0"
"TR31","y_nw_ned_nt_pc_18_29_y",2021,"321848.0"
"TR31","y_nw_ned_nt_pc_18_29_y",2022,"322080.0"
"TR31","y_nw_ned_nt_pc_18_29_y",2023,"324337.0"
"TR31","y_nw_ned_nt_pc_18_29_y",2024,"320073.0"
"TR32","y_nw_ned_nt_pc_18_29_y",2015,"209968.0"
"TR32","y_nw_ned_nt_pc_18_29_y",2016,"209830.0"
"TR32","y_nw_ned_nt_pc_18_29_y",2017,"208946.0"
"TR32","y_nw_ned_nt_pc_18_29_y",2018,"207609.0"
"TR32","y_nw_ned_nt_pc_18_29_y",2019,"208071.0"
"TR32","y_nw_ned_nt_pc_18_29_y",2020,"210664.0"
"TR32","y_nw_ned_nt_pc_18_29_y",2021,"210672.0"
"TR32","y_nw_ned_nt_pc_18_29_y",2022,"214424.0"
"TR32","y_nw_ned_nt_pc_18_29_y",2023,"221716.0"
"TR32","y_nw_ned_nt_pc_18_29_y",2024,"221954.0"
"TR33","y_nw_ned_nt_pc_18_29_y",2015,"221708.0"
"TR33","y_nw_ned_nt_pc_18_29_y",2016,"218813.0"
"TR33","y_nw_ned_nt_pc_18_29_y",2017,"217713.0"
"TR33","y_nw_ned_nt_pc_18_29_y",2018,"216194.0"
"TR33","y_nw_ned_nt_pc_18_29_y",2019,"215899.0"
"TR33","y_nw_ned_nt_pc_18_29_y",2020,"217191.0"
"TR33","y_nw_ned_nt_pc_18_29_y",2021,"218051.0"
"TR33","y_nw_ned_nt_pc_18_29_y",2022,"218862.0"
"TR33","y_nw_ned_nt_pc_18_29_y",2023,"223309.0"
"TR33","y_nw_ned_nt_pc_18_29_y",2024,"220474.0"
"TR41","y_nw_ned_nt_pc_18_29_y",2015,"308534.0"
"TR41","y_nw_ned_nt_pc_18_29_y",2016,"308449.0"
"TR41","y_nw_ned_nt_pc_18_29_y",2017,"308409.0"
"TR41","y_nw_ned_nt_pc_18_29_y",2018,"304764.0"
"TR41","y_nw_ned_nt_pc_18_29_y",2019,"305234.0"
"TR41","y_nw_ned_nt_pc_18_29_y",2020,"309726.0"
"TR41","y_nw_ned_nt_pc_18_29_y",2021,"310155.0"
"TR41","y_nw_ned_nt_pc_18_29_y",2022,"318750.0"
"TR41","y_nw_ned_nt_pc_18_29_y",2023,"324023.0"
"TR41","y_nw_ned_nt_pc_18_29_y",2024,"324403.0"
"TR42","y_nw_ned_nt_pc_18_29_y",2015,"287625.0"
"TR42","y_nw_ned_nt_pc_18_29_y",2016,"291419.0"
"TR42","y_nw_ned_nt_pc_18_29_y",2017,"295304.0"
"TR42","y_nw_ned_nt_pc_18_29_y",2018,"298272.0"
"TR42","y_nw_ned_nt_pc_18_29_y",2019,"299495.0"
"TR42","y_nw_ned_nt_pc_18_29_y",2020,"304079.0"
"TR42","y_nw_ned_nt_pc_18_29_y",2021,"307816.0"
"TR42","y_nw_ned_nt_pc_18_29_y",2022,"313048.0"
"TR42","y_nw_ned_nt_pc_18_29_y",2023,"319849.0"
"TR42","y_nw_ned_nt_pc_18_29_y",2024,"324067.0"
"TR51","y_nw_ned_nt_pc_18_29_y",2015,"443379.0"
"TR51","y_nw_ned_nt_pc_18_29_y",2016,"445400.0"
"TR51","y_nw_ned_nt_pc_18_29_y",2017,"439614.0"
"TR51","y_nw_ned_nt_pc_18_29_y",2018,"437259.0"
"TR51","y_nw_ned_nt_pc_18_29_y",2019,"436931.0"
"TR51","y_nw_ned_nt_pc_18_29_y",2020,"442091.0"
"TR51","y_nw_ned_nt_pc_18_29_y",2021,"438849.0"
"TR51","y_nw_ned_nt_pc_18_29_y",2022,"443340.0"
"TR51","y_nw_ned_nt_pc_18_29_y",2023,"447297.0"
"TR51","y_nw_ned_nt_pc_18_29_y",2024,"452015.0"
"TR52","y_nw_ned_nt_pc_18_29_y",2015,"180228.0"
"TR52","y_nw_ned_nt_pc_18_29_y",2016,"177557.0"
"TR52","y_nw_ned_nt_pc_18_29_y",2017,"176647.0"
"TR52","y_nw_ned_nt_pc_18_29_y",2018,"174814.0"
"TR52","y_nw_ned_nt_pc_18_29_y",2019,"174990.0"
"TR52","y_nw_ned_nt_pc_18_29_y",2020,"177100.0"
"TR52","y_nw_ned_nt_pc_18_29_y",2021,"181552.0"
"TR52","y_nw_ned_nt_pc_18_29_y",2022,"186616.0"
"TR52","y_nw_ned_nt_pc_18_29_y",2023,"192079.0"
"TR52","y_nw_ned_nt_pc_18_29_y",2024,"194191.0"
"TR61","y_nw_ned_nt_pc_18_29_y",2015,"225578.0"
"TR61","y_nw_ned_nt_pc_18_29_y",2016,"227109.0"
"TR61","y_nw_ned_nt_pc_18_29_y",2017,"224306.0"
"TR61","y_nw_ned_nt_pc_18_29_y",2018,"221878.0"
"TR61","y_nw_ned_nt_pc_18_29_y",2019,"224603.0"
"TR61","y_nw_ned_nt_pc_18_29_y",2020,"231820.0"
"TR61","y_nw_ned_nt_pc_18_29_y",2021,"231005.0"
"TR61","y_nw_ned_nt_pc_18_29_y",2022,"238705.0"
"TR61","y_nw_ned_nt_pc_18_29_y",2023,"247361.0"
"TR61","y_nw_ned_nt_pc_18_29_y",2024,"245046.0"
"TR62","y_nw_ned_nt_pc_18_29_y",2015,"297048.0"
"TR62","y_nw_ned_nt_pc_18_29_y",2016,"294253.0"
"TR62","y_nw_ned_nt_pc_18_29_y",2017,"292460.0"
"TR62","y_nw_ned_nt_pc_18_29_y",2018,"289788.0"
"TR62","y_nw_ned_nt_pc_18_29_y",2019,"287017.0"
"TR62","y_nw_ned_nt_pc_18_29_y",2020,"289217.0"
"TR62","y_nw_ned_nt_pc_18_29_y",2021,"291307.0"
"TR62","y_nw_ned_nt_pc_18_29_y",2022,"294336.0"
"TR62","y_nw_ned_nt_pc_18_29_y",2023,"301052.0"
"TR62","y_nw_ned_nt_pc_18_29_y",2024,"300796.0"
"TR63","y_nw_ned_nt_pc_18_29_y",2015,"233306.0"
"TR63","y_nw_ned_nt_pc_18_29_y",2016,"228561.0"
"TR63","y_nw_ned_nt_pc_18_29_y",2017,"226546.0"
"TR63","y_nw_ned_nt_pc_18_29_y",2018,"223417.0"
"TR63","y_nw_ned_nt_pc_18_29_y",2019,"225485.0"
"TR63","y_nw_ned_nt_pc_18_29_y",2020,"227002.0"
"TR63","y_nw_ned_nt_pc_18_29_y",2021,"232834.0"
"TR63","y_nw_ned_nt_pc_18_29_y",2022,"235910.0"
"TR63","y_nw_ned_nt_pc_18_29_y",2023,"240389.0"
"TR63","y_nw_ned_nt_pc_18_29_y",2024,"229769.0"
"TR71","y_nw_ned_nt_pc_18_29_y",2015,"110485.0"
"TR71","y_nw_ned_nt_pc_18_29_y",2016,"109805.0"
"TR71","y_nw_ned_nt_pc_18_29_y",2017,"110527.0"
"TR71","y_nw_ned_nt_pc_18_29_y",2018,"110068.0"
"TR71","y_nw_ned_nt_pc_18_29_y",2019,"111009.0"
"TR71","y_nw_ned_nt_pc_18_29_y",2020,"110685.0"
"TR71","y_nw_ned_nt_pc_18_29_y",2021,"111430.0"
"TR71","y_nw_ned_nt_pc_18_29_y",2022,"114042.0"
"TR71","y_nw_ned_nt_pc_18_29_y",2023,"117563.0"
"TR71","y_nw_ned_nt_pc_18_29_y",2024,"117548.0"
"TR72","y_nw_ned_nt_pc_18_29_y",2015,"182857.0"
"TR72","y_nw_ned_nt_pc_18_29_y",2016,"178872.0"
"TR72","y_nw_ned_nt_pc_18_29_y",2017,"178037.0"
"TR72","y_nw_ned_nt_pc_18_29_y",2018,"174395.0"
"TR72","y_nw_ned_nt_pc_18_29_y",2019,"173532.0"
"TR72","y_nw_ned_nt_pc_18_29_y",2020,"173809.0"
"TR72","y_nw_ned_nt_pc_18_29_y",2021,"175606.0"
"TR72","y_nw_ned_nt_pc_18_29_y",2022,"178286.0"
"TR72","y_nw_ned_nt_pc_18_29_y",2023,"181091.0"
"TR72","y_nw_ned_nt_pc_18_29_y",2024,"179275.0"
"TR81","y_nw_ned_nt_pc_18_29_y",2015,"70453.0"
"TR81","y_nw_ned_nt_pc_18_29_y",2016,"68948.0"
"TR81","y_nw_ned_nt_pc_18_29_y",2017,"68341.0"
"TR81","y_nw_ned_nt_pc_18_29_y",2018,"67571.0"
"TR81","y_nw_ned_nt_pc_18_29_y",2019,"68295.0"
"TR81","y_nw_ned_nt_pc_18_29_y",2020,"66732.0"
"TR81","y_nw_ned_nt_pc_18_29_y",2021,"66131.0"
"TR81","y_nw_ned_nt_pc_18_29_y",2022,"66874.0"
"TR81","y_nw_ned_nt_pc_18_29_y",2023,"67349.0"
"TR81","y_nw_ned_nt_pc_18_29_y",2024,"67585.0"
"TR82","y_nw_ned_nt_pc_18_29_y",2015,"51416.0"
"TR82","y_nw_ned_nt_pc_18_29_y",2016,"49629.0"
"TR82","y_nw_ned_nt_pc_18_29_y",2017,"49822.0"
"TR82","y_nw_ned_nt_pc_18_29_y",2018,"49713.0"
"TR82","y_nw_ned_nt_pc_18_29_y",2019,"53502.0"
"TR82","y_nw_ned_nt_pc_18_29_y",2020,"50417.0"
"TR82","y_nw_ned_nt_pc_18_29_y",2021,"50148.0"
"TR82","y_nw_ned_nt_pc_18_29_y",2022,"50305.0"
"TR82","y_nw_ned_nt_pc_18_29_y",2023,"50729.0"
"TR82","y_nw_ned_nt_pc_18_29_y",2024,"50483.0"
"TR83","y_nw_ned_nt_pc_18_29_y",2015,"188167.0"
"TR83","y_nw_ned_nt_pc_18_29_y",2016,"185006.0"
"TR83","y_nw_ned_nt_pc_18_29_y",2017,"185809.0"
"TR83","y_nw_ned_nt_pc_18_29_y",2018,"184984.0"
"TR83","y_nw_ned_nt_pc_18_29_y",2019,"190460.0"
"TR83","y_nw_ned_nt_pc_18_29_y",2020,"190931.0"
"TR83","y_nw_ned_nt_pc_18_29_y",2021,"188074.0"
"TR83","y_nw_ned_nt_pc_18_29_y",2022,"190424.0"
"TR83","y_nw_ned_nt_pc_18_29_y",2023,"191624.0"
"TR83","y_nw_ned_nt_pc_18_29_y",2024,"189766.0"
"TR90","y_nw_ned_nt_pc_18_29_y",2015,"178395.0"
"TR90","y_nw_ned_nt_pc_18_29_y",2016,"176813.0"
"TR90","y_nw_ned_nt_pc_18_29_y",2017,"181280.0"
"TR90","y_nw_ned_nt_pc_18_29_y",2018,"179571.0"
"TR90","y_nw_ned_nt_pc_18_29_y",2019,"185123.0"
"TR90","y_nw_ned_nt_pc_18_29_y",2020,"184253.0"
"TR90","y_nw_ned_nt_pc_18_29_y",2021,"183472.0"
"TR90","y_nw_ned_nt_pc_18_29_y",2022,"184255.0"
"TR90","y_nw_ned_nt_pc_18_29_y",2023,"185055.0"
"TR90","y_nw_ned_nt_pc_18_29_y",2024,"181953.0"
"TRA1","y_nw_ned_nt_pc_18_29_y",2015,"87063.0"
"TRA1","y_nw_ned_nt_pc_18_29_y",2016,"84641.0"
"TRA1","y_nw_ned_nt_pc_18_29_y",2017,"83817.0"
"TRA1","y_nw_ned_nt_pc_18_29_y",2018,"82710.0"
"TRA1","y_nw_ned_nt_pc_18_29_y",2019,"84617.0"
"TRA1","y_nw_ned_nt_pc_18_29_y",2020,"85202.0"
"TRA1","y_nw_ned_nt_pc_18_29_y",2021,"86408.0"
"TRA1","y_nw_ned_nt_pc_18_29_y",2022,"88049.0"
"TRA1","y_nw_ned_nt_pc_18_29_y",2023,"88181.0"
"TRA1","y_nw_ned_nt_pc_18_29_y",2024,"88140.0"
"TRA2","y_nw_ned_nt_pc_18_29_y",2015,"91772.0"
"TRA2","y_nw_ned_nt_pc_18_29_y",2016,"90976.0"
"TRA2","y_nw_ned_nt_pc_18_29_y",2017,"91760.0"
"TRA2","y_nw_ned_nt_pc_18_29_y",2018,"91820.0"
"TRA2","y_nw_ned_nt_pc_18_29_y",2019,"95043.0"
"TRA2","y_nw_ned_nt_pc_18_29_y",2020,"96588.0"
"TRA2","y_nw_ned_nt_pc_18_29_y",2021,"97805.0"
"TRA2","y_nw_ned_nt_pc_18_29_y",2022,"96076.0"
"TRA2","y_nw_ned_nt_pc_18_29_y",2023,"93874.0"
"TRA2","y_nw_ned_nt_pc_18_29_y",2024,"99049.0"
"TRB1","y_nw_ned_nt_pc_18_29_y",2015,"137084.0"
"TRB1","y_nw_ned_nt_pc_18_29_y",2016,"134620.0"
"TRB1","y_nw_ned_nt_pc_18_29_y",2017,"133676.0"
"TRB1","y_nw_ned_nt_pc_18_29_y",2018,"132488.0"
"TRB1","y_nw_ned_nt_pc_18_29_y",2019,"134159.0"
"TRB1","y_nw_ned_nt_pc_18_29_y",2020,"133792.0"
"TRB1","y_nw_ned_nt_pc_18_29_y",2021,"134773.0"
"TRB1","y_nw_ned_nt_pc_18_29_y",2022,"134012.0"
"TRB1","y_nw_ned_nt_pc_18_29_y",2023,"133496.0"
"TRB1","y_nw_ned_nt_pc_18_29_y",2024,"128237.0"
"TRB2","y_nw_ned_nt_pc_18_29_y",2015,"182513.0"
"TRB2","y_nw_ned_nt_pc_18_29_y",2016,"187361.0"
"TRB2","y_nw_ned_nt_pc_18_29_y",2017,"189481.0"
"TRB2","y_nw_ned_nt_pc_18_29_y",2018,"196838.0"
"TRB2","y_nw_ned_nt_pc_18_29_y",2019,"208833.0"
"TRB2","y_nw_ned_nt_pc_18_29_y",2020,"210706.0"
"TRB2","y_nw_ned_nt_pc_18_29_y",2021,"210980.0"
"TRB2","y_nw_ned_nt_pc_18_29_y",2022,"207872.0"
"TRB2","y_nw_ned_nt_pc_18_29_y",2023,"203286.0"
"TRB2","y_nw_ned_nt_pc_18_29_y",2024,"207858.0"
"TRC1","y_nw_ned_nt_pc_18_29_y",2015,"215505.0"
"TRC1","y_nw_ned_nt_pc_18_29_y",2016,"215423.0"
"TRC1","y_nw_ned_nt_pc_18_29_y",2017,"217036.0"
"TRC1","y_nw_ned_nt_pc_18_29_y",2018,"216389.0"
"TRC1","y_nw_ned_nt_pc_18_29_y",2019,"215187.0"
"TRC1","y_nw_ned_nt_pc_18_29_y",2020,"218790.0"
"TRC1","y_nw_ned_nt_pc_18_29_y",2021,"222587.0"
"TRC1","y_nw_ned_nt_pc_18_29_y",2022,"225785.0"
"TRC1","y_nw_ned_nt_pc_18_29_y",2023,"229405.0"
"TRC1","y_nw_ned_nt_pc_18_29_y",2024,"233615.0"
"TRC2","y_nw_ned_nt_pc_18_29_y",2015,"292017.0"
"TRC2","y_nw_ned_nt_pc_18_29_y",2016,"299719.0"
"TRC2","y_nw_ned_nt_pc_18_29_y",2017,"307502.0"
"TRC2","y_nw_ned_nt_pc_18_29_y",2018,"315295.0"
"TRC2","y_nw_ned_nt_pc_18_29_y",2019,"323773.0"
"TRC2","y_nw_ned_nt_pc_18_29_y",2020,"330911.0"
"TRC2","y_nw_ned_nt_pc_18_29_y",2021,"334606.0"
"TRC2","y_nw_ned_nt_pc_18_29_y",2022,"334209.0"
"TRC2","y_nw_ned_nt_pc_18_29_y",2023,"333636.0"
"TRC2","y_nw_ned_nt_pc_18_29_y",2024,"338239.0"
"TRC3","y_nw_ned_nt_pc_18_29_y",2015,"177875.0"
"TRC3","y_nw_ned_nt_pc_18_29_y",2016,"182469.0"
"TRC3","y_nw_ned_nt_pc_18_29_y",2017,"186602.0"
"TRC3","y_nw_ned_nt_pc_18_29_y",2018,"197740.0"
"TRC3","y_nw_ned_nt_pc_18_29_y",2019,"214112.0"
"TRC3","y_nw_ned_nt_pc_18_29_y",2020,"220056.0"
"TRC3","y_nw_ned_nt_pc_18_29_y",2021,"223529.0"
"TRC3","y_nw_ned_nt_pc_18_29_y",2022,"225720.0"
"TRC3","y_nw_ned_nt_pc_18_29_y",2023,"227743.0"
"TRC3","y_nw_ned_nt_pc_18_29_y",2024,"235506.0"
