"region_id","indicator","year","value"
"BE10","pop_tot_Sheet_4",2015,"96978.0"
"BE10","pop_tot_Sheet_4",2016,"99124.0"
"BE10","pop_tot_Sheet_4",2017,"97988.0"
"BE10","pop_tot_Sheet_4",2018,"97610.0"
"BE10","pop_tot_Sheet_4",2019,"96859.0"
"BE10","pop_tot_Sheet_4",2020,"96613.0"
"BE10","pop_tot_Sheet_4",2021,"95464.0"
"BE10","pop_tot_Sheet_4",2022,"94628.0"
"BE10","pop_tot_Sheet_4",2023,"96245.0"
"BE10","pop_tot_Sheet_4",2024,"98157.0"
"BE21","pop_tot_Sheet_4",2015,"114819.0"
"BE21","pop_tot_Sheet_4",2016,"117968.0"
"BE21","pop_tot_Sheet_4",2017,"120344.0"
"BE21","pop_tot_Sheet_4",2018,"121883.0"
"BE21","pop_tot_Sheet_4",2019,"122989.0"
"BE21","pop_tot_Sheet_4",2020,"123428.0"
"BE21","pop_tot_Sheet_4",2021,"122742.0"
"BE21","pop_tot_Sheet_4",2022,"122814.0"
"BE21","pop_tot_Sheet_4",2023,"124830.0"
"BE21","pop_tot_Sheet_4",2024,"126712.0"
"BE22","pop_tot_Sheet_4",2015,"55530.0"
"BE22","pop_tot_Sheet_4",2016,"57023.0"
"BE22","pop_tot_Sheet_4",2017,"57961.0"
"BE22","pop_tot_Sheet_4",2018,"58169.0"
"BE22","pop_tot_Sheet_4",2019,"57824.0"
"BE22","pop_tot_Sheet_4",2020,"57025.0"
"BE22","pop_tot_Sheet_4",2021,"56446.0"
"BE22","pop_tot_Sheet_4",2022,"55812.0"
"BE22","pop_tot_Sheet_4",2023,"55806.0"
"BE22","pop_tot_Sheet_4",2024,"56109.0"
"BE23","pop_tot_Sheet_4",2015,"97276.0"
"BE23","pop_tot_Sheet_4",2016,"99145.0"
"BE23","pop_tot_Sheet_4",2017,"100210.0"
"BE23","pop_tot_Sheet_4",2018,"100895.0"
"BE23","pop_tot_Sheet_4",2019,"100368.0"
"BE23","pop_tot_Sheet_4",2020,"99673.0"
"BE23","pop_tot_Sheet_4",2021,"98685.0"
"BE23","pop_tot_Sheet_4",2022,"98295.0"
"BE23","pop_tot_Sheet_4",2023,"99247.0"
"BE23","pop_tot_Sheet_4",2024,"100479.0"
"BE24","pop_tot_Sheet_4",2015,"70504.0"
"BE24","pop_tot_Sheet_4",2016,"72093.0"
"BE24","pop_tot_Sheet_4",2017,"73181.0"
"BE24","pop_tot_Sheet_4",2018,"73679.0"
"BE24","pop_tot_Sheet_4",2019,"74012.0"
"BE24","pop_tot_Sheet_4",2020,"73879.0"
"BE24","pop_tot_Sheet_4",2021,"73241.0"
"BE24","pop_tot_Sheet_4",2022,"73424.0"
"BE24","pop_tot_Sheet_4",2023,"74590.0"
"BE24","pop_tot_Sheet_4",2024,"75308.0"
"BE25","pop_tot_Sheet_4",2015,"67969.0"
"BE25","pop_tot_Sheet_4",2016,"69148.0"
"BE25","pop_tot_Sheet_4",2017,"70193.0"
"BE25","pop_tot_Sheet_4",2018,"70801.0"
"BE25","pop_tot_Sheet_4",2019,"71052.0"
"BE25","pop_tot_Sheet_4",2020,"71045.0"
"BE25","pop_tot_Sheet_4",2021,"70518.0"
"BE25","pop_tot_Sheet_4",2022,"70515.0"
"BE25","pop_tot_Sheet_4",2023,"71372.0"
"BE25","pop_tot_Sheet_4",2024,"72084.0"
"BE31","pop_tot_Sheet_4",2015,"24076.0"
"BE31","pop_tot_Sheet_4",2016,"24176.0"
"BE31","pop_tot_Sheet_4",2017,"24164.0"
"BE31","pop_tot_Sheet_4",2018,"24214.0"
"BE31","pop_tot_Sheet_4",2019,"24501.0"
"BE31","pop_tot_Sheet_4",2020,"24700.0"
"BE31","pop_tot_Sheet_4",2021,"24847.0"
"BE31","pop_tot_Sheet_4",2022,"25161.0"
"BE31","pop_tot_Sheet_4",2023,"25776.0"
"BE31","pop_tot_Sheet_4",2024,"26107.0"
"BE32","pop_tot_Sheet_4",2015,"83971.0"
"BE32","pop_tot_Sheet_4",2016,"84219.0"
"BE32","pop_tot_Sheet_4",2017,"84465.0"
"BE32","pop_tot_Sheet_4",2018,"84479.0"
"BE32","pop_tot_Sheet_4",2019,"84125.0"
"BE32","pop_tot_Sheet_4",2020,"84451.0"
"BE32","pop_tot_Sheet_4",2021,"84148.0"
"BE32","pop_tot_Sheet_4",2022,"84992.0"
"BE32","pop_tot_Sheet_4",2023,"85969.0"
"BE32","pop_tot_Sheet_4",2024,"87928.0"
"BE33","pop_tot_Sheet_4",2015,"67930.0"
"BE33","pop_tot_Sheet_4",2016,"68728.0"
"BE33","pop_tot_Sheet_4",2017,"69099.0"
"BE33","pop_tot_Sheet_4",2018,"70071.0"
"BE33","pop_tot_Sheet_4",2019,"70280.0"
"BE33","pop_tot_Sheet_4",2020,"70689.0"
"BE33","pop_tot_Sheet_4",2021,"70960.0"
"BE33","pop_tot_Sheet_4",2022,"71492.0"
"BE33","pop_tot_Sheet_4",2023,"72538.0"
"BE33","pop_tot_Sheet_4",2024,"74086.0"
"BE34","pop_tot_Sheet_4",2015,"17907.0"
"BE34","pop_tot_Sheet_4",2016,"18024.0"
"BE34","pop_tot_Sheet_4",2017,"18233.0"
"BE34","pop_tot_Sheet_4",2018,"18181.0"
"BE34","pop_tot_Sheet_4",2019,"18218.0"
"BE34","pop_tot_Sheet_4",2020,"18534.0"
"BE34","pop_tot_Sheet_4",2021,"18603.0"
"BE34","pop_tot_Sheet_4",2022,"19003.0"
"BE34","pop_tot_Sheet_4",2023,"19408.0"
"BE34","pop_tot_Sheet_4",2024,"19875.0"
"BE35","pop_tot_Sheet_4",2015,"30292.0"
"BE35","pop_tot_Sheet_4",2016,"30729.0"
"BE35","pop_tot_Sheet_4",2017,"30950.0"
"BE35","pop_tot_Sheet_4",2018,"31250.0"
"BE35","pop_tot_Sheet_4",2019,"31556.0"
"BE35","pop_tot_Sheet_4",2020,"31842.0"
"BE35","pop_tot_Sheet_4",2021,"31902.0"
"BE35","pop_tot_Sheet_4",2022,"32206.0"
"BE35","pop_tot_Sheet_4",2023,"32630.0"
"BE35","pop_tot_Sheet_4",2024,"33141.0"
"BG31","pop_tot_Sheet_4",2015,"48898.0"
"BG31","pop_tot_Sheet_4",2016,"46723.0"
"BG31","pop_tot_Sheet_4",2017,"44464.0"
"BG31","pop_tot_Sheet_4",2018,"42155.0"
"BG31","pop_tot_Sheet_4",2019,"40289.0"
"BG31","pop_tot_Sheet_4",2020,"38739.0"
"BG31","pop_tot_Sheet_4",2021,"38000.0"
"BG31","pop_tot_Sheet_4",2022,"37466.0"
"BG31","pop_tot_Sheet_4",2023,"37238.0"
"BG31","pop_tot_Sheet_4",2024,"36930.0"
"BG32","pop_tot_Sheet_4",2015,"53333.0"
"BG32","pop_tot_Sheet_4",2016,"50945.0"
"BG32","pop_tot_Sheet_4",2017,"48511.0"
"BG32","pop_tot_Sheet_4",2018,"46100.0"
"BG32","pop_tot_Sheet_4",2019,"43981.0"
"BG32","pop_tot_Sheet_4",2020,"42427.0"
"BG32","pop_tot_Sheet_4",2021,"41549.0"
"BG32","pop_tot_Sheet_4",2022,"40693.0"
"BG32","pop_tot_Sheet_4",2023,"40371.0"
"BG32","pop_tot_Sheet_4",2024,"39923.0"
"BG33","pop_tot_Sheet_4",2015,"69025.0"
"BG33","pop_tot_Sheet_4",2016,"66403.0"
"BG33","pop_tot_Sheet_4",2017,"63263.0"
"BG33","pop_tot_Sheet_4",2018,"60362.0"
"BG33","pop_tot_Sheet_4",2019,"57887.0"
"BG33","pop_tot_Sheet_4",2020,"55879.0"
"BG33","pop_tot_Sheet_4",2021,"54825.0"
"BG33","pop_tot_Sheet_4",2022,"54511.0"
"BG33","pop_tot_Sheet_4",2023,"53777.0"
"BG33","pop_tot_Sheet_4",2024,"53392.0"
"BG34","pop_tot_Sheet_4",2015,"74532.0"
"BG34","pop_tot_Sheet_4",2016,"72573.0"
"BG34","pop_tot_Sheet_4",2017,"69744.0"
"BG34","pop_tot_Sheet_4",2018,"67124.0"
"BG34","pop_tot_Sheet_4",2019,"64913.0"
"BG34","pop_tot_Sheet_4",2020,"63264.0"
"BG34","pop_tot_Sheet_4",2021,"61913.0"
"BG34","pop_tot_Sheet_4",2022,"60980.0"
"BG34","pop_tot_Sheet_4",2023,"60208.0"
"BG34","pop_tot_Sheet_4",2024,"59743.0"
"BG41","pop_tot_Sheet_4",2015,"171936.0"
"BG41","pop_tot_Sheet_4",2016,"168983.0"
"BG41","pop_tot_Sheet_4",2017,"164960.0"
"BG41","pop_tot_Sheet_4",2018,"160726.0"
"BG41","pop_tot_Sheet_4",2019,"156935.0"
"BG41","pop_tot_Sheet_4",2020,"154256.0"
"BG41","pop_tot_Sheet_4",2021,"152486.0"
"BG41","pop_tot_Sheet_4",2022,"153182.0"
"BG41","pop_tot_Sheet_4",2023,"153659.0"
"BG41","pop_tot_Sheet_4",2024,"154567.0"
"BG42","pop_tot_Sheet_4",2015,"100397.0"
"BG42","pop_tot_Sheet_4",2016,"98635.0"
"BG42","pop_tot_Sheet_4",2017,"95799.0"
"BG42","pop_tot_Sheet_4",2018,"92791.0"
"BG42","pop_tot_Sheet_4",2019,"90001.0"
"BG42","pop_tot_Sheet_4",2020,"87483.0"
"BG42","pop_tot_Sheet_4",2021,"86155.0"
"BG42","pop_tot_Sheet_4",2022,"85101.0"
"BG42","pop_tot_Sheet_4",2023,"84507.0"
"BG42","pop_tot_Sheet_4",2024,"84754.0"
"CZ01","pop_tot_Sheet_4",2015,"124707.0"
"CZ01","pop_tot_Sheet_4",2016,"123134.0"
"CZ01","pop_tot_Sheet_4",2017,"120979.0"
"CZ01","pop_tot_Sheet_4",2018,"118999.0"
"CZ01","pop_tot_Sheet_4",2019,"116174.0"
"CZ01","pop_tot_Sheet_4",2020,"114251.0"
"CZ01","pop_tot_Sheet_4",2021,"101170.0"
"CZ01","pop_tot_Sheet_4",2022,"102404.0"
"CZ01","pop_tot_Sheet_4",2023,"109717.0"
"CZ01","pop_tot_Sheet_4",2024,"112088.0"
"CZ02","pop_tot_Sheet_4",2015,"123799.0"
"CZ02","pop_tot_Sheet_4",2016,"119805.0"
"CZ02","pop_tot_Sheet_4",2017,"115228.0"
"CZ02","pop_tot_Sheet_4",2018,"110296.0"
"CZ02","pop_tot_Sheet_4",2019,"105992.0"
"CZ02","pop_tot_Sheet_4",2020,"102595.0"
"CZ02","pop_tot_Sheet_4",2021,"97300.0"
"CZ02","pop_tot_Sheet_4",2022,"97210.0"
"CZ02","pop_tot_Sheet_4",2023,"100711.0"
"CZ02","pop_tot_Sheet_4",2024,"101490.0"
"CZ03","pop_tot_Sheet_4",2015,"102562.0"
"CZ03","pop_tot_Sheet_4",2016,"99034.0"
"CZ03","pop_tot_Sheet_4",2017,"94908.0"
"CZ03","pop_tot_Sheet_4",2018,"91415.0"
"CZ03","pop_tot_Sheet_4",2019,"88195.0"
"CZ03","pop_tot_Sheet_4",2020,"86020.0"
"CZ03","pop_tot_Sheet_4",2021,"80831.0"
"CZ03","pop_tot_Sheet_4",2022,"80434.0"
"CZ03","pop_tot_Sheet_4",2023,"84145.0"
"CZ03","pop_tot_Sheet_4",2024,"84649.0"
"CZ04","pop_tot_Sheet_4",2015,"94401.0"
"CZ04","pop_tot_Sheet_4",2016,"89562.0"
"CZ04","pop_tot_Sheet_4",2017,"84825.0"
"CZ04","pop_tot_Sheet_4",2018,"81450.0"
"CZ04","pop_tot_Sheet_4",2019,"77817.0"
"CZ04","pop_tot_Sheet_4",2020,"74746.0"
"CZ04","pop_tot_Sheet_4",2021,"69380.0"
"CZ04","pop_tot_Sheet_4",2022,"68756.0"
"CZ04","pop_tot_Sheet_4",2023,"70852.0"
"CZ04","pop_tot_Sheet_4",2024,"70904.0"
"CZ05","pop_tot_Sheet_4",2015,"127310.0"
"CZ05","pop_tot_Sheet_4",2016,"122052.0"
"CZ05","pop_tot_Sheet_4",2017,"115620.0"
"CZ05","pop_tot_Sheet_4",2018,"110433.0"
"CZ05","pop_tot_Sheet_4",2019,"105468.0"
"CZ05","pop_tot_Sheet_4",2020,"101761.0"
"CZ05","pop_tot_Sheet_4",2021,"96597.0"
"CZ05","pop_tot_Sheet_4",2022,"95651.0"
"CZ05","pop_tot_Sheet_4",2023,"99202.0"
"CZ05","pop_tot_Sheet_4",2024,"99509.0"
"CZ06","pop_tot_Sheet_4",2015,"143923.0"
"CZ06","pop_tot_Sheet_4",2016,"139295.0"
"CZ06","pop_tot_Sheet_4",2017,"134095.0"
"CZ06","pop_tot_Sheet_4",2018,"129904.0"
"CZ06","pop_tot_Sheet_4",2019,"125985.0"
"CZ06","pop_tot_Sheet_4",2020,"122661.0"
"CZ06","pop_tot_Sheet_4",2021,"117293.0"
"CZ06","pop_tot_Sheet_4",2022,"116617.0"
"CZ06","pop_tot_Sheet_4",2023,"119429.0"
"CZ06","pop_tot_Sheet_4",2024,"120005.0"
"CZ07","pop_tot_Sheet_4",2015,"102480.0"
"CZ07","pop_tot_Sheet_4",2016,"98101.0"
"CZ07","pop_tot_Sheet_4",2017,"93591.0"
"CZ07","pop_tot_Sheet_4",2018,"89362.0"
"CZ07","pop_tot_Sheet_4",2019,"85114.0"
"CZ07","pop_tot_Sheet_4",2020,"81624.0"
"CZ07","pop_tot_Sheet_4",2021,"77719.0"
"CZ07","pop_tot_Sheet_4",2022,"76392.0"
"CZ07","pop_tot_Sheet_4",2023,"77617.0"
"CZ07","pop_tot_Sheet_4",2024,"77602.0"
"CZ08","pop_tot_Sheet_4",2015,"98048.0"
"CZ08","pop_tot_Sheet_4",2016,"94103.0"
"CZ08","pop_tot_Sheet_4",2017,"89443.0"
"CZ08","pop_tot_Sheet_4",2018,"85505.0"
"CZ08","pop_tot_Sheet_4",2019,"82230.0"
"CZ08","pop_tot_Sheet_4",2020,"79340.0"
"CZ08","pop_tot_Sheet_4",2021,"76204.0"
"CZ08","pop_tot_Sheet_4",2022,"76536.0"
"CZ08","pop_tot_Sheet_4",2023,"77756.0"
"CZ08","pop_tot_Sheet_4",2024,"78247.0"
"DK01","pop_tot_Sheet_4",2015,"125296.0"
"DK01","pop_tot_Sheet_4",2016,"123248.0"
"DK01","pop_tot_Sheet_4",2017,"121527.0"
"DK01","pop_tot_Sheet_4",2018,"120626.0"
"DK01","pop_tot_Sheet_4",2019,"118917.0"
"DK01","pop_tot_Sheet_4",2020,"117354.0"
"DK01","pop_tot_Sheet_4",2021,"117281.0"
"DK01","pop_tot_Sheet_4",2022,"119579.0"
"DK01","pop_tot_Sheet_4",2023,"123806.0"
"DK01","pop_tot_Sheet_4",2024,"129007.0"
"DK02","pop_tot_Sheet_4",2015,"47759.0"
"DK02","pop_tot_Sheet_4",2016,"46057.0"
"DK02","pop_tot_Sheet_4",2017,"44666.0"
"DK02","pop_tot_Sheet_4",2018,"43933.0"
"DK02","pop_tot_Sheet_4",2019,"43034.0"
"DK02","pop_tot_Sheet_4",2020,"42490.0"
"DK02","pop_tot_Sheet_4",2021,"42764.0"
"DK02","pop_tot_Sheet_4",2022,"44184.0"
"DK02","pop_tot_Sheet_4",2023,"45451.0"
"DK02","pop_tot_Sheet_4",2024,"47210.0"
"DK03","pop_tot_Sheet_4",2015,"71556.0"
"DK03","pop_tot_Sheet_4",2016,"69851.0"
"DK03","pop_tot_Sheet_4",2017,"68093.0"
"DK03","pop_tot_Sheet_4",2018,"66920.0"
"DK03","pop_tot_Sheet_4",2019,"65382.0"
"DK03","pop_tot_Sheet_4",2020,"64592.0"
"DK03","pop_tot_Sheet_4",2021,"64296.0"
"DK03","pop_tot_Sheet_4",2022,"65421.0"
"DK03","pop_tot_Sheet_4",2023,"67406.0"
"DK03","pop_tot_Sheet_4",2024,"69406.0"
"DK04","pop_tot_Sheet_4",2015,"80053.0"
"DK04","pop_tot_Sheet_4",2016,"78038.0"
"DK04","pop_tot_Sheet_4",2017,"76742.0"
"DK04","pop_tot_Sheet_4",2018,"75537.0"
"DK04","pop_tot_Sheet_4",2019,"74273.0"
"DK04","pop_tot_Sheet_4",2020,"73400.0"
"DK04","pop_tot_Sheet_4",2021,"73224.0"
"DK04","pop_tot_Sheet_4",2022,"74505.0"
"DK04","pop_tot_Sheet_4",2023,"77117.0"
"DK04","pop_tot_Sheet_4",2024,"79594.0"
"DK05","pop_tot_Sheet_4",2015,"34201.0"
"DK05","pop_tot_Sheet_4",2016,"33231.0"
"DK05","pop_tot_Sheet_4",2017,"32395.0"
"DK05","pop_tot_Sheet_4",2018,"31992.0"
"DK05","pop_tot_Sheet_4",2019,"31281.0"
"DK05","pop_tot_Sheet_4",2020,"30626.0"
"DK05","pop_tot_Sheet_4",2021,"30647.0"
"DK05","pop_tot_Sheet_4",2022,"31127.0"
"DK05","pop_tot_Sheet_4",2023,"31946.0"
"DK05","pop_tot_Sheet_4",2024,"32695.0"
"DE11","pop_tot_Sheet_4",2015,"248164.0"
"DE11","pop_tot_Sheet_4",2016,"258086.0"
"DE11","pop_tot_Sheet_4",2017,"263264.0"
"DE11","pop_tot_Sheet_4",2018,"268713.0"
"DE11","pop_tot_Sheet_4",2019,"271886.0"
"DE11","pop_tot_Sheet_4",2020,"274369.0"
"DE11","pop_tot_Sheet_4",2021,"272737.0"
"DE11","pop_tot_Sheet_4",2022,"274173.0"
"DE11","pop_tot_Sheet_4",2023,"277177.0"
"DE11","pop_tot_Sheet_4",2024,"284361.0"
"DE12","pop_tot_Sheet_4",2015,"159821.0"
"DE12","pop_tot_Sheet_4",2016,"167029.0"
"DE12","pop_tot_Sheet_4",2017,"171066.0"
"DE12","pop_tot_Sheet_4",2018,"176310.0"
"DE12","pop_tot_Sheet_4",2019,"179601.0"
"DE12","pop_tot_Sheet_4",2020,"181749.0"
"DE12","pop_tot_Sheet_4",2021,"181030.0"
"DE12","pop_tot_Sheet_4",2022,"181805.0"
"DE12","pop_tot_Sheet_4",2023,"183724.0"
"DE12","pop_tot_Sheet_4",2024,"187713.0"
"DE13","pop_tot_Sheet_4",2015,"122516.0"
"DE13","pop_tot_Sheet_4",2016,"127907.0"
"DE13","pop_tot_Sheet_4",2017,"131377.0"
"DE13","pop_tot_Sheet_4",2018,"135262.0"
"DE13","pop_tot_Sheet_4",2019,"138213.0"
"DE13","pop_tot_Sheet_4",2020,"140458.0"
"DE13","pop_tot_Sheet_4",2021,"141347.0"
"DE13","pop_tot_Sheet_4",2022,"143248.0"
"DE13","pop_tot_Sheet_4",2023,"147487.0"
"DE13","pop_tot_Sheet_4",2024,"151502.0"
"DE14","pop_tot_Sheet_4",2015,"102955.0"
"DE14","pop_tot_Sheet_4",2016,"106636.0"
"DE14","pop_tot_Sheet_4",2017,"109006.0"
"DE14","pop_tot_Sheet_4",2018,"112059.0"
"DE14","pop_tot_Sheet_4",2019,"114514.0"
"DE14","pop_tot_Sheet_4",2020,"116222.0"
"DE14","pop_tot_Sheet_4",2021,"116385.0"
"DE14","pop_tot_Sheet_4",2022,"117935.0"
"DE14","pop_tot_Sheet_4",2023,"120146.0"
"DE14","pop_tot_Sheet_4",2024,"123932.0"
"DE21","pop_tot_Sheet_4",2015,"301548.0"
"DE21","pop_tot_Sheet_4",2016,"311841.0"
"DE21","pop_tot_Sheet_4",2017,"318674.0"
"DE21","pop_tot_Sheet_4",2018,"322074.0"
"DE21","pop_tot_Sheet_4",2019,"325853.0"
"DE21","pop_tot_Sheet_4",2020,"327444.0"
"DE21","pop_tot_Sheet_4",2021,"326029.0"
"DE21","pop_tot_Sheet_4",2022,"325476.0"
"DE21","pop_tot_Sheet_4",2023,"330692.0"
"DE21","pop_tot_Sheet_4",2024,"335498.0"
"DE22","pop_tot_Sheet_4",2015,"69499.0"
"DE22","pop_tot_Sheet_4",2016,"71883.0"
"DE22","pop_tot_Sheet_4",2017,"73280.0"
"DE22","pop_tot_Sheet_4",2018,"75235.0"
"DE22","pop_tot_Sheet_4",2019,"76602.0"
"DE22","pop_tot_Sheet_4",2020,"77697.0"
"DE22","pop_tot_Sheet_4",2021,"77453.0"
"DE22","pop_tot_Sheet_4",2022,"78237.0"
"DE22","pop_tot_Sheet_4",2023,"78846.0"
"DE22","pop_tot_Sheet_4",2024,"80411.0"
"DE23","pop_tot_Sheet_4",2015,"62916.0"
"DE23","pop_tot_Sheet_4",2016,"64988.0"
"DE23","pop_tot_Sheet_4",2017,"66685.0"
"DE23","pop_tot_Sheet_4",2018,"68200.0"
"DE23","pop_tot_Sheet_4",2019,"69342.0"
"DE23","pop_tot_Sheet_4",2020,"69960.0"
"DE23","pop_tot_Sheet_4",2021,"69860.0"
"DE23","pop_tot_Sheet_4",2022,"70942.0"
"DE23","pop_tot_Sheet_4",2023,"71385.0"
"DE23","pop_tot_Sheet_4",2024,"73396.0"
"DE24","pop_tot_Sheet_4",2015,"56811.0"
"DE24","pop_tot_Sheet_4",2016,"58340.0"
"DE24","pop_tot_Sheet_4",2017,"59527.0"
"DE24","pop_tot_Sheet_4",2018,"61442.0"
"DE24","pop_tot_Sheet_4",2019,"62410.0"
"DE24","pop_tot_Sheet_4",2020,"62730.0"
"DE24","pop_tot_Sheet_4",2021,"62837.0"
"DE24","pop_tot_Sheet_4",2022,"63438.0"
"DE24","pop_tot_Sheet_4",2023,"63899.0"
"DE24","pop_tot_Sheet_4",2024,"65781.0"
"DE25","pop_tot_Sheet_4",2015,"104206.0"
"DE25","pop_tot_Sheet_4",2016,"108671.0"
"DE25","pop_tot_Sheet_4",2017,"111345.0"
"DE25","pop_tot_Sheet_4",2018,"114215.0"
"DE25","pop_tot_Sheet_4",2019,"116257.0"
"DE25","pop_tot_Sheet_4",2020,"117315.0"
"DE25","pop_tot_Sheet_4",2021,"116569.0"
"DE25","pop_tot_Sheet_4",2022,"116336.0"
"DE25","pop_tot_Sheet_4",2023,"119793.0"
"DE25","pop_tot_Sheet_4",2024,"122215.0"
"DE26","pop_tot_Sheet_4",2015,"71602.0"
"DE26","pop_tot_Sheet_4",2016,"73611.0"
"DE26","pop_tot_Sheet_4",2017,"75316.0"
"DE26","pop_tot_Sheet_4",2018,"77535.0"
"DE26","pop_tot_Sheet_4",2019,"79149.0"
"DE26","pop_tot_Sheet_4",2020,"80125.0"
"DE26","pop_tot_Sheet_4",2021,"80394.0"
"DE26","pop_tot_Sheet_4",2022,"81400.0"
"DE26","pop_tot_Sheet_4",2023,"82376.0"
"DE26","pop_tot_Sheet_4",2024,"84090.0"
"DE27","pop_tot_Sheet_4",2015,"107504.0"
"DE27","pop_tot_Sheet_4",2016,"111332.0"
"DE27","pop_tot_Sheet_4",2017,"114051.0"
"DE27","pop_tot_Sheet_4",2018,"116807.0"
"DE27","pop_tot_Sheet_4",2019,"119441.0"
"DE27","pop_tot_Sheet_4",2020,"121300.0"
"DE27","pop_tot_Sheet_4",2021,"121631.0"
"DE27","pop_tot_Sheet_4",2022,"123546.0"
"DE27","pop_tot_Sheet_4",2023,"124538.0"
"DE27","pop_tot_Sheet_4",2024,"128274.0"
"DE30","pop_tot_Sheet_4",2015,"241704.0"
"DE30","pop_tot_Sheet_4",2016,"255342.0"
"DE30","pop_tot_Sheet_4",2017,"266442.0"
"DE30","pop_tot_Sheet_4",2018,"276886.0"
"DE30","pop_tot_Sheet_4",2019,"285694.0"
"DE30","pop_tot_Sheet_4",2020,"292312.0"
"DE30","pop_tot_Sheet_4",2021,"295478.0"
"DE30","pop_tot_Sheet_4",2022,"299726.0"
"DE30","pop_tot_Sheet_4",2023,"301405.0"
"DE30","pop_tot_Sheet_4",2024,"309237.0"
"DE40","pop_tot_Sheet_4",2015,"138644.0"
"DE40","pop_tot_Sheet_4",2016,"147594.0"
"DE40","pop_tot_Sheet_4",2017,"152941.0"
"DE40","pop_tot_Sheet_4",2018,"156854.0"
"DE40","pop_tot_Sheet_4",2019,"159344.0"
"DE40","pop_tot_Sheet_4",2020,"162012.0"
"DE40","pop_tot_Sheet_4",2021,"164403.0"
"DE40","pop_tot_Sheet_4",2022,"167505.0"
"DE40","pop_tot_Sheet_4",2023,"172982.0"
"DE40","pop_tot_Sheet_4",2024,"176416.0"
"DE50","pop_tot_Sheet_4",2015,"39674.0"
"DE50","pop_tot_Sheet_4",2016,"41030.0"
"DE50","pop_tot_Sheet_4",2017,"41799.0"
"DE50","pop_tot_Sheet_4",2018,"43120.0"
"DE50","pop_tot_Sheet_4",2019,"43899.0"
"DE50","pop_tot_Sheet_4",2020,"43999.0"
"DE50","pop_tot_Sheet_4",2021,"44287.0"
"DE50","pop_tot_Sheet_4",2022,"44444.0"
"DE50","pop_tot_Sheet_4",2023,"46155.0"
"DE50","pop_tot_Sheet_4",2024,"47455.0"
"DE60","pop_tot_Sheet_4",2015,"128501.0"
"DE60","pop_tot_Sheet_4",2016,"133688.0"
"DE60","pop_tot_Sheet_4",2017,"136659.0"
"DE60","pop_tot_Sheet_4",2018,"139917.0"
"DE60","pop_tot_Sheet_4",2019,"141244.0"
"DE60","pop_tot_Sheet_4",2020,"141809.0"
"DE60","pop_tot_Sheet_4",2021,"141149.0"
"DE60","pop_tot_Sheet_4",2022,"140074.0"
"DE60","pop_tot_Sheet_4",2023,"140906.0"
"DE60","pop_tot_Sheet_4",2024,"144015.0"
"DE71","pop_tot_Sheet_4",2015,"250810.0"
"DE71","pop_tot_Sheet_4",2016,"258747.0"
"DE71","pop_tot_Sheet_4",2017,"262615.0"
"DE71","pop_tot_Sheet_4",2018,"267646.0"
"DE71","pop_tot_Sheet_4",2019,"269351.0"
"DE71","pop_tot_Sheet_4",2020,"270415.0"
"DE71","pop_tot_Sheet_4",2021,"268267.0"
"DE71","pop_tot_Sheet_4",2022,"267162.0"
"DE71","pop_tot_Sheet_4",2023,"270068.0"
"DE71","pop_tot_Sheet_4",2024,"275245.0"
"DE72","pop_tot_Sheet_4",2015,"57021.0"
"DE72","pop_tot_Sheet_4",2016,"59092.0"
"DE72","pop_tot_Sheet_4",2017,"59868.0"
"DE72","pop_tot_Sheet_4",2018,"60867.0"
"DE72","pop_tot_Sheet_4",2019,"61259.0"
"DE72","pop_tot_Sheet_4",2020,"61794.0"
"DE72","pop_tot_Sheet_4",2021,"61823.0"
"DE72","pop_tot_Sheet_4",2022,"62499.0"
"DE72","pop_tot_Sheet_4",2023,"63269.0"
"DE72","pop_tot_Sheet_4",2024,"65333.0"
"DE73","pop_tot_Sheet_4",2015,"63948.0"
"DE73","pop_tot_Sheet_4",2016,"66184.0"
"DE73","pop_tot_Sheet_4",2017,"67045.0"
"DE73","pop_tot_Sheet_4",2018,"67848.0"
"DE73","pop_tot_Sheet_4",2019,"68895.0"
"DE73","pop_tot_Sheet_4",2020,"70123.0"
"DE73","pop_tot_Sheet_4",2021,"70190.0"
"DE73","pop_tot_Sheet_4",2022,"71042.0"
"DE73","pop_tot_Sheet_4",2023,"72662.0"
"DE73","pop_tot_Sheet_4",2024,"74602.0"
"DE80","pop_tot_Sheet_4",2015,"89066.0"
"DE80","pop_tot_Sheet_4",2016,"94903.0"
"DE80","pop_tot_Sheet_4",2017,"98370.0"
"DE80","pop_tot_Sheet_4",2018,"100692.0"
"DE80","pop_tot_Sheet_4",2019,"101917.0"
"DE80","pop_tot_Sheet_4",2020,"102967.0"
"DE80","pop_tot_Sheet_4",2021,"104268.0"
"DE80","pop_tot_Sheet_4",2022,"106349.0"
"DE80","pop_tot_Sheet_4",2023,"104773.0"
"DE80","pop_tot_Sheet_4",2024,"106831.0"
"DE91","pop_tot_Sheet_4",2015,"85953.0"
"DE91","pop_tot_Sheet_4",2016,"89402.0"
"DE91","pop_tot_Sheet_4",2017,"90561.0"
"DE91","pop_tot_Sheet_4",2018,"92106.0"
"DE91","pop_tot_Sheet_4",2019,"93272.0"
"DE91","pop_tot_Sheet_4",2020,"94196.0"
"DE91","pop_tot_Sheet_4",2021,"94321.0"
"DE91","pop_tot_Sheet_4",2022,"95598.0"
"DE91","pop_tot_Sheet_4",2023,"98349.0"
"DE91","pop_tot_Sheet_4",2024,"100978.0"
"DE92","pop_tot_Sheet_4",2015,"119277.0"
"DE92","pop_tot_Sheet_4",2016,"123067.0"
"DE92","pop_tot_Sheet_4",2017,"124692.0"
"DE92","pop_tot_Sheet_4",2018,"126914.0"
"DE92","pop_tot_Sheet_4",2019,"127952.0"
"DE92","pop_tot_Sheet_4",2020,"128537.0"
"DE92","pop_tot_Sheet_4",2021,"128219.0"
"DE92","pop_tot_Sheet_4",2022,"128795.0"
"DE92","pop_tot_Sheet_4",2023,"130279.0"
"DE92","pop_tot_Sheet_4",2024,"133088.0"
"DE93","pop_tot_Sheet_4",2015,"90621.0"
"DE93","pop_tot_Sheet_4",2016,"93875.0"
"DE93","pop_tot_Sheet_4",2017,"95341.0"
"DE93","pop_tot_Sheet_4",2018,"96578.0"
"DE93","pop_tot_Sheet_4",2019,"97587.0"
"DE93","pop_tot_Sheet_4",2020,"98271.0"
"DE93","pop_tot_Sheet_4",2021,"98683.0"
"DE93","pop_tot_Sheet_4",2022,"100478.0"
"DE93","pop_tot_Sheet_4",2023,"103409.0"
"DE93","pop_tot_Sheet_4",2024,"106226.0"
"DE94","pop_tot_Sheet_4",2015,"135831.0"
"DE94","pop_tot_Sheet_4",2016,"139900.0"
"DE94","pop_tot_Sheet_4",2017,"141216.0"
"DE94","pop_tot_Sheet_4",2018,"143328.0"
"DE94","pop_tot_Sheet_4",2019,"145514.0"
"DE94","pop_tot_Sheet_4",2020,"146538.0"
"DE94","pop_tot_Sheet_4",2021,"147061.0"
"DE94","pop_tot_Sheet_4",2022,"149971.0"
"DE94","pop_tot_Sheet_4",2023,"157615.0"
"DE94","pop_tot_Sheet_4",2024,"161655.0"
"DEA1","pop_tot_Sheet_4",2015,"293675.0"
"DEA1","pop_tot_Sheet_4",2016,"305251.0"
"DEA1","pop_tot_Sheet_4",2017,"310313.0"
"DEA1","pop_tot_Sheet_4",2018,"315836.0"
"DEA1","pop_tot_Sheet_4",2019,"320281.0"
"DEA1","pop_tot_Sheet_4",2020,"323204.0"
"DEA1","pop_tot_Sheet_4",2021,"322618.0"
"DEA1","pop_tot_Sheet_4",2022,"325795.0"
"DEA1","pop_tot_Sheet_4",2023,"338280.0"
"DEA1","pop_tot_Sheet_4",2024,"348060.0"
"DEA2","pop_tot_Sheet_4",2015,"262492.0"
"DEA2","pop_tot_Sheet_4",2016,"271813.0"
"DEA2","pop_tot_Sheet_4",2017,"275403.0"
"DEA2","pop_tot_Sheet_4",2018,"279829.0"
"DEA2","pop_tot_Sheet_4",2019,"282940.0"
"DEA2","pop_tot_Sheet_4",2020,"285284.0"
"DEA2","pop_tot_Sheet_4",2021,"283547.0"
"DEA2","pop_tot_Sheet_4",2022,"283244.0"
"DEA2","pop_tot_Sheet_4",2023,"290930.0"
"DEA2","pop_tot_Sheet_4",2024,"297451.0"
"DEA3","pop_tot_Sheet_4",2015,"144451.0"
"DEA3","pop_tot_Sheet_4",2016,"148879.0"
"DEA3","pop_tot_Sheet_4",2017,"150447.0"
"DEA3","pop_tot_Sheet_4",2018,"152845.0"
"DEA3","pop_tot_Sheet_4",2019,"154279.0"
"DEA3","pop_tot_Sheet_4",2020,"155587.0"
"DEA3","pop_tot_Sheet_4",2021,"155766.0"
"DEA3","pop_tot_Sheet_4",2022,"158004.0"
"DEA3","pop_tot_Sheet_4",2023,"164195.0"
"DEA3","pop_tot_Sheet_4",2024,"168389.0"
"DEA4","pop_tot_Sheet_4",2015,"113039.0"
"DEA4","pop_tot_Sheet_4",2016,"116463.0"
"DEA4","pop_tot_Sheet_4",2017,"117015.0"
"DEA4","pop_tot_Sheet_4",2018,"118899.0"
"DEA4","pop_tot_Sheet_4",2019,"120538.0"
"DEA4","pop_tot_Sheet_4",2020,"121854.0"
"DEA4","pop_tot_Sheet_4",2021,"122391.0"
"DEA4","pop_tot_Sheet_4",2022,"124173.0"
"DEA4","pop_tot_Sheet_4",2023,"128525.0"
"DEA4","pop_tot_Sheet_4",2024,"131162.0"
"DEA5","pop_tot_Sheet_4",2015,"197536.0"
"DEA5","pop_tot_Sheet_4",2016,"204062.0"
"DEA5","pop_tot_Sheet_4",2017,"205545.0"
"DEA5","pop_tot_Sheet_4",2018,"208792.0"
"DEA5","pop_tot_Sheet_4",2019,"211318.0"
"DEA5","pop_tot_Sheet_4",2020,"213079.0"
"DEA5","pop_tot_Sheet_4",2021,"212427.0"
"DEA5","pop_tot_Sheet_4",2022,"213691.0"
"DEA5","pop_tot_Sheet_4",2023,"222142.0"
"DEA5","pop_tot_Sheet_4",2024,"227131.0"
"DEB1","pop_tot_Sheet_4",2015,"78157.0"
"DEB1","pop_tot_Sheet_4",2016,"80681.0"
"DEB1","pop_tot_Sheet_4",2017,"82712.0"
"DEB1","pop_tot_Sheet_4",2018,"84500.0"
"DEB1","pop_tot_Sheet_4",2019,"85903.0"
"DEB1","pop_tot_Sheet_4",2020,"86784.0"
"DEB1","pop_tot_Sheet_4",2021,"87477.0"
"DEB1","pop_tot_Sheet_4",2022,"88584.0"
"DEB1","pop_tot_Sheet_4",2023,"93344.0"
"DEB1","pop_tot_Sheet_4",2024,"96280.0"
"DEB2","pop_tot_Sheet_4",2015,"29182.0"
"DEB2","pop_tot_Sheet_4",2016,"30435.0"
"DEB2","pop_tot_Sheet_4",2017,"31183.0"
"DEB2","pop_tot_Sheet_4",2018,"31866.0"
"DEB2","pop_tot_Sheet_4",2019,"32413.0"
"DEB2","pop_tot_Sheet_4",2020,"33048.0"
"DEB2","pop_tot_Sheet_4",2021,"33376.0"
"DEB2","pop_tot_Sheet_4",2022,"33405.0"
"DEB2","pop_tot_Sheet_4",2023,"33178.0"
"DEB2","pop_tot_Sheet_4",2024,"33884.0"
"DEB3","pop_tot_Sheet_4",2015,"112959.0"
"DEB3","pop_tot_Sheet_4",2016,"117037.0"
"DEB3","pop_tot_Sheet_4",2017,"119896.0"
"DEB3","pop_tot_Sheet_4",2018,"122794.0"
"DEB3","pop_tot_Sheet_4",2019,"124937.0"
"DEB3","pop_tot_Sheet_4",2020,"126411.0"
"DEB3","pop_tot_Sheet_4",2021,"126651.0"
"DEB3","pop_tot_Sheet_4",2022,"127813.0"
"DEB3","pop_tot_Sheet_4",2023,"130877.0"
"DEB3","pop_tot_Sheet_4",2024,"134321.0"
"DEC0","pop_tot_Sheet_4",2015,"51371.0"
"DEC0","pop_tot_Sheet_4",2016,"53703.0"
"DEC0","pop_tot_Sheet_4",2017,"55198.0"
"DEC0","pop_tot_Sheet_4",2018,"56235.0"
"DEC0","pop_tot_Sheet_4",2019,"57128.0"
"DEC0","pop_tot_Sheet_4",2020,"57430.0"
"DEC0","pop_tot_Sheet_4",2021,"57207.0"
"DEC0","pop_tot_Sheet_4",2022,"57905.0"
"DEC0","pop_tot_Sheet_4",2023,"62284.0"
"DEC0","pop_tot_Sheet_4",2024,"64133.0"
"DED2","pop_tot_Sheet_4",2015,"94604.0"
"DED2","pop_tot_Sheet_4",2016,"99167.0"
"DED2","pop_tot_Sheet_4",2017,"101536.0"
"DED2","pop_tot_Sheet_4",2018,"102965.0"
"DED2","pop_tot_Sheet_4",2019,"103745.0"
"DED2","pop_tot_Sheet_4",2020,"104079.0"
"DED2","pop_tot_Sheet_4",2021,"104787.0"
"DED2","pop_tot_Sheet_4",2022,"105407.0"
"DED2","pop_tot_Sheet_4",2023,"108252.0"
"DED2","pop_tot_Sheet_4",2024,"109494.0"
"DED4","pop_tot_Sheet_4",2015,"78119.0"
"DED4","pop_tot_Sheet_4",2016,"81924.0"
"DED4","pop_tot_Sheet_4",2017,"84007.0"
"DED4","pop_tot_Sheet_4",2018,"84929.0"
"DED4","pop_tot_Sheet_4",2019,"85605.0"
"DED4","pop_tot_Sheet_4",2020,"85776.0"
"DED4","pop_tot_Sheet_4",2021,"85096.0"
"DED4","pop_tot_Sheet_4",2022,"85227.0"
"DED4","pop_tot_Sheet_4",2023,"86797.0"
"DED4","pop_tot_Sheet_4",2024,"87400.0"
"DED5","pop_tot_Sheet_4",2015,"62981.0"
"DED5","pop_tot_Sheet_4",2016,"67846.0"
"DED5","pop_tot_Sheet_4",2017,"70904.0"
"DED5","pop_tot_Sheet_4",2018,"73118.0"
"DED5","pop_tot_Sheet_4",2019,"74755.0"
"DED5","pop_tot_Sheet_4",2020,"76726.0"
"DED5","pop_tot_Sheet_4",2021,"78142.0"
"DED5","pop_tot_Sheet_4",2022,"79994.0"
"DED5","pop_tot_Sheet_4",2023,"83053.0"
"DED5","pop_tot_Sheet_4",2024,"85375.0"
"DEE0","pop_tot_Sheet_4",2015,"117448.0"
"DEE0","pop_tot_Sheet_4",2016,"124774.0"
"DEE0","pop_tot_Sheet_4",2017,"129189.0"
"DEE0","pop_tot_Sheet_4",2018,"131204.0"
"DEE0","pop_tot_Sheet_4",2019,"132517.0"
"DEE0","pop_tot_Sheet_4",2020,"133661.0"
"DEE0","pop_tot_Sheet_4",2021,"133805.0"
"DEE0","pop_tot_Sheet_4",2022,"135499.0"
"DEE0","pop_tot_Sheet_4",2023,"139481.0"
"DEE0","pop_tot_Sheet_4",2024,"141390.0"
"DEF0","pop_tot_Sheet_4",2015,"155161.0"
"DEF0","pop_tot_Sheet_4",2016,"160202.0"
"DEF0","pop_tot_Sheet_4",2017,"163305.0"
"DEF0","pop_tot_Sheet_4",2018,"165692.0"
"DEF0","pop_tot_Sheet_4",2019,"166912.0"
"DEF0","pop_tot_Sheet_4",2020,"168221.0"
"DEF0","pop_tot_Sheet_4",2021,"168049.0"
"DEF0","pop_tot_Sheet_4",2022,"170324.0"
"DEF0","pop_tot_Sheet_4",2023,"176589.0"
"DEF0","pop_tot_Sheet_4",2024,"182001.0"
"DEG0","pop_tot_Sheet_4",2015,"118849.0"
"DEG0","pop_tot_Sheet_4",2016,"126359.0"
"DEG0","pop_tot_Sheet_4",2017,"130245.0"
"DEG0","pop_tot_Sheet_4",2018,"133098.0"
"DEG0","pop_tot_Sheet_4",2019,"134949.0"
"DEG0","pop_tot_Sheet_4",2020,"135724.0"
"DEG0","pop_tot_Sheet_4",2021,"135116.0"
"DEG0","pop_tot_Sheet_4",2022,"135950.0"
"DEG0","pop_tot_Sheet_4",2023,"139049.0"
"DEG0","pop_tot_Sheet_4",2024,"140269.0"
"EE00","pop_tot_Sheet_4",2015,"89779.0"
"EE00","pop_tot_Sheet_4",2016,"89936.0"
"EE00","pop_tot_Sheet_4",2017,"90052.0"
"EE00","pop_tot_Sheet_4",2018,"90787.0"
"EE00","pop_tot_Sheet_4",2019,"92945.0"
"EE00","pop_tot_Sheet_4",2020,"95087.0"
"EE00","pop_tot_Sheet_4",2021,"96802.0"
"EE00","pop_tot_Sheet_4",2022,"98782.0"
"EE00","pop_tot_Sheet_4",2023,"105172.0"
"EE00","pop_tot_Sheet_4",2024,"108061.0"
"IE04","pop_tot_Sheet_4",2015,"62090.0"
"IE04","pop_tot_Sheet_4",2016,"63118.0"
"IE04","pop_tot_Sheet_4",2017,"64169.0"
"IE04","pop_tot_Sheet_4",2018,"64488.0"
"IE04","pop_tot_Sheet_4",2019,"64614.0"
"IE04","pop_tot_Sheet_4",2020,"63265.0"
"IE04","pop_tot_Sheet_4",2021,"62054.0"
"IE04","pop_tot_Sheet_4",2022,"62053.0"
"IE04","pop_tot_Sheet_4",2023,"62669.0"
"IE04","pop_tot_Sheet_4",2024,"61734.0"
"IE05","pop_tot_Sheet_4",2015,"121487.0"
"IE05","pop_tot_Sheet_4",2016,"122850.0"
"IE05","pop_tot_Sheet_4",2017,"124364.0"
"IE05","pop_tot_Sheet_4",2018,"125417.0"
"IE05","pop_tot_Sheet_4",2019,"125637.0"
"IE05","pop_tot_Sheet_4",2020,"123305.0"
"IE05","pop_tot_Sheet_4",2021,"120335.0"
"IE05","pop_tot_Sheet_4",2022,"119817.0"
"IE05","pop_tot_Sheet_4",2023,"119578.0"
"IE05","pop_tot_Sheet_4",2024,"118017.0"
"IE06","pop_tot_Sheet_4",2015,"193908.0"
"IE06","pop_tot_Sheet_4",2016,"200053.0"
"IE06","pop_tot_Sheet_4",2017,"205881.0"
"IE06","pop_tot_Sheet_4",2018,"208063.0"
"IE06","pop_tot_Sheet_4",2019,"209763.0"
"IE06","pop_tot_Sheet_4",2020,"204925.0"
"IE06","pop_tot_Sheet_4",2021,"202713.0"
"IE06","pop_tot_Sheet_4",2022,"202603.0"
"IE06","pop_tot_Sheet_4",2023,"203715.0"
"IE06","pop_tot_Sheet_4",2024,"203523.0"
"EL30","pop_tot_Sheet_4",2015,"311788.0"
"EL30","pop_tot_Sheet_4",2016,"307857.0"
"EL30","pop_tot_Sheet_4",2017,"301690.0"
"EL30","pop_tot_Sheet_4",2018,"294371.0"
"EL30","pop_tot_Sheet_4",2019,"283775.0"
"EL30","pop_tot_Sheet_4",2020,"269525.0"
"EL30","pop_tot_Sheet_4",2021,"253940.0"
"EL30","pop_tot_Sheet_4",2022,"265064.0"
"EL30","pop_tot_Sheet_4",2023,"251290.0"
"EL30","pop_tot_Sheet_4",2024,"239842.0"
"EL41","pop_tot_Sheet_4",2015,"13017.0"
"EL41","pop_tot_Sheet_4",2016,"12981.0"
"EL41","pop_tot_Sheet_4",2017,"13229.0"
"EL41","pop_tot_Sheet_4",2018,"13587.0"
"EL41","pop_tot_Sheet_4",2019,"13860.0"
"EL41","pop_tot_Sheet_4",2020,"14170.0"
"EL41","pop_tot_Sheet_4",2021,"14018.0"
"EL41","pop_tot_Sheet_4",2022,"12908.0"
"EL41","pop_tot_Sheet_4",2023,"12296.0"
"EL41","pop_tot_Sheet_4",2024,"11980.0"
"EL42","pop_tot_Sheet_4",2015,"26576.0"
"EL42","pop_tot_Sheet_4",2016,"26517.0"
"EL42","pop_tot_Sheet_4",2017,"26488.0"
"EL42","pop_tot_Sheet_4",2018,"26462.0"
"EL42","pop_tot_Sheet_4",2019,"26383.0"
"EL42","pop_tot_Sheet_4",2020,"26055.0"
"EL42","pop_tot_Sheet_4",2021,"25281.0"
"EL42","pop_tot_Sheet_4",2022,"24132.0"
"EL42","pop_tot_Sheet_4",2023,"22871.0"
"EL42","pop_tot_Sheet_4",2024,"21765.0"
"EL43","pop_tot_Sheet_4",2015,"49263.0"
"EL43","pop_tot_Sheet_4",2016,"49216.0"
"EL43","pop_tot_Sheet_4",2017,"49286.0"
"EL43","pop_tot_Sheet_4",2018,"49000.0"
"EL43","pop_tot_Sheet_4",2019,"48137.0"
"EL43","pop_tot_Sheet_4",2020,"46650.0"
"EL43","pop_tot_Sheet_4",2021,"44472.0"
"EL43","pop_tot_Sheet_4",2022,"42244.0"
"EL43","pop_tot_Sheet_4",2023,"40687.0"
"EL43","pop_tot_Sheet_4",2024,"39482.0"
"EL51","pop_tot_Sheet_4",2015,"41712.0"
"EL51","pop_tot_Sheet_4",2016,"41903.0"
"EL51","pop_tot_Sheet_4",2017,"41392.0"
"EL51","pop_tot_Sheet_4",2018,"40954.0"
"EL51","pop_tot_Sheet_4",2019,"40234.0"
"EL51","pop_tot_Sheet_4",2020,"39205.0"
"EL51","pop_tot_Sheet_4",2021,"37670.0"
"EL51","pop_tot_Sheet_4",2022,"35174.0"
"EL51","pop_tot_Sheet_4",2023,"33454.0"
"EL51","pop_tot_Sheet_4",2024,"32023.0"
"EL52","pop_tot_Sheet_4",2015,"138514.0"
"EL52","pop_tot_Sheet_4",2016,"137688.0"
"EL52","pop_tot_Sheet_4",2017,"135598.0"
"EL52","pop_tot_Sheet_4",2018,"133223.0"
"EL52","pop_tot_Sheet_4",2019,"129193.0"
"EL52","pop_tot_Sheet_4",2020,"123572.0"
"EL52","pop_tot_Sheet_4",2021,"116214.0"
"EL52","pop_tot_Sheet_4",2022,"109029.0"
"EL52","pop_tot_Sheet_4",2023,"104033.0"
"EL52","pop_tot_Sheet_4",2024,"100802.0"
"EL53","pop_tot_Sheet_4",2015,"18061.0"
"EL53","pop_tot_Sheet_4",2016,"17805.0"
"EL53","pop_tot_Sheet_4",2017,"17622.0"
"EL53","pop_tot_Sheet_4",2018,"17465.0"
"EL53","pop_tot_Sheet_4",2019,"17099.0"
"EL53","pop_tot_Sheet_4",2020,"16420.0"
"EL53","pop_tot_Sheet_4",2021,"15511.0"
"EL53","pop_tot_Sheet_4",2022,"14793.0"
"EL53","pop_tot_Sheet_4",2023,"13943.0"
"EL53","pop_tot_Sheet_4",2024,"13235.0"
"EL54","pop_tot_Sheet_4",2015,"22180.0"
"EL54","pop_tot_Sheet_4",2016,"21862.0"
"EL54","pop_tot_Sheet_4",2017,"21754.0"
"EL54","pop_tot_Sheet_4",2018,"21745.0"
"EL54","pop_tot_Sheet_4",2019,"21499.0"
"EL54","pop_tot_Sheet_4",2020,"20738.0"
"EL54","pop_tot_Sheet_4",2021,"19538.0"
"EL54","pop_tot_Sheet_4",2022,"18862.0"
"EL54","pop_tot_Sheet_4",2023,"17858.0"
"EL54","pop_tot_Sheet_4",2024,"17131.0"
"EL61","pop_tot_Sheet_4",2015,"50557.0"
"EL61","pop_tot_Sheet_4",2016,"50276.0"
"EL61","pop_tot_Sheet_4",2017,"49681.0"
"EL61","pop_tot_Sheet_4",2018,"48944.0"
"EL61","pop_tot_Sheet_4",2019,"47534.0"
"EL61","pop_tot_Sheet_4",2020,"45569.0"
"EL61","pop_tot_Sheet_4",2021,"43299.0"
"EL61","pop_tot_Sheet_4",2022,"40858.0"
"EL61","pop_tot_Sheet_4",2023,"38918.0"
"EL61","pop_tot_Sheet_4",2024,"37580.0"
"EL62","pop_tot_Sheet_4",2015,"15089.0"
"EL62","pop_tot_Sheet_4",2016,"15137.0"
"EL62","pop_tot_Sheet_4",2017,"14939.0"
"EL62","pop_tot_Sheet_4",2018,"14858.0"
"EL62","pop_tot_Sheet_4",2019,"14520.0"
"EL62","pop_tot_Sheet_4",2020,"14048.0"
"EL62","pop_tot_Sheet_4",2021,"13465.0"
"EL62","pop_tot_Sheet_4",2022,"13743.0"
"EL62","pop_tot_Sheet_4",2023,"13149.0"
"EL62","pop_tot_Sheet_4",2024,"12730.0"
"EL63","pop_tot_Sheet_4",2015,"46227.0"
"EL63","pop_tot_Sheet_4",2016,"45771.0"
"EL63","pop_tot_Sheet_4",2017,"45222.0"
"EL63","pop_tot_Sheet_4",2018,"45082.0"
"EL63","pop_tot_Sheet_4",2019,"44486.0"
"EL63","pop_tot_Sheet_4",2020,"43179.0"
"EL63","pop_tot_Sheet_4",2021,"41355.0"
"EL63","pop_tot_Sheet_4",2022,"39830.0"
"EL63","pop_tot_Sheet_4",2023,"38251.0"
"EL63","pop_tot_Sheet_4",2024,"36973.0"
"EL64","pop_tot_Sheet_4",2015,"40459.0"
"EL64","pop_tot_Sheet_4",2016,"40306.0"
"EL64","pop_tot_Sheet_4",2017,"39961.0"
"EL64","pop_tot_Sheet_4",2018,"39830.0"
"EL64","pop_tot_Sheet_4",2019,"39506.0"
"EL64","pop_tot_Sheet_4",2020,"38757.0"
"EL64","pop_tot_Sheet_4",2021,"37439.0"
"EL64","pop_tot_Sheet_4",2022,"31058.0"
"EL64","pop_tot_Sheet_4",2023,"29686.0"
"EL64","pop_tot_Sheet_4",2024,"28908.0"
"EL65","pop_tot_Sheet_4",2015,"40722.0"
"EL65","pop_tot_Sheet_4",2016,"40544.0"
"EL65","pop_tot_Sheet_4",2017,"40512.0"
"EL65","pop_tot_Sheet_4",2018,"40308.0"
"EL65","pop_tot_Sheet_4",2019,"39944.0"
"EL65","pop_tot_Sheet_4",2020,"38907.0"
"EL65","pop_tot_Sheet_4",2021,"37729.0"
"EL65","pop_tot_Sheet_4",2022,"32496.0"
"EL65","pop_tot_Sheet_4",2023,"31239.0"
"EL65","pop_tot_Sheet_4",2024,"30286.0"
"ES11","pop_tot_Sheet_4",2015,"224673.0"
"ES11","pop_tot_Sheet_4",2016,"218878.0"
"ES11","pop_tot_Sheet_4",2017,"210759.0"
"ES11","pop_tot_Sheet_4",2018,"201453.0"
"ES11","pop_tot_Sheet_4",2019,"191365.0"
"ES11","pop_tot_Sheet_4",2020,"182412.0"
"ES11","pop_tot_Sheet_4",2021,"173257.0"
"ES11","pop_tot_Sheet_4",2022,"163926.0"
"ES11","pop_tot_Sheet_4",2023,"158433.0"
"ES11","pop_tot_Sheet_4",2024,"153500.0"
"ES12","pop_tot_Sheet_4",2015,"83964.0"
"ES12","pop_tot_Sheet_4",2016,"80764.0"
"ES12","pop_tot_Sheet_4",2017,"76988.0"
"ES12","pop_tot_Sheet_4",2018,"72589.0"
"ES12","pop_tot_Sheet_4",2019,"68563.0"
"ES12","pop_tot_Sheet_4",2020,"64952.0"
"ES12","pop_tot_Sheet_4",2021,"61800.0"
"ES12","pop_tot_Sheet_4",2022,"58443.0"
"ES12","pop_tot_Sheet_4",2023,"56546.0"
"ES12","pop_tot_Sheet_4",2024,"54695.0"
"ES13","pop_tot_Sheet_4",2015,"49818.0"
"ES13","pop_tot_Sheet_4",2016,"48462.0"
"ES13","pop_tot_Sheet_4",2017,"46623.0"
"ES13","pop_tot_Sheet_4",2018,"44520.0"
"ES13","pop_tot_Sheet_4",2019,"42305.0"
"ES13","pop_tot_Sheet_4",2020,"40158.0"
"ES13","pop_tot_Sheet_4",2021,"38299.0"
"ES13","pop_tot_Sheet_4",2022,"36285.0"
"ES13","pop_tot_Sheet_4",2023,"35057.0"
"ES13","pop_tot_Sheet_4",2024,"34023.0"
"ES21","pop_tot_Sheet_4",2015,"176055.0"
"ES21","pop_tot_Sheet_4",2016,"170001.0"
"ES21","pop_tot_Sheet_4",2017,"162821.0"
"ES21","pop_tot_Sheet_4",2018,"155561.0"
"ES21","pop_tot_Sheet_4",2019,"148605.0"
"ES21","pop_tot_Sheet_4",2020,"143285.0"
"ES21","pop_tot_Sheet_4",2021,"137729.0"
"ES21","pop_tot_Sheet_4",2022,"131347.0"
"ES21","pop_tot_Sheet_4",2023,"127531.0"
"ES21","pop_tot_Sheet_4",2024,"125124.0"
"ES22","pop_tot_Sheet_4",2015,"53130.0"
"ES22","pop_tot_Sheet_4",2016,"51465.0"
"ES22","pop_tot_Sheet_4",2017,"49819.0"
"ES22","pop_tot_Sheet_4",2018,"47968.0"
"ES22","pop_tot_Sheet_4",2019,"46133.0"
"ES22","pop_tot_Sheet_4",2020,"44739.0"
"ES22","pop_tot_Sheet_4",2021,"42907.0"
"ES22","pop_tot_Sheet_4",2022,"41007.0"
"ES22","pop_tot_Sheet_4",2023,"39976.0"
"ES22","pop_tot_Sheet_4",2024,"39702.0"
"ES23","pop_tot_Sheet_4",2015,"26509.0"
"ES23","pop_tot_Sheet_4",2016,"25728.0"
"ES23","pop_tot_Sheet_4",2017,"24680.0"
"ES23","pop_tot_Sheet_4",2018,"23629.0"
"ES23","pop_tot_Sheet_4",2019,"22432.0"
"ES23","pop_tot_Sheet_4",2020,"21630.0"
"ES23","pop_tot_Sheet_4",2021,"20822.0"
"ES23","pop_tot_Sheet_4",2022,"19968.0"
"ES23","pop_tot_Sheet_4",2023,"19478.0"
"ES23","pop_tot_Sheet_4",2024,"19144.0"
"ES24","pop_tot_Sheet_4",2015,"108506.0"
"ES24","pop_tot_Sheet_4",2016,"104890.0"
"ES24","pop_tot_Sheet_4",2017,"100680.0"
"ES24","pop_tot_Sheet_4",2018,"95981.0"
"ES24","pop_tot_Sheet_4",2019,"92100.0"
"ES24","pop_tot_Sheet_4",2020,"89331.0"
"ES24","pop_tot_Sheet_4",2021,"86080.0"
"ES24","pop_tot_Sheet_4",2022,"82650.0"
"ES24","pop_tot_Sheet_4",2023,"81650.0"
"ES24","pop_tot_Sheet_4",2024,"81344.0"
"ES30","pop_tot_Sheet_4",2015,"580734.0"
"ES30","pop_tot_Sheet_4",2016,"564568.0"
"ES30","pop_tot_Sheet_4",2017,"545710.0"
"ES30","pop_tot_Sheet_4",2018,"529982.0"
"ES30","pop_tot_Sheet_4",2019,"514327.0"
"ES30","pop_tot_Sheet_4",2020,"503995.0"
"ES30","pop_tot_Sheet_4",2021,"488400.0"
"ES30","pop_tot_Sheet_4",2022,"469783.0"
"ES30","pop_tot_Sheet_4",2023,"464923.0"
"ES30","pop_tot_Sheet_4",2024,"467526.0"
"ES41","pop_tot_Sheet_4",2015,"182991.0"
"ES41","pop_tot_Sheet_4",2016,"177385.0"
"ES41","pop_tot_Sheet_4",2017,"169511.0"
"ES41","pop_tot_Sheet_4",2018,"162111.0"
"ES41","pop_tot_Sheet_4",2019,"154180.0"
"ES41","pop_tot_Sheet_4",2020,"148007.0"
"ES41","pop_tot_Sheet_4",2021,"142021.0"
"ES41","pop_tot_Sheet_4",2022,"136158.0"
"ES41","pop_tot_Sheet_4",2023,"133022.0"
"ES41","pop_tot_Sheet_4",2024,"130236.0"
"ES42","pop_tot_Sheet_4",2015,"171162.0"
"ES42","pop_tot_Sheet_4",2016,"167383.0"
"ES42","pop_tot_Sheet_4",2017,"161922.0"
"ES42","pop_tot_Sheet_4",2018,"156029.0"
"ES42","pop_tot_Sheet_4",2019,"150027.0"
"ES42","pop_tot_Sheet_4",2020,"145268.0"
"ES42","pop_tot_Sheet_4",2021,"140035.0"
"ES42","pop_tot_Sheet_4",2022,"135618.0"
"ES42","pop_tot_Sheet_4",2023,"134195.0"
"ES42","pop_tot_Sheet_4",2024,"132980.0"
"ES43","pop_tot_Sheet_4",2015,"79647.0"
"ES43","pop_tot_Sheet_4",2016,"78450.0"
"ES43","pop_tot_Sheet_4",2017,"76243.0"
"ES43","pop_tot_Sheet_4",2018,"74746.0"
"ES43","pop_tot_Sheet_4",2019,"72637.0"
"ES43","pop_tot_Sheet_4",2020,"70563.0"
"ES43","pop_tot_Sheet_4",2021,"68353.0"
"ES43","pop_tot_Sheet_4",2022,"66507.0"
"ES43","pop_tot_Sheet_4",2023,"64953.0"
"ES43","pop_tot_Sheet_4",2024,"63970.0"
"ES51","pop_tot_Sheet_4",2015,"655895.0"
"ES51","pop_tot_Sheet_4",2016,"637062.0"
"ES51","pop_tot_Sheet_4",2017,"615406.0"
"ES51","pop_tot_Sheet_4",2018,"592584.0"
"ES51","pop_tot_Sheet_4",2019,"572212.0"
"ES51","pop_tot_Sheet_4",2020,"556217.0"
"ES51","pop_tot_Sheet_4",2021,"538853.0"
"ES51","pop_tot_Sheet_4",2022,"518177.0"
"ES51","pop_tot_Sheet_4",2023,"516355.0"
"ES51","pop_tot_Sheet_4",2024,"519017.0"
"ES52","pop_tot_Sheet_4",2015,"427498.0"
"ES52","pop_tot_Sheet_4",2016,"417306.0"
"ES52","pop_tot_Sheet_4",2017,"402402.0"
"ES52","pop_tot_Sheet_4",2018,"385791.0"
"ES52","pop_tot_Sheet_4",2019,"367854.0"
"ES52","pop_tot_Sheet_4",2020,"355649.0"
"ES52","pop_tot_Sheet_4",2021,"341171.0"
"ES52","pop_tot_Sheet_4",2022,"329853.0"
"ES52","pop_tot_Sheet_4",2023,"329273.0"
"ES52","pop_tot_Sheet_4",2024,"333175.0"
"ES53","pop_tot_Sheet_4",2015,"103871.0"
"ES53","pop_tot_Sheet_4",2016,"103081.0"
"ES53","pop_tot_Sheet_4",2017,"101586.0"
"ES53","pop_tot_Sheet_4",2018,"100008.0"
"ES53","pop_tot_Sheet_4",2019,"98355.0"
"ES53","pop_tot_Sheet_4",2020,"97160.0"
"ES53","pop_tot_Sheet_4",2021,"94361.0"
"ES53","pop_tot_Sheet_4",2022,"91117.0"
"ES53","pop_tot_Sheet_4",2023,"90928.0"
"ES53","pop_tot_Sheet_4",2024,"91434.0"
"ES61","pop_tot_Sheet_4",2015,"703920.0"
"ES61","pop_tot_Sheet_4",2016,"694083.0"
"ES61","pop_tot_Sheet_4",2017,"676267.0"
"ES61","pop_tot_Sheet_4",2018,"656104.0"
"ES61","pop_tot_Sheet_4",2019,"634121.0"
"ES61","pop_tot_Sheet_4",2020,"616903.0"
"ES61","pop_tot_Sheet_4",2021,"595396.0"
"ES61","pop_tot_Sheet_4",2022,"577584.0"
"ES61","pop_tot_Sheet_4",2023,"567000.0"
"ES61","pop_tot_Sheet_4",2024,"558211.0"
"ES62","pop_tot_Sheet_4",2015,"131263.0"
"ES62","pop_tot_Sheet_4",2016,"129765.0"
"ES62","pop_tot_Sheet_4",2017,"126986.0"
"ES62","pop_tot_Sheet_4",2018,"123069.0"
"ES62","pop_tot_Sheet_4",2019,"118106.0"
"ES62","pop_tot_Sheet_4",2020,"114026.0"
"ES62","pop_tot_Sheet_4",2021,"108991.0"
"ES62","pop_tot_Sheet_4",2022,"104269.0"
"ES62","pop_tot_Sheet_4",2023,"102756.0"
"ES62","pop_tot_Sheet_4",2024,"101241.0"
"ES63","pop_tot_Sheet_4",2015,"6858.0"
"ES63","pop_tot_Sheet_4",2016,"6724.0"
"ES63","pop_tot_Sheet_4",2017,"6618.0"
"ES63","pop_tot_Sheet_4",2018,"6529.0"
"ES63","pop_tot_Sheet_4",2019,"6383.0"
"ES63","pop_tot_Sheet_4",2020,"6158.0"
"ES63","pop_tot_Sheet_4",2021,"5993.0"
"ES63","pop_tot_Sheet_4",2022,"5739.0"
"ES63","pop_tot_Sheet_4",2023,"5674.0"
"ES63","pop_tot_Sheet_4",2024,"5611.0"
"ES64","pop_tot_Sheet_4",2015,"6413.0"
"ES64","pop_tot_Sheet_4",2016,"6422.0"
"ES64","pop_tot_Sheet_4",2017,"6502.0"
"ES64","pop_tot_Sheet_4",2018,"6405.0"
"ES64","pop_tot_Sheet_4",2019,"6337.0"
"ES64","pop_tot_Sheet_4",2020,"6211.0"
"ES64","pop_tot_Sheet_4",2021,"6071.0"
"ES64","pop_tot_Sheet_4",2022,"5873.0"
"ES64","pop_tot_Sheet_4",2023,"5790.0"
"ES64","pop_tot_Sheet_4",2024,"5665.0"
"ES70","pop_tot_Sheet_4",2015,"186082.0"
"ES70","pop_tot_Sheet_4",2016,"182332.0"
"ES70","pop_tot_Sheet_4",2017,"178256.0"
"ES70","pop_tot_Sheet_4",2018,"174599.0"
"ES70","pop_tot_Sheet_4",2019,"170407.0"
"ES70","pop_tot_Sheet_4",2020,"165898.0"
"ES70","pop_tot_Sheet_4",2021,"159338.0"
"ES70","pop_tot_Sheet_4",2022,"153857.0"
"ES70","pop_tot_Sheet_4",2023,"152058.0"
"ES70","pop_tot_Sheet_4",2024,"152201.0"
"FR10","pop_tot_Sheet_4",2015,"853787.0"
"FR10","pop_tot_Sheet_4",2016,"860575.0"
"FR10","pop_tot_Sheet_4",2017,"867134.0"
"FR10","pop_tot_Sheet_4",2018,"868899.0"
"FR10","pop_tot_Sheet_4",2019,"872520.0"
"FR10","pop_tot_Sheet_4",2020,"868217.0"
"FR10","pop_tot_Sheet_4",2021,"864424.0"
"FR10","pop_tot_Sheet_4",2022,"869755.0"
"FR10","pop_tot_Sheet_4",2023,"871440.0"
"FR10","pop_tot_Sheet_4",2024,"879658.0"
"FRB0","pop_tot_Sheet_4",2015,"146320.0"
"FRB0","pop_tot_Sheet_4",2016,"147108.0"
"FRB0","pop_tot_Sheet_4",2017,"149447.0"
"FRB0","pop_tot_Sheet_4",2018,"151184.0"
"FRB0","pop_tot_Sheet_4",2019,"151071.0"
"FRB0","pop_tot_Sheet_4",2020,"151535.0"
"FRB0","pop_tot_Sheet_4",2021,"150527.0"
"FRB0","pop_tot_Sheet_4",2022,"150317.0"
"FRB0","pop_tot_Sheet_4",2023,"149712.0"
"FRB0","pop_tot_Sheet_4",2024,"151067.0"
"FRC1","pop_tot_Sheet_4",2015,"88948.0"
"FRC1","pop_tot_Sheet_4",2016,"89856.0"
"FRC1","pop_tot_Sheet_4",2017,"91363.0"
"FRC1","pop_tot_Sheet_4",2018,"91878.0"
"FRC1","pop_tot_Sheet_4",2019,"92133.0"
"FRC1","pop_tot_Sheet_4",2020,"92205.0"
"FRC1","pop_tot_Sheet_4",2021,"91438.0"
"FRC1","pop_tot_Sheet_4",2022,"91255.0"
"FRC1","pop_tot_Sheet_4",2023,"90555.0"
"FRC1","pop_tot_Sheet_4",2024,"91128.0"
"FRC2","pop_tot_Sheet_4",2015,"69510.0"
"FRC2","pop_tot_Sheet_4",2016,"70416.0"
"FRC2","pop_tot_Sheet_4",2017,"71695.0"
"FRC2","pop_tot_Sheet_4",2018,"72915.0"
"FRC2","pop_tot_Sheet_4",2019,"72747.0"
"FRC2","pop_tot_Sheet_4",2020,"72337.0"
"FRC2","pop_tot_Sheet_4",2021,"71329.0"
"FRC2","pop_tot_Sheet_4",2022,"71192.0"
"FRC2","pop_tot_Sheet_4",2023,"70387.0"
"FRC2","pop_tot_Sheet_4",2024,"70778.0"
"FRD1","pop_tot_Sheet_4",2015,"80634.0"
"FRD1","pop_tot_Sheet_4",2016,"81888.0"
"FRD1","pop_tot_Sheet_4",2017,"83185.0"
"FRD1","pop_tot_Sheet_4",2018,"84001.0"
"FRD1","pop_tot_Sheet_4",2019,"83814.0"
"FRD1","pop_tot_Sheet_4",2020,"84305.0"
"FRD1","pop_tot_Sheet_4",2021,"83311.0"
"FRD1","pop_tot_Sheet_4",2022,"83066.0"
"FRD1","pop_tot_Sheet_4",2023,"82718.0"
"FRD1","pop_tot_Sheet_4",2024,"83229.0"
"FRD2","pop_tot_Sheet_4",2015,"109239.0"
"FRD2","pop_tot_Sheet_4",2016,"110488.0"
"FRD2","pop_tot_Sheet_4",2017,"112731.0"
"FRD2","pop_tot_Sheet_4",2018,"115191.0"
"FRD2","pop_tot_Sheet_4",2019,"115316.0"
"FRD2","pop_tot_Sheet_4",2020,"116141.0"
"FRD2","pop_tot_Sheet_4",2021,"116275.0"
"FRD2","pop_tot_Sheet_4",2022,"116922.0"
"FRD2","pop_tot_Sheet_4",2023,"116110.0"
"FRD2","pop_tot_Sheet_4",2024,"117056.0"
"FRE1","pop_tot_Sheet_4",2015,"249665.0"
"FRE1","pop_tot_Sheet_4",2016,"252753.0"
"FRE1","pop_tot_Sheet_4",2017,"258096.0"
"FRE1","pop_tot_Sheet_4",2018,"262231.0"
"FRE1","pop_tot_Sheet_4",2019,"262314.0"
"FRE1","pop_tot_Sheet_4",2020,"262317.0"
"FRE1","pop_tot_Sheet_4",2021,"262410.0"
"FRE1","pop_tot_Sheet_4",2022,"262784.0"
"FRE1","pop_tot_Sheet_4",2023,"260906.0"
"FRE1","pop_tot_Sheet_4",2024,"261790.0"
"FRE2","pop_tot_Sheet_4",2015,"115900.0"
"FRE2","pop_tot_Sheet_4",2016,"117619.0"
"FRE2","pop_tot_Sheet_4",2017,"119926.0"
"FRE2","pop_tot_Sheet_4",2018,"120934.0"
"FRE2","pop_tot_Sheet_4",2019,"120617.0"
"FRE2","pop_tot_Sheet_4",2020,"120533.0"
"FRE2","pop_tot_Sheet_4",2021,"120006.0"
"FRE2","pop_tot_Sheet_4",2022,"120061.0"
"FRE2","pop_tot_Sheet_4",2023,"119806.0"
"FRE2","pop_tot_Sheet_4",2024,"120288.0"
"FRF1","pop_tot_Sheet_4",2015,"114925.0"
"FRF1","pop_tot_Sheet_4",2016,"117003.0"
"FRF1","pop_tot_Sheet_4",2017,"119682.0"
"FRF1","pop_tot_Sheet_4",2018,"121220.0"
"FRF1","pop_tot_Sheet_4",2019,"122251.0"
"FRF1","pop_tot_Sheet_4",2020,"122700.0"
"FRF1","pop_tot_Sheet_4",2021,"122257.0"
"FRF1","pop_tot_Sheet_4",2022,"122147.0"
"FRF1","pop_tot_Sheet_4",2023,"121657.0"
"FRF1","pop_tot_Sheet_4",2024,"123295.0"
"FRF2","pop_tot_Sheet_4",2015,"76221.0"
"FRF2","pop_tot_Sheet_4",2016,"76644.0"
"FRF2","pop_tot_Sheet_4",2017,"77857.0"
"FRF2","pop_tot_Sheet_4",2018,"78596.0"
"FRF2","pop_tot_Sheet_4",2019,"78139.0"
"FRF2","pop_tot_Sheet_4",2020,"78710.0"
"FRF2","pop_tot_Sheet_4",2021,"78618.0"
"FRF2","pop_tot_Sheet_4",2022,"78274.0"
"FRF2","pop_tot_Sheet_4",2023,"77970.0"
"FRF2","pop_tot_Sheet_4",2024,"78497.0"
"FRF3","pop_tot_Sheet_4",2015,"136886.0"
"FRF3","pop_tot_Sheet_4",2016,"138649.0"
"FRF3","pop_tot_Sheet_4",2017,"142280.0"
"FRF3","pop_tot_Sheet_4",2018,"145340.0"
"FRF3","pop_tot_Sheet_4",2019,"145823.0"
"FRF3","pop_tot_Sheet_4",2020,"146883.0"
"FRF3","pop_tot_Sheet_4",2021,"146535.0"
"FRF3","pop_tot_Sheet_4",2022,"145722.0"
"FRF3","pop_tot_Sheet_4",2023,"144422.0"
"FRF3","pop_tot_Sheet_4",2024,"144920.0"
"FRG0","pop_tot_Sheet_4",2015,"224630.0"
"FRG0","pop_tot_Sheet_4",2016,"228093.0"
"FRG0","pop_tot_Sheet_4",2017,"233762.0"
"FRG0","pop_tot_Sheet_4",2018,"238107.0"
"FRG0","pop_tot_Sheet_4",2019,"238120.0"
"FRG0","pop_tot_Sheet_4",2020,"238516.0"
"FRG0","pop_tot_Sheet_4",2021,"237247.0"
"FRG0","pop_tot_Sheet_4",2022,"236661.0"
"FRG0","pop_tot_Sheet_4",2023,"235229.0"
"FRG0","pop_tot_Sheet_4",2024,"237714.0"
"FRH0","pop_tot_Sheet_4",2015,"190692.0"
"FRH0","pop_tot_Sheet_4",2016,"193570.0"
"FRH0","pop_tot_Sheet_4",2017,"197579.0"
"FRH0","pop_tot_Sheet_4",2018,"200372.0"
"FRH0","pop_tot_Sheet_4",2019,"200174.0"
"FRH0","pop_tot_Sheet_4",2020,"200838.0"
"FRH0","pop_tot_Sheet_4",2021,"200056.0"
"FRH0","pop_tot_Sheet_4",2022,"199206.0"
"FRH0","pop_tot_Sheet_4",2023,"198745.0"
"FRH0","pop_tot_Sheet_4",2024,"201495.0"
"FRI1","pop_tot_Sheet_4",2015,"199023.0"
"FRI1","pop_tot_Sheet_4",2016,"203476.0"
"FRI1","pop_tot_Sheet_4",2017,"209064.0"
"FRI1","pop_tot_Sheet_4",2018,"213201.0"
"FRI1","pop_tot_Sheet_4",2019,"213578.0"
"FRI1","pop_tot_Sheet_4",2020,"213483.0"
"FRI1","pop_tot_Sheet_4",2021,"212646.0"
"FRI1","pop_tot_Sheet_4",2022,"213786.0"
"FRI1","pop_tot_Sheet_4",2023,"215360.0"
"FRI1","pop_tot_Sheet_4",2024,"219635.0"
"FRI2","pop_tot_Sheet_4",2015,"39186.0"
"FRI2","pop_tot_Sheet_4",2016,"39305.0"
"FRI2","pop_tot_Sheet_4",2017,"39616.0"
"FRI2","pop_tot_Sheet_4",2018,"39699.0"
"FRI2","pop_tot_Sheet_4",2019,"39372.0"
"FRI2","pop_tot_Sheet_4",2020,"39207.0"
"FRI2","pop_tot_Sheet_4",2021,"38633.0"
"FRI2","pop_tot_Sheet_4",2022,"38680.0"
"FRI2","pop_tot_Sheet_4",2023,"38696.0"
"FRI2","pop_tot_Sheet_4",2024,"39178.0"
"FRI3","pop_tot_Sheet_4",2015,"97343.0"
"FRI3","pop_tot_Sheet_4",2016,"98867.0"
"FRI3","pop_tot_Sheet_4",2017,"101334.0"
"FRI3","pop_tot_Sheet_4",2018,"102890.0"
"FRI3","pop_tot_Sheet_4",2019,"103366.0"
"FRI3","pop_tot_Sheet_4",2020,"103280.0"
"FRI3","pop_tot_Sheet_4",2021,"101709.0"
"FRI3","pop_tot_Sheet_4",2022,"101614.0"
"FRI3","pop_tot_Sheet_4",2023,"100969.0"
"FRI3","pop_tot_Sheet_4",2024,"101529.0"
"FRJ1","pop_tot_Sheet_4",2015,"156750.0"
"FRJ1","pop_tot_Sheet_4",2016,"160288.0"
"FRJ1","pop_tot_Sheet_4",2017,"165247.0"
"FRJ1","pop_tot_Sheet_4",2018,"167513.0"
"FRJ1","pop_tot_Sheet_4",2019,"167986.0"
"FRJ1","pop_tot_Sheet_4",2020,"168130.0"
"FRJ1","pop_tot_Sheet_4",2021,"166455.0"
"FRJ1","pop_tot_Sheet_4",2022,"167915.0"
"FRJ1","pop_tot_Sheet_4",2023,"168777.0"
"FRJ1","pop_tot_Sheet_4",2024,"170661.0"
"FRJ2","pop_tot_Sheet_4",2015,"178901.0"
"FRJ2","pop_tot_Sheet_4",2016,"183201.0"
"FRJ2","pop_tot_Sheet_4",2017,"187846.0"
"FRJ2","pop_tot_Sheet_4",2018,"190702.0"
"FRJ2","pop_tot_Sheet_4",2019,"191173.0"
"FRJ2","pop_tot_Sheet_4",2020,"191834.0"
"FRJ2","pop_tot_Sheet_4",2021,"190970.0"
"FRJ2","pop_tot_Sheet_4",2022,"191732.0"
"FRJ2","pop_tot_Sheet_4",2023,"191608.0"
"FRJ2","pop_tot_Sheet_4",2024,"195116.0"
"FRK1","pop_tot_Sheet_4",2015,"74991.0"
"FRK1","pop_tot_Sheet_4",2016,"75947.0"
"FRK1","pop_tot_Sheet_4",2017,"77488.0"
"FRK1","pop_tot_Sheet_4",2018,"78600.0"
"FRK1","pop_tot_Sheet_4",2019,"78482.0"
"FRK1","pop_tot_Sheet_4",2020,"77975.0"
"FRK1","pop_tot_Sheet_4",2021,"77310.0"
"FRK1","pop_tot_Sheet_4",2022,"77128.0"
"FRK1","pop_tot_Sheet_4",2023,"76453.0"
"FRK1","pop_tot_Sheet_4",2024,"76899.0"
"FRK2","pop_tot_Sheet_4",2015,"407437.0"
"FRK2","pop_tot_Sheet_4",2016,"415784.0"
"FRK2","pop_tot_Sheet_4",2017,"425114.0"
"FRK2","pop_tot_Sheet_4",2018,"434243.0"
"FRK2","pop_tot_Sheet_4",2019,"437584.0"
"FRK2","pop_tot_Sheet_4",2020,"438394.0"
"FRK2","pop_tot_Sheet_4",2021,"439503.0"
"FRK2","pop_tot_Sheet_4",2022,"443156.0"
"FRK2","pop_tot_Sheet_4",2023,"443823.0"
"FRK2","pop_tot_Sheet_4",2024,"448785.0"
"FRL0","pop_tot_Sheet_4",2015,"290316.0"
"FRL0","pop_tot_Sheet_4",2016,"296912.0"
"FRL0","pop_tot_Sheet_4",2017,"302958.0"
"FRL0","pop_tot_Sheet_4",2018,"308401.0"
"FRL0","pop_tot_Sheet_4",2019,"309144.0"
"FRL0","pop_tot_Sheet_4",2020,"308729.0"
"FRL0","pop_tot_Sheet_4",2021,"307653.0"
"FRL0","pop_tot_Sheet_4",2022,"310596.0"
"FRL0","pop_tot_Sheet_4",2023,"310531.0"
"FRL0","pop_tot_Sheet_4",2024,"315174.0"
"FRM0","pop_tot_Sheet_4",2015,"20003.0"
"FRM0","pop_tot_Sheet_4",2016,"20400.0"
"FRM0","pop_tot_Sheet_4",2017,"21298.0"
"FRM0","pop_tot_Sheet_4",2018,"22147.0"
"FRM0","pop_tot_Sheet_4",2019,"22255.0"
"FRM0","pop_tot_Sheet_4",2020,"22357.0"
"FRM0","pop_tot_Sheet_4",2021,"22001.0"
"FRM0","pop_tot_Sheet_4",2022,"21961.0"
"FRM0","pop_tot_Sheet_4",2023,"21929.0"
"FRM0","pop_tot_Sheet_4",2024,"22245.0"
"FRY1","pop_tot_Sheet_4",2015,"23817.0"
"FRY1","pop_tot_Sheet_4",2016,"22803.0"
"FRY1","pop_tot_Sheet_4",2017,"22234.0"
"FRY1","pop_tot_Sheet_4",2018,"21984.0"
"FRY1","pop_tot_Sheet_4",2019,"21899.0"
"FRY1","pop_tot_Sheet_4",2020,"21856.0"
"FRY1","pop_tot_Sheet_4",2021,"21865.0"
"FRY1","pop_tot_Sheet_4",2022,"21393.0"
"FRY1","pop_tot_Sheet_4",2023,"20652.0"
"FRY1","pop_tot_Sheet_4",2024,"20705.0"
"FRY2","pop_tot_Sheet_4",2015,"19472.0"
"FRY2","pop_tot_Sheet_4",2016,"18370.0"
"FRY2","pop_tot_Sheet_4",2017,"17775.0"
"FRY2","pop_tot_Sheet_4",2018,"17961.0"
"FRY2","pop_tot_Sheet_4",2019,"17988.0"
"FRY2","pop_tot_Sheet_4",2020,"17883.0"
"FRY2","pop_tot_Sheet_4",2021,"18208.0"
"FRY2","pop_tot_Sheet_4",2022,"18332.0"
"FRY2","pop_tot_Sheet_4",2023,"18313.0"
"FRY2","pop_tot_Sheet_4",2024,"18575.0"
"FRY3","pop_tot_Sheet_4",2015,"18032.0"
"FRY3","pop_tot_Sheet_4",2016,"19290.0"
"FRY3","pop_tot_Sheet_4",2017,"18385.0"
"FRY3","pop_tot_Sheet_4",2018,"19526.0"
"FRY3","pop_tot_Sheet_4",2019,"20076.0"
"FRY3","pop_tot_Sheet_4",2020,"20043.0"
"FRY3","pop_tot_Sheet_4",2021,"20115.0"
"FRY3","pop_tot_Sheet_4",2022,"20125.0"
"FRY3","pop_tot_Sheet_4",2023,"19666.0"
"FRY3","pop_tot_Sheet_4",2024,"19752.0"
"FRY4","pop_tot_Sheet_4",2015,"55695.0"
"FRY4","pop_tot_Sheet_4",2016,"55394.0"
"FRY4","pop_tot_Sheet_4",2017,"54757.0"
"FRY4","pop_tot_Sheet_4",2018,"54470.0"
"FRY4","pop_tot_Sheet_4",2019,"54228.0"
"FRY4","pop_tot_Sheet_4",2020,"54379.0"
"FRY4","pop_tot_Sheet_4",2021,"54631.0"
"FRY4","pop_tot_Sheet_4",2022,"54951.0"
"FRY4","pop_tot_Sheet_4",2023,"55592.0"
"FRY4","pop_tot_Sheet_4",2024,"56048.0"
"FRY5","pop_tot_Sheet_4",2015,"15416.0"
"FRY5","pop_tot_Sheet_4",2016,"15999.0"
"FRY5","pop_tot_Sheet_4",2017,"16607.0"
"FRY5","pop_tot_Sheet_4",2018,"17235.0"
"FRY5","pop_tot_Sheet_4",2019,"17897.0"
"FRY5","pop_tot_Sheet_4",2020,"18569.0"
"FRY5","pop_tot_Sheet_4",2021,"19188.0"
"FRY5","pop_tot_Sheet_4",2022,"19895.0"
"FRY5","pop_tot_Sheet_4",2023,"20597.0"
"FRY5","pop_tot_Sheet_4",2024,"21272.0"
"HR02","pop_tot_Sheet_4",2015,"73103.0"
"HR02","pop_tot_Sheet_4",2016,"71875.0"
"HR02","pop_tot_Sheet_4",2017,"69742.0"
"HR02","pop_tot_Sheet_4",2018,"66959.0"
"HR02","pop_tot_Sheet_4",2019,"65382.0"
"HR02","pop_tot_Sheet_4",2020,"64333.0"
"HR02","pop_tot_Sheet_4",2021,"63002.0"
"HR02","pop_tot_Sheet_4",2022,"61528.0"
"HR02","pop_tot_Sheet_4",2023,"60001.0"
"HR02","pop_tot_Sheet_4",2024,"58676.0"
"HR03","pop_tot_Sheet_4",2015,"92790.0"
"HR03","pop_tot_Sheet_4",2016,"92632.0"
"HR03","pop_tot_Sheet_4",2017,"91650.0"
"HR03","pop_tot_Sheet_4",2018,"89905.0"
"HR03","pop_tot_Sheet_4",2019,"88501.0"
"HR03","pop_tot_Sheet_4",2020,"87606.0"
"HR03","pop_tot_Sheet_4",2021,"85568.0"
"HR03","pop_tot_Sheet_4",2022,"83559.0"
"HR03","pop_tot_Sheet_4",2023,"83152.0"
"HR03","pop_tot_Sheet_4",2024,"83998.0"
"HR05","pop_tot_Sheet_4",2015,"60969.0"
"HR05","pop_tot_Sheet_4",2016,"61910.0"
"HR05","pop_tot_Sheet_4",2017,"62280.0"
"HR05","pop_tot_Sheet_4",2018,"61986.0"
"HR05","pop_tot_Sheet_4",2019,"61275.0"
"HR05","pop_tot_Sheet_4",2020,"60311.0"
"HR05","pop_tot_Sheet_4",2021,"58130.0"
"HR05","pop_tot_Sheet_4",2022,"56775.0"
"HR05","pop_tot_Sheet_4",2023,"56067.0"
"HR05","pop_tot_Sheet_4",2024,"56513.0"
"HR06","pop_tot_Sheet_4",2015,"57829.0"
"HR06","pop_tot_Sheet_4",2016,"57397.0"
"HR06","pop_tot_Sheet_4",2017,"56721.0"
"HR06","pop_tot_Sheet_4",2018,"55784.0"
"HR06","pop_tot_Sheet_4",2019,"54742.0"
"HR06","pop_tot_Sheet_4",2020,"53615.0"
"HR06","pop_tot_Sheet_4",2021,"52964.0"
"HR06","pop_tot_Sheet_4",2022,"52200.0"
"HR06","pop_tot_Sheet_4",2023,"51397.0"
"HR06","pop_tot_Sheet_4",2024,"51619.0"
"ITC1","pop_tot_Sheet_4",2015,"292900.0"
"ITC1","pop_tot_Sheet_4",2016,"277906.0"
"ITC1","pop_tot_Sheet_4",2017,"265306.0"
"ITC1","pop_tot_Sheet_4",2018,"254786.0"
"ITC1","pop_tot_Sheet_4",2019,"246183.0"
"ITC1","pop_tot_Sheet_4",2020,"240077.0"
"ITC1","pop_tot_Sheet_4",2021,"234373.0"
"ITC1","pop_tot_Sheet_4",2022,"230362.0"
"ITC1","pop_tot_Sheet_4",2023,"227300.0"
"ITC1","pop_tot_Sheet_4",2024,"228083.0"
"ITC2","pop_tot_Sheet_4",2015,"8439.0"
"ITC2","pop_tot_Sheet_4",2016,"7994.0"
"ITC2","pop_tot_Sheet_4",2017,"7575.0"
"ITC2","pop_tot_Sheet_4",2018,"7308.0"
"ITC2","pop_tot_Sheet_4",2019,"7013.0"
"ITC2","pop_tot_Sheet_4",2020,"6871.0"
"ITC2","pop_tot_Sheet_4",2021,"6733.0"
"ITC2","pop_tot_Sheet_4",2022,"6634.0"
"ITC2","pop_tot_Sheet_4",2023,"6538.0"
"ITC2","pop_tot_Sheet_4",2024,"6429.0"
"ITC3","pop_tot_Sheet_4",2015,"92407.0"
"ITC3","pop_tot_Sheet_4",2016,"86714.0"
"ITC3","pop_tot_Sheet_4",2017,"82961.0"
"ITC3","pop_tot_Sheet_4",2018,"79297.0"
"ITC3","pop_tot_Sheet_4",2019,"77126.0"
"ITC3","pop_tot_Sheet_4",2020,"75825.0"
"ITC3","pop_tot_Sheet_4",2021,"75913.0"
"ITC3","pop_tot_Sheet_4",2022,"74572.0"
"ITC3","pop_tot_Sheet_4",2023,"75069.0"
"ITC3","pop_tot_Sheet_4",2024,"75930.0"
"ITC4","pop_tot_Sheet_4",2015,"713671.0"
"ITC4","pop_tot_Sheet_4",2016,"681122.0"
"ITC4","pop_tot_Sheet_4",2017,"656650.0"
"ITC4","pop_tot_Sheet_4",2018,"638099.0"
"ITC4","pop_tot_Sheet_4",2019,"623607.0"
"ITC4","pop_tot_Sheet_4",2020,"612770.0"
"ITC4","pop_tot_Sheet_4",2021,"600037.0"
"ITC4","pop_tot_Sheet_4",2022,"585166.0"
"ITC4","pop_tot_Sheet_4",2023,"579525.0"
"ITC4","pop_tot_Sheet_4",2024,"581373.0"
"ITF1","pop_tot_Sheet_4",2015,"91071.0"
"ITF1","pop_tot_Sheet_4",2016,"88173.0"
"ITF1","pop_tot_Sheet_4",2017,"85068.0"
"ITF1","pop_tot_Sheet_4",2018,"82939.0"
"ITF1","pop_tot_Sheet_4",2019,"80416.0"
"ITF1","pop_tot_Sheet_4",2020,"78518.0"
"ITF1","pop_tot_Sheet_4",2021,"76164.0"
"ITF1","pop_tot_Sheet_4",2022,"74888.0"
"ITF1","pop_tot_Sheet_4",2023,"73312.0"
"ITF1","pop_tot_Sheet_4",2024,"72595.0"
"ITF2","pop_tot_Sheet_4",2015,"20566.0"
"ITF2","pop_tot_Sheet_4",2016,"19777.0"
"ITF2","pop_tot_Sheet_4",2017,"19319.0"
"ITF2","pop_tot_Sheet_4",2018,"18862.0"
"ITF2","pop_tot_Sheet_4",2019,"18318.0"
"ITF2","pop_tot_Sheet_4",2020,"17720.0"
"ITF2","pop_tot_Sheet_4",2021,"16924.0"
"ITF2","pop_tot_Sheet_4",2022,"16623.0"
"ITF2","pop_tot_Sheet_4",2023,"16314.0"
"ITF2","pop_tot_Sheet_4",2024,"16284.0"
"ITF3","pop_tot_Sheet_4",2015,"403407.0"
"ITF3","pop_tot_Sheet_4",2016,"391784.0"
"ITF3","pop_tot_Sheet_4",2017,"381766.0"
"ITF3","pop_tot_Sheet_4",2018,"376358.0"
"ITF3","pop_tot_Sheet_4",2019,"370213.0"
"ITF3","pop_tot_Sheet_4",2020,"364186.0"
"ITF3","pop_tot_Sheet_4",2021,"353307.0"
"ITF3","pop_tot_Sheet_4",2022,"349340.0"
"ITF3","pop_tot_Sheet_4",2023,"343831.0"
"ITF3","pop_tot_Sheet_4",2024,"341854.0"
"ITF4","pop_tot_Sheet_4",2015,"286473.0"
"ITF4","pop_tot_Sheet_4",2016,"275584.0"
"ITF4","pop_tot_Sheet_4",2017,"264328.0"
"ITF4","pop_tot_Sheet_4",2018,"254746.0"
"ITF4","pop_tot_Sheet_4",2019,"245759.0"
"ITF4","pop_tot_Sheet_4",2020,"238039.0"
"ITF4","pop_tot_Sheet_4",2021,"230381.0"
"ITF4","pop_tot_Sheet_4",2022,"226517.0"
"ITF4","pop_tot_Sheet_4",2023,"222990.0"
"ITF4","pop_tot_Sheet_4",2024,"221498.0"
"ITF5","pop_tot_Sheet_4",2015,"38203.0"
"ITF5","pop_tot_Sheet_4",2016,"36747.0"
"ITF5","pop_tot_Sheet_4",2017,"35260.0"
"ITF5","pop_tot_Sheet_4",2018,"34434.0"
"ITF5","pop_tot_Sheet_4",2019,"33510.0"
"ITF5","pop_tot_Sheet_4",2020,"33018.0"
"ITF5","pop_tot_Sheet_4",2021,"32089.0"
"ITF5","pop_tot_Sheet_4",2022,"31449.0"
"ITF5","pop_tot_Sheet_4",2023,"30959.0"
"ITF5","pop_tot_Sheet_4",2024,"30485.0"
"ITF6","pop_tot_Sheet_4",2015,"132931.0"
"ITF6","pop_tot_Sheet_4",2016,"130067.0"
"ITF6","pop_tot_Sheet_4",2017,"126516.0"
"ITF6","pop_tot_Sheet_4",2018,"124208.0"
"ITF6","pop_tot_Sheet_4",2019,"122107.0"
"ITF6","pop_tot_Sheet_4",2020,"119386.0"
"ITF6","pop_tot_Sheet_4",2021,"114457.0"
"ITF6","pop_tot_Sheet_4",2022,"113337.0"
"ITF6","pop_tot_Sheet_4",2023,"111812.0"
"ITF6","pop_tot_Sheet_4",2024,"111115.0"
"ITG1","pop_tot_Sheet_4",2015,"342647.0"
"ITG1","pop_tot_Sheet_4",2016,"332978.0"
"ITG1","pop_tot_Sheet_4",2017,"322594.0"
"ITG1","pop_tot_Sheet_4",2018,"314677.0"
"ITG1","pop_tot_Sheet_4",2019,"306294.0"
"ITG1","pop_tot_Sheet_4",2020,"299989.0"
"ITG1","pop_tot_Sheet_4",2021,"290610.0"
"ITG1","pop_tot_Sheet_4",2022,"288487.0"
"ITG1","pop_tot_Sheet_4",2023,"284709.0"
"ITG1","pop_tot_Sheet_4",2024,"283967.0"
"ITG2","pop_tot_Sheet_4",2015,"118971.0"
"ITG2","pop_tot_Sheet_4",2016,"113945.0"
"ITG2","pop_tot_Sheet_4",2017,"109417.0"
"ITG2","pop_tot_Sheet_4",2018,"105740.0"
"ITG2","pop_tot_Sheet_4",2019,"101417.0"
"ITG2","pop_tot_Sheet_4",2020,"98275.0"
"ITG2","pop_tot_Sheet_4",2021,"93139.0"
"ITG2","pop_tot_Sheet_4",2022,"91117.0"
"ITG2","pop_tot_Sheet_4",2023,"88456.0"
"ITG2","pop_tot_Sheet_4",2024,"86680.0"
"ITH1","pop_tot_Sheet_4",2015,"33946.0"
"ITH1","pop_tot_Sheet_4",2016,"33327.0"
"ITH1","pop_tot_Sheet_4",2017,"33104.0"
"ITH1","pop_tot_Sheet_4",2018,"33169.0"
"ITH1","pop_tot_Sheet_4",2019,"33003.0"
"ITH1","pop_tot_Sheet_4",2020,"32724.0"
"ITH1","pop_tot_Sheet_4",2021,"32640.0"
"ITH1","pop_tot_Sheet_4",2022,"31639.0"
"ITH1","pop_tot_Sheet_4",2023,"31025.0"
"ITH1","pop_tot_Sheet_4",2024,"31260.0"
"ITH2","pop_tot_Sheet_4",2015,"35850.0"
"ITH2","pop_tot_Sheet_4",2016,"34343.0"
"ITH2","pop_tot_Sheet_4",2017,"33079.0"
"ITH2","pop_tot_Sheet_4",2018,"32323.0"
"ITH2","pop_tot_Sheet_4",2019,"31669.0"
"ITH2","pop_tot_Sheet_4",2020,"31319.0"
"ITH2","pop_tot_Sheet_4",2021,"31055.0"
"ITH2","pop_tot_Sheet_4",2022,"30633.0"
"ITH2","pop_tot_Sheet_4",2023,"30521.0"
"ITH2","pop_tot_Sheet_4",2024,"30632.0"
"ITH3","pop_tot_Sheet_4",2015,"340353.0"
"ITH3","pop_tot_Sheet_4",2016,"323224.0"
"ITH3","pop_tot_Sheet_4",2017,"308623.0"
"ITH3","pop_tot_Sheet_4",2018,"296968.0"
"ITH3","pop_tot_Sheet_4",2019,"286933.0"
"ITH3","pop_tot_Sheet_4",2020,"279024.0"
"ITH3","pop_tot_Sheet_4",2021,"274345.0"
"ITH3","pop_tot_Sheet_4",2022,"266898.0"
"ITH3","pop_tot_Sheet_4",2023,"263288.0"
"ITH3","pop_tot_Sheet_4",2024,"263376.0"
"ITH4","pop_tot_Sheet_4",2015,"80289.0"
"ITH4","pop_tot_Sheet_4",2016,"76182.0"
"ITH4","pop_tot_Sheet_4",2017,"72733.0"
"ITH4","pop_tot_Sheet_4",2018,"70439.0"
"ITH4","pop_tot_Sheet_4",2019,"67877.0"
"ITH4","pop_tot_Sheet_4",2020,"66131.0"
"ITH4","pop_tot_Sheet_4",2021,"64860.0"
"ITH4","pop_tot_Sheet_4",2022,"63232.0"
"ITH4","pop_tot_Sheet_4",2023,"62062.0"
"ITH4","pop_tot_Sheet_4",2024,"62418.0"
"ITH5","pop_tot_Sheet_4",2015,"316503.0"
"ITH5","pop_tot_Sheet_4",2016,"301746.0"
"ITH5","pop_tot_Sheet_4",2017,"288742.0"
"ITH5","pop_tot_Sheet_4",2018,"278073.0"
"ITH5","pop_tot_Sheet_4",2019,"270447.0"
"ITH5","pop_tot_Sheet_4",2020,"264578.0"
"ITH5","pop_tot_Sheet_4",2021,"259049.0"
"ITH5","pop_tot_Sheet_4",2022,"254136.0"
"ITH5","pop_tot_Sheet_4",2023,"251756.0"
"ITH5","pop_tot_Sheet_4",2024,"251692.0"
"ITI1","pop_tot_Sheet_4",2015,"255726.0"
"ITI1","pop_tot_Sheet_4",2016,"243628.0"
"ITI1","pop_tot_Sheet_4",2017,"233156.0"
"ITI1","pop_tot_Sheet_4",2018,"224565.0"
"ITI1","pop_tot_Sheet_4",2019,"217053.0"
"ITI1","pop_tot_Sheet_4",2020,"211452.0"
"ITI1","pop_tot_Sheet_4",2021,"209250.0"
"ITI1","pop_tot_Sheet_4",2022,"202676.0"
"ITI1","pop_tot_Sheet_4",2023,"200115.0"
"ITI1","pop_tot_Sheet_4",2024,"199225.0"
"ITI2","pop_tot_Sheet_4",2015,"60387.0"
"ITI2","pop_tot_Sheet_4",2016,"57816.0"
"ITI2","pop_tot_Sheet_4",2017,"55737.0"
"ITI2","pop_tot_Sheet_4",2018,"53726.0"
"ITI2","pop_tot_Sheet_4",2019,"52627.0"
"ITI2","pop_tot_Sheet_4",2020,"51196.0"
"ITI2","pop_tot_Sheet_4",2021,"49772.0"
"ITI2","pop_tot_Sheet_4",2022,"48269.0"
"ITI2","pop_tot_Sheet_4",2023,"47353.0"
"ITI2","pop_tot_Sheet_4",2024,"46393.0"
"ITI3","pop_tot_Sheet_4",2015,"107257.0"
"ITI3","pop_tot_Sheet_4",2016,"102424.0"
"ITI3","pop_tot_Sheet_4",2017,"98193.0"
"ITI3","pop_tot_Sheet_4",2018,"94584.0"
"ITI3","pop_tot_Sheet_4",2019,"90806.0"
"ITI3","pop_tot_Sheet_4",2020,"87701.0"
"ITI3","pop_tot_Sheet_4",2021,"84905.0"
"ITI3","pop_tot_Sheet_4",2022,"83122.0"
"ITI3","pop_tot_Sheet_4",2023,"81450.0"
"ITI3","pop_tot_Sheet_4",2024,"80663.0"
"ITI4","pop_tot_Sheet_4",2015,"417439.0"
"ITI4","pop_tot_Sheet_4",2016,"403652.0"
"ITI4","pop_tot_Sheet_4",2017,"392652.0"
"ITI4","pop_tot_Sheet_4",2018,"382954.0"
"ITI4","pop_tot_Sheet_4",2019,"372355.0"
"ITI4","pop_tot_Sheet_4",2020,"363392.0"
"ITI4","pop_tot_Sheet_4",2021,"353249.0"
"ITI4","pop_tot_Sheet_4",2022,"343775.0"
"ITI4","pop_tot_Sheet_4",2023,"338278.0"
"ITI4","pop_tot_Sheet_4",2024,"335149.0"
"CY00","pop_tot_Sheet_4",2015,"61837.0"
"CY00","pop_tot_Sheet_4",2016,"64837.0"
"CY00","pop_tot_Sheet_4",2017,"66656.0"
"CY00","pop_tot_Sheet_4",2018,"68975.0"
"CY00","pop_tot_Sheet_4",2019,"71537.0"
"CY00","pop_tot_Sheet_4",2020,"73344.0"
"CY00","pop_tot_Sheet_4",2021,"75012.0"
"CY00","pop_tot_Sheet_4",2022,"76824.0"
"CY00","pop_tot_Sheet_4",2023,"79312.0"
"CY00","pop_tot_Sheet_4",2024,"80977.0"
"LV00","pop_tot_Sheet_4",2015,"129127.0"
"LV00","pop_tot_Sheet_4",2016,"126836.0"
"LV00","pop_tot_Sheet_4",2017,"125024.0"
"LV00","pop_tot_Sheet_4",2018,"125015.0"
"LV00","pop_tot_Sheet_4",2019,"127927.0"
"LV00","pop_tot_Sheet_4",2020,"130379.0"
"LV00","pop_tot_Sheet_4",2021,"132376.0"
"LV00","pop_tot_Sheet_4",2022,"135403.0"
"LV00","pop_tot_Sheet_4",2023,"140118.0"
"LV00","pop_tot_Sheet_4",2024,"140103.0"
"LT01","pop_tot_Sheet_4",2015,"60106.0"
"LT01","pop_tot_Sheet_4",2016,"60933.0"
"LT01","pop_tot_Sheet_4",2017,"62083.0"
"LT01","pop_tot_Sheet_4",2018,"64290.0"
"LT01","pop_tot_Sheet_4",2019,"68089.0"
"LT01","pop_tot_Sheet_4",2020,"71648.0"
"LT01","pop_tot_Sheet_4",2021,"66235.0"
"LT01","pop_tot_Sheet_4",2022,"68903.0"
"LT01","pop_tot_Sheet_4",2023,"75089.0"
"LT01","pop_tot_Sheet_4",2024,"77864.0"
"LT02","pop_tot_Sheet_4",2015,"123777.0"
"LT02","pop_tot_Sheet_4",2016,"119550.0"
"LT02","pop_tot_Sheet_4",2017,"115219.0"
"LT02","pop_tot_Sheet_4",2018,"110932.0"
"LT02","pop_tot_Sheet_4",2019,"109981.0"
"LT02","pop_tot_Sheet_4",2020,"111116.0"
"LT02","pop_tot_Sheet_4",2021,"121205.0"
"LT02","pop_tot_Sheet_4",2022,"125946.0"
"LT02","pop_tot_Sheet_4",2023,"135062.0"
"LT02","pop_tot_Sheet_4",2024,"140997.0"
"LU00","pop_tot_Sheet_4",2015,"43293.0"
"LU00","pop_tot_Sheet_4",2016,"44572.0"
"LU00","pop_tot_Sheet_4",2017,"46106.0"
"LU00","pop_tot_Sheet_4",2018,"47119.0"
"LU00","pop_tot_Sheet_4",2019,"48111.0"
"LU00","pop_tot_Sheet_4",2020,"49151.0"
"LU00","pop_tot_Sheet_4",2021,"49385.0"
"LU00","pop_tot_Sheet_4",2022,"50413.0"
"LU00","pop_tot_Sheet_4",2023,"51850.0"
"LU00","pop_tot_Sheet_4",2024,"53218.0"
"HU11","pop_tot_Sheet_4",2015,"168617.0"
"HU11","pop_tot_Sheet_4",2016,"162052.0"
"HU11","pop_tot_Sheet_4",2017,"154035.0"
"HU11","pop_tot_Sheet_4",2018,"146370.0"
"HU11","pop_tot_Sheet_4",2019,"139543.0"
"HU11","pop_tot_Sheet_4",2020,"133612.0"
"HU11","pop_tot_Sheet_4",2021,"128310.0"
"HU11","pop_tot_Sheet_4",2022,"124445.0"
"HU11","pop_tot_Sheet_4",2023,"121100.0"
"HU11","pop_tot_Sheet_4",2024,"122882.0"
"HU12","pop_tot_Sheet_4",2015,"112997.0"
"HU12","pop_tot_Sheet_4",2016,"107243.0"
"HU12","pop_tot_Sheet_4",2017,"102154.0"
"HU12","pop_tot_Sheet_4",2018,"97526.0"
"HU12","pop_tot_Sheet_4",2019,"93618.0"
"HU12","pop_tot_Sheet_4",2020,"90875.0"
"HU12","pop_tot_Sheet_4",2021,"89953.0"
"HU12","pop_tot_Sheet_4",2022,"90809.0"
"HU12","pop_tot_Sheet_4",2023,"89669.0"
"HU12","pop_tot_Sheet_4",2024,"89715.0"
"HU21","pop_tot_Sheet_4",2015,"91405.0"
"HU21","pop_tot_Sheet_4",2016,"87045.0"
"HU21","pop_tot_Sheet_4",2017,"82567.0"
"HU21","pop_tot_Sheet_4",2018,"78317.0"
"HU21","pop_tot_Sheet_4",2019,"74763.0"
"HU21","pop_tot_Sheet_4",2020,"71831.0"
"HU21","pop_tot_Sheet_4",2021,"69565.0"
"HU21","pop_tot_Sheet_4",2022,"68130.0"
"HU21","pop_tot_Sheet_4",2023,"68424.0"
"HU21","pop_tot_Sheet_4",2024,"68562.0"
"HU22","pop_tot_Sheet_4",2015,"85707.0"
"HU22","pop_tot_Sheet_4",2016,"81751.0"
"HU22","pop_tot_Sheet_4",2017,"77984.0"
"HU22","pop_tot_Sheet_4",2018,"73785.0"
"HU22","pop_tot_Sheet_4",2019,"70142.0"
"HU22","pop_tot_Sheet_4",2020,"66848.0"
"HU22","pop_tot_Sheet_4",2021,"64706.0"
"HU22","pop_tot_Sheet_4",2022,"63071.0"
"HU22","pop_tot_Sheet_4",2023,"63496.0"
"HU22","pop_tot_Sheet_4",2024,"63379.0"
"HU23","pop_tot_Sheet_4",2015,"70859.0"
"HU23","pop_tot_Sheet_4",2016,"66686.0"
"HU23","pop_tot_Sheet_4",2017,"62775.0"
"HU23","pop_tot_Sheet_4",2018,"59229.0"
"HU23","pop_tot_Sheet_4",2019,"55620.0"
"HU23","pop_tot_Sheet_4",2020,"52808.0"
"HU23","pop_tot_Sheet_4",2021,"51136.0"
"HU23","pop_tot_Sheet_4",2022,"49789.0"
"HU23","pop_tot_Sheet_4",2023,"50018.0"
"HU23","pop_tot_Sheet_4",2024,"49863.0"
"HU31","pop_tot_Sheet_4",2015,"87945.0"
"HU31","pop_tot_Sheet_4",2016,"83754.0"
"HU31","pop_tot_Sheet_4",2017,"79418.0"
"HU31","pop_tot_Sheet_4",2018,"75583.0"
"HU31","pop_tot_Sheet_4",2019,"71921.0"
"HU31","pop_tot_Sheet_4",2020,"68998.0"
"HU31","pop_tot_Sheet_4",2021,"67095.0"
"HU31","pop_tot_Sheet_4",2022,"66431.0"
"HU31","pop_tot_Sheet_4",2023,"66492.0"
"HU31","pop_tot_Sheet_4",2024,"66415.0"
"HU32","pop_tot_Sheet_4",2015,"116477.0"
"HU32","pop_tot_Sheet_4",2016,"111280.0"
"HU32","pop_tot_Sheet_4",2017,"106558.0"
"HU32","pop_tot_Sheet_4",2018,"101055.0"
"HU32","pop_tot_Sheet_4",2019,"95754.0"
"HU32","pop_tot_Sheet_4",2020,"90967.0"
"HU32","pop_tot_Sheet_4",2021,"88809.0"
"HU32","pop_tot_Sheet_4",2022,"86619.0"
"HU32","pop_tot_Sheet_4",2023,"87759.0"
"HU32","pop_tot_Sheet_4",2024,"88389.0"
"HU33","pop_tot_Sheet_4",2015,"101477.0"
"HU33","pop_tot_Sheet_4",2016,"95762.0"
"HU33","pop_tot_Sheet_4",2017,"89904.0"
"HU33","pop_tot_Sheet_4",2018,"84795.0"
"HU33","pop_tot_Sheet_4",2019,"80111.0"
"HU33","pop_tot_Sheet_4",2020,"75574.0"
"HU33","pop_tot_Sheet_4",2021,"73292.0"
"HU33","pop_tot_Sheet_4",2022,"72167.0"
"HU33","pop_tot_Sheet_4",2023,"72815.0"
"HU33","pop_tot_Sheet_4",2024,"72641.0"
"MT00","pop_tot_Sheet_4",2015,"32265.0"
"MT00","pop_tot_Sheet_4",2016,"33583.0"
"MT00","pop_tot_Sheet_4",2017,"34596.0"
"MT00","pop_tot_Sheet_4",2018,"37103.0"
"MT00","pop_tot_Sheet_4",2019,"39828.0"
"MT00","pop_tot_Sheet_4",2020,"43196.0"
"MT00","pop_tot_Sheet_4",2021,"44005.0"
"MT00","pop_tot_Sheet_4",2022,"45014.0"
"MT00","pop_tot_Sheet_4",2023,"48002.0"
"MT00","pop_tot_Sheet_4",2024,"51886.0"
"NL11","pop_tot_Sheet_4",2015,"31910.0"
"NL11","pop_tot_Sheet_4",2016,"31858.0"
"NL11","pop_tot_Sheet_4",2017,"31710.0"
"NL11","pop_tot_Sheet_4",2018,"31587.0"
"NL11","pop_tot_Sheet_4",2019,"31325.0"
"NL11","pop_tot_Sheet_4",2020,"31743.0"
"NL11","pop_tot_Sheet_4",2021,"31774.0"
"NL11","pop_tot_Sheet_4",2022,"32161.0"
"NL11","pop_tot_Sheet_4",2023,"33306.0"
"NL11","pop_tot_Sheet_4",2024,"34066.0"
"NL12","pop_tot_Sheet_4",2015,"34978.0"
"NL12","pop_tot_Sheet_4",2016,"34995.0"
"NL12","pop_tot_Sheet_4",2017,"35177.0"
"NL12","pop_tot_Sheet_4",2018,"35288.0"
"NL12","pop_tot_Sheet_4",2019,"35456.0"
"NL12","pop_tot_Sheet_4",2020,"35570.0"
"NL12","pop_tot_Sheet_4",2021,"35495.0"
"NL12","pop_tot_Sheet_4",2022,"35771.0"
"NL12","pop_tot_Sheet_4",2023,"36357.0"
"NL12","pop_tot_Sheet_4",2024,"36745.0"
"NL13","pop_tot_Sheet_4",2015,"25914.0"
"NL13","pop_tot_Sheet_4",2016,"25903.0"
"NL13","pop_tot_Sheet_4",2017,"26034.0"
"NL13","pop_tot_Sheet_4",2018,"26024.0"
"NL13","pop_tot_Sheet_4",2019,"25916.0"
"NL13","pop_tot_Sheet_4",2020,"26046.0"
"NL13","pop_tot_Sheet_4",2021,"26294.0"
"NL13","pop_tot_Sheet_4",2022,"26835.0"
"NL13","pop_tot_Sheet_4",2023,"27603.0"
"NL13","pop_tot_Sheet_4",2024,"27992.0"
"NL21","pop_tot_Sheet_4",2015,"66751.0"
"NL21","pop_tot_Sheet_4",2016,"67077.0"
"NL21","pop_tot_Sheet_4",2017,"66952.0"
"NL21","pop_tot_Sheet_4",2018,"66875.0"
"NL21","pop_tot_Sheet_4",2019,"66664.0"
"NL21","pop_tot_Sheet_4",2020,"66779.0"
"NL21","pop_tot_Sheet_4",2021,"66975.0"
"NL21","pop_tot_Sheet_4",2022,"67856.0"
"NL21","pop_tot_Sheet_4",2023,"69751.0"
"NL21","pop_tot_Sheet_4",2024,"70958.0"
"NL22","pop_tot_Sheet_4",2015,"113143.0"
"NL22","pop_tot_Sheet_4",2016,"113569.0"
"NL22","pop_tot_Sheet_4",2017,"113695.0"
"NL22","pop_tot_Sheet_4",2018,"113898.0"
"NL22","pop_tot_Sheet_4",2019,"114272.0"
"NL22","pop_tot_Sheet_4",2020,"115376.0"
"NL22","pop_tot_Sheet_4",2021,"115871.0"
"NL22","pop_tot_Sheet_4",2022,"118216.0"
"NL22","pop_tot_Sheet_4",2023,"122167.0"
"NL22","pop_tot_Sheet_4",2024,"124681.0"
"NL23","pop_tot_Sheet_4",2015,"25684.0"
"NL23","pop_tot_Sheet_4",2016,"25996.0"
"NL23","pop_tot_Sheet_4",2017,"26336.0"
"NL23","pop_tot_Sheet_4",2018,"26527.0"
"NL23","pop_tot_Sheet_4",2019,"27409.0"
"NL23","pop_tot_Sheet_4",2020,"28497.0"
"NL23","pop_tot_Sheet_4",2021,"29142.0"
"NL23","pop_tot_Sheet_4",2022,"30283.0"
"NL23","pop_tot_Sheet_4",2023,"31907.0"
"NL23","pop_tot_Sheet_4",2024,"33065.0"
"NL32","pop_tot_Sheet_4",2015,"177787.0"
"NL32","pop_tot_Sheet_4",2016,"179448.0"
"NL32","pop_tot_Sheet_4",2017,"181398.0"
"NL32","pop_tot_Sheet_4",2018,"182798.0"
"NL32","pop_tot_Sheet_4",2019,"184764.0"
"NL32","pop_tot_Sheet_4",2020,"188491.0"
"NL32","pop_tot_Sheet_4",2021,"190505.0"
"NL32","pop_tot_Sheet_4",2022,"194185.0"
"NL32","pop_tot_Sheet_4",2023,"200837.0"
"NL32","pop_tot_Sheet_4",2024,"207313.0"
"NL34","pop_tot_Sheet_4",2015,"20172.0"
"NL34","pop_tot_Sheet_4",2016,"20113.0"
"NL34","pop_tot_Sheet_4",2017,"20032.0"
"NL34","pop_tot_Sheet_4",2018,"20462.0"
"NL34","pop_tot_Sheet_4",2019,"20438.0"
"NL34","pop_tot_Sheet_4",2020,"20702.0"
"NL34","pop_tot_Sheet_4",2021,"20774.0"
"NL34","pop_tot_Sheet_4",2022,"21220.0"
"NL34","pop_tot_Sheet_4",2023,"21727.0"
"NL34","pop_tot_Sheet_4",2024,"22083.0"
"NL41","pop_tot_Sheet_4",2015,"144057.0"
"NL41","pop_tot_Sheet_4",2016,"145077.0"
"NL41","pop_tot_Sheet_4",2017,"146162.0"
"NL41","pop_tot_Sheet_4",2018,"147527.0"
"NL41","pop_tot_Sheet_4",2019,"147897.0"
"NL41","pop_tot_Sheet_4",2020,"149590.0"
"NL41","pop_tot_Sheet_4",2021,"151386.0"
"NL41","pop_tot_Sheet_4",2022,"154106.0"
"NL41","pop_tot_Sheet_4",2023,"159601.0"
"NL41","pop_tot_Sheet_4",2024,"164718.0"
"NL42","pop_tot_Sheet_4",2015,"57439.0"
"NL42","pop_tot_Sheet_4",2016,"57588.0"
"NL42","pop_tot_Sheet_4",2017,"58070.0"
"NL42","pop_tot_Sheet_4",2018,"58437.0"
"NL42","pop_tot_Sheet_4",2019,"58598.0"
"NL42","pop_tot_Sheet_4",2020,"59217.0"
"NL42","pop_tot_Sheet_4",2021,"59939.0"
"NL42","pop_tot_Sheet_4",2022,"60943.0"
"NL42","pop_tot_Sheet_4",2023,"63272.0"
"NL42","pop_tot_Sheet_4",2024,"65183.0"
"AT11","pop_tot_Sheet_4",2015,"17965.0"
"AT11","pop_tot_Sheet_4",2016,"18146.0"
"AT11","pop_tot_Sheet_4",2017,"18291.0"
"AT11","pop_tot_Sheet_4",2018,"18568.0"
"AT11","pop_tot_Sheet_4",2019,"18553.0"
"AT11","pop_tot_Sheet_4",2020,"18639.0"
"AT11","pop_tot_Sheet_4",2021,"18620.0"
"AT11","pop_tot_Sheet_4",2022,"18493.0"
"AT11","pop_tot_Sheet_4",2023,"18515.0"
"AT11","pop_tot_Sheet_4",2024,"18346.0"
"AT12","pop_tot_Sheet_4",2015,"98380.0"
"AT12","pop_tot_Sheet_4",2016,"99325.0"
"AT12","pop_tot_Sheet_4",2017,"101772.0"
"AT12","pop_tot_Sheet_4",2018,"104605.0"
"AT12","pop_tot_Sheet_4",2019,"106800.0"
"AT12","pop_tot_Sheet_4",2020,"108567.0"
"AT12","pop_tot_Sheet_4",2021,"109132.0"
"AT12","pop_tot_Sheet_4",2022,"109044.0"
"AT12","pop_tot_Sheet_4",2023,"109911.0"
"AT12","pop_tot_Sheet_4",2024,"110641.0"
"AT13","pop_tot_Sheet_4",2015,"127334.0"
"AT13","pop_tot_Sheet_4",2016,"131984.0"
"AT13","pop_tot_Sheet_4",2017,"136994.0"
"AT13","pop_tot_Sheet_4",2018,"141151.0"
"AT13","pop_tot_Sheet_4",2019,"144240.0"
"AT13","pop_tot_Sheet_4",2020,"147194.0"
"AT13","pop_tot_Sheet_4",2021,"148422.0"
"AT13","pop_tot_Sheet_4",2022,"148912.0"
"AT13","pop_tot_Sheet_4",2023,"153863.0"
"AT13","pop_tot_Sheet_4",2024,"157089.0"
"AT21","pop_tot_Sheet_4",2015,"32469.0"
"AT21","pop_tot_Sheet_4",2016,"32908.0"
"AT21","pop_tot_Sheet_4",2017,"33483.0"
"AT21","pop_tot_Sheet_4",2018,"34090.0"
"AT21","pop_tot_Sheet_4",2019,"34623.0"
"AT21","pop_tot_Sheet_4",2020,"35169.0"
"AT21","pop_tot_Sheet_4",2021,"35454.0"
"AT21","pop_tot_Sheet_4",2022,"35640.0"
"AT21","pop_tot_Sheet_4",2023,"35702.0"
"AT21","pop_tot_Sheet_4",2024,"35683.0"
"AT22","pop_tot_Sheet_4",2015,"75697.0"
"AT22","pop_tot_Sheet_4",2016,"76589.0"
"AT22","pop_tot_Sheet_4",2017,"78249.0"
"AT22","pop_tot_Sheet_4",2018,"80012.0"
"AT22","pop_tot_Sheet_4",2019,"81316.0"
"AT22","pop_tot_Sheet_4",2020,"82439.0"
"AT22","pop_tot_Sheet_4",2021,"82713.0"
"AT22","pop_tot_Sheet_4",2022,"82644.0"
"AT22","pop_tot_Sheet_4",2023,"83513.0"
"AT22","pop_tot_Sheet_4",2024,"84131.0"
"AT31","pop_tot_Sheet_4",2015,"88047.0"
"AT31","pop_tot_Sheet_4",2016,"89740.0"
"AT31","pop_tot_Sheet_4",2017,"92630.0"
"AT31","pop_tot_Sheet_4",2018,"95830.0"
"AT31","pop_tot_Sheet_4",2019,"98108.0"
"AT31","pop_tot_Sheet_4",2020,"100090.0"
"AT31","pop_tot_Sheet_4",2021,"100917.0"
"AT31","pop_tot_Sheet_4",2022,"101258.0"
"AT31","pop_tot_Sheet_4",2023,"102324.0"
"AT31","pop_tot_Sheet_4",2024,"103305.0"
"AT32","pop_tot_Sheet_4",2015,"34239.0"
"AT32","pop_tot_Sheet_4",2016,"35020.0"
"AT32","pop_tot_Sheet_4",2017,"35961.0"
"AT32","pop_tot_Sheet_4",2018,"36874.0"
"AT32","pop_tot_Sheet_4",2019,"37689.0"
"AT32","pop_tot_Sheet_4",2020,"38365.0"
"AT32","pop_tot_Sheet_4",2021,"38599.0"
"AT32","pop_tot_Sheet_4",2022,"38685.0"
"AT32","pop_tot_Sheet_4",2023,"38815.0"
"AT32","pop_tot_Sheet_4",2024,"39103.0"
"AT33","pop_tot_Sheet_4",2015,"46576.0"
"AT33","pop_tot_Sheet_4",2016,"47653.0"
"AT33","pop_tot_Sheet_4",2017,"48843.0"
"AT33","pop_tot_Sheet_4",2018,"50326.0"
"AT33","pop_tot_Sheet_4",2019,"51404.0"
"AT33","pop_tot_Sheet_4",2020,"52114.0"
"AT33","pop_tot_Sheet_4",2021,"52370.0"
"AT33","pop_tot_Sheet_4",2022,"52472.0"
"AT33","pop_tot_Sheet_4",2023,"52682.0"
"AT33","pop_tot_Sheet_4",2024,"53308.0"
"AT34","pop_tot_Sheet_4",2015,"24874.0"
"AT34","pop_tot_Sheet_4",2016,"25450.0"
"AT34","pop_tot_Sheet_4",2017,"26142.0"
"AT34","pop_tot_Sheet_4",2018,"26809.0"
"AT34","pop_tot_Sheet_4",2019,"27225.0"
"AT34","pop_tot_Sheet_4",2020,"27727.0"
"AT34","pop_tot_Sheet_4",2021,"27759.0"
"AT34","pop_tot_Sheet_4",2022,"27857.0"
"AT34","pop_tot_Sheet_4",2023,"27961.0"
"AT34","pop_tot_Sheet_4",2024,"28240.0"
"PL21","pop_tot_Sheet_4",2015,"259641.0"
"PL21","pop_tot_Sheet_4",2016,"263863.0"
"PL21","pop_tot_Sheet_4",2017,"266072.0"
"PL21","pop_tot_Sheet_4",2018,"270207.0"
"PL21","pop_tot_Sheet_4",2019,"276214.0"
"PL21","pop_tot_Sheet_4",2020,"280862.0"
"PL21","pop_tot_Sheet_4",2021,"272551.0"
"PL21","pop_tot_Sheet_4",2022,"273043.0"
"PL21","pop_tot_Sheet_4",2023,"269837.0"
"PL21","pop_tot_Sheet_4",2024,"264859.0"
"PL22","pop_tot_Sheet_4",2015,"353382.0"
"PL22","pop_tot_Sheet_4",2016,"357957.0"
"PL22","pop_tot_Sheet_4",2017,"359040.0"
"PL22","pop_tot_Sheet_4",2018,"362132.0"
"PL22","pop_tot_Sheet_4",2019,"367197.0"
"PL22","pop_tot_Sheet_4",2020,"367748.0"
"PL22","pop_tot_Sheet_4",2021,"353597.0"
"PL22","pop_tot_Sheet_4",2022,"347485.0"
"PL22","pop_tot_Sheet_4",2023,"336609.0"
"PL22","pop_tot_Sheet_4",2024,"322332.0"
"PL41","pop_tot_Sheet_4",2015,"278010.0"
"PL41","pop_tot_Sheet_4",2016,"282171.0"
"PL41","pop_tot_Sheet_4",2017,"282762.0"
"PL41","pop_tot_Sheet_4",2018,"286285.0"
"PL41","pop_tot_Sheet_4",2019,"292455.0"
"PL41","pop_tot_Sheet_4",2020,"294787.0"
"PL41","pop_tot_Sheet_4",2021,"290895.0"
"PL41","pop_tot_Sheet_4",2022,"289652.0"
"PL41","pop_tot_Sheet_4",2023,"283154.0"
"PL41","pop_tot_Sheet_4",2024,"274283.0"
"PL42","pop_tot_Sheet_4",2015,"133960.0"
"PL42","pop_tot_Sheet_4",2016,"134377.0"
"PL42","pop_tot_Sheet_4",2017,"134403.0"
"PL42","pop_tot_Sheet_4",2018,"136165.0"
"PL42","pop_tot_Sheet_4",2019,"138102.0"
"PL42","pop_tot_Sheet_4",2020,"138206.0"
"PL42","pop_tot_Sheet_4",2021,"133191.0"
"PL42","pop_tot_Sheet_4",2022,"130398.0"
"PL42","pop_tot_Sheet_4",2023,"126076.0"
"PL42","pop_tot_Sheet_4",2024,"120224.0"
"PL43","pop_tot_Sheet_4",2015,"81041.0"
"PL43","pop_tot_Sheet_4",2016,"81982.0"
"PL43","pop_tot_Sheet_4",2017,"81618.0"
"PL43","pop_tot_Sheet_4",2018,"82880.0"
"PL43","pop_tot_Sheet_4",2019,"84230.0"
"PL43","pop_tot_Sheet_4",2020,"84585.0"
"PL43","pop_tot_Sheet_4",2021,"81792.0"
"PL43","pop_tot_Sheet_4",2022,"80487.0"
"PL43","pop_tot_Sheet_4",2023,"77015.0"
"PL43","pop_tot_Sheet_4",2024,"73262.0"
"PL51","pop_tot_Sheet_4",2015,"232583.0"
"PL51","pop_tot_Sheet_4",2016,"236457.0"
"PL51","pop_tot_Sheet_4",2017,"238724.0"
"PL51","pop_tot_Sheet_4",2018,"242015.0"
"PL51","pop_tot_Sheet_4",2019,"247631.0"
"PL51","pop_tot_Sheet_4",2020,"250514.0"
"PL51","pop_tot_Sheet_4",2021,"246689.0"
"PL51","pop_tot_Sheet_4",2022,"243533.0"
"PL51","pop_tot_Sheet_4",2023,"238143.0"
"PL51","pop_tot_Sheet_4",2024,"229210.0"
"PL52","pop_tot_Sheet_4",2015,"70445.0"
"PL52","pop_tot_Sheet_4",2016,"70732.0"
"PL52","pop_tot_Sheet_4",2017,"70979.0"
"PL52","pop_tot_Sheet_4",2018,"71611.0"
"PL52","pop_tot_Sheet_4",2019,"73097.0"
"PL52","pop_tot_Sheet_4",2020,"73538.0"
"PL52","pop_tot_Sheet_4",2021,"72170.0"
"PL52","pop_tot_Sheet_4",2022,"71267.0"
"PL52","pop_tot_Sheet_4",2023,"69630.0"
"PL52","pop_tot_Sheet_4",2024,"67013.0"
"PL61","pop_tot_Sheet_4",2015,"159098.0"
"PL61","pop_tot_Sheet_4",2016,"160080.0"
"PL61","pop_tot_Sheet_4",2017,"159615.0"
"PL61","pop_tot_Sheet_4",2018,"161873.0"
"PL61","pop_tot_Sheet_4",2019,"164794.0"
"PL61","pop_tot_Sheet_4",2020,"166268.0"
"PL61","pop_tot_Sheet_4",2021,"158889.0"
"PL61","pop_tot_Sheet_4",2022,"156621.0"
"PL61","pop_tot_Sheet_4",2023,"151639.0"
"PL61","pop_tot_Sheet_4",2024,"145130.0"
"PL62","pop_tot_Sheet_4",2015,"107827.0"
"PL62","pop_tot_Sheet_4",2016,"109076.0"
"PL62","pop_tot_Sheet_4",2017,"108817.0"
"PL62","pop_tot_Sheet_4",2018,"110491.0"
"PL62","pop_tot_Sheet_4",2019,"112759.0"
"PL62","pop_tot_Sheet_4",2020,"112904.0"
"PL62","pop_tot_Sheet_4",2021,"106835.0"
"PL62","pop_tot_Sheet_4",2022,"105192.0"
"PL62","pop_tot_Sheet_4",2023,"101255.0"
"PL62","pop_tot_Sheet_4",2024,"96619.0"
"PL63","pop_tot_Sheet_4",2015,"180557.0"
"PL63","pop_tot_Sheet_4",2016,"182377.0"
"PL63","pop_tot_Sheet_4",2017,"182714.0"
"PL63","pop_tot_Sheet_4",2018,"184891.0"
"PL63","pop_tot_Sheet_4",2019,"189632.0"
"PL63","pop_tot_Sheet_4",2020,"192880.0"
"PL63","pop_tot_Sheet_4",2021,"191998.0"
"PL63","pop_tot_Sheet_4",2022,"191723.0"
"PL63","pop_tot_Sheet_4",2023,"189207.0"
"PL63","pop_tot_Sheet_4",2024,"185490.0"
"PL71","pop_tot_Sheet_4",2015,"192626.0"
"PL71","pop_tot_Sheet_4",2016,"193736.0"
"PL71","pop_tot_Sheet_4",2017,"192620.0"
"PL71","pop_tot_Sheet_4",2018,"193216.0"
"PL71","pop_tot_Sheet_4",2019,"195079.0"
"PL71","pop_tot_Sheet_4",2020,"194649.0"
"PL71","pop_tot_Sheet_4",2021,"187866.0"
"PL71","pop_tot_Sheet_4",2022,"184123.0"
"PL71","pop_tot_Sheet_4",2023,"177207.0"
"PL71","pop_tot_Sheet_4",2024,"168854.0"
"PL72","pop_tot_Sheet_4",2015,"93036.0"
"PL72","pop_tot_Sheet_4",2016,"93769.0"
"PL72","pop_tot_Sheet_4",2017,"93731.0"
"PL72","pop_tot_Sheet_4",2018,"94498.0"
"PL72","pop_tot_Sheet_4",2019,"95384.0"
"PL72","pop_tot_Sheet_4",2020,"95531.0"
"PL72","pop_tot_Sheet_4",2021,"88392.0"
"PL72","pop_tot_Sheet_4",2022,"86723.0"
"PL72","pop_tot_Sheet_4",2023,"83219.0"
"PL72","pop_tot_Sheet_4",2024,"79127.0"
"PL81","pop_tot_Sheet_4",2015,"156679.0"
"PL81","pop_tot_Sheet_4",2016,"158221.0"
"PL81","pop_tot_Sheet_4",2017,"158933.0"
"PL81","pop_tot_Sheet_4",2018,"160938.0"
"PL81","pop_tot_Sheet_4",2019,"163515.0"
"PL81","pop_tot_Sheet_4",2020,"164104.0"
"PL81","pop_tot_Sheet_4",2021,"153144.0"
"PL81","pop_tot_Sheet_4",2022,"150399.0"
"PL81","pop_tot_Sheet_4",2023,"145278.0"
"PL81","pop_tot_Sheet_4",2024,"138931.0"
"PL82","pop_tot_Sheet_4",2015,"157334.0"
"PL82","pop_tot_Sheet_4",2016,"158960.0"
"PL82","pop_tot_Sheet_4",2017,"159481.0"
"PL82","pop_tot_Sheet_4",2018,"161024.0"
"PL82","pop_tot_Sheet_4",2019,"163885.0"
"PL82","pop_tot_Sheet_4",2020,"165633.0"
"PL82","pop_tot_Sheet_4",2021,"154206.0"
"PL82","pop_tot_Sheet_4",2022,"152635.0"
"PL82","pop_tot_Sheet_4",2023,"149561.0"
"PL82","pop_tot_Sheet_4",2024,"144845.0"
"PL84","pop_tot_Sheet_4",2015,"83178.0"
"PL84","pop_tot_Sheet_4",2016,"83711.0"
"PL84","pop_tot_Sheet_4",2017,"83929.0"
"PL84","pop_tot_Sheet_4",2018,"85594.0"
"PL84","pop_tot_Sheet_4",2019,"87683.0"
"PL84","pop_tot_Sheet_4",2020,"89006.0"
"PL84","pop_tot_Sheet_4",2021,"85291.0"
"PL84","pop_tot_Sheet_4",2022,"85224.0"
"PL84","pop_tot_Sheet_4",2023,"83437.0"
"PL84","pop_tot_Sheet_4",2024,"80798.0"
"PL91","pop_tot_Sheet_4",2015,"272246.0"
"PL91","pop_tot_Sheet_4",2016,"276604.0"
"PL91","pop_tot_Sheet_4",2017,"276842.0"
"PL91","pop_tot_Sheet_4",2018,"279592.0"
"PL91","pop_tot_Sheet_4",2019,"285534.0"
"PL91","pop_tot_Sheet_4",2020,"288441.0"
"PL91","pop_tot_Sheet_4",2021,"300951.0"
"PL91","pop_tot_Sheet_4",2022,"303058.0"
"PL91","pop_tot_Sheet_4",2023,"300022.0"
"PL91","pop_tot_Sheet_4",2024,"294088.0"
"PL92","pop_tot_Sheet_4",2015,"174270.0"
"PL92","pop_tot_Sheet_4",2016,"175884.0"
"PL92","pop_tot_Sheet_4",2017,"175817.0"
"PL92","pop_tot_Sheet_4",2018,"178045.0"
"PL92","pop_tot_Sheet_4",2019,"179960.0"
"PL92","pop_tot_Sheet_4",2020,"179496.0"
"PL92","pop_tot_Sheet_4",2021,"172243.0"
"PL92","pop_tot_Sheet_4",2022,"170372.0"
"PL92","pop_tot_Sheet_4",2023,"164323.0"
"PL92","pop_tot_Sheet_4",2024,"158033.0"
"PT11","pop_tot_Sheet_4",2015,"269109.0"
"PT11","pop_tot_Sheet_4",2016,"260032.0"
"PT11","pop_tot_Sheet_4",2017,"250378.0"
"PT11","pop_tot_Sheet_4",2018,"242796.0"
"PT11","pop_tot_Sheet_4",2019,"236565.0"
"PT11","pop_tot_Sheet_4",2020,"232105.0"
"PT11","pop_tot_Sheet_4",2021,"224817.0"
"PT11","pop_tot_Sheet_4",2022,"218290.0"
"PT11","pop_tot_Sheet_4",2023,"214949.0"
"PT11","pop_tot_Sheet_4",2024,"214071.0"
"PT15","pop_tot_Sheet_4",2015,"35237.0"
"PT15","pop_tot_Sheet_4",2016,"34124.0"
"PT15","pop_tot_Sheet_4",2017,"32756.0"
"PT15","pop_tot_Sheet_4",2018,"31834.0"
"PT15","pop_tot_Sheet_4",2019,"31282.0"
"PT15","pop_tot_Sheet_4",2020,"31070.0"
"PT15","pop_tot_Sheet_4",2021,"30416.0"
"PT15","pop_tot_Sheet_4",2022,"29610.0"
"PT15","pop_tot_Sheet_4",2023,"29620.0"
"PT15","pop_tot_Sheet_4",2024,"29281.0"
"PT20","pop_tot_Sheet_4",2015,"20240.0"
"PT20","pop_tot_Sheet_4",2016,"20060.0"
"PT20","pop_tot_Sheet_4",2017,"19558.0"
"PT20","pop_tot_Sheet_4",2018,"18913.0"
"PT20","pop_tot_Sheet_4",2019,"18459.0"
"PT20","pop_tot_Sheet_4",2020,"18026.0"
"PT20","pop_tot_Sheet_4",2021,"17424.0"
"PT20","pop_tot_Sheet_4",2022,"17198.0"
"PT20","pop_tot_Sheet_4",2023,"17019.0"
"PT20","pop_tot_Sheet_4",2024,"16767.0"
"PT30","pop_tot_Sheet_4",2015,"20855.0"
"PT30","pop_tot_Sheet_4",2016,"19926.0"
"PT30","pop_tot_Sheet_4",2017,"18768.0"
"PT30","pop_tot_Sheet_4",2018,"17858.0"
"PT30","pop_tot_Sheet_4",2019,"17124.0"
"PT30","pop_tot_Sheet_4",2020,"16710.0"
"PT30","pop_tot_Sheet_4",2021,"16260.0"
"PT30","pop_tot_Sheet_4",2022,"15848.0"
"PT30","pop_tot_Sheet_4",2023,"15459.0"
"PT30","pop_tot_Sheet_4",2024,"15338.0"
"RO11","pop_tot_Sheet_4",2015,"201383.0"
"RO11","pop_tot_Sheet_4",2016,"199524.0"
"RO11","pop_tot_Sheet_4",2017,"196257.0"
"RO11","pop_tot_Sheet_4",2018,"191091.0"
"RO11","pop_tot_Sheet_4",2019,"184669.0"
"RO11","pop_tot_Sheet_4",2020,"182542.0"
"RO11","pop_tot_Sheet_4",2021,"180924.0"
"RO11","pop_tot_Sheet_4",2022,"173697.0"
"RO11","pop_tot_Sheet_4",2023,"177843.0"
"RO11","pop_tot_Sheet_4",2024,"184707.0"
"RO12","pop_tot_Sheet_4",2015,"184173.0"
"RO12","pop_tot_Sheet_4",2016,"182833.0"
"RO12","pop_tot_Sheet_4",2017,"180210.0"
"RO12","pop_tot_Sheet_4",2018,"175044.0"
"RO12","pop_tot_Sheet_4",2019,"166921.0"
"RO12","pop_tot_Sheet_4",2020,"161918.0"
"RO12","pop_tot_Sheet_4",2021,"157611.0"
"RO12","pop_tot_Sheet_4",2022,"148346.0"
"RO12","pop_tot_Sheet_4",2023,"151299.0"
"RO12","pop_tot_Sheet_4",2024,"156784.0"
"RO21","pop_tot_Sheet_4",2015,"239218.0"
"RO21","pop_tot_Sheet_4",2016,"234227.0"
"RO21","pop_tot_Sheet_4",2017,"227232.0"
"RO21","pop_tot_Sheet_4",2018,"217131.0"
"RO21","pop_tot_Sheet_4",2019,"203170.0"
"RO21","pop_tot_Sheet_4",2020,"194421.0"
"RO21","pop_tot_Sheet_4",2021,"186571.0"
"RO21","pop_tot_Sheet_4",2022,"193761.0"
"RO21","pop_tot_Sheet_4",2023,"198122.0"
"RO21","pop_tot_Sheet_4",2024,"205247.0"
"RO22","pop_tot_Sheet_4",2015,"192039.0"
"RO22","pop_tot_Sheet_4",2016,"186794.0"
"RO22","pop_tot_Sheet_4",2017,"179510.0"
"RO22","pop_tot_Sheet_4",2018,"168789.0"
"RO22","pop_tot_Sheet_4",2019,"156699.0"
"RO22","pop_tot_Sheet_4",2020,"149213.0"
"RO22","pop_tot_Sheet_4",2021,"142803.0"
"RO22","pop_tot_Sheet_4",2022,"143925.0"
"RO22","pop_tot_Sheet_4",2023,"147914.0"
"RO22","pop_tot_Sheet_4",2024,"153898.0"
"RO31","pop_tot_Sheet_4",2015,"233474.0"
"RO31","pop_tot_Sheet_4",2016,"225909.0"
"RO31","pop_tot_Sheet_4",2017,"215866.0"
"RO31","pop_tot_Sheet_4",2018,"202615.0"
"RO31","pop_tot_Sheet_4",2019,"187591.0"
"RO31","pop_tot_Sheet_4",2020,"177797.0"
"RO31","pop_tot_Sheet_4",2021,"170673.0"
"RO31","pop_tot_Sheet_4",2022,"170557.0"
"RO31","pop_tot_Sheet_4",2023,"175987.0"
"RO31","pop_tot_Sheet_4",2024,"184793.0"
"RO32","pop_tot_Sheet_4",2015,"219218.0"
"RO32","pop_tot_Sheet_4",2016,"223112.0"
"RO32","pop_tot_Sheet_4",2017,"223062.0"
"RO32","pop_tot_Sheet_4",2018,"220047.0"
"RO32","pop_tot_Sheet_4",2019,"213687.0"
"RO32","pop_tot_Sheet_4",2020,"214101.0"
"RO32","pop_tot_Sheet_4",2021,"215942.0"
"RO32","pop_tot_Sheet_4",2022,"191255.0"
"RO32","pop_tot_Sheet_4",2023,"198318.0"
"RO32","pop_tot_Sheet_4",2024,"209153.0"
"RO41","pop_tot_Sheet_4",2015,"152777.0"
"RO41","pop_tot_Sheet_4",2016,"148175.0"
"RO41","pop_tot_Sheet_4",2017,"141708.0"
"RO41","pop_tot_Sheet_4",2018,"134099.0"
"RO41","pop_tot_Sheet_4",2019,"125287.0"
"RO41","pop_tot_Sheet_4",2020,"119787.0"
"RO41","pop_tot_Sheet_4",2021,"114302.0"
"RO41","pop_tot_Sheet_4",2022,"113283.0"
"RO41","pop_tot_Sheet_4",2023,"115490.0"
"RO41","pop_tot_Sheet_4",2024,"119473.0"
"RO42","pop_tot_Sheet_4",2015,"140276.0"
"RO42","pop_tot_Sheet_4",2016,"138453.0"
"RO42","pop_tot_Sheet_4",2017,"135733.0"
"RO42","pop_tot_Sheet_4",2018,"131563.0"
"RO42","pop_tot_Sheet_4",2019,"125949.0"
"RO42","pop_tot_Sheet_4",2020,"124202.0"
"RO42","pop_tot_Sheet_4",2021,"122894.0"
"RO42","pop_tot_Sheet_4",2022,"108811.0"
"RO42","pop_tot_Sheet_4",2023,"112190.0"
"RO42","pop_tot_Sheet_4",2024,"117515.0"
"SI03","pop_tot_Sheet_4",2015,"81401.0"
"SI03","pop_tot_Sheet_4",2016,"81487.0"
"SI03","pop_tot_Sheet_4",2017,"81146.0"
"SI03","pop_tot_Sheet_4",2018,"80498.0"
"SI03","pop_tot_Sheet_4",2019,"79960.0"
"SI03","pop_tot_Sheet_4",2020,"79254.0"
"SI03","pop_tot_Sheet_4",2021,"77867.0"
"SI03","pop_tot_Sheet_4",2022,"75946.0"
"SI03","pop_tot_Sheet_4",2023,"75355.0"
"SI03","pop_tot_Sheet_4",2024,"74971.0"
"SI04","pop_tot_Sheet_4",2015,"75572.0"
"SI04","pop_tot_Sheet_4",2016,"76018.0"
"SI04","pop_tot_Sheet_4",2017,"75663.0"
"SI04","pop_tot_Sheet_4",2018,"74957.0"
"SI04","pop_tot_Sheet_4",2019,"74225.0"
"SI04","pop_tot_Sheet_4",2020,"73283.0"
"SI04","pop_tot_Sheet_4",2021,"72207.0"
"SI04","pop_tot_Sheet_4",2022,"69915.0"
"SI04","pop_tot_Sheet_4",2023,"69300.0"
"SI04","pop_tot_Sheet_4",2024,"68848.0"
"SK01","pop_tot_Sheet_4",2015,"62350.0"
"SK01","pop_tot_Sheet_4",2016,"63409.0"
"SK01","pop_tot_Sheet_4",2017,"64222.0"
"SK01","pop_tot_Sheet_4",2018,"64336.0"
"SK01","pop_tot_Sheet_4",2019,"64056.0"
"SK01","pop_tot_Sheet_4",2020,"63656.0"
"SK01","pop_tot_Sheet_4",2021,"63861.0"
"SK01","pop_tot_Sheet_4",2022,"68016.0"
"SK01","pop_tot_Sheet_4",2023,"67200.0"
"SK01","pop_tot_Sheet_4",2024,"66216.0"
"SK02","pop_tot_Sheet_4",2015,"157331.0"
"SK02","pop_tot_Sheet_4",2016,"155846.0"
"SK02","pop_tot_Sheet_4",2017,"153739.0"
"SK02","pop_tot_Sheet_4",2018,"151201.0"
"SK02","pop_tot_Sheet_4",2019,"148380.0"
"SK02","pop_tot_Sheet_4",2020,"144977.0"
"SK02","pop_tot_Sheet_4",2021,"143057.0"
"SK02","pop_tot_Sheet_4",2022,"140741.0"
"SK02","pop_tot_Sheet_4",2023,"137752.0"
"SK02","pop_tot_Sheet_4",2024,"135220.0"
"SK03","pop_tot_Sheet_4",2015,"111852.0"
"SK03","pop_tot_Sheet_4",2016,"110743.0"
"SK03","pop_tot_Sheet_4",2017,"108833.0"
"SK03","pop_tot_Sheet_4",2018,"106975.0"
"SK03","pop_tot_Sheet_4",2019,"105243.0"
"SK03","pop_tot_Sheet_4",2020,"103342.0"
"SK03","pop_tot_Sheet_4",2021,"102865.0"
"SK03","pop_tot_Sheet_4",2022,"100047.0"
"SK03","pop_tot_Sheet_4",2023,"98410.0"
"SK03","pop_tot_Sheet_4",2024,"96744.0"
"SK04","pop_tot_Sheet_4",2015,"127782.0"
"SK04","pop_tot_Sheet_4",2016,"127775.0"
"SK04","pop_tot_Sheet_4",2017,"126493.0"
"SK04","pop_tot_Sheet_4",2018,"125808.0"
"SK04","pop_tot_Sheet_4",2019,"125054.0"
"SK04","pop_tot_Sheet_4",2020,"124126.0"
"SK04","pop_tot_Sheet_4",2021,"124139.0"
"SK04","pop_tot_Sheet_4",2022,"119281.0"
"SK04","pop_tot_Sheet_4",2023,"118335.0"
"SK04","pop_tot_Sheet_4",2024,"117168.0"
"FI19","pop_tot_Sheet_4",2015,"82903.0"
"FI19","pop_tot_Sheet_4",2016,"83260.0"
"FI19","pop_tot_Sheet_4",2017,"83306.0"
"FI19","pop_tot_Sheet_4",2018,"84282.0"
"FI19","pop_tot_Sheet_4",2019,"85591.0"
"FI19","pop_tot_Sheet_4",2020,"86702.0"
"FI19","pop_tot_Sheet_4",2021,"87321.0"
"FI19","pop_tot_Sheet_4",2022,"87309.0"
"FI19","pop_tot_Sheet_4",2023,"86506.0"
"FI19","pop_tot_Sheet_4",2024,"87281.0"
"FI1B","pop_tot_Sheet_4",2015,"119262.0"
"FI1B","pop_tot_Sheet_4",2016,"120125.0"
"FI1B","pop_tot_Sheet_4",2017,"121230.0"
"FI1B","pop_tot_Sheet_4",2018,"123362.0"
"FI1B","pop_tot_Sheet_4",2019,"125614.0"
"FI1B","pop_tot_Sheet_4",2020,"127942.0"
"FI1B","pop_tot_Sheet_4",2021,"129610.0"
"FI1B","pop_tot_Sheet_4",2022,"130241.0"
"FI1B","pop_tot_Sheet_4",2023,"131283.0"
"FI1B","pop_tot_Sheet_4",2024,"135163.0"
"FI1C","pop_tot_Sheet_4",2015,"68892.0"
"FI1C","pop_tot_Sheet_4",2016,"68695.0"
"FI1C","pop_tot_Sheet_4",2017,"68285.0"
"FI1C","pop_tot_Sheet_4",2018,"68200.0"
"FI1C","pop_tot_Sheet_4",2019,"68433.0"
"FI1C","pop_tot_Sheet_4",2020,"68873.0"
"FI1C","pop_tot_Sheet_4",2021,"68922.0"
"FI1C","pop_tot_Sheet_4",2022,"68727.0"
"FI1C","pop_tot_Sheet_4",2023,"67893.0"
"FI1C","pop_tot_Sheet_4",2024,"68649.0"
"FI1D","pop_tot_Sheet_4",2015,"71600.0"
"FI1D","pop_tot_Sheet_4",2016,"71965.0"
"FI1D","pop_tot_Sheet_4",2017,"72018.0"
"FI1D","pop_tot_Sheet_4",2018,"72798.0"
"FI1D","pop_tot_Sheet_4",2019,"74232.0"
"FI1D","pop_tot_Sheet_4",2020,"75354.0"
"FI1D","pop_tot_Sheet_4",2021,"75906.0"
"FI1D","pop_tot_Sheet_4",2022,"76446.0"
"FI1D","pop_tot_Sheet_4",2023,"76035.0"
"FI1D","pop_tot_Sheet_4",2024,"76098.0"
"FI20","pop_tot_Sheet_4",2015,"1772.0"
"FI20","pop_tot_Sheet_4",2016,"1771.0"
"FI20","pop_tot_Sheet_4",2017,"1765.0"
"FI20","pop_tot_Sheet_4",2018,"1856.0"
"FI20","pop_tot_Sheet_4",2019,"1881.0"
"FI20","pop_tot_Sheet_4",2020,"1911.0"
"FI20","pop_tot_Sheet_4",2021,"1935.0"
"FI20","pop_tot_Sheet_4",2022,"1911.0"
"FI20","pop_tot_Sheet_4",2023,"1902.0"
"FI20","pop_tot_Sheet_4",2024,"1969.0"
"SE11","pop_tot_Sheet_4",2015,"159772.0"
"SE11","pop_tot_Sheet_4",2016,"162627.0"
"SE11","pop_tot_Sheet_4",2017,"165457.0"
"SE11","pop_tot_Sheet_4",2018,"169598.0"
"SE11","pop_tot_Sheet_4",2019,"173399.0"
"SE11","pop_tot_Sheet_4",2020,"176673.0"
"SE11","pop_tot_Sheet_4",2021,"177114.0"
"SE11","pop_tot_Sheet_4",2022,"180240.0"
"SE11","pop_tot_Sheet_4",2023,"183898.0"
"SE11","pop_tot_Sheet_4",2024,"188271.0"
"SE12","pop_tot_Sheet_4",2015,"94270.0"
"SE12","pop_tot_Sheet_4",2016,"94939.0"
"SE12","pop_tot_Sheet_4",2017,"96015.0"
"SE12","pop_tot_Sheet_4",2018,"97605.0"
"SE12","pop_tot_Sheet_4",2019,"99650.0"
"SE12","pop_tot_Sheet_4",2020,"101422.0"
"SE12","pop_tot_Sheet_4",2021,"103468.0"
"SE12","pop_tot_Sheet_4",2022,"107369.0"
"SE12","pop_tot_Sheet_4",2023,"110806.0"
"SE12","pop_tot_Sheet_4",2024,"114544.0"
"SE21","pop_tot_Sheet_4",2015,"46164.0"
"SE21","pop_tot_Sheet_4",2016,"46299.0"
"SE21","pop_tot_Sheet_4",2017,"46957.0"
"SE21","pop_tot_Sheet_4",2018,"47627.0"
"SE21","pop_tot_Sheet_4",2019,"48477.0"
"SE21","pop_tot_Sheet_4",2020,"48867.0"
"SE21","pop_tot_Sheet_4",2021,"49773.0"
"SE21","pop_tot_Sheet_4",2022,"51298.0"
"SE21","pop_tot_Sheet_4",2023,"52715.0"
"SE21","pop_tot_Sheet_4",2024,"54242.0"
"SE22","pop_tot_Sheet_4",2015,"92550.0"
"SE22","pop_tot_Sheet_4",2016,"92715.0"
"SE22","pop_tot_Sheet_4",2017,"93870.0"
"SE22","pop_tot_Sheet_4",2018,"95244.0"
"SE22","pop_tot_Sheet_4",2019,"96733.0"
"SE22","pop_tot_Sheet_4",2020,"97802.0"
"SE22","pop_tot_Sheet_4",2021,"98986.0"
"SE22","pop_tot_Sheet_4",2022,"101341.0"
"SE22","pop_tot_Sheet_4",2023,"103912.0"
"SE22","pop_tot_Sheet_4",2024,"106464.0"
"SE23","pop_tot_Sheet_4",2015,"119465.0"
"SE23","pop_tot_Sheet_4",2016,"120156.0"
"SE23","pop_tot_Sheet_4",2017,"121916.0"
"SE23","pop_tot_Sheet_4",2018,"124152.0"
"SE23","pop_tot_Sheet_4",2019,"126567.0"
"SE23","pop_tot_Sheet_4",2020,"129403.0"
"SE23","pop_tot_Sheet_4",2021,"131520.0"
"SE23","pop_tot_Sheet_4",2022,"135150.0"
"SE23","pop_tot_Sheet_4",2023,"139443.0"
"SE23","pop_tot_Sheet_4",2024,"144610.0"
"SE31","pop_tot_Sheet_4",2015,"43558.0"
"SE31","pop_tot_Sheet_4",2016,"43612.0"
"SE31","pop_tot_Sheet_4",2017,"44290.0"
"SE31","pop_tot_Sheet_4",2018,"44579.0"
"SE31","pop_tot_Sheet_4",2019,"45480.0"
"SE31","pop_tot_Sheet_4",2020,"46048.0"
"SE31","pop_tot_Sheet_4",2021,"46830.0"
"SE31","pop_tot_Sheet_4",2022,"48277.0"
"SE31","pop_tot_Sheet_4",2023,"49809.0"
"SE31","pop_tot_Sheet_4",2024,"51545.0"
"SE32","pop_tot_Sheet_4",2015,"20315.0"
"SE32","pop_tot_Sheet_4",2016,"20207.0"
"SE32","pop_tot_Sheet_4",2017,"20344.0"
"SE32","pop_tot_Sheet_4",2018,"20452.0"
"SE32","pop_tot_Sheet_4",2019,"20411.0"
"SE32","pop_tot_Sheet_4",2020,"20564.0"
"SE32","pop_tot_Sheet_4",2021,"20822.0"
"SE32","pop_tot_Sheet_4",2022,"21388.0"
"SE32","pop_tot_Sheet_4",2023,"22055.0"
"SE32","pop_tot_Sheet_4",2024,"22879.0"
"SE33","pop_tot_Sheet_4",2015,"28274.0"
"SE33","pop_tot_Sheet_4",2016,"28015.0"
"SE33","pop_tot_Sheet_4",2017,"28468.0"
"SE33","pop_tot_Sheet_4",2018,"28936.0"
"SE33","pop_tot_Sheet_4",2019,"29402.0"
"SE33","pop_tot_Sheet_4",2020,"29819.0"
"SE33","pop_tot_Sheet_4",2021,"30217.0"
"SE33","pop_tot_Sheet_4",2022,"30915.0"
"SE33","pop_tot_Sheet_4",2023,"31873.0"
"SE33","pop_tot_Sheet_4",2024,"33367.0"
"IS00","pop_tot_Sheet_4",2015,"21781.0"
"IS00","pop_tot_Sheet_4",2016,"22431.0"
"IS00","pop_tot_Sheet_4",2017,"23178.0"
"IS00","pop_tot_Sheet_4",2018,"24595.0"
"IS00","pop_tot_Sheet_4",2019,"25661.0"
"IS00","pop_tot_Sheet_4",2020,"26073.0"
"IS00","pop_tot_Sheet_4",2021,"26066.0"
"IS00","pop_tot_Sheet_4",2022,"26377.0"
"IS00","pop_tot_Sheet_4",2023,"27487.0"
"IS00","pop_tot_Sheet_4",2024,"27309.0"
"LI00","pop_tot_Sheet_4",2015,"2440.0"
"LI00","pop_tot_Sheet_4",2016,"2495.0"
"LI00","pop_tot_Sheet_4",2017,"2477.0"
"LI00","pop_tot_Sheet_4",2018,"2492.0"
"LI00","pop_tot_Sheet_4",2019,"2483.0"
"LI00","pop_tot_Sheet_4",2020,"2532.0"
"LI00","pop_tot_Sheet_4",2021,"2543.0"
"LI00","pop_tot_Sheet_4",2022,"2584.0"
"LI00","pop_tot_Sheet_4",2023,"2606.0"
"LI00","pop_tot_Sheet_4",2024,"2688.0"
"NO02","pop_tot_Sheet_4",2015,"20648.0"
"NO02","pop_tot_Sheet_4",2016,"20145.0"
"NO02","pop_tot_Sheet_4",2017,"19954.0"
"NO02","pop_tot_Sheet_4",2018,"19936.0"
"NO02","pop_tot_Sheet_4",2019,"20174.0"
"NO02","pop_tot_Sheet_4",2020,"20233.0"
"NO02","pop_tot_Sheet_4",2021,"20267.0"
"NO02","pop_tot_Sheet_4",2022,"20645.0"
"NO02","pop_tot_Sheet_4",2023,"21211.0"
"NO02","pop_tot_Sheet_4",2024,"21903.0"
"NO06","pop_tot_Sheet_4",2015,"27633.0"
"NO06","pop_tot_Sheet_4",2016,"27764.0"
"NO06","pop_tot_Sheet_4",2017,"28097.0"
"NO06","pop_tot_Sheet_4",2018,"28688.0"
"NO06","pop_tot_Sheet_4",2019,"29050.0"
"NO06","pop_tot_Sheet_4",2020,"29453.0"
"NO06","pop_tot_Sheet_4",2021,"29826.0"
"NO06","pop_tot_Sheet_4",2022,"30269.0"
"NO06","pop_tot_Sheet_4",2023,"30839.0"
"NO06","pop_tot_Sheet_4",2024,"31944.0"
"NO07","pop_tot_Sheet_4",2015,"27541.0"
"NO07","pop_tot_Sheet_4",2016,"27389.0"
"NO07","pop_tot_Sheet_4",2017,"27585.0"
"NO07","pop_tot_Sheet_4",2018,"27988.0"
"NO07","pop_tot_Sheet_4",2019,"28183.0"
"NO07","pop_tot_Sheet_4",2020,"28209.0"
"NO07","pop_tot_Sheet_4",2021,"28421.0"
"NO07","pop_tot_Sheet_4",2022,"28646.0"
"NO07","pop_tot_Sheet_4",2023,"29137.0"
"NO07","pop_tot_Sheet_4",2024,"30418.0"
"NO08","pop_tot_Sheet_4",2015,"132994.0"
"NO08","pop_tot_Sheet_4",2016,"134172.0"
"NO08","pop_tot_Sheet_4",2017,"135408.0"
"NO08","pop_tot_Sheet_4",2018,"137470.0"
"NO08","pop_tot_Sheet_4",2019,"138701.0"
"NO08","pop_tot_Sheet_4",2020,"140978.0"
"NO08","pop_tot_Sheet_4",2021,"141747.0"
"NO08","pop_tot_Sheet_4",2022,"144154.0"
"NO08","pop_tot_Sheet_4",2023,"148003.0"
"NO08","pop_tot_Sheet_4",2024,"152371.0"
"NO09","pop_tot_Sheet_4",2015,"43866.0"
"NO09","pop_tot_Sheet_4",2016,"43653.0"
"NO09","pop_tot_Sheet_4",2017,"43302.0"
"NO09","pop_tot_Sheet_4",2018,"43873.0"
"NO09","pop_tot_Sheet_4",2019,"43901.0"
"NO09","pop_tot_Sheet_4",2020,"44459.0"
"NO09","pop_tot_Sheet_4",2021,"44772.0"
"NO09","pop_tot_Sheet_4",2022,"45424.0"
"NO09","pop_tot_Sheet_4",2023,"46521.0"
"NO09","pop_tot_Sheet_4",2024,"48041.0"
"NO0A","pop_tot_Sheet_4",2015,"89361.0"
"NO0A","pop_tot_Sheet_4",2016,"90402.0"
"NO0A","pop_tot_Sheet_4",2017,"90796.0"
"NO0A","pop_tot_Sheet_4",2018,"92038.0"
"NO0A","pop_tot_Sheet_4",2019,"92388.0"
"NO0A","pop_tot_Sheet_4",2020,"92991.0"
"NO0A","pop_tot_Sheet_4",2021,"93256.0"
"NO0A","pop_tot_Sheet_4",2022,"93799.0"
"NO0A","pop_tot_Sheet_4",2023,"95262.0"
"NO0A","pop_tot_Sheet_4",2024,"97449.0"
"CH01","pop_tot_Sheet_4",2015,"112465.0"
"CH01","pop_tot_Sheet_4",2016,"114534.0"
"CH01","pop_tot_Sheet_4",2017,"116275.0"
"CH01","pop_tot_Sheet_4",2018,"117699.0"
"CH01","pop_tot_Sheet_4",2019,"118555.0"
"CH01","pop_tot_Sheet_4",2020,"119372.0"
"CH01","pop_tot_Sheet_4",2021,"120148.0"
"CH01","pop_tot_Sheet_4",2022,"121092.0"
"CH01","pop_tot_Sheet_4",2023,"122454.0"
"CH01","pop_tot_Sheet_4",2024,"126914.0"
"CH02","pop_tot_Sheet_4",2015,"117761.0"
"CH02","pop_tot_Sheet_4",2016,"120111.0"
"CH02","pop_tot_Sheet_4",2017,"122493.0"
"CH02","pop_tot_Sheet_4",2018,"124307.0"
"CH02","pop_tot_Sheet_4",2019,"126118.0"
"CH02","pop_tot_Sheet_4",2020,"127920.0"
"CH02","pop_tot_Sheet_4",2021,"129183.0"
"CH02","pop_tot_Sheet_4",2022,"130208.0"
"CH02","pop_tot_Sheet_4",2023,"131185.0"
"CH02","pop_tot_Sheet_4",2024,"135029.0"
"CH03","pop_tot_Sheet_4",2015,"74980.0"
"CH03","pop_tot_Sheet_4",2016,"77168.0"
"CH03","pop_tot_Sheet_4",2017,"79316.0"
"CH03","pop_tot_Sheet_4",2018,"81371.0"
"CH03","pop_tot_Sheet_4",2019,"82968.0"
"CH03","pop_tot_Sheet_4",2020,"84780.0"
"CH03","pop_tot_Sheet_4",2021,"85582.0"
"CH03","pop_tot_Sheet_4",2022,"86594.0"
"CH03","pop_tot_Sheet_4",2023,"87126.0"
"CH03","pop_tot_Sheet_4",2024,"89809.0"
"CH04","pop_tot_Sheet_4",2015,"114819.0"
"CH04","pop_tot_Sheet_4",2016,"118141.0"
"CH04","pop_tot_Sheet_4",2017,"120719.0"
"CH04","pop_tot_Sheet_4",2018,"123353.0"
"CH04","pop_tot_Sheet_4",2019,"124630.0"
"CH04","pop_tot_Sheet_4",2020,"126747.0"
"CH04","pop_tot_Sheet_4",2021,"127510.0"
"CH04","pop_tot_Sheet_4",2022,"127725.0"
"CH04","pop_tot_Sheet_4",2023,"128941.0"
"CH04","pop_tot_Sheet_4",2024,"131891.0"
"CH05","pop_tot_Sheet_4",2015,"71614.0"
"CH05","pop_tot_Sheet_4",2016,"73672.0"
"CH05","pop_tot_Sheet_4",2017,"75507.0"
"CH05","pop_tot_Sheet_4",2018,"77288.0"
"CH05","pop_tot_Sheet_4",2019,"78967.0"
"CH05","pop_tot_Sheet_4",2020,"80449.0"
"CH05","pop_tot_Sheet_4",2021,"82011.0"
"CH05","pop_tot_Sheet_4",2022,"83326.0"
"CH05","pop_tot_Sheet_4",2023,"84936.0"
"CH05","pop_tot_Sheet_4",2024,"87637.0"
"CH06","pop_tot_Sheet_4",2015,"52520.0"
"CH06","pop_tot_Sheet_4",2016,"53424.0"
"CH06","pop_tot_Sheet_4",2017,"54218.0"
"CH06","pop_tot_Sheet_4",2018,"55362.0"
"CH06","pop_tot_Sheet_4",2019,"56397.0"
"CH06","pop_tot_Sheet_4",2020,"57132.0"
"CH06","pop_tot_Sheet_4",2021,"57767.0"
"CH06","pop_tot_Sheet_4",2022,"59136.0"
"CH06","pop_tot_Sheet_4",2023,"59863.0"
"CH06","pop_tot_Sheet_4",2024,"61730.0"
"CH07","pop_tot_Sheet_4",2015,"22561.0"
"CH07","pop_tot_Sheet_4",2016,"22160.0"
"CH07","pop_tot_Sheet_4",2017,"21811.0"
"CH07","pop_tot_Sheet_4",2018,"21347.0"
"CH07","pop_tot_Sheet_4",2019,"21071.0"
"CH07","pop_tot_Sheet_4",2020,"20695.0"
"CH07","pop_tot_Sheet_4",2021,"20570.0"
"CH07","pop_tot_Sheet_4",2022,"20452.0"
"CH07","pop_tot_Sheet_4",2023,"20480.0"
"CH07","pop_tot_Sheet_4",2024,"20844.0"
"ME00","pop_tot_Sheet_4",2015,"43257.0"
"ME00","pop_tot_Sheet_4",2016,"43951.0"
"ME00","pop_tot_Sheet_4",2017,"44099.0"
"ME00","pop_tot_Sheet_4",2018,"44649.0"
"ME00","pop_tot_Sheet_4",2019,"45206.0"
"ME00","pop_tot_Sheet_4",2020,"45408.0"
"ME00","pop_tot_Sheet_4",2021,"45692.0"
"ME00","pop_tot_Sheet_4",2022,"45771.0"
"ME00","pop_tot_Sheet_4",2023,"45543.0"
"ME00","pop_tot_Sheet_4",2024,"46346.0"
"MK00","pop_tot_Sheet_4",2015,"155124.0"
"MK00","pop_tot_Sheet_4",2016,"156480.0"
"MK00","pop_tot_Sheet_4",2017,"157758.0"
"MK00","pop_tot_Sheet_4",2018,"160228.0"
"MK00","pop_tot_Sheet_4",2019,"161837.0"
"MK00","pop_tot_Sheet_4",2020,"162895.0"
"MK00","pop_tot_Sheet_4",2021,"163474.0"
"MK00","pop_tot_Sheet_4",2022,"127689.0"
"MK00","pop_tot_Sheet_4",2023,"125990.0"
"MK00","pop_tot_Sheet_4",2024,"125104.0"
"TR10","pop_tot_Sheet_4",2015,"1284468.0"
"TR10","pop_tot_Sheet_4",2016,"1348448.0"
"TR10","pop_tot_Sheet_4",2017,"1408692.0"
"TR10","pop_tot_Sheet_4",2018,"1425218.0"
"TR10","pop_tot_Sheet_4",2019,"1415079.0"
"TR10","pop_tot_Sheet_4",2020,"1430013.0"
"TR10","pop_tot_Sheet_4",2021,"1385080.0"
"TR10","pop_tot_Sheet_4",2022,"1376442.0"
"TR10","pop_tot_Sheet_4",2023,"1356875.0"
"TR10","pop_tot_Sheet_4",2024,"1315978.0"
"TR21","pop_tot_Sheet_4",2015,"132089.0"
"TR21","pop_tot_Sheet_4",2016,"138362.0"
"TR21","pop_tot_Sheet_4",2017,"145912.0"
"TR21","pop_tot_Sheet_4",2018,"149474.0"
"TR21","pop_tot_Sheet_4",2019,"150797.0"
"TR21","pop_tot_Sheet_4",2020,"150985.0"
"TR21","pop_tot_Sheet_4",2021,"149246.0"
"TR21","pop_tot_Sheet_4",2022,"147243.0"
"TR21","pop_tot_Sheet_4",2023,"147736.0"
"TR21","pop_tot_Sheet_4",2024,"149257.0"
"TR22","pop_tot_Sheet_4",2015,"122460.0"
"TR22","pop_tot_Sheet_4",2016,"125191.0"
"TR22","pop_tot_Sheet_4",2017,"128974.0"
"TR22","pop_tot_Sheet_4",2018,"129262.0"
"TR22","pop_tot_Sheet_4",2019,"130394.0"
"TR22","pop_tot_Sheet_4",2020,"129497.0"
"TR22","pop_tot_Sheet_4",2021,"126794.0"
"TR22","pop_tot_Sheet_4",2022,"124294.0"
"TR22","pop_tot_Sheet_4",2023,"123328.0"
"TR22","pop_tot_Sheet_4",2024,"123752.0"
"TR31","pop_tot_Sheet_4",2015,"341031.0"
"TR31","pop_tot_Sheet_4",2016,"353949.0"
"TR31","pop_tot_Sheet_4",2017,"366825.0"
"TR31","pop_tot_Sheet_4",2018,"370072.0"
"TR31","pop_tot_Sheet_4",2019,"368193.0"
"TR31","pop_tot_Sheet_4",2020,"365944.0"
"TR31","pop_tot_Sheet_4",2021,"356632.0"
"TR31","pop_tot_Sheet_4",2022,"348939.0"
"TR31","pop_tot_Sheet_4",2023,"345602.0"
"TR31","pop_tot_Sheet_4",2024,"341584.0"
"TR32","pop_tot_Sheet_4",2015,"229713.0"
"TR32","pop_tot_Sheet_4",2016,"238695.0"
"TR32","pop_tot_Sheet_4",2017,"246357.0"
"TR32","pop_tot_Sheet_4",2018,"248241.0"
"TR32","pop_tot_Sheet_4",2019,"249352.0"
"TR32","pop_tot_Sheet_4",2020,"248286.0"
"TR32","pop_tot_Sheet_4",2021,"244322.0"
"TR32","pop_tot_Sheet_4",2022,"239481.0"
"TR32","pop_tot_Sheet_4",2023,"239134.0"
"TR32","pop_tot_Sheet_4",2024,"237421.0"
"TR33","pop_tot_Sheet_4",2015,"220594.0"
"TR33","pop_tot_Sheet_4",2016,"228176.0"
"TR33","pop_tot_Sheet_4",2017,"237043.0"
"TR33","pop_tot_Sheet_4",2018,"237540.0"
"TR33","pop_tot_Sheet_4",2019,"239705.0"
"TR33","pop_tot_Sheet_4",2020,"239126.0"
"TR33","pop_tot_Sheet_4",2021,"236778.0"
"TR33","pop_tot_Sheet_4",2022,"232789.0"
"TR33","pop_tot_Sheet_4",2023,"232062.0"
"TR33","pop_tot_Sheet_4",2024,"229541.0"
"TR41","pop_tot_Sheet_4",2015,"309121.0"
"TR41","pop_tot_Sheet_4",2016,"324103.0"
"TR41","pop_tot_Sheet_4",2017,"339879.0"
"TR41","pop_tot_Sheet_4",2018,"344185.0"
"TR41","pop_tot_Sheet_4",2019,"347647.0"
"TR41","pop_tot_Sheet_4",2020,"349191.0"
"TR41","pop_tot_Sheet_4",2021,"343331.0"
"TR41","pop_tot_Sheet_4",2022,"337830.0"
"TR41","pop_tot_Sheet_4",2023,"337063.0"
"TR41","pop_tot_Sheet_4",2024,"336076.0"
"TR42","pop_tot_Sheet_4",2015,"287340.0"
"TR42","pop_tot_Sheet_4",2016,"303509.0"
"TR42","pop_tot_Sheet_4",2017,"321561.0"
"TR42","pop_tot_Sheet_4",2018,"327470.0"
"TR42","pop_tot_Sheet_4",2019,"329892.0"
"TR42","pop_tot_Sheet_4",2020,"329785.0"
"TR42","pop_tot_Sheet_4",2021,"326486.0"
"TR42","pop_tot_Sheet_4",2022,"322005.0"
"TR42","pop_tot_Sheet_4",2023,"323194.0"
"TR42","pop_tot_Sheet_4",2024,"324950.0"
"TR51","pop_tot_Sheet_4",2015,"429172.0"
"TR51","pop_tot_Sheet_4",2016,"448228.0"
"TR51","pop_tot_Sheet_4",2017,"464301.0"
"TR51","pop_tot_Sheet_4",2018,"468634.0"
"TR51","pop_tot_Sheet_4",2019,"468526.0"
"TR51","pop_tot_Sheet_4",2020,"473052.0"
"TR51","pop_tot_Sheet_4",2021,"467413.0"
"TR51","pop_tot_Sheet_4",2022,"463540.0"
"TR51","pop_tot_Sheet_4",2023,"459909.0"
"TR51","pop_tot_Sheet_4",2024,"457823.0"
"TR52","pop_tot_Sheet_4",2015,"165385.0"
"TR52","pop_tot_Sheet_4",2016,"172973.0"
"TR52","pop_tot_Sheet_4",2017,"180640.0"
"TR52","pop_tot_Sheet_4",2018,"181478.0"
"TR52","pop_tot_Sheet_4",2019,"183244.0"
"TR52","pop_tot_Sheet_4",2020,"185544.0"
"TR52","pop_tot_Sheet_4",2021,"185663.0"
"TR52","pop_tot_Sheet_4",2022,"183716.0"
"TR52","pop_tot_Sheet_4",2023,"183832.0"
"TR52","pop_tot_Sheet_4",2024,"184201.0"
"TR61","pop_tot_Sheet_4",2015,"241256.0"
"TR61","pop_tot_Sheet_4",2016,"253566.0"
"TR61","pop_tot_Sheet_4",2017,"261271.0"
"TR61","pop_tot_Sheet_4",2018,"261567.0"
"TR61","pop_tot_Sheet_4",2019,"264422.0"
"TR61","pop_tot_Sheet_4",2020,"268326.0"
"TR61","pop_tot_Sheet_4",2021,"264117.0"
"TR61","pop_tot_Sheet_4",2022,"264182.0"
"TR61","pop_tot_Sheet_4",2023,"267224.0"
"TR61","pop_tot_Sheet_4",2024,"262190.0"
"TR62","pop_tot_Sheet_4",2015,"298855.0"
"TR62","pop_tot_Sheet_4",2016,"309199.0"
"TR62","pop_tot_Sheet_4",2017,"320412.0"
"TR62","pop_tot_Sheet_4",2018,"321137.0"
"TR62","pop_tot_Sheet_4",2019,"320152.0"
"TR62","pop_tot_Sheet_4",2020,"317970.0"
"TR62","pop_tot_Sheet_4",2021,"314265.0"
"TR62","pop_tot_Sheet_4",2022,"309407.0"
"TR62","pop_tot_Sheet_4",2023,"308820.0"
"TR62","pop_tot_Sheet_4",2024,"308638.0"
"TR63","pop_tot_Sheet_4",2015,"223056.0"
"TR63","pop_tot_Sheet_4",2016,"235208.0"
"TR63","pop_tot_Sheet_4",2017,"247713.0"
"TR63","pop_tot_Sheet_4",2018,"249432.0"
"TR63","pop_tot_Sheet_4",2019,"251010.0"
"TR63","pop_tot_Sheet_4",2020,"250483.0"
"TR63","pop_tot_Sheet_4",2021,"249242.0"
"TR63","pop_tot_Sheet_4",2022,"245226.0"
"TR63","pop_tot_Sheet_4",2023,"246001.0"
"TR63","pop_tot_Sheet_4",2024,"227763.0"
"TR71","pop_tot_Sheet_4",2015,"105843.0"
"TR71","pop_tot_Sheet_4",2016,"109902.0"
"TR71","pop_tot_Sheet_4",2017,"114629.0"
"TR71","pop_tot_Sheet_4",2018,"114951.0"
"TR71","pop_tot_Sheet_4",2019,"116926.0"
"TR71","pop_tot_Sheet_4",2020,"116060.0"
"TR71","pop_tot_Sheet_4",2021,"115255.0"
"TR71","pop_tot_Sheet_4",2022,"113611.0"
"TR71","pop_tot_Sheet_4",2023,"113364.0"
"TR71","pop_tot_Sheet_4",2024,"115126.0"
"TR72","pop_tot_Sheet_4",2015,"169381.0"
"TR72","pop_tot_Sheet_4",2016,"174643.0"
"TR72","pop_tot_Sheet_4",2017,"181791.0"
"TR72","pop_tot_Sheet_4",2018,"183869.0"
"TR72","pop_tot_Sheet_4",2019,"185262.0"
"TR72","pop_tot_Sheet_4",2020,"184947.0"
"TR72","pop_tot_Sheet_4",2021,"183071.0"
"TR72","pop_tot_Sheet_4",2022,"180745.0"
"TR72","pop_tot_Sheet_4",2023,"178972.0"
"TR72","pop_tot_Sheet_4",2024,"179374.0"
"TR81","pop_tot_Sheet_4",2015,"78348.0"
"TR81","pop_tot_Sheet_4",2016,"79686.0"
"TR81","pop_tot_Sheet_4",2017,"81181.0"
"TR81","pop_tot_Sheet_4",2018,"80604.0"
"TR81","pop_tot_Sheet_4",2019,"80374.0"
"TR81","pop_tot_Sheet_4",2020,"78862.0"
"TR81","pop_tot_Sheet_4",2021,"76512.0"
"TR81","pop_tot_Sheet_4",2022,"74643.0"
"TR81","pop_tot_Sheet_4",2023,"73004.0"
"TR81","pop_tot_Sheet_4",2024,"71593.0"
"TR82","pop_tot_Sheet_4",2015,"47132.0"
"TR82","pop_tot_Sheet_4",2016,"49604.0"
"TR82","pop_tot_Sheet_4",2017,"51778.0"
"TR82","pop_tot_Sheet_4",2018,"51789.0"
"TR82","pop_tot_Sheet_4",2019,"54804.0"
"TR82","pop_tot_Sheet_4",2020,"52729.0"
"TR82","pop_tot_Sheet_4",2021,"51918.0"
"TR82","pop_tot_Sheet_4",2022,"50776.0"
"TR82","pop_tot_Sheet_4",2023,"50773.0"
"TR82","pop_tot_Sheet_4",2024,"52121.0"
"TR83","pop_tot_Sheet_4",2015,"190040.0"
"TR83","pop_tot_Sheet_4",2016,"197893.0"
"TR83","pop_tot_Sheet_4",2017,"207665.0"
"TR83","pop_tot_Sheet_4",2018,"206433.0"
"TR83","pop_tot_Sheet_4",2019,"205241.0"
"TR83","pop_tot_Sheet_4",2020,"203186.0"
"TR83","pop_tot_Sheet_4",2021,"198807.0"
"TR83","pop_tot_Sheet_4",2022,"193599.0"
"TR83","pop_tot_Sheet_4",2023,"192319.0"
"TR83","pop_tot_Sheet_4",2024,"194526.0"
"TR90","pop_tot_Sheet_4",2015,"172016.0"
"TR90","pop_tot_Sheet_4",2016,"178464.0"
"TR90","pop_tot_Sheet_4",2017,"190969.0"
"TR90","pop_tot_Sheet_4",2018,"187994.0"
"TR90","pop_tot_Sheet_4",2019,"191319.0"
"TR90","pop_tot_Sheet_4",2020,"187645.0"
"TR90","pop_tot_Sheet_4",2021,"184680.0"
"TR90","pop_tot_Sheet_4",2022,"180364.0"
"TR90","pop_tot_Sheet_4",2023,"180209.0"
"TR90","pop_tot_Sheet_4",2024,"181404.0"
"TRA1","pop_tot_Sheet_4",2015,"67911.0"
"TRA1","pop_tot_Sheet_4",2016,"71551.0"
"TRA1","pop_tot_Sheet_4",2017,"75607.0"
"TRA1","pop_tot_Sheet_4",2018,"74572.0"
"TRA1","pop_tot_Sheet_4",2019,"74193.0"
"TRA1","pop_tot_Sheet_4",2020,"73828.0"
"TRA1","pop_tot_Sheet_4",2021,"72423.0"
"TRA1","pop_tot_Sheet_4",2022,"70372.0"
"TRA1","pop_tot_Sheet_4",2023,"71110.0"
"TRA1","pop_tot_Sheet_4",2024,"71944.0"
"TRA2","pop_tot_Sheet_4",2015,"62329.0"
"TRA2","pop_tot_Sheet_4",2016,"67193.0"
"TRA2","pop_tot_Sheet_4",2017,"73595.0"
"TRA2","pop_tot_Sheet_4",2018,"74530.0"
"TRA2","pop_tot_Sheet_4",2019,"73452.0"
"TRA2","pop_tot_Sheet_4",2020,"72443.0"
"TRA2","pop_tot_Sheet_4",2021,"70187.0"
"TRA2","pop_tot_Sheet_4",2022,"66274.0"
"TRA2","pop_tot_Sheet_4",2023,"65272.0"
"TRA2","pop_tot_Sheet_4",2024,"67466.0"
"TRB1","pop_tot_Sheet_4",2015,"120704.0"
"TRB1","pop_tot_Sheet_4",2016,"127129.0"
"TRB1","pop_tot_Sheet_4",2017,"134061.0"
"TRB1","pop_tot_Sheet_4",2018,"134810.0"
"TRB1","pop_tot_Sheet_4",2019,"135011.0"
"TRB1","pop_tot_Sheet_4",2020,"132641.0"
"TRB1","pop_tot_Sheet_4",2021,"130417.0"
"TRB1","pop_tot_Sheet_4",2022,"126833.0"
"TRB1","pop_tot_Sheet_4",2023,"127911.0"
"TRB1","pop_tot_Sheet_4",2024,"124530.0"
"TRB2","pop_tot_Sheet_4",2015,"112164.0"
"TRB2","pop_tot_Sheet_4",2016,"123352.0"
"TRB2","pop_tot_Sheet_4",2017,"135963.0"
"TRB2","pop_tot_Sheet_4",2018,"142139.0"
"TRB2","pop_tot_Sheet_4",2019,"143201.0"
"TRB2","pop_tot_Sheet_4",2020,"142905.0"
"TRB2","pop_tot_Sheet_4",2021,"140486.0"
"TRB2","pop_tot_Sheet_4",2022,"135405.0"
"TRB2","pop_tot_Sheet_4",2023,"136034.0"
"TRB2","pop_tot_Sheet_4",2024,"143239.0"
"TRC1","pop_tot_Sheet_4",2015,"181580.0"
"TRC1","pop_tot_Sheet_4",2016,"191896.0"
"TRC1","pop_tot_Sheet_4",2017,"201979.0"
"TRC1","pop_tot_Sheet_4",2018,"204730.0"
"TRC1","pop_tot_Sheet_4",2019,"205758.0"
"TRC1","pop_tot_Sheet_4",2020,"207378.0"
"TRC1","pop_tot_Sheet_4",2021,"207507.0"
"TRC1","pop_tot_Sheet_4",2022,"207394.0"
"TRC1","pop_tot_Sheet_4",2023,"209405.0"
"TRC1","pop_tot_Sheet_4",2024,"210019.0"
"TRC2","pop_tot_Sheet_4",2015,"204860.0"
"TRC2","pop_tot_Sheet_4",2016,"220881.0"
"TRC2","pop_tot_Sheet_4",2017,"234362.0"
"TRC2","pop_tot_Sheet_4",2018,"244392.0"
"TRC2","pop_tot_Sheet_4",2019,"245520.0"
"TRC2","pop_tot_Sheet_4",2020,"248369.0"
"TRC2","pop_tot_Sheet_4",2021,"248374.0"
"TRC2","pop_tot_Sheet_4",2022,"249243.0"
"TRC2","pop_tot_Sheet_4",2023,"251431.0"
"TRC2","pop_tot_Sheet_4",2024,"262215.0"
"TRC3","pop_tot_Sheet_4",2015,"121488.0"
"TRC3","pop_tot_Sheet_4",2016,"131522.0"
"TRC3","pop_tot_Sheet_4",2017,"141173.0"
"TRC3","pop_tot_Sheet_4",2018,"146173.0"
"TRC3","pop_tot_Sheet_4",2019,"146598.0"
"TRC3","pop_tot_Sheet_4",2020,"145648.0"
"TRC3","pop_tot_Sheet_4",2021,"144577.0"
"TRC3","pop_tot_Sheet_4",2022,"141855.0"
"TRC3","pop_tot_Sheet_4",2023,"146157.0"
"TRC3","pop_tot_Sheet_4",2024,"156515.0"
