"region_id","indicator","year","value"
"BE10","pop_tot_Sheet_3",2015,"104146.0"
"BE10","pop_tot_Sheet_3",2016,"103755.0"
"BE10","pop_tot_Sheet_3",2017,"102550.0"
"BE10","pop_tot_Sheet_3",2018,"102192.0"
"BE10","pop_tot_Sheet_3",2019,"103532.0"
"BE10","pop_tot_Sheet_3",2020,"104712.0"
"BE10","pop_tot_Sheet_3",2021,"105813.0"
"BE10","pop_tot_Sheet_3",2022,"105840.0"
"BE10","pop_tot_Sheet_3",2023,"109172.0"
"BE10","pop_tot_Sheet_3",2024,"110121.0"
"BE21","pop_tot_Sheet_3",2015,"120313.0"
"BE21","pop_tot_Sheet_3",2016,"119600.0"
"BE21","pop_tot_Sheet_3",2017,"119167.0"
"BE21","pop_tot_Sheet_3",2018,"119749.0"
"BE21","pop_tot_Sheet_3",2019,"120522.0"
"BE21","pop_tot_Sheet_3",2020,"121964.0"
"BE21","pop_tot_Sheet_3",2021,"123941.0"
"BE21","pop_tot_Sheet_3",2022,"125825.0"
"BE21","pop_tot_Sheet_3",2023,"128977.0"
"BE21","pop_tot_Sheet_3",2024,"129907.0"
"BE22","pop_tot_Sheet_3",2015,"55050.0"
"BE22","pop_tot_Sheet_3",2016,"54403.0"
"BE22","pop_tot_Sheet_3",2017,"53176.0"
"BE22","pop_tot_Sheet_3",2018,"52320.0"
"BE22","pop_tot_Sheet_3",2019,"52226.0"
"BE22","pop_tot_Sheet_3",2020,"52680.0"
"BE22","pop_tot_Sheet_3",2021,"53392.0"
"BE22","pop_tot_Sheet_3",2022,"54320.0"
"BE22","pop_tot_Sheet_3",2023,"55829.0"
"BE22","pop_tot_Sheet_3",2024,"56166.0"
"BE23","pop_tot_Sheet_3",2015,"96509.0"
"BE23","pop_tot_Sheet_3",2016,"95467.0"
"BE23","pop_tot_Sheet_3",2017,"94659.0"
"BE23","pop_tot_Sheet_3",2018,"94352.0"
"BE23","pop_tot_Sheet_3",2019,"95268.0"
"BE23","pop_tot_Sheet_3",2020,"96678.0"
"BE23","pop_tot_Sheet_3",2021,"98912.0"
"BE23","pop_tot_Sheet_3",2022,"101023.0"
"BE23","pop_tot_Sheet_3",2023,"103489.0"
"BE23","pop_tot_Sheet_3",2024,"104741.0"
"BE24","pop_tot_Sheet_3",2015,"67329.0"
"BE24","pop_tot_Sheet_3",2016,"66512.0"
"BE24","pop_tot_Sheet_3",2017,"66628.0"
"BE24","pop_tot_Sheet_3",2018,"66878.0"
"BE24","pop_tot_Sheet_3",2019,"67345.0"
"BE24","pop_tot_Sheet_3",2020,"68466.0"
"BE24","pop_tot_Sheet_3",2021,"69813.0"
"BE24","pop_tot_Sheet_3",2022,"71177.0"
"BE24","pop_tot_Sheet_3",2023,"72634.0"
"BE24","pop_tot_Sheet_3",2024,"73335.0"
"BE25","pop_tot_Sheet_3",2015,"68395.0"
"BE25","pop_tot_Sheet_3",2016,"67822.0"
"BE25","pop_tot_Sheet_3",2017,"67589.0"
"BE25","pop_tot_Sheet_3",2018,"67499.0"
"BE25","pop_tot_Sheet_3",2019,"67897.0"
"BE25","pop_tot_Sheet_3",2020,"68925.0"
"BE25","pop_tot_Sheet_3",2021,"70297.0"
"BE25","pop_tot_Sheet_3",2022,"71706.0"
"BE25","pop_tot_Sheet_3",2023,"74011.0"
"BE25","pop_tot_Sheet_3",2024,"75122.0"
"BE31","pop_tot_Sheet_3",2015,"22084.0"
"BE31","pop_tot_Sheet_3",2016,"22370.0"
"BE31","pop_tot_Sheet_3",2017,"22570.0"
"BE31","pop_tot_Sheet_3",2018,"22889.0"
"BE31","pop_tot_Sheet_3",2019,"23336.0"
"BE31","pop_tot_Sheet_3",2020,"23884.0"
"BE31","pop_tot_Sheet_3",2021,"24230.0"
"BE31","pop_tot_Sheet_3",2022,"24310.0"
"BE31","pop_tot_Sheet_3",2023,"24356.0"
"BE31","pop_tot_Sheet_3",2024,"24146.0"
"BE32","pop_tot_Sheet_3",2015,"81920.0"
"BE32","pop_tot_Sheet_3",2016,"81563.0"
"BE32","pop_tot_Sheet_3",2017,"81713.0"
"BE32","pop_tot_Sheet_3",2018,"82335.0"
"BE32","pop_tot_Sheet_3",2019,"83909.0"
"BE32","pop_tot_Sheet_3",2020,"85469.0"
"BE32","pop_tot_Sheet_3",2021,"86826.0"
"BE32","pop_tot_Sheet_3",2022,"87757.0"
"BE32","pop_tot_Sheet_3",2023,"88565.0"
"BE32","pop_tot_Sheet_3",2024,"87913.0"
"BE33","pop_tot_Sheet_3",2015,"69641.0"
"BE33","pop_tot_Sheet_3",2016,"70011.0"
"BE33","pop_tot_Sheet_3",2017,"70255.0"
"BE33","pop_tot_Sheet_3",2018,"70787.0"
"BE33","pop_tot_Sheet_3",2019,"72148.0"
"BE33","pop_tot_Sheet_3",2020,"73119.0"
"BE33","pop_tot_Sheet_3",2021,"74065.0"
"BE33","pop_tot_Sheet_3",2022,"74643.0"
"BE33","pop_tot_Sheet_3",2023,"75032.0"
"BE33","pop_tot_Sheet_3",2024,"74682.0"
"BE34","pop_tot_Sheet_3",2015,"17629.0"
"BE34","pop_tot_Sheet_3",2016,"17801.0"
"BE34","pop_tot_Sheet_3",2017,"17926.0"
"BE34","pop_tot_Sheet_3",2018,"18127.0"
"BE34","pop_tot_Sheet_3",2019,"18658.0"
"BE34","pop_tot_Sheet_3",2020,"19166.0"
"BE34","pop_tot_Sheet_3",2021,"19620.0"
"BE34","pop_tot_Sheet_3",2022,"19822.0"
"BE34","pop_tot_Sheet_3",2023,"20296.0"
"BE34","pop_tot_Sheet_3",2024,"20181.0"
"BE35","pop_tot_Sheet_3",2015,"30714.0"
"BE35","pop_tot_Sheet_3",2016,"30846.0"
"BE35","pop_tot_Sheet_3",2017,"31228.0"
"BE35","pop_tot_Sheet_3",2018,"31421.0"
"BE35","pop_tot_Sheet_3",2019,"31939.0"
"BE35","pop_tot_Sheet_3",2020,"32474.0"
"BE35","pop_tot_Sheet_3",2021,"32896.0"
"BE35","pop_tot_Sheet_3",2022,"33277.0"
"BE35","pop_tot_Sheet_3",2023,"33762.0"
"BE35","pop_tot_Sheet_3",2024,"33328.0"
"BG31","pop_tot_Sheet_3",2015,"41798.0"
"BG31","pop_tot_Sheet_3",2016,"40192.0"
"BG31","pop_tot_Sheet_3",2017,"39331.0"
"BG31","pop_tot_Sheet_3",2018,"38656.0"
"BG31","pop_tot_Sheet_3",2019,"37673.0"
"BG31","pop_tot_Sheet_3",2020,"36487.0"
"BG31","pop_tot_Sheet_3",2021,"36685.0"
"BG31","pop_tot_Sheet_3",2022,"35237.0"
"BG31","pop_tot_Sheet_3",2023,"34167.0"
"BG31","pop_tot_Sheet_3",2024,"32720.0"
"BG32","pop_tot_Sheet_3",2015,"45896.0"
"BG32","pop_tot_Sheet_3",2016,"44158.0"
"BG32","pop_tot_Sheet_3",2017,"42813.0"
"BG32","pop_tot_Sheet_3",2018,"41746.0"
"BG32","pop_tot_Sheet_3",2019,"40559.0"
"BG32","pop_tot_Sheet_3",2020,"39476.0"
"BG32","pop_tot_Sheet_3",2021,"38681.0"
"BG32","pop_tot_Sheet_3",2022,"37020.0"
"BG32","pop_tot_Sheet_3",2023,"35347.0"
"BG32","pop_tot_Sheet_3",2024,"33602.0"
"BG33","pop_tot_Sheet_3",2015,"61313.0"
"BG33","pop_tot_Sheet_3",2016,"58932.0"
"BG33","pop_tot_Sheet_3",2017,"57640.0"
"BG33","pop_tot_Sheet_3",2018,"55527.0"
"BG33","pop_tot_Sheet_3",2019,"53583.0"
"BG33","pop_tot_Sheet_3",2020,"51556.0"
"BG33","pop_tot_Sheet_3",2021,"51169.0"
"BG33","pop_tot_Sheet_3",2022,"48940.0"
"BG33","pop_tot_Sheet_3",2023,"47459.0"
"BG33","pop_tot_Sheet_3",2024,"45716.0"
"BG34","pop_tot_Sheet_3",2015,"67249.0"
"BG34","pop_tot_Sheet_3",2016,"64634.0"
"BG34","pop_tot_Sheet_3",2017,"62936.0"
"BG34","pop_tot_Sheet_3",2018,"61277.0"
"BG34","pop_tot_Sheet_3",2019,"59565.0"
"BG34","pop_tot_Sheet_3",2020,"57470.0"
"BG34","pop_tot_Sheet_3",2021,"57367.0"
"BG34","pop_tot_Sheet_3",2022,"54701.0"
"BG34","pop_tot_Sheet_3",2023,"52264.0"
"BG34","pop_tot_Sheet_3",2024,"49513.0"
"BG41","pop_tot_Sheet_3",2015,"158563.0"
"BG41","pop_tot_Sheet_3",2016,"155636.0"
"BG41","pop_tot_Sheet_3",2017,"154985.0"
"BG41","pop_tot_Sheet_3",2018,"153597.0"
"BG41","pop_tot_Sheet_3",2019,"153381.0"
"BG41","pop_tot_Sheet_3",2020,"151517.0"
"BG41","pop_tot_Sheet_3",2021,"150973.0"
"BG41","pop_tot_Sheet_3",2022,"144213.0"
"BG41","pop_tot_Sheet_3",2023,"138379.0"
"BG41","pop_tot_Sheet_3",2024,"130798.0"
"BG42","pop_tot_Sheet_3",2015,"93578.0"
"BG42","pop_tot_Sheet_3",2016,"90398.0"
"BG42","pop_tot_Sheet_3",2017,"88081.0"
"BG42","pop_tot_Sheet_3",2018,"85751.0"
"BG42","pop_tot_Sheet_3",2019,"83396.0"
"BG42","pop_tot_Sheet_3",2020,"80722.0"
"BG42","pop_tot_Sheet_3",2021,"80452.0"
"BG42","pop_tot_Sheet_3",2022,"77029.0"
"BG42","pop_tot_Sheet_3",2023,"74492.0"
"BG42","pop_tot_Sheet_3",2024,"71382.0"
"CZ01","pop_tot_Sheet_3",2015,"106733.0"
"CZ01","pop_tot_Sheet_3",2016,"105663.0"
"CZ01","pop_tot_Sheet_3",2017,"106607.0"
"CZ01","pop_tot_Sheet_3",2018,"106985.0"
"CZ01","pop_tot_Sheet_3",2019,"108546.0"
"CZ01","pop_tot_Sheet_3",2020,"108645.0"
"CZ01","pop_tot_Sheet_3",2021,"96008.0"
"CZ01","pop_tot_Sheet_3",2022,"97334.0"
"CZ01","pop_tot_Sheet_3",2023,"103610.0"
"CZ01","pop_tot_Sheet_3",2024,"104370.0"
"CZ02","pop_tot_Sheet_3",2015,"94702.0"
"CZ02","pop_tot_Sheet_3",2016,"92375.0"
"CZ02","pop_tot_Sheet_3",2017,"90907.0"
"CZ02","pop_tot_Sheet_3",2018,"90036.0"
"CZ02","pop_tot_Sheet_3",2019,"90333.0"
"CZ02","pop_tot_Sheet_3",2020,"90111.0"
"CZ02","pop_tot_Sheet_3",2021,"86426.0"
"CZ02","pop_tot_Sheet_3",2022,"87734.0"
"CZ02","pop_tot_Sheet_3",2023,"91462.0"
"CZ02","pop_tot_Sheet_3",2024,"90753.0"
"CZ03","pop_tot_Sheet_3",2015,"84325.0"
"CZ03","pop_tot_Sheet_3",2016,"82557.0"
"CZ03","pop_tot_Sheet_3",2017,"81696.0"
"CZ03","pop_tot_Sheet_3",2018,"81039.0"
"CZ03","pop_tot_Sheet_3",2019,"81105.0"
"CZ03","pop_tot_Sheet_3",2020,"81243.0"
"CZ03","pop_tot_Sheet_3",2021,"77375.0"
"CZ03","pop_tot_Sheet_3",2022,"77938.0"
"CZ03","pop_tot_Sheet_3",2023,"80909.0"
"CZ03","pop_tot_Sheet_3",2024,"80930.0"
"CZ04","pop_tot_Sheet_3",2015,"75618.0"
"CZ04","pop_tot_Sheet_3",2016,"74410.0"
"CZ04","pop_tot_Sheet_3",2017,"73551.0"
"CZ04","pop_tot_Sheet_3",2018,"72643.0"
"CZ04","pop_tot_Sheet_3",2019,"72316.0"
"CZ04","pop_tot_Sheet_3",2020,"71632.0"
"CZ04","pop_tot_Sheet_3",2021,"67279.0"
"CZ04","pop_tot_Sheet_3",2022,"67101.0"
"CZ04","pop_tot_Sheet_3",2023,"68691.0"
"CZ04","pop_tot_Sheet_3",2024,"68425.0"
"CZ05","pop_tot_Sheet_3",2015,"101339.0"
"CZ05","pop_tot_Sheet_3",2016,"99485.0"
"CZ05","pop_tot_Sheet_3",2017,"98375.0"
"CZ05","pop_tot_Sheet_3",2018,"97699.0"
"CZ05","pop_tot_Sheet_3",2019,"97716.0"
"CZ05","pop_tot_Sheet_3",2020,"97348.0"
"CZ05","pop_tot_Sheet_3",2021,"92879.0"
"CZ05","pop_tot_Sheet_3",2022,"93435.0"
"CZ05","pop_tot_Sheet_3",2023,"96561.0"
"CZ05","pop_tot_Sheet_3",2024,"95924.0"
"CZ06","pop_tot_Sheet_3",2015,"121918.0"
"CZ06","pop_tot_Sheet_3",2016,"120329.0"
"CZ06","pop_tot_Sheet_3",2017,"119195.0"
"CZ06","pop_tot_Sheet_3",2018,"117414.0"
"CZ06","pop_tot_Sheet_3",2019,"116708.0"
"CZ06","pop_tot_Sheet_3",2020,"115473.0"
"CZ06","pop_tot_Sheet_3",2021,"110310.0"
"CZ06","pop_tot_Sheet_3",2022,"110957.0"
"CZ06","pop_tot_Sheet_3",2023,"114478.0"
"CZ06","pop_tot_Sheet_3",2024,"114816.0"
"CZ07","pop_tot_Sheet_3",2015,"83069.0"
"CZ07","pop_tot_Sheet_3",2016,"81291.0"
"CZ07","pop_tot_Sheet_3",2017,"79709.0"
"CZ07","pop_tot_Sheet_3",2018,"78633.0"
"CZ07","pop_tot_Sheet_3",2019,"78402.0"
"CZ07","pop_tot_Sheet_3",2020,"77804.0"
"CZ07","pop_tot_Sheet_3",2021,"74858.0"
"CZ07","pop_tot_Sheet_3",2022,"74823.0"
"CZ07","pop_tot_Sheet_3",2023,"75926.0"
"CZ07","pop_tot_Sheet_3",2024,"74899.0"
"CZ08","pop_tot_Sheet_3",2015,"81298.0"
"CZ08","pop_tot_Sheet_3",2016,"80258.0"
"CZ08","pop_tot_Sheet_3",2017,"80367.0"
"CZ08","pop_tot_Sheet_3",2018,"79996.0"
"CZ08","pop_tot_Sheet_3",2019,"80065.0"
"CZ08","pop_tot_Sheet_3",2020,"79871.0"
"CZ08","pop_tot_Sheet_3",2021,"77013.0"
"CZ08","pop_tot_Sheet_3",2022,"76691.0"
"CZ08","pop_tot_Sheet_3",2023,"77141.0"
"CZ08","pop_tot_Sheet_3",2024,"75678.0"
"DK01","pop_tot_Sheet_3",2015,"121577.0"
"DK01","pop_tot_Sheet_3",2016,"123404.0"
"DK01","pop_tot_Sheet_3",2017,"126535.0"
"DK01","pop_tot_Sheet_3",2018,"129300.0"
"DK01","pop_tot_Sheet_3",2019,"133519.0"
"DK01","pop_tot_Sheet_3",2020,"137219.0"
"DK01","pop_tot_Sheet_3",2021,"140586.0"
"DK01","pop_tot_Sheet_3",2022,"143498.0"
"DK01","pop_tot_Sheet_3",2023,"149362.0"
"DK01","pop_tot_Sheet_3",2024,"152487.0"
"DK02","pop_tot_Sheet_3",2015,"36304.0"
"DK02","pop_tot_Sheet_3",2016,"36961.0"
"DK02","pop_tot_Sheet_3",2017,"38269.0"
"DK02","pop_tot_Sheet_3",2018,"39191.0"
"DK02","pop_tot_Sheet_3",2019,"40590.0"
"DK02","pop_tot_Sheet_3",2020,"42025.0"
"DK02","pop_tot_Sheet_3",2021,"43315.0"
"DK02","pop_tot_Sheet_3",2022,"44947.0"
"DK02","pop_tot_Sheet_3",2023,"46874.0"
"DK02","pop_tot_Sheet_3",2024,"48025.0"
"DK03","pop_tot_Sheet_3",2015,"60999.0"
"DK03","pop_tot_Sheet_3",2016,"60976.0"
"DK03","pop_tot_Sheet_3",2017,"61949.0"
"DK03","pop_tot_Sheet_3",2018,"63066.0"
"DK03","pop_tot_Sheet_3",2019,"65115.0"
"DK03","pop_tot_Sheet_3",2020,"66639.0"
"DK03","pop_tot_Sheet_3",2021,"68714.0"
"DK03","pop_tot_Sheet_3",2022,"70759.0"
"DK03","pop_tot_Sheet_3",2023,"74075.0"
"DK03","pop_tot_Sheet_3",2024,"75601.0"
"DK04","pop_tot_Sheet_3",2015,"71071.0"
"DK04","pop_tot_Sheet_3",2016,"71573.0"
"DK04","pop_tot_Sheet_3",2017,"72968.0"
"DK04","pop_tot_Sheet_3",2018,"74788.0"
"DK04","pop_tot_Sheet_3",2019,"76897.0"
"DK04","pop_tot_Sheet_3",2020,"79509.0"
"DK04","pop_tot_Sheet_3",2021,"81898.0"
"DK04","pop_tot_Sheet_3",2022,"84769.0"
"DK04","pop_tot_Sheet_3",2023,"88634.0"
"DK04","pop_tot_Sheet_3",2024,"90659.0"
"DK05","pop_tot_Sheet_3",2015,"29918.0"
"DK05","pop_tot_Sheet_3",2016,"30254.0"
"DK05","pop_tot_Sheet_3",2017,"30825.0"
"DK05","pop_tot_Sheet_3",2018,"31312.0"
"DK05","pop_tot_Sheet_3",2019,"32153.0"
"DK05","pop_tot_Sheet_3",2020,"32954.0"
"DK05","pop_tot_Sheet_3",2021,"33954.0"
"DK05","pop_tot_Sheet_3",2022,"34981.0"
"DK05","pop_tot_Sheet_3",2023,"36389.0"
"DK05","pop_tot_Sheet_3",2024,"37110.0"
"DE11","pop_tot_Sheet_3",2015,"261640.0"
"DE11","pop_tot_Sheet_3",2016,"267143.0"
"DE11","pop_tot_Sheet_3",2017,"271344.0"
"DE11","pop_tot_Sheet_3",2018,"276190.0"
"DE11","pop_tot_Sheet_3",2019,"283879.0"
"DE11","pop_tot_Sheet_3",2020,"288322.0"
"DE11","pop_tot_Sheet_3",2021,"292341.0"
"DE11","pop_tot_Sheet_3",2022,"291234.0"
"DE11","pop_tot_Sheet_3",2023,"287662.0"
"DE11","pop_tot_Sheet_3",2024,"285699.0"
"DE12","pop_tot_Sheet_3",2015,"174872.0"
"DE12","pop_tot_Sheet_3",2016,"178751.0"
"DE12","pop_tot_Sheet_3",2017,"180443.0"
"DE12","pop_tot_Sheet_3",2018,"182643.0"
"DE12","pop_tot_Sheet_3",2019,"186278.0"
"DE12","pop_tot_Sheet_3",2020,"189030.0"
"DE12","pop_tot_Sheet_3",2021,"191518.0"
"DE12","pop_tot_Sheet_3",2022,"192551.0"
"DE12","pop_tot_Sheet_3",2023,"191511.0"
"DE12","pop_tot_Sheet_3",2024,"190896.0"
"DE13","pop_tot_Sheet_3",2015,"132200.0"
"DE13","pop_tot_Sheet_3",2016,"135821.0"
"DE13","pop_tot_Sheet_3",2017,"137991.0"
"DE13","pop_tot_Sheet_3",2018,"140625.0"
"DE13","pop_tot_Sheet_3",2019,"143985.0"
"DE13","pop_tot_Sheet_3",2020,"146616.0"
"DE13","pop_tot_Sheet_3",2021,"149494.0"
"DE13","pop_tot_Sheet_3",2022,"150514.0"
"DE13","pop_tot_Sheet_3",2023,"151091.0"
"DE13","pop_tot_Sheet_3",2024,"150925.0"
"DE14","pop_tot_Sheet_3",2015,"108985.0"
"DE14","pop_tot_Sheet_3",2016,"111576.0"
"DE14","pop_tot_Sheet_3",2017,"113107.0"
"DE14","pop_tot_Sheet_3",2018,"115008.0"
"DE14","pop_tot_Sheet_3",2019,"118795.0"
"DE14","pop_tot_Sheet_3",2020,"121156.0"
"DE14","pop_tot_Sheet_3",2021,"124173.0"
"DE14","pop_tot_Sheet_3",2022,"125558.0"
"DE14","pop_tot_Sheet_3",2023,"125068.0"
"DE14","pop_tot_Sheet_3",2024,"124426.0"
"DE21","pop_tot_Sheet_3",2015,"320687.0"
"DE21","pop_tot_Sheet_3",2016,"325238.0"
"DE21","pop_tot_Sheet_3",2017,"329521.0"
"DE21","pop_tot_Sheet_3",2018,"329625.0"
"DE21","pop_tot_Sheet_3",2019,"337709.0"
"DE21","pop_tot_Sheet_3",2020,"343067.0"
"DE21","pop_tot_Sheet_3",2021,"347911.0"
"DE21","pop_tot_Sheet_3",2022,"347347.0"
"DE21","pop_tot_Sheet_3",2023,"342263.0"
"DE21","pop_tot_Sheet_3",2024,"339000.0"
"DE22","pop_tot_Sheet_3",2015,"71172.0"
"DE22","pop_tot_Sheet_3",2016,"72225.0"
"DE22","pop_tot_Sheet_3",2017,"73028.0"
"DE22","pop_tot_Sheet_3",2018,"74375.0"
"DE22","pop_tot_Sheet_3",2019,"76114.0"
"DE22","pop_tot_Sheet_3",2020,"77674.0"
"DE22","pop_tot_Sheet_3",2021,"79769.0"
"DE22","pop_tot_Sheet_3",2022,"80984.0"
"DE22","pop_tot_Sheet_3",2023,"79423.0"
"DE22","pop_tot_Sheet_3",2024,"79514.0"
"DE23","pop_tot_Sheet_3",2015,"66568.0"
"DE23","pop_tot_Sheet_3",2016,"67267.0"
"DE23","pop_tot_Sheet_3",2017,"68283.0"
"DE23","pop_tot_Sheet_3",2018,"69365.0"
"DE23","pop_tot_Sheet_3",2019,"71285.0"
"DE23","pop_tot_Sheet_3",2020,"72645.0"
"DE23","pop_tot_Sheet_3",2021,"74569.0"
"DE23","pop_tot_Sheet_3",2022,"75189.0"
"DE23","pop_tot_Sheet_3",2023,"73139.0"
"DE23","pop_tot_Sheet_3",2024,"73486.0"
"DE24","pop_tot_Sheet_3",2015,"59058.0"
"DE24","pop_tot_Sheet_3",2016,"59605.0"
"DE24","pop_tot_Sheet_3",2017,"60595.0"
"DE24","pop_tot_Sheet_3",2018,"61471.0"
"DE24","pop_tot_Sheet_3",2019,"63057.0"
"DE24","pop_tot_Sheet_3",2020,"64022.0"
"DE24","pop_tot_Sheet_3",2021,"65270.0"
"DE24","pop_tot_Sheet_3",2022,"65981.0"
"DE24","pop_tot_Sheet_3",2023,"64874.0"
"DE24","pop_tot_Sheet_3",2024,"64474.0"
"DE25","pop_tot_Sheet_3",2015,"111536.0"
"DE25","pop_tot_Sheet_3",2016,"112924.0"
"DE25","pop_tot_Sheet_3",2017,"113494.0"
"DE25","pop_tot_Sheet_3",2018,"115171.0"
"DE25","pop_tot_Sheet_3",2019,"118299.0"
"DE25","pop_tot_Sheet_3",2020,"120122.0"
"DE25","pop_tot_Sheet_3",2021,"122217.0"
"DE25","pop_tot_Sheet_3",2022,"122253.0"
"DE25","pop_tot_Sheet_3",2023,"121767.0"
"DE25","pop_tot_Sheet_3",2024,"120345.0"
"DE26","pop_tot_Sheet_3",2015,"76943.0"
"DE26","pop_tot_Sheet_3",2016,"77810.0"
"DE26","pop_tot_Sheet_3",2017,"78301.0"
"DE26","pop_tot_Sheet_3",2018,"79217.0"
"DE26","pop_tot_Sheet_3",2019,"81177.0"
"DE26","pop_tot_Sheet_3",2020,"82211.0"
"DE26","pop_tot_Sheet_3",2021,"84282.0"
"DE26","pop_tot_Sheet_3",2022,"84689.0"
"DE26","pop_tot_Sheet_3",2023,"83348.0"
"DE26","pop_tot_Sheet_3",2024,"82555.0"
"DE27","pop_tot_Sheet_3",2015,"112113.0"
"DE27","pop_tot_Sheet_3",2016,"113579.0"
"DE27","pop_tot_Sheet_3",2017,"115325.0"
"DE27","pop_tot_Sheet_3",2018,"117662.0"
"DE27","pop_tot_Sheet_3",2019,"121231.0"
"DE27","pop_tot_Sheet_3",2020,"124494.0"
"DE27","pop_tot_Sheet_3",2021,"127651.0"
"DE27","pop_tot_Sheet_3",2022,"129089.0"
"DE27","pop_tot_Sheet_3",2023,"127017.0"
"DE27","pop_tot_Sheet_3",2024,"127110.0"
"DE30","pop_tot_Sheet_3",2015,"290287.0"
"DE30","pop_tot_Sheet_3",2016,"298016.0"
"DE30","pop_tot_Sheet_3",2017,"306418.0"
"DE30","pop_tot_Sheet_3",2018,"315732.0"
"DE30","pop_tot_Sheet_3",2019,"326159.0"
"DE30","pop_tot_Sheet_3",2020,"333561.0"
"DE30","pop_tot_Sheet_3",2021,"336391.0"
"DE30","pop_tot_Sheet_3",2022,"332835.0"
"DE30","pop_tot_Sheet_3",2023,"312859.0"
"DE30","pop_tot_Sheet_3",2024,"307467.0"
"DE40","pop_tot_Sheet_3",2015,"142808.0"
"DE40","pop_tot_Sheet_3",2016,"146069.0"
"DE40","pop_tot_Sheet_3",2017,"147626.0"
"DE40","pop_tot_Sheet_3",2018,"150214.0"
"DE40","pop_tot_Sheet_3",2019,"152714.0"
"DE40","pop_tot_Sheet_3",2020,"154505.0"
"DE40","pop_tot_Sheet_3",2021,"154014.0"
"DE40","pop_tot_Sheet_3",2022,"145527.0"
"DE40","pop_tot_Sheet_3",2023,"133638.0"
"DE40","pop_tot_Sheet_3",2024,"120584.0"
"DE50","pop_tot_Sheet_3",2015,"44992.0"
"DE50","pop_tot_Sheet_3",2016,"45893.0"
"DE50","pop_tot_Sheet_3",2017,"46992.0"
"DE50","pop_tot_Sheet_3",2018,"47361.0"
"DE50","pop_tot_Sheet_3",2019,"48238.0"
"DE50","pop_tot_Sheet_3",2020,"48848.0"
"DE50","pop_tot_Sheet_3",2021,"49355.0"
"DE50","pop_tot_Sheet_3",2022,"48904.0"
"DE50","pop_tot_Sheet_3",2023,"50355.0"
"DE50","pop_tot_Sheet_3",2024,"50722.0"
"DE60","pop_tot_Sheet_3",2015,"146415.0"
"DE60","pop_tot_Sheet_3",2016,"147396.0"
"DE60","pop_tot_Sheet_3",2017,"148673.0"
"DE60","pop_tot_Sheet_3",2018,"151000.0"
"DE60","pop_tot_Sheet_3",2019,"153975.0"
"DE60","pop_tot_Sheet_3",2020,"155763.0"
"DE60","pop_tot_Sheet_3",2021,"158049.0"
"DE60","pop_tot_Sheet_3",2022,"156952.0"
"DE60","pop_tot_Sheet_3",2023,"151481.0"
"DE60","pop_tot_Sheet_3",2024,"151543.0"
"DE71","pop_tot_Sheet_3",2015,"257970.0"
"DE71","pop_tot_Sheet_3",2016,"260721.0"
"DE71","pop_tot_Sheet_3",2017,"261588.0"
"DE71","pop_tot_Sheet_3",2018,"263464.0"
"DE71","pop_tot_Sheet_3",2019,"268506.0"
"DE71","pop_tot_Sheet_3",2020,"273493.0"
"DE71","pop_tot_Sheet_3",2021,"277690.0"
"DE71","pop_tot_Sheet_3",2022,"276040.0"
"DE71","pop_tot_Sheet_3",2023,"274079.0"
"DE71","pop_tot_Sheet_3",2024,"272073.0"
"DE72","pop_tot_Sheet_3",2015,"60396.0"
"DE72","pop_tot_Sheet_3",2016,"61187.0"
"DE72","pop_tot_Sheet_3",2017,"61621.0"
"DE72","pop_tot_Sheet_3",2018,"62519.0"
"DE72","pop_tot_Sheet_3",2019,"64233.0"
"DE72","pop_tot_Sheet_3",2020,"66033.0"
"DE72","pop_tot_Sheet_3",2021,"67518.0"
"DE72","pop_tot_Sheet_3",2022,"68448.0"
"DE72","pop_tot_Sheet_3",2023,"66851.0"
"DE72","pop_tot_Sheet_3",2024,"66563.0"
"DE73","pop_tot_Sheet_3",2015,"66975.0"
"DE73","pop_tot_Sheet_3",2016,"68287.0"
"DE73","pop_tot_Sheet_3",2017,"69150.0"
"DE73","pop_tot_Sheet_3",2018,"70538.0"
"DE73","pop_tot_Sheet_3",2019,"72226.0"
"DE73","pop_tot_Sheet_3",2020,"73162.0"
"DE73","pop_tot_Sheet_3",2021,"75259.0"
"DE73","pop_tot_Sheet_3",2022,"75931.0"
"DE73","pop_tot_Sheet_3",2023,"73922.0"
"DE73","pop_tot_Sheet_3",2024,"73690.0"
"DE80","pop_tot_Sheet_3",2015,"98639.0"
"DE80","pop_tot_Sheet_3",2016,"101234.0"
"DE80","pop_tot_Sheet_3",2017,"102157.0"
"DE80","pop_tot_Sheet_3",2018,"103789.0"
"DE80","pop_tot_Sheet_3",2019,"105062.0"
"DE80","pop_tot_Sheet_3",2020,"105569.0"
"DE80","pop_tot_Sheet_3",2021,"105314.0"
"DE80","pop_tot_Sheet_3",2022,"98451.0"
"DE80","pop_tot_Sheet_3",2023,"84279.0"
"DE80","pop_tot_Sheet_3",2024,"74916.0"
"DE91","pop_tot_Sheet_3",2015,"91875.0"
"DE91","pop_tot_Sheet_3",2016,"94074.0"
"DE91","pop_tot_Sheet_3",2017,"94384.0"
"DE91","pop_tot_Sheet_3",2018,"95436.0"
"DE91","pop_tot_Sheet_3",2019,"97540.0"
"DE91","pop_tot_Sheet_3",2020,"99305.0"
"DE91","pop_tot_Sheet_3",2021,"101268.0"
"DE91","pop_tot_Sheet_3",2022,"101748.0"
"DE91","pop_tot_Sheet_3",2023,"100771.0"
"DE91","pop_tot_Sheet_3",2024,"100157.0"
"DE92","pop_tot_Sheet_3",2015,"123409.0"
"DE92","pop_tot_Sheet_3",2016,"125528.0"
"DE92","pop_tot_Sheet_3",2017,"126145.0"
"DE92","pop_tot_Sheet_3",2018,"126792.0"
"DE92","pop_tot_Sheet_3",2019,"129903.0"
"DE92","pop_tot_Sheet_3",2020,"131619.0"
"DE92","pop_tot_Sheet_3",2021,"133996.0"
"DE92","pop_tot_Sheet_3",2022,"135307.0"
"DE92","pop_tot_Sheet_3",2023,"133395.0"
"DE92","pop_tot_Sheet_3",2024,"133794.0"
"DE93","pop_tot_Sheet_3",2015,"87703.0"
"DE93","pop_tot_Sheet_3",2016,"90053.0"
"DE93","pop_tot_Sheet_3",2017,"90544.0"
"DE93","pop_tot_Sheet_3",2018,"92005.0"
"DE93","pop_tot_Sheet_3",2019,"94317.0"
"DE93","pop_tot_Sheet_3",2020,"96473.0"
"DE93","pop_tot_Sheet_3",2021,"98910.0"
"DE93","pop_tot_Sheet_3",2022,"99910.0"
"DE93","pop_tot_Sheet_3",2023,"99068.0"
"DE93","pop_tot_Sheet_3",2024,"98236.0"
"DE94","pop_tot_Sheet_3",2015,"138707.0"
"DE94","pop_tot_Sheet_3",2016,"141937.0"
"DE94","pop_tot_Sheet_3",2017,"144214.0"
"DE94","pop_tot_Sheet_3",2018,"148056.0"
"DE94","pop_tot_Sheet_3",2019,"152159.0"
"DE94","pop_tot_Sheet_3",2020,"156366.0"
"DE94","pop_tot_Sheet_3",2021,"160976.0"
"DE94","pop_tot_Sheet_3",2022,"162659.0"
"DE94","pop_tot_Sheet_3",2023,"162790.0"
"DE94","pop_tot_Sheet_3",2024,"162979.0"
"DEA1","pop_tot_Sheet_3",2015,"308122.0"
"DEA1","pop_tot_Sheet_3",2016,"314650.0"
"DEA1","pop_tot_Sheet_3",2017,"319141.0"
"DEA1","pop_tot_Sheet_3",2018,"323710.0"
"DEA1","pop_tot_Sheet_3",2019,"331661.0"
"DEA1","pop_tot_Sheet_3",2020,"338167.0"
"DEA1","pop_tot_Sheet_3",2021,"345524.0"
"DEA1","pop_tot_Sheet_3",2022,"348260.0"
"DEA1","pop_tot_Sheet_3",2023,"353428.0"
"DEA1","pop_tot_Sheet_3",2024,"353166.0"
"DEA2","pop_tot_Sheet_3",2015,"279417.0"
"DEA2","pop_tot_Sheet_3",2016,"283332.0"
"DEA2","pop_tot_Sheet_3",2017,"283989.0"
"DEA2","pop_tot_Sheet_3",2018,"286937.0"
"DEA2","pop_tot_Sheet_3",2019,"292779.0"
"DEA2","pop_tot_Sheet_3",2020,"297775.0"
"DEA2","pop_tot_Sheet_3",2021,"303587.0"
"DEA2","pop_tot_Sheet_3",2022,"305165.0"
"DEA2","pop_tot_Sheet_3",2023,"306191.0"
"DEA2","pop_tot_Sheet_3",2024,"305976.0"
"DEA3","pop_tot_Sheet_3",2015,"148198.0"
"DEA3","pop_tot_Sheet_3",2016,"152011.0"
"DEA3","pop_tot_Sheet_3",2017,"153682.0"
"DEA3","pop_tot_Sheet_3",2018,"155382.0"
"DEA3","pop_tot_Sheet_3",2019,"158253.0"
"DEA3","pop_tot_Sheet_3",2020,"160536.0"
"DEA3","pop_tot_Sheet_3",2021,"163880.0"
"DEA3","pop_tot_Sheet_3",2022,"165835.0"
"DEA3","pop_tot_Sheet_3",2023,"167758.0"
"DEA3","pop_tot_Sheet_3",2024,"168297.0"
"DEA4","pop_tot_Sheet_3",2015,"117914.0"
"DEA4","pop_tot_Sheet_3",2016,"121657.0"
"DEA4","pop_tot_Sheet_3",2017,"122379.0"
"DEA4","pop_tot_Sheet_3",2018,"123463.0"
"DEA4","pop_tot_Sheet_3",2019,"125744.0"
"DEA4","pop_tot_Sheet_3",2020,"127086.0"
"DEA4","pop_tot_Sheet_3",2021,"129060.0"
"DEA4","pop_tot_Sheet_3",2022,"129786.0"
"DEA4","pop_tot_Sheet_3",2023,"130342.0"
"DEA4","pop_tot_Sheet_3",2024,"129825.0"
"DEA5","pop_tot_Sheet_3",2015,"206604.0"
"DEA5","pop_tot_Sheet_3",2016,"211179.0"
"DEA5","pop_tot_Sheet_3",2017,"211547.0"
"DEA5","pop_tot_Sheet_3",2018,"213225.0"
"DEA5","pop_tot_Sheet_3",2019,"217528.0"
"DEA5","pop_tot_Sheet_3",2020,"221683.0"
"DEA5","pop_tot_Sheet_3",2021,"226606.0"
"DEA5","pop_tot_Sheet_3",2022,"228455.0"
"DEA5","pop_tot_Sheet_3",2023,"231460.0"
"DEA5","pop_tot_Sheet_3",2024,"230675.0"
"DEB1","pop_tot_Sheet_3",2015,"80883.0"
"DEB1","pop_tot_Sheet_3",2016,"82330.0"
"DEB1","pop_tot_Sheet_3",2017,"83056.0"
"DEB1","pop_tot_Sheet_3",2018,"84255.0"
"DEB1","pop_tot_Sheet_3",2019,"86885.0"
"DEB1","pop_tot_Sheet_3",2020,"88885.0"
"DEB1","pop_tot_Sheet_3",2021,"91359.0"
"DEB1","pop_tot_Sheet_3",2022,"92629.0"
"DEB1","pop_tot_Sheet_3",2023,"95056.0"
"DEB1","pop_tot_Sheet_3",2024,"94997.0"
"DEB2","pop_tot_Sheet_3",2015,"31497.0"
"DEB2","pop_tot_Sheet_3",2016,"32696.0"
"DEB2","pop_tot_Sheet_3",2017,"32254.0"
"DEB2","pop_tot_Sheet_3",2018,"32540.0"
"DEB2","pop_tot_Sheet_3",2019,"33242.0"
"DEB2","pop_tot_Sheet_3",2020,"33826.0"
"DEB2","pop_tot_Sheet_3",2021,"34674.0"
"DEB2","pop_tot_Sheet_3",2022,"35375.0"
"DEB2","pop_tot_Sheet_3",2023,"33899.0"
"DEB2","pop_tot_Sheet_3",2024,"33866.0"
"DEB3","pop_tot_Sheet_3",2015,"120148.0"
"DEB3","pop_tot_Sheet_3",2016,"121696.0"
"DEB3","pop_tot_Sheet_3",2017,"123582.0"
"DEB3","pop_tot_Sheet_3",2018,"124893.0"
"DEB3","pop_tot_Sheet_3",2019,"128144.0"
"DEB3","pop_tot_Sheet_3",2020,"130750.0"
"DEB3","pop_tot_Sheet_3",2021,"133626.0"
"DEB3","pop_tot_Sheet_3",2022,"134300.0"
"DEB3","pop_tot_Sheet_3",2023,"133659.0"
"DEB3","pop_tot_Sheet_3",2024,"133325.0"
"DEC0","pop_tot_Sheet_3",2015,"55962.0"
"DEC0","pop_tot_Sheet_3",2016,"56995.0"
"DEC0","pop_tot_Sheet_3",2017,"57677.0"
"DEC0","pop_tot_Sheet_3",2018,"58120.0"
"DEC0","pop_tot_Sheet_3",2019,"59013.0"
"DEC0","pop_tot_Sheet_3",2020,"59692.0"
"DEC0","pop_tot_Sheet_3",2021,"60741.0"
"DEC0","pop_tot_Sheet_3",2022,"61139.0"
"DEC0","pop_tot_Sheet_3",2023,"64485.0"
"DEC0","pop_tot_Sheet_3",2024,"64186.0"
"DED2","pop_tot_Sheet_3",2015,"102497.0"
"DED2","pop_tot_Sheet_3",2016,"104385.0"
"DED2","pop_tot_Sheet_3",2017,"104463.0"
"DED2","pop_tot_Sheet_3",2018,"105077.0"
"DED2","pop_tot_Sheet_3",2019,"106194.0"
"DED2","pop_tot_Sheet_3",2020,"106744.0"
"DED2","pop_tot_Sheet_3",2021,"105596.0"
"DED2","pop_tot_Sheet_3",2022,"98644.0"
"DED2","pop_tot_Sheet_3",2023,"89911.0"
"DED2","pop_tot_Sheet_3",2024,"81273.0"
"DED4","pop_tot_Sheet_3",2015,"84276.0"
"DED4","pop_tot_Sheet_3",2016,"84589.0"
"DED4","pop_tot_Sheet_3",2017,"83896.0"
"DED4","pop_tot_Sheet_3",2018,"84030.0"
"DED4","pop_tot_Sheet_3",2019,"84048.0"
"DED4","pop_tot_Sheet_3",2020,"83363.0"
"DED4","pop_tot_Sheet_3",2021,"82277.0"
"DED4","pop_tot_Sheet_3",2022,"76581.0"
"DED4","pop_tot_Sheet_3",2023,"69380.0"
"DED4","pop_tot_Sheet_3",2024,"62708.0"
"DED5","pop_tot_Sheet_3",2015,"73742.0"
"DED5","pop_tot_Sheet_3",2016,"76507.0"
"DED5","pop_tot_Sheet_3",2017,"78547.0"
"DED5","pop_tot_Sheet_3",2018,"80836.0"
"DED5","pop_tot_Sheet_3",2019,"83205.0"
"DED5","pop_tot_Sheet_3",2020,"85095.0"
"DED5","pop_tot_Sheet_3",2021,"86049.0"
"DED5","pop_tot_Sheet_3",2022,"82733.0"
"DED5","pop_tot_Sheet_3",2023,"76641.0"
"DED5","pop_tot_Sheet_3",2024,"70961.0"
"DEE0","pop_tot_Sheet_3",2015,"130985.0"
"DEE0","pop_tot_Sheet_3",2016,"132873.0"
"DEE0","pop_tot_Sheet_3",2017,"133478.0"
"DEE0","pop_tot_Sheet_3",2018,"134695.0"
"DEE0","pop_tot_Sheet_3",2019,"135735.0"
"DEE0","pop_tot_Sheet_3",2020,"135827.0"
"DEE0","pop_tot_Sheet_3",2021,"135177.0"
"DEE0","pop_tot_Sheet_3",2022,"127133.0"
"DEE0","pop_tot_Sheet_3",2023,"116602.0"
"DEE0","pop_tot_Sheet_3",2024,"104822.0"
"DEF0","pop_tot_Sheet_3",2015,"154120.0"
"DEF0","pop_tot_Sheet_3",2016,"155698.0"
"DEF0","pop_tot_Sheet_3",2017,"157962.0"
"DEF0","pop_tot_Sheet_3",2018,"159752.0"
"DEF0","pop_tot_Sheet_3",2019,"164018.0"
"DEF0","pop_tot_Sheet_3",2020,"167868.0"
"DEF0","pop_tot_Sheet_3",2021,"172510.0"
"DEF0","pop_tot_Sheet_3",2022,"175316.0"
"DEF0","pop_tot_Sheet_3",2023,"176181.0"
"DEF0","pop_tot_Sheet_3",2024,"175131.0"
"DEG0","pop_tot_Sheet_3",2015,"133766.0"
"DEG0","pop_tot_Sheet_3",2016,"134928.0"
"DEG0","pop_tot_Sheet_3",2017,"134478.0"
"DEG0","pop_tot_Sheet_3",2018,"135079.0"
"DEG0","pop_tot_Sheet_3",2019,"135739.0"
"DEG0","pop_tot_Sheet_3",2020,"134367.0"
"DEG0","pop_tot_Sheet_3",2021,"132487.0"
"DEG0","pop_tot_Sheet_3",2022,"124152.0"
"DEG0","pop_tot_Sheet_3",2023,"114108.0"
"DEG0","pop_tot_Sheet_3",2024,"102489.0"
"EE00","pop_tot_Sheet_3",2015,"93090.0"
"EE00","pop_tot_Sheet_3",2016,"94283.0"
"EE00","pop_tot_Sheet_3",2017,"95273.0"
"EE00","pop_tot_Sheet_3",2018,"97528.0"
"EE00","pop_tot_Sheet_3",2019,"99574.0"
"EE00","pop_tot_Sheet_3",2020,"101265.0"
"EE00","pop_tot_Sheet_3",2021,"101682.0"
"EE00","pop_tot_Sheet_3",2022,"100253.0"
"EE00","pop_tot_Sheet_3",2023,"100657.0"
"EE00","pop_tot_Sheet_3",2024,"95552.0"
"IE04","pop_tot_Sheet_3",2015,"58785.0"
"IE04","pop_tot_Sheet_3",2016,"56716.0"
"IE04","pop_tot_Sheet_3",2017,"54978.0"
"IE04","pop_tot_Sheet_3",2018,"52446.0"
"IE04","pop_tot_Sheet_3",2019,"51073.0"
"IE04","pop_tot_Sheet_3",2020,"49997.0"
"IE04","pop_tot_Sheet_3",2021,"50072.0"
"IE04","pop_tot_Sheet_3",2022,"50768.0"
"IE04","pop_tot_Sheet_3",2023,"51903.0"
"IE04","pop_tot_Sheet_3",2024,"51849.0"
"IE05","pop_tot_Sheet_3",2015,"114901.0"
"IE05","pop_tot_Sheet_3",2016,"110470.0"
"IE05","pop_tot_Sheet_3",2017,"107044.0"
"IE05","pop_tot_Sheet_3",2018,"103130.0"
"IE05","pop_tot_Sheet_3",2019,"100858.0"
"IE05","pop_tot_Sheet_3",2020,"99850.0"
"IE05","pop_tot_Sheet_3",2021,"99744.0"
"IE05","pop_tot_Sheet_3",2022,"99980.0"
"IE05","pop_tot_Sheet_3",2023,"102184.0"
"IE05","pop_tot_Sheet_3",2024,"101799.0"
"IE06","pop_tot_Sheet_3",2015,"198745.0"
"IE06","pop_tot_Sheet_3",2016,"195238.0"
"IE06","pop_tot_Sheet_3",2017,"190258.0"
"IE06","pop_tot_Sheet_3",2018,"184050.0"
"IE06","pop_tot_Sheet_3",2019,"182866.0"
"IE06","pop_tot_Sheet_3",2020,"181594.0"
"IE06","pop_tot_Sheet_3",2021,"181486.0"
"IE06","pop_tot_Sheet_3",2022,"183360.0"
"IE06","pop_tot_Sheet_3",2023,"185222.0"
"IE06","pop_tot_Sheet_3",2024,"184463.0"
"EL30","pop_tot_Sheet_3",2015,"282672.0"
"EL30","pop_tot_Sheet_3",2016,"262202.0"
"EL30","pop_tot_Sheet_3",2017,"245492.0"
"EL30","pop_tot_Sheet_3",2018,"227767.0"
"EL30","pop_tot_Sheet_3",2019,"216580.0"
"EL30","pop_tot_Sheet_3",2020,"210839.0"
"EL30","pop_tot_Sheet_3",2021,"206532.0"
"EL30","pop_tot_Sheet_3",2022,"222904.0"
"EL30","pop_tot_Sheet_3",2023,"220014.0"
"EL30","pop_tot_Sheet_3",2024,"215303.0"
"EL41","pop_tot_Sheet_3",2015,"12739.0"
"EL41","pop_tot_Sheet_3",2016,"12290.0"
"EL41","pop_tot_Sheet_3",2017,"12940.0"
"EL41","pop_tot_Sheet_3",2018,"13693.0"
"EL41","pop_tot_Sheet_3",2019,"14936.0"
"EL41","pop_tot_Sheet_3",2020,"16328.0"
"EL41","pop_tot_Sheet_3",2021,"16942.0"
"EL41","pop_tot_Sheet_3",2022,"10667.0"
"EL41","pop_tot_Sheet_3",2023,"10250.0"
"EL41","pop_tot_Sheet_3",2024,"10364.0"
"EL42","pop_tot_Sheet_3",2015,"26410.0"
"EL42","pop_tot_Sheet_3",2016,"25413.0"
"EL42","pop_tot_Sheet_3",2017,"24697.0"
"EL42","pop_tot_Sheet_3",2018,"23787.0"
"EL42","pop_tot_Sheet_3",2019,"23252.0"
"EL42","pop_tot_Sheet_3",2020,"22606.0"
"EL42","pop_tot_Sheet_3",2021,"22111.0"
"EL42","pop_tot_Sheet_3",2022,"20417.0"
"EL42","pop_tot_Sheet_3",2023,"19581.0"
"EL42","pop_tot_Sheet_3",2024,"18551.0"
"EL43","pop_tot_Sheet_3",2015,"46725.0"
"EL43","pop_tot_Sheet_3",2016,"44478.0"
"EL43","pop_tot_Sheet_3",2017,"42408.0"
"EL43","pop_tot_Sheet_3",2018,"40294.0"
"EL43","pop_tot_Sheet_3",2019,"38997.0"
"EL43","pop_tot_Sheet_3",2020,"38104.0"
"EL43","pop_tot_Sheet_3",2021,"37687.0"
"EL43","pop_tot_Sheet_3",2022,"35966.0"
"EL43","pop_tot_Sheet_3",2023,"35296.0"
"EL43","pop_tot_Sheet_3",2024,"34598.0"
"EL51","pop_tot_Sheet_3",2015,"39745.0"
"EL51","pop_tot_Sheet_3",2016,"38058.0"
"EL51","pop_tot_Sheet_3",2017,"36798.0"
"EL51","pop_tot_Sheet_3",2018,"35446.0"
"EL51","pop_tot_Sheet_3",2019,"34613.0"
"EL51","pop_tot_Sheet_3",2020,"34182.0"
"EL51","pop_tot_Sheet_3",2021,"34392.0"
"EL51","pop_tot_Sheet_3",2022,"27878.0"
"EL51","pop_tot_Sheet_3",2023,"27329.0"
"EL51","pop_tot_Sheet_3",2024,"27218.0"
"EL52","pop_tot_Sheet_3",2015,"123985.0"
"EL52","pop_tot_Sheet_3",2016,"116092.0"
"EL52","pop_tot_Sheet_3",2017,"109510.0"
"EL52","pop_tot_Sheet_3",2018,"103216.0"
"EL52","pop_tot_Sheet_3",2019,"100489.0"
"EL52","pop_tot_Sheet_3",2020,"98862.0"
"EL52","pop_tot_Sheet_3",2021,"97670.0"
"EL52","pop_tot_Sheet_3",2022,"92813.0"
"EL52","pop_tot_Sheet_3",2023,"92381.0"
"EL52","pop_tot_Sheet_3",2024,"91837.0"
"EL53","pop_tot_Sheet_3",2015,"16821.0"
"EL53","pop_tot_Sheet_3",2016,"15867.0"
"EL53","pop_tot_Sheet_3",2017,"15085.0"
"EL53","pop_tot_Sheet_3",2018,"14124.0"
"EL53","pop_tot_Sheet_3",2019,"13213.0"
"EL53","pop_tot_Sheet_3",2020,"12556.0"
"EL53","pop_tot_Sheet_3",2021,"11830.0"
"EL53","pop_tot_Sheet_3",2022,"11689.0"
"EL53","pop_tot_Sheet_3",2023,"11258.0"
"EL53","pop_tot_Sheet_3",2024,"10916.0"
"EL54","pop_tot_Sheet_3",2015,"20949.0"
"EL54","pop_tot_Sheet_3",2016,"19661.0"
"EL54","pop_tot_Sheet_3",2017,"18459.0"
"EL54","pop_tot_Sheet_3",2018,"17053.0"
"EL54","pop_tot_Sheet_3",2019,"16240.0"
"EL54","pop_tot_Sheet_3",2020,"15846.0"
"EL54","pop_tot_Sheet_3",2021,"15751.0"
"EL54","pop_tot_Sheet_3",2022,"14609.0"
"EL54","pop_tot_Sheet_3",2023,"14478.0"
"EL54","pop_tot_Sheet_3",2024,"14548.0"
"EL61","pop_tot_Sheet_3",2015,"45972.0"
"EL61","pop_tot_Sheet_3",2016,"43637.0"
"EL61","pop_tot_Sheet_3",2017,"41378.0"
"EL61","pop_tot_Sheet_3",2018,"39173.0"
"EL61","pop_tot_Sheet_3",2019,"37885.0"
"EL61","pop_tot_Sheet_3",2020,"37065.0"
"EL61","pop_tot_Sheet_3",2021,"36446.0"
"EL61","pop_tot_Sheet_3",2022,"33177.0"
"EL61","pop_tot_Sheet_3",2023,"32573.0"
"EL61","pop_tot_Sheet_3",2024,"32014.0"
"EL62","pop_tot_Sheet_3",2015,"14067.0"
"EL62","pop_tot_Sheet_3",2016,"13467.0"
"EL62","pop_tot_Sheet_3",2017,"12659.0"
"EL62","pop_tot_Sheet_3",2018,"11739.0"
"EL62","pop_tot_Sheet_3",2019,"11002.0"
"EL62","pop_tot_Sheet_3",2020,"10308.0"
"EL62","pop_tot_Sheet_3",2021,"9691.0"
"EL62","pop_tot_Sheet_3",2022,"11355.0"
"EL62","pop_tot_Sheet_3",2023,"10828.0"
"EL62","pop_tot_Sheet_3",2024,"10360.0"
"EL63","pop_tot_Sheet_3",2015,"44458.0"
"EL63","pop_tot_Sheet_3",2016,"42462.0"
"EL63","pop_tot_Sheet_3",2017,"40495.0"
"EL63","pop_tot_Sheet_3",2018,"38347.0"
"EL63","pop_tot_Sheet_3",2019,"36802.0"
"EL63","pop_tot_Sheet_3",2020,"36146.0"
"EL63","pop_tot_Sheet_3",2021,"35887.0"
"EL63","pop_tot_Sheet_3",2022,"34114.0"
"EL63","pop_tot_Sheet_3",2023,"33612.0"
"EL63","pop_tot_Sheet_3",2024,"32943.0"
"EL64","pop_tot_Sheet_3",2015,"38268.0"
"EL64","pop_tot_Sheet_3",2016,"36909.0"
"EL64","pop_tot_Sheet_3",2017,"35477.0"
"EL64","pop_tot_Sheet_3",2018,"33827.0"
"EL64","pop_tot_Sheet_3",2019,"32709.0"
"EL64","pop_tot_Sheet_3",2020,"31837.0"
"EL64","pop_tot_Sheet_3",2021,"30807.0"
"EL64","pop_tot_Sheet_3",2022,"25397.0"
"EL64","pop_tot_Sheet_3",2023,"24910.0"
"EL64","pop_tot_Sheet_3",2024,"24517.0"
"EL65","pop_tot_Sheet_3",2015,"38754.0"
"EL65","pop_tot_Sheet_3",2016,"37616.0"
"EL65","pop_tot_Sheet_3",2017,"36154.0"
"EL65","pop_tot_Sheet_3",2018,"34510.0"
"EL65","pop_tot_Sheet_3",2019,"32997.0"
"EL65","pop_tot_Sheet_3",2020,"31759.0"
"EL65","pop_tot_Sheet_3",2021,"30268.0"
"EL65","pop_tot_Sheet_3",2022,"27133.0"
"EL65","pop_tot_Sheet_3",2023,"26427.0"
"EL65","pop_tot_Sheet_3",2024,"25625.0"
"ES11","pop_tot_Sheet_3",2015,"181671.0"
"ES11","pop_tot_Sheet_3",2016,"170080.0"
"ES11","pop_tot_Sheet_3",2017,"159541.0"
"ES11","pop_tot_Sheet_3",2018,"151559.0"
"ES11","pop_tot_Sheet_3",2019,"145308.0"
"ES11","pop_tot_Sheet_3",2020,"140861.0"
"ES11","pop_tot_Sheet_3",2021,"136899.0"
"ES11","pop_tot_Sheet_3",2022,"133872.0"
"ES11","pop_tot_Sheet_3",2023,"132912.0"
"ES11","pop_tot_Sheet_3",2024,"132318.0"
"ES12","pop_tot_Sheet_3",2015,"65772.0"
"ES12","pop_tot_Sheet_3",2016,"61577.0"
"ES12","pop_tot_Sheet_3",2017,"57924.0"
"ES12","pop_tot_Sheet_3",2018,"54890.0"
"ES12","pop_tot_Sheet_3",2019,"51792.0"
"ES12","pop_tot_Sheet_3",2020,"49295.0"
"ES12","pop_tot_Sheet_3",2021,"46917.0"
"ES12","pop_tot_Sheet_3",2022,"44777.0"
"ES12","pop_tot_Sheet_3",2023,"44108.0"
"ES12","pop_tot_Sheet_3",2024,"43825.0"
"ES13","pop_tot_Sheet_3",2015,"39831.0"
"ES13","pop_tot_Sheet_3",2016,"37027.0"
"ES13","pop_tot_Sheet_3",2017,"34712.0"
"ES13","pop_tot_Sheet_3",2018,"32979.0"
"ES13","pop_tot_Sheet_3",2019,"31641.0"
"ES13","pop_tot_Sheet_3",2020,"30315.0"
"ES13","pop_tot_Sheet_3",2021,"29467.0"
"ES13","pop_tot_Sheet_3",2022,"28726.0"
"ES13","pop_tot_Sheet_3",2023,"28615.0"
"ES13","pop_tot_Sheet_3",2024,"28264.0"
"ES21","pop_tot_Sheet_3",2015,"136617.0"
"ES21","pop_tot_Sheet_3",2016,"129886.0"
"ES21","pop_tot_Sheet_3",2017,"124175.0"
"ES21","pop_tot_Sheet_3",2018,"119470.0"
"ES21","pop_tot_Sheet_3",2019,"116730.0"
"ES21","pop_tot_Sheet_3",2020,"115049.0"
"ES21","pop_tot_Sheet_3",2021,"112626.0"
"ES21","pop_tot_Sheet_3",2022,"109267.0"
"ES21","pop_tot_Sheet_3",2023,"110060.0"
"ES21","pop_tot_Sheet_3",2024,"110815.0"
"ES22","pop_tot_Sheet_3",2015,"42475.0"
"ES22","pop_tot_Sheet_3",2016,"40315.0"
"ES22","pop_tot_Sheet_3",2017,"38389.0"
"ES22","pop_tot_Sheet_3",2018,"36801.0"
"ES22","pop_tot_Sheet_3",2019,"36495.0"
"ES22","pop_tot_Sheet_3",2020,"36209.0"
"ES22","pop_tot_Sheet_3",2021,"35715.0"
"ES22","pop_tot_Sheet_3",2022,"35371.0"
"ES22","pop_tot_Sheet_3",2023,"36085.0"
"ES22","pop_tot_Sheet_3",2024,"36225.0"
"ES23","pop_tot_Sheet_3",2015,"20933.0"
"ES23","pop_tot_Sheet_3",2016,"19787.0"
"ES23","pop_tot_Sheet_3",2017,"18736.0"
"ES23","pop_tot_Sheet_3",2018,"18010.0"
"ES23","pop_tot_Sheet_3",2019,"17585.0"
"ES23","pop_tot_Sheet_3",2020,"17439.0"
"ES23","pop_tot_Sheet_3",2021,"17167.0"
"ES23","pop_tot_Sheet_3",2022,"16816.0"
"ES23","pop_tot_Sheet_3",2023,"16917.0"
"ES23","pop_tot_Sheet_3",2024,"16756.0"
"ES24","pop_tot_Sheet_3",2015,"88464.0"
"ES24","pop_tot_Sheet_3",2016,"83252.0"
"ES24","pop_tot_Sheet_3",2017,"79581.0"
"ES24","pop_tot_Sheet_3",2018,"76190.0"
"ES24","pop_tot_Sheet_3",2019,"75628.0"
"ES24","pop_tot_Sheet_3",2020,"75204.0"
"ES24","pop_tot_Sheet_3",2021,"73941.0"
"ES24","pop_tot_Sheet_3",2022,"71786.0"
"ES24","pop_tot_Sheet_3",2023,"72689.0"
"ES24","pop_tot_Sheet_3",2024,"73292.0"
"ES30","pop_tot_Sheet_3",2015,"477155.0"
"ES30","pop_tot_Sheet_3",2016,"457941.0"
"ES30","pop_tot_Sheet_3",2017,"441140.0"
"ES30","pop_tot_Sheet_3",2018,"430118.0"
"ES30","pop_tot_Sheet_3",2019,"427157.0"
"ES30","pop_tot_Sheet_3",2020,"429457.0"
"ES30","pop_tot_Sheet_3",2021,"425055.0"
"ES30","pop_tot_Sheet_3",2022,"419677.0"
"ES30","pop_tot_Sheet_3",2023,"435389.0"
"ES30","pop_tot_Sheet_3",2024,"451510.0"
"ES41","pop_tot_Sheet_3",2015,"152621.0"
"ES41","pop_tot_Sheet_3",2016,"143885.0"
"ES41","pop_tot_Sheet_3",2017,"136583.0"
"ES41","pop_tot_Sheet_3",2018,"130076.0"
"ES41","pop_tot_Sheet_3",2019,"124878.0"
"ES41","pop_tot_Sheet_3",2020,"120470.0"
"ES41","pop_tot_Sheet_3",2021,"117083.0"
"ES41","pop_tot_Sheet_3",2022,"113768.0"
"ES41","pop_tot_Sheet_3",2023,"113503.0"
"ES41","pop_tot_Sheet_3",2024,"114025.0"
"ES42","pop_tot_Sheet_3",2015,"148657.0"
"ES42","pop_tot_Sheet_3",2016,"139804.0"
"ES42","pop_tot_Sheet_3",2017,"132892.0"
"ES42","pop_tot_Sheet_3",2018,"127040.0"
"ES42","pop_tot_Sheet_3",2019,"123195.0"
"ES42","pop_tot_Sheet_3",2020,"121173.0"
"ES42","pop_tot_Sheet_3",2021,"120025.0"
"ES42","pop_tot_Sheet_3",2022,"118443.0"
"ES42","pop_tot_Sheet_3",2023,"119997.0"
"ES42","pop_tot_Sheet_3",2024,"120556.0"
"ES43","pop_tot_Sheet_3",2015,"72682.0"
"ES43","pop_tot_Sheet_3",2016,"69952.0"
"ES43","pop_tot_Sheet_3",2017,"67571.0"
"ES43","pop_tot_Sheet_3",2018,"65472.0"
"ES43","pop_tot_Sheet_3",2019,"63990.0"
"ES43","pop_tot_Sheet_3",2020,"62896.0"
"ES43","pop_tot_Sheet_3",2021,"62177.0"
"ES43","pop_tot_Sheet_3",2022,"61015.0"
"ES43","pop_tot_Sheet_3",2023,"59893.0"
"ES43","pop_tot_Sheet_3",2024,"58933.0"
"ES51","pop_tot_Sheet_3",2015,"523830.0"
"ES51","pop_tot_Sheet_3",2016,"498132.0"
"ES51","pop_tot_Sheet_3",2017,"479397.0"
"ES51","pop_tot_Sheet_3",2018,"467275.0"
"ES51","pop_tot_Sheet_3",2019,"467871.0"
"ES51","pop_tot_Sheet_3",2020,"470875.0"
"ES51","pop_tot_Sheet_3",2021,"470442.0"
"ES51","pop_tot_Sheet_3",2022,"466172.0"
"ES51","pop_tot_Sheet_3",2023,"484721.0"
"ES51","pop_tot_Sheet_3",2024,"497083.0"
"ES52","pop_tot_Sheet_3",2015,"344691.0"
"ES52","pop_tot_Sheet_3",2016,"324700.0"
"ES52","pop_tot_Sheet_3",2017,"308919.0"
"ES52","pop_tot_Sheet_3",2018,"296817.0"
"ES52","pop_tot_Sheet_3",2019,"291674.0"
"ES52","pop_tot_Sheet_3",2020,"289798.0"
"ES52","pop_tot_Sheet_3",2021,"286883.0"
"ES52","pop_tot_Sheet_3",2022,"285820.0"
"ES52","pop_tot_Sheet_3",2023,"294966.0"
"ES52","pop_tot_Sheet_3",2024,"303801.0"
"ES53","pop_tot_Sheet_3",2015,"91684.0"
"ES53","pop_tot_Sheet_3",2016,"88602.0"
"ES53","pop_tot_Sheet_3",2017,"86263.0"
"ES53","pop_tot_Sheet_3",2018,"84597.0"
"ES53","pop_tot_Sheet_3",2019,"84386.0"
"ES53","pop_tot_Sheet_3",2020,"84859.0"
"ES53","pop_tot_Sheet_3",2021,"84006.0"
"ES53","pop_tot_Sheet_3",2022,"82477.0"
"ES53","pop_tot_Sheet_3",2023,"84739.0"
"ES53","pop_tot_Sheet_3",2024,"86389.0"
"ES61","pop_tot_Sheet_3",2015,"612678.0"
"ES61","pop_tot_Sheet_3",2016,"584709.0"
"ES61","pop_tot_Sheet_3",2017,"561254.0"
"ES61","pop_tot_Sheet_3",2018,"540854.0"
"ES61","pop_tot_Sheet_3",2019,"527706.0"
"ES61","pop_tot_Sheet_3",2020,"520397.0"
"ES61","pop_tot_Sheet_3",2021,"515624.0"
"ES61","pop_tot_Sheet_3",2022,"511521.0"
"ES61","pop_tot_Sheet_3",2023,"515808.0"
"ES61","pop_tot_Sheet_3",2024,"514475.0"
"ES62","pop_tot_Sheet_3",2015,"112270.0"
"ES62","pop_tot_Sheet_3",2016,"105665.0"
"ES62","pop_tot_Sheet_3",2017,"100134.0"
"ES62","pop_tot_Sheet_3",2018,"95954.0"
"ES62","pop_tot_Sheet_3",2019,"94056.0"
"ES62","pop_tot_Sheet_3",2020,"94011.0"
"ES62","pop_tot_Sheet_3",2021,"93485.0"
"ES62","pop_tot_Sheet_3",2022,"93583.0"
"ES62","pop_tot_Sheet_3",2023,"95131.0"
"ES62","pop_tot_Sheet_3",2024,"95555.0"
"ES63","pop_tot_Sheet_3",2015,"6428.0"
"ES63","pop_tot_Sheet_3",2016,"6276.0"
"ES63","pop_tot_Sheet_3",2017,"6103.0"
"ES63","pop_tot_Sheet_3",2018,"6001.0"
"ES63","pop_tot_Sheet_3",2019,"5870.0"
"ES63","pop_tot_Sheet_3",2020,"5761.0"
"ES63","pop_tot_Sheet_3",2021,"5599.0"
"ES63","pop_tot_Sheet_3",2022,"5503.0"
"ES63","pop_tot_Sheet_3",2023,"5442.0"
"ES63","pop_tot_Sheet_3",2024,"5489.0"
"ES64","pop_tot_Sheet_3",2015,"6483.0"
"ES64","pop_tot_Sheet_3",2016,"6336.0"
"ES64","pop_tot_Sheet_3",2017,"6151.0"
"ES64","pop_tot_Sheet_3",2018,"6002.0"
"ES64","pop_tot_Sheet_3",2019,"5879.0"
"ES64","pop_tot_Sheet_3",2020,"5739.0"
"ES64","pop_tot_Sheet_3",2021,"5649.0"
"ES64","pop_tot_Sheet_3",2022,"5540.0"
"ES64","pop_tot_Sheet_3",2023,"5628.0"
"ES64","pop_tot_Sheet_3",2024,"5734.0"
"ES70","pop_tot_Sheet_3",2015,"160964.0"
"ES70","pop_tot_Sheet_3",2016,"153634.0"
"ES70","pop_tot_Sheet_3",2017,"148126.0"
"ES70","pop_tot_Sheet_3",2018,"144469.0"
"ES70","pop_tot_Sheet_3",2019,"143934.0"
"ES70","pop_tot_Sheet_3",2020,"144260.0"
"ES70","pop_tot_Sheet_3",2021,"142899.0"
"ES70","pop_tot_Sheet_3",2022,"141183.0"
"ES70","pop_tot_Sheet_3",2023,"142876.0"
"ES70","pop_tot_Sheet_3",2024,"143355.0"
"FR10","pop_tot_Sheet_3",2015,"889335.0"
"FR10","pop_tot_Sheet_3",2016,"879093.0"
"FR10","pop_tot_Sheet_3",2017,"880516.0"
"FR10","pop_tot_Sheet_3",2018,"881531.0"
"FR10","pop_tot_Sheet_3",2019,"894296.0"
"FR10","pop_tot_Sheet_3",2020,"895501.0"
"FR10","pop_tot_Sheet_3",2021,"900592.0"
"FR10","pop_tot_Sheet_3",2022,"902348.0"
"FR10","pop_tot_Sheet_3",2023,"902531.0"
"FR10","pop_tot_Sheet_3",2024,"894666.0"
"FRB0","pop_tot_Sheet_3",2015,"147209.0"
"FRB0","pop_tot_Sheet_3",2016,"145225.0"
"FRB0","pop_tot_Sheet_3",2017,"144457.0"
"FRB0","pop_tot_Sheet_3",2018,"143346.0"
"FRB0","pop_tot_Sheet_3",2019,"143417.0"
"FRB0","pop_tot_Sheet_3",2020,"142614.0"
"FRB0","pop_tot_Sheet_3",2021,"142410.0"
"FRB0","pop_tot_Sheet_3",2022,"143017.0"
"FRB0","pop_tot_Sheet_3",2023,"141807.0"
"FRB0","pop_tot_Sheet_3",2024,"139404.0"
"FRC1","pop_tot_Sheet_3",2015,"90377.0"
"FRC1","pop_tot_Sheet_3",2016,"89324.0"
"FRC1","pop_tot_Sheet_3",2017,"87699.0"
"FRC1","pop_tot_Sheet_3",2018,"86375.0"
"FRC1","pop_tot_Sheet_3",2019,"86178.0"
"FRC1","pop_tot_Sheet_3",2020,"85897.0"
"FRC1","pop_tot_Sheet_3",2021,"85677.0"
"FRC1","pop_tot_Sheet_3",2022,"85854.0"
"FRC1","pop_tot_Sheet_3",2023,"85193.0"
"FRC1","pop_tot_Sheet_3",2024,"83665.0"
"FRC2","pop_tot_Sheet_3",2015,"71494.0"
"FRC2","pop_tot_Sheet_3",2016,"70584.0"
"FRC2","pop_tot_Sheet_3",2017,"69429.0"
"FRC2","pop_tot_Sheet_3",2018,"68053.0"
"FRC2","pop_tot_Sheet_3",2019,"67786.0"
"FRC2","pop_tot_Sheet_3",2020,"67245.0"
"FRC2","pop_tot_Sheet_3",2021,"66751.0"
"FRC2","pop_tot_Sheet_3",2022,"66970.0"
"FRC2","pop_tot_Sheet_3",2023,"66560.0"
"FRC2","pop_tot_Sheet_3",2024,"65662.0"
"FRD1","pop_tot_Sheet_3",2015,"81971.0"
"FRD1","pop_tot_Sheet_3",2016,"80107.0"
"FRD1","pop_tot_Sheet_3",2017,"78740.0"
"FRD1","pop_tot_Sheet_3",2018,"78070.0"
"FRD1","pop_tot_Sheet_3",2019,"77786.0"
"FRD1","pop_tot_Sheet_3",2020,"78457.0"
"FRD1","pop_tot_Sheet_3",2021,"78157.0"
"FRD1","pop_tot_Sheet_3",2022,"78177.0"
"FRD1","pop_tot_Sheet_3",2023,"78191.0"
"FRD1","pop_tot_Sheet_3",2024,"77576.0"
"FRD2","pop_tot_Sheet_3",2015,"114838.0"
"FRD2","pop_tot_Sheet_3",2016,"113880.0"
"FRD2","pop_tot_Sheet_3",2017,"112889.0"
"FRD2","pop_tot_Sheet_3",2018,"112127.0"
"FRD2","pop_tot_Sheet_3",2019,"111564.0"
"FRD2","pop_tot_Sheet_3",2020,"111747.0"
"FRD2","pop_tot_Sheet_3",2021,"110338.0"
"FRD2","pop_tot_Sheet_3",2022,"110532.0"
"FRD2","pop_tot_Sheet_3",2023,"109638.0"
"FRD2","pop_tot_Sheet_3",2024,"107914.0"
"FRE1","pop_tot_Sheet_3",2015,"264560.0"
"FRE1","pop_tot_Sheet_3",2016,"261698.0"
"FRE1","pop_tot_Sheet_3",2017,"260175.0"
"FRE1","pop_tot_Sheet_3",2018,"256928.0"
"FRE1","pop_tot_Sheet_3",2019,"256715.0"
"FRE1","pop_tot_Sheet_3",2020,"255848.0"
"FRE1","pop_tot_Sheet_3",2021,"254540.0"
"FRE1","pop_tot_Sheet_3",2022,"250608.0"
"FRE1","pop_tot_Sheet_3",2023,"247550.0"
"FRE1","pop_tot_Sheet_3",2024,"243920.0"
"FRE2","pop_tot_Sheet_3",2015,"119205.0"
"FRE2","pop_tot_Sheet_3",2016,"117354.0"
"FRE2","pop_tot_Sheet_3",2017,"116850.0"
"FRE2","pop_tot_Sheet_3",2018,"116551.0"
"FRE2","pop_tot_Sheet_3",2019,"116473.0"
"FRE2","pop_tot_Sheet_3",2020,"116361.0"
"FRE2","pop_tot_Sheet_3",2021,"115593.0"
"FRE2","pop_tot_Sheet_3",2022,"113908.0"
"FRE2","pop_tot_Sheet_3",2023,"111544.0"
"FRE2","pop_tot_Sheet_3",2024,"109286.0"
"FRF1","pop_tot_Sheet_3",2015,"119671.0"
"FRF1","pop_tot_Sheet_3",2016,"118233.0"
"FRF1","pop_tot_Sheet_3",2017,"117332.0"
"FRF1","pop_tot_Sheet_3",2018,"116924.0"
"FRF1","pop_tot_Sheet_3",2019,"117963.0"
"FRF1","pop_tot_Sheet_3",2020,"118805.0"
"FRF1","pop_tot_Sheet_3",2021,"118920.0"
"FRF1","pop_tot_Sheet_3",2022,"119810.0"
"FRF1","pop_tot_Sheet_3",2023,"119953.0"
"FRF1","pop_tot_Sheet_3",2024,"118642.0"
"FRF2","pop_tot_Sheet_3",2015,"79453.0"
"FRF2","pop_tot_Sheet_3",2016,"78184.0"
"FRF2","pop_tot_Sheet_3",2017,"77632.0"
"FRF2","pop_tot_Sheet_3",2018,"77023.0"
"FRF2","pop_tot_Sheet_3",2019,"77329.0"
"FRF2","pop_tot_Sheet_3",2020,"77265.0"
"FRF2","pop_tot_Sheet_3",2021,"76789.0"
"FRF2","pop_tot_Sheet_3",2022,"75643.0"
"FRF2","pop_tot_Sheet_3",2023,"74538.0"
"FRF2","pop_tot_Sheet_3",2024,"73170.0"
"FRF3","pop_tot_Sheet_3",2015,"145152.0"
"FRF3","pop_tot_Sheet_3",2016,"143633.0"
"FRF3","pop_tot_Sheet_3",2017,"142660.0"
"FRF3","pop_tot_Sheet_3",2018,"140875.0"
"FRF3","pop_tot_Sheet_3",2019,"140813.0"
"FRF3","pop_tot_Sheet_3",2020,"139843.0"
"FRF3","pop_tot_Sheet_3",2021,"139633.0"
"FRF3","pop_tot_Sheet_3",2022,"138893.0"
"FRF3","pop_tot_Sheet_3",2023,"137429.0"
"FRF3","pop_tot_Sheet_3",2024,"135802.0"
"FRG0","pop_tot_Sheet_3",2015,"225495.0"
"FRG0","pop_tot_Sheet_3",2016,"222801.0"
"FRG0","pop_tot_Sheet_3",2017,"220660.0"
"FRG0","pop_tot_Sheet_3",2018,"218265.0"
"FRG0","pop_tot_Sheet_3",2019,"218052.0"
"FRG0","pop_tot_Sheet_3",2020,"219393.0"
"FRG0","pop_tot_Sheet_3",2021,"221252.0"
"FRG0","pop_tot_Sheet_3",2022,"222713.0"
"FRG0","pop_tot_Sheet_3",2023,"223808.0"
"FRG0","pop_tot_Sheet_3",2024,"222160.0"
"FRH0","pop_tot_Sheet_3",2015,"188882.0"
"FRH0","pop_tot_Sheet_3",2016,"185776.0"
"FRH0","pop_tot_Sheet_3",2017,"183520.0"
"FRH0","pop_tot_Sheet_3",2018,"182007.0"
"FRH0","pop_tot_Sheet_3",2019,"181949.0"
"FRH0","pop_tot_Sheet_3",2020,"183074.0"
"FRH0","pop_tot_Sheet_3",2021,"184462.0"
"FRH0","pop_tot_Sheet_3",2022,"186079.0"
"FRH0","pop_tot_Sheet_3",2023,"186359.0"
"FRH0","pop_tot_Sheet_3",2024,"185888.0"
"FRI1","pop_tot_Sheet_3",2015,"196433.0"
"FRI1","pop_tot_Sheet_3",2016,"194565.0"
"FRI1","pop_tot_Sheet_3",2017,"193223.0"
"FRI1","pop_tot_Sheet_3",2018,"193769.0"
"FRI1","pop_tot_Sheet_3",2019,"195118.0"
"FRI1","pop_tot_Sheet_3",2020,"197789.0"
"FRI1","pop_tot_Sheet_3",2021,"201017.0"
"FRI1","pop_tot_Sheet_3",2022,"204700.0"
"FRI1","pop_tot_Sheet_3",2023,"205578.0"
"FRI1","pop_tot_Sheet_3",2024,"204961.0"
"FRI2","pop_tot_Sheet_3",2015,"37962.0"
"FRI2","pop_tot_Sheet_3",2016,"37249.0"
"FRI2","pop_tot_Sheet_3",2017,"36416.0"
"FRI2","pop_tot_Sheet_3",2018,"35853.0"
"FRI2","pop_tot_Sheet_3",2019,"35785.0"
"FRI2","pop_tot_Sheet_3",2020,"35763.0"
"FRI2","pop_tot_Sheet_3",2021,"35736.0"
"FRI2","pop_tot_Sheet_3",2022,"36433.0"
"FRI2","pop_tot_Sheet_3",2023,"36210.0"
"FRI2","pop_tot_Sheet_3",2024,"35671.0"
"FRI3","pop_tot_Sheet_3",2015,"98074.0"
"FRI3","pop_tot_Sheet_3",2016,"96498.0"
"FRI3","pop_tot_Sheet_3",2017,"94926.0"
"FRI3","pop_tot_Sheet_3",2018,"93436.0"
"FRI3","pop_tot_Sheet_3",2019,"92753.0"
"FRI3","pop_tot_Sheet_3",2020,"93256.0"
"FRI3","pop_tot_Sheet_3",2021,"93192.0"
"FRI3","pop_tot_Sheet_3",2022,"93239.0"
"FRI3","pop_tot_Sheet_3",2023,"92577.0"
"FRI3","pop_tot_Sheet_3",2024,"91673.0"
"FRJ1","pop_tot_Sheet_3",2015,"157158.0"
"FRJ1","pop_tot_Sheet_3",2016,"156482.0"
"FRJ1","pop_tot_Sheet_3",2017,"155827.0"
"FRJ1","pop_tot_Sheet_3",2018,"155901.0"
"FRJ1","pop_tot_Sheet_3",2019,"156614.0"
"FRJ1","pop_tot_Sheet_3",2020,"157230.0"
"FRJ1","pop_tot_Sheet_3",2021,"158935.0"
"FRJ1","pop_tot_Sheet_3",2022,"160194.0"
"FRJ1","pop_tot_Sheet_3",2023,"160280.0"
"FRJ1","pop_tot_Sheet_3",2024,"159277.0"
"FRJ2","pop_tot_Sheet_3",2015,"181450.0"
"FRJ2","pop_tot_Sheet_3",2016,"178973.0"
"FRJ2","pop_tot_Sheet_3",2017,"177456.0"
"FRJ2","pop_tot_Sheet_3",2018,"176372.0"
"FRJ2","pop_tot_Sheet_3",2019,"178832.0"
"FRJ2","pop_tot_Sheet_3",2020,"180557.0"
"FRJ2","pop_tot_Sheet_3",2021,"182813.0"
"FRJ2","pop_tot_Sheet_3",2022,"185653.0"
"FRJ2","pop_tot_Sheet_3",2023,"187570.0"
"FRJ2","pop_tot_Sheet_3",2024,"187786.0"
"FRK1","pop_tot_Sheet_3",2015,"74383.0"
"FRK1","pop_tot_Sheet_3",2016,"73416.0"
"FRK1","pop_tot_Sheet_3",2017,"72741.0"
"FRK1","pop_tot_Sheet_3",2018,"72045.0"
"FRK1","pop_tot_Sheet_3",2019,"71910.0"
"FRK1","pop_tot_Sheet_3",2020,"71720.0"
"FRK1","pop_tot_Sheet_3",2021,"72148.0"
"FRK1","pop_tot_Sheet_3",2022,"72378.0"
"FRK1","pop_tot_Sheet_3",2023,"72245.0"
"FRK1","pop_tot_Sheet_3",2024,"71405.0"
"FRK2","pop_tot_Sheet_3",2015,"420568.0"
"FRK2","pop_tot_Sheet_3",2016,"418212.0"
"FRK2","pop_tot_Sheet_3",2017,"418390.0"
"FRK2","pop_tot_Sheet_3",2018,"416722.0"
"FRK2","pop_tot_Sheet_3",2019,"418681.0"
"FRK2","pop_tot_Sheet_3",2020,"421037.0"
"FRK2","pop_tot_Sheet_3",2021,"424402.0"
"FRK2","pop_tot_Sheet_3",2022,"427890.0"
"FRK2","pop_tot_Sheet_3",2023,"430441.0"
"FRK2","pop_tot_Sheet_3",2024,"428616.0"
"FRL0","pop_tot_Sheet_3",2015,"294622.0"
"FRL0","pop_tot_Sheet_3",2016,"292266.0"
"FRL0","pop_tot_Sheet_3",2017,"290451.0"
"FRL0","pop_tot_Sheet_3",2018,"289869.0"
"FRL0","pop_tot_Sheet_3",2019,"291567.0"
"FRL0","pop_tot_Sheet_3",2020,"292983.0"
"FRL0","pop_tot_Sheet_3",2021,"295519.0"
"FRL0","pop_tot_Sheet_3",2022,"297485.0"
"FRL0","pop_tot_Sheet_3",2023,"298409.0"
"FRL0","pop_tot_Sheet_3",2024,"295401.0"
"FRM0","pop_tot_Sheet_3",2015,"20270.0"
"FRM0","pop_tot_Sheet_3",2016,"20407.0"
"FRM0","pop_tot_Sheet_3",2017,"20388.0"
"FRM0","pop_tot_Sheet_3",2018,"20478.0"
"FRM0","pop_tot_Sheet_3",2019,"20552.0"
"FRM0","pop_tot_Sheet_3",2020,"20508.0"
"FRM0","pop_tot_Sheet_3",2021,"21136.0"
"FRM0","pop_tot_Sheet_3",2022,"21152.0"
"FRM0","pop_tot_Sheet_3",2023,"21282.0"
"FRM0","pop_tot_Sheet_3",2024,"21011.0"
"FRY1","pop_tot_Sheet_3",2015,"21673.0"
"FRY1","pop_tot_Sheet_3",2016,"21341.0"
"FRY1","pop_tot_Sheet_3",2017,"20582.0"
"FRY1","pop_tot_Sheet_3",2018,"20060.0"
"FRY1","pop_tot_Sheet_3",2019,"19946.0"
"FRY1","pop_tot_Sheet_3",2020,"20150.0"
"FRY1","pop_tot_Sheet_3",2021,"20487.0"
"FRY1","pop_tot_Sheet_3",2022,"20566.0"
"FRY1","pop_tot_Sheet_3",2023,"20298.0"
"FRY1","pop_tot_Sheet_3",2024,"19978.0"
"FRY2","pop_tot_Sheet_3",2015,"18089.0"
"FRY2","pop_tot_Sheet_3",2016,"17753.0"
"FRY2","pop_tot_Sheet_3",2017,"17515.0"
"FRY2","pop_tot_Sheet_3",2018,"17427.0"
"FRY2","pop_tot_Sheet_3",2019,"17291.0"
"FRY2","pop_tot_Sheet_3",2020,"17831.0"
"FRY2","pop_tot_Sheet_3",2021,"17954.0"
"FRY2","pop_tot_Sheet_3",2022,"18085.0"
"FRY2","pop_tot_Sheet_3",2023,"18184.0"
"FRY2","pop_tot_Sheet_3",2024,"17907.0"
"FRY3","pop_tot_Sheet_3",2015,"19238.0"
"FRY3","pop_tot_Sheet_3",2016,"19564.0"
"FRY3","pop_tot_Sheet_3",2017,"19170.0"
"FRY3","pop_tot_Sheet_3",2018,"19586.0"
"FRY3","pop_tot_Sheet_3",2019,"19706.0"
"FRY3","pop_tot_Sheet_3",2020,"19761.0"
"FRY3","pop_tot_Sheet_3",2021,"19758.0"
"FRY3","pop_tot_Sheet_3",2022,"19487.0"
"FRY3","pop_tot_Sheet_3",2023,"19826.0"
"FRY3","pop_tot_Sheet_3",2024,"19637.0"
"FRY4","pop_tot_Sheet_3",2015,"52812.0"
"FRY4","pop_tot_Sheet_3",2016,"51920.0"
"FRY4","pop_tot_Sheet_3",2017,"51678.0"
"FRY4","pop_tot_Sheet_3",2018,"52171.0"
"FRY4","pop_tot_Sheet_3",2019,"52356.0"
"FRY4","pop_tot_Sheet_3",2020,"52648.0"
"FRY4","pop_tot_Sheet_3",2021,"53399.0"
"FRY4","pop_tot_Sheet_3",2022,"53322.0"
"FRY4","pop_tot_Sheet_3",2023,"53992.0"
"FRY4","pop_tot_Sheet_3",2024,"53645.0"
"FRY5","pop_tot_Sheet_3",2015,"15896.0"
"FRY5","pop_tot_Sheet_3",2016,"16495.0"
"FRY5","pop_tot_Sheet_3",2017,"17121.0"
"FRY5","pop_tot_Sheet_3",2018,"17768.0"
"FRY5","pop_tot_Sheet_3",2019,"18451.0"
"FRY5","pop_tot_Sheet_3",2020,"19144.0"
"FRY5","pop_tot_Sheet_3",2021,"19782.0"
"FRY5","pop_tot_Sheet_3",2022,"20509.0"
"FRY5","pop_tot_Sheet_3",2023,"21236.0"
"FRY5","pop_tot_Sheet_3",2024,"21926.0"
"HR02","pop_tot_Sheet_3",2015,"74342.0"
"HR02","pop_tot_Sheet_3",2016,"72426.0"
"HR02","pop_tot_Sheet_3",2017,"69301.0"
"HR02","pop_tot_Sheet_3",2018,"65182.0"
"HR02","pop_tot_Sheet_3",2019,"61729.0"
"HR02","pop_tot_Sheet_3",2020,"58281.0"
"HR02","pop_tot_Sheet_3",2021,"56052.0"
"HR02","pop_tot_Sheet_3",2022,"53982.0"
"HR02","pop_tot_Sheet_3",2023,"51924.0"
"HR02","pop_tot_Sheet_3",2024,"51089.0"
"HR03","pop_tot_Sheet_3",2015,"92006.0"
"HR03","pop_tot_Sheet_3",2016,"89581.0"
"HR03","pop_tot_Sheet_3",2017,"86658.0"
"HR03","pop_tot_Sheet_3",2018,"83748.0"
"HR03","pop_tot_Sheet_3",2019,"81465.0"
"HR03","pop_tot_Sheet_3",2020,"79169.0"
"HR03","pop_tot_Sheet_3",2021,"76967.0"
"HR03","pop_tot_Sheet_3",2022,"75427.0"
"HR03","pop_tot_Sheet_3",2023,"74126.0"
"HR03","pop_tot_Sheet_3",2024,"74993.0"
"HR05","pop_tot_Sheet_3",2015,"62116.0"
"HR05","pop_tot_Sheet_3",2016,"60525.0"
"HR05","pop_tot_Sheet_3",2017,"58380.0"
"HR05","pop_tot_Sheet_3",2018,"55668.0"
"HR05","pop_tot_Sheet_3",2019,"54219.0"
"HR05","pop_tot_Sheet_3",2020,"52414.0"
"HR05","pop_tot_Sheet_3",2021,"51243.0"
"HR05","pop_tot_Sheet_3",2022,"51719.0"
"HR05","pop_tot_Sheet_3",2023,"52136.0"
"HR05","pop_tot_Sheet_3",2024,"53191.0"
"HR06","pop_tot_Sheet_3",2015,"57337.0"
"HR06","pop_tot_Sheet_3",2016,"55895.0"
"HR06","pop_tot_Sheet_3",2017,"53844.0"
"HR06","pop_tot_Sheet_3",2018,"51253.0"
"HR06","pop_tot_Sheet_3",2019,"49564.0"
"HR06","pop_tot_Sheet_3",2020,"47975.0"
"HR06","pop_tot_Sheet_3",2021,"46192.0"
"HR06","pop_tot_Sheet_3",2022,"45637.0"
"HR06","pop_tot_Sheet_3",2023,"45443.0"
"HR06","pop_tot_Sheet_3",2024,"45737.0"
"ITC1","pop_tot_Sheet_3",2015,"239186.0"
"ITC1","pop_tot_Sheet_3",2016,"234002.0"
"ITC1","pop_tot_Sheet_3",2017,"229316.0"
"ITC1","pop_tot_Sheet_3",2018,"223176.0"
"ITC1","pop_tot_Sheet_3",2019,"220776.0"
"ITC1","pop_tot_Sheet_3",2020,"219290.0"
"ITC1","pop_tot_Sheet_3",2021,"217534.0"
"ITC1","pop_tot_Sheet_3",2022,"217444.0"
"ITC1","pop_tot_Sheet_3",2023,"221057.0"
"ITC1","pop_tot_Sheet_3",2024,"222268.0"
"ITC2","pop_tot_Sheet_3",2015,"6954.0"
"ITC2","pop_tot_Sheet_3",2016,"6774.0"
"ITC2","pop_tot_Sheet_3",2017,"6647.0"
"ITC2","pop_tot_Sheet_3",2018,"6483.0"
"ITC2","pop_tot_Sheet_3",2019,"6386.0"
"ITC2","pop_tot_Sheet_3",2020,"6303.0"
"ITC2","pop_tot_Sheet_3",2021,"6275.0"
"ITC2","pop_tot_Sheet_3",2022,"6181.0"
"ITC2","pop_tot_Sheet_3",2023,"6231.0"
"ITC2","pop_tot_Sheet_3",2024,"6151.0"
"ITC3","pop_tot_Sheet_3",2015,"74294.0"
"ITC3","pop_tot_Sheet_3",2016,"73617.0"
"ITC3","pop_tot_Sheet_3",2017,"72448.0"
"ITC3","pop_tot_Sheet_3",2018,"71743.0"
"ITC3","pop_tot_Sheet_3",2019,"71910.0"
"ITC3","pop_tot_Sheet_3",2020,"71777.0"
"ITC3","pop_tot_Sheet_3",2021,"71788.0"
"ITC3","pop_tot_Sheet_3",2022,"72060.0"
"ITC3","pop_tot_Sheet_3",2023,"73666.0"
"ITC3","pop_tot_Sheet_3",2024,"74342.0"
"ITC4","pop_tot_Sheet_3",2015,"588121.0"
"ITC4","pop_tot_Sheet_3",2016,"575568.0"
"ITC4","pop_tot_Sheet_3",2017,"563462.0"
"ITC4","pop_tot_Sheet_3",2018,"553724.0"
"ITC4","pop_tot_Sheet_3",2019,"552322.0"
"ITC4","pop_tot_Sheet_3",2020,"551429.0"
"ITC4","pop_tot_Sheet_3",2021,"547941.0"
"ITC4","pop_tot_Sheet_3",2022,"545732.0"
"ITC4","pop_tot_Sheet_3",2023,"554737.0"
"ITC4","pop_tot_Sheet_3",2024,"557527.0"
"ITF1","pop_tot_Sheet_3",2015,"80411.0"
"ITF1","pop_tot_Sheet_3",2016,"78927.0"
"ITF1","pop_tot_Sheet_3",2017,"77101.0"
"ITF1","pop_tot_Sheet_3",2018,"74785.0"
"ITF1","pop_tot_Sheet_3",2019,"73822.0"
"ITF1","pop_tot_Sheet_3",2020,"72195.0"
"ITF1","pop_tot_Sheet_3",2021,"69636.0"
"ITF1","pop_tot_Sheet_3",2022,"68712.0"
"ITF1","pop_tot_Sheet_3",2023,"68477.0"
"ITF1","pop_tot_Sheet_3",2024,"67528.0"
"ITF2","pop_tot_Sheet_3",2015,"18741.0"
"ITF2","pop_tot_Sheet_3",2016,"18636.0"
"ITF2","pop_tot_Sheet_3",2017,"18141.0"
"ITF2","pop_tot_Sheet_3",2018,"17787.0"
"ITF2","pop_tot_Sheet_3",2019,"17409.0"
"ITF2","pop_tot_Sheet_3",2020,"16941.0"
"ITF2","pop_tot_Sheet_3",2021,"16200.0"
"ITF2","pop_tot_Sheet_3",2022,"15959.0"
"ITF2","pop_tot_Sheet_3",2023,"16082.0"
"ITF2","pop_tot_Sheet_3",2024,"15863.0"
"ITF3","pop_tot_Sheet_3",2015,"371519.0"
"ITF3","pop_tot_Sheet_3",2016,"368593.0"
"ITF3","pop_tot_Sheet_3",2017,"364083.0"
"ITF3","pop_tot_Sheet_3",2018,"359198.0"
"ITF3","pop_tot_Sheet_3",2019,"356140.0"
"ITF3","pop_tot_Sheet_3",2020,"351072.0"
"ITF3","pop_tot_Sheet_3",2021,"339047.0"
"ITF3","pop_tot_Sheet_3",2022,"340053.0"
"ITF3","pop_tot_Sheet_3",2023,"339492.0"
"ITF3","pop_tot_Sheet_3",2024,"333907.0"
"ITF4","pop_tot_Sheet_3",2015,"246084.0"
"ITF4","pop_tot_Sheet_3",2016,"239695.0"
"ITF4","pop_tot_Sheet_3",2017,"234344.0"
"ITF4","pop_tot_Sheet_3",2018,"229802.0"
"ITF4","pop_tot_Sheet_3",2019,"227224.0"
"ITF4","pop_tot_Sheet_3",2020,"222922.0"
"ITF4","pop_tot_Sheet_3",2021,"218751.0"
"ITF4","pop_tot_Sheet_3",2022,"218131.0"
"ITF4","pop_tot_Sheet_3",2023,"217191.0"
"ITF4","pop_tot_Sheet_3",2024,"213281.0"
"ITF5","pop_tot_Sheet_3",2015,"35024.0"
"ITF5","pop_tot_Sheet_3",2016,"34724.0"
"ITF5","pop_tot_Sheet_3",2017,"34102.0"
"ITF5","pop_tot_Sheet_3",2018,"33513.0"
"ITF5","pop_tot_Sheet_3",2019,"32977.0"
"ITF5","pop_tot_Sheet_3",2020,"32186.0"
"ITF5","pop_tot_Sheet_3",2021,"31157.0"
"ITF5","pop_tot_Sheet_3",2022,"30809.0"
"ITF5","pop_tot_Sheet_3",2023,"30649.0"
"ITF5","pop_tot_Sheet_3",2024,"29778.0"
"ITF6","pop_tot_Sheet_3",2015,"124938.0"
"ITF6","pop_tot_Sheet_3",2016,"123627.0"
"ITF6","pop_tot_Sheet_3",2017,"122529.0"
"ITF6","pop_tot_Sheet_3",2018,"121176.0"
"ITF6","pop_tot_Sheet_3",2019,"120386.0"
"ITF6","pop_tot_Sheet_3",2020,"117282.0"
"ITF6","pop_tot_Sheet_3",2021,"111409.0"
"ITF6","pop_tot_Sheet_3",2022,"109784.0"
"ITF6","pop_tot_Sheet_3",2023,"107760.0"
"ITF6","pop_tot_Sheet_3",2024,"105294.0"
"ITG1","pop_tot_Sheet_3",2015,"313264.0"
"ITG1","pop_tot_Sheet_3",2016,"307921.0"
"ITG1","pop_tot_Sheet_3",2017,"302866.0"
"ITG1","pop_tot_Sheet_3",2018,"296907.0"
"ITG1","pop_tot_Sheet_3",2019,"294464.0"
"ITG1","pop_tot_Sheet_3",2020,"289758.0"
"ITG1","pop_tot_Sheet_3",2021,"280596.0"
"ITG1","pop_tot_Sheet_3",2022,"281047.0"
"ITG1","pop_tot_Sheet_3",2023,"279910.0"
"ITG1","pop_tot_Sheet_3",2024,"274993.0"
"ITG2","pop_tot_Sheet_3",2015,"100492.0"
"ITG2","pop_tot_Sheet_3",2016,"97628.0"
"ITG2","pop_tot_Sheet_3",2017,"94736.0"
"ITG2","pop_tot_Sheet_3",2018,"91768.0"
"ITG2","pop_tot_Sheet_3",2019,"89470.0"
"ITG2","pop_tot_Sheet_3",2020,"87157.0"
"ITG2","pop_tot_Sheet_3",2021,"82585.0"
"ITG2","pop_tot_Sheet_3",2022,"81987.0"
"ITG2","pop_tot_Sheet_3",2023,"80623.0"
"ITG2","pop_tot_Sheet_3",2024,"78687.0"
"ITH1","pop_tot_Sheet_3",2015,"31850.0"
"ITH1","pop_tot_Sheet_3",2016,"31274.0"
"ITH1","pop_tot_Sheet_3",2017,"30811.0"
"ITH1","pop_tot_Sheet_3",2018,"30279.0"
"ITH1","pop_tot_Sheet_3",2019,"30252.0"
"ITH1","pop_tot_Sheet_3",2020,"30403.0"
"ITH1","pop_tot_Sheet_3",2021,"30936.0"
"ITH1","pop_tot_Sheet_3",2022,"30719.0"
"ITH1","pop_tot_Sheet_3",2023,"31088.0"
"ITH1","pop_tot_Sheet_3",2024,"31184.0"
"ITH2","pop_tot_Sheet_3",2015,"30608.0"
"ITH2","pop_tot_Sheet_3",2016,"30293.0"
"ITH2","pop_tot_Sheet_3",2017,"29965.0"
"ITH2","pop_tot_Sheet_3",2018,"29825.0"
"ITH2","pop_tot_Sheet_3",2019,"29764.0"
"ITH2","pop_tot_Sheet_3",2020,"29743.0"
"ITH2","pop_tot_Sheet_3",2021,"29823.0"
"ITH2","pop_tot_Sheet_3",2022,"29740.0"
"ITH2","pop_tot_Sheet_3",2023,"30229.0"
"ITH2","pop_tot_Sheet_3",2024,"30592.0"
"ITH3","pop_tot_Sheet_3",2015,"274377.0"
"ITH3","pop_tot_Sheet_3",2016,"267514.0"
"ITH3","pop_tot_Sheet_3",2017,"260643.0"
"ITH3","pop_tot_Sheet_3",2018,"255471.0"
"ITH3","pop_tot_Sheet_3",2019,"255194.0"
"ITH3","pop_tot_Sheet_3",2020,"253817.0"
"ITH3","pop_tot_Sheet_3",2021,"253316.0"
"ITH3","pop_tot_Sheet_3",2022,"251874.0"
"ITH3","pop_tot_Sheet_3",2023,"255129.0"
"ITH3","pop_tot_Sheet_3",2024,"254744.0"
"ITH4","pop_tot_Sheet_3",2015,"65031.0"
"ITH4","pop_tot_Sheet_3",2016,"63210.0"
"ITH4","pop_tot_Sheet_3",2017,"61689.0"
"ITH4","pop_tot_Sheet_3",2018,"60253.0"
"ITH4","pop_tot_Sheet_3",2019,"60249.0"
"ITH4","pop_tot_Sheet_3",2020,"59498.0"
"ITH4","pop_tot_Sheet_3",2021,"59166.0"
"ITH4","pop_tot_Sheet_3",2022,"58987.0"
"ITH4","pop_tot_Sheet_3",2023,"60141.0"
"ITH4","pop_tot_Sheet_3",2024,"59916.0"
"ITH5","pop_tot_Sheet_3",2015,"251682.0"
"ITH5","pop_tot_Sheet_3",2016,"246324.0"
"ITH5","pop_tot_Sheet_3",2017,"241424.0"
"ITH5","pop_tot_Sheet_3",2018,"237438.0"
"ITH5","pop_tot_Sheet_3",2019,"237153.0"
"ITH5","pop_tot_Sheet_3",2020,"236663.0"
"ITH5","pop_tot_Sheet_3",2021,"236364.0"
"ITH5","pop_tot_Sheet_3",2022,"236667.0"
"ITH5","pop_tot_Sheet_3",2023,"241774.0"
"ITH5","pop_tot_Sheet_3",2024,"243980.0"
"ITI1","pop_tot_Sheet_3",2015,"206446.0"
"ITI1","pop_tot_Sheet_3",2016,"201970.0"
"ITI1","pop_tot_Sheet_3",2017,"197780.0"
"ITI1","pop_tot_Sheet_3",2018,"193591.0"
"ITI1","pop_tot_Sheet_3",2019,"191976.0"
"ITI1","pop_tot_Sheet_3",2020,"190036.0"
"ITI1","pop_tot_Sheet_3",2021,"190055.0"
"ITI1","pop_tot_Sheet_3",2022,"186880.0"
"ITI1","pop_tot_Sheet_3",2023,"188521.0"
"ITI1","pop_tot_Sheet_3",2024,"186692.0"
"ITI2","pop_tot_Sheet_3",2015,"51020.0"
"ITI2","pop_tot_Sheet_3",2016,"49909.0"
"ITI2","pop_tot_Sheet_3",2017,"48656.0"
"ITI2","pop_tot_Sheet_3",2018,"47483.0"
"ITI2","pop_tot_Sheet_3",2019,"46653.0"
"ITI2","pop_tot_Sheet_3",2020,"45967.0"
"ITI2","pop_tot_Sheet_3",2021,"44497.0"
"ITI2","pop_tot_Sheet_3",2022,"43573.0"
"ITI2","pop_tot_Sheet_3",2023,"43649.0"
"ITI2","pop_tot_Sheet_3",2024,"42701.0"
"ITI3","pop_tot_Sheet_3",2015,"88158.0"
"ITI3","pop_tot_Sheet_3",2016,"85578.0"
"ITI3","pop_tot_Sheet_3",2017,"83400.0"
"ITI3","pop_tot_Sheet_3",2018,"81141.0"
"ITI3","pop_tot_Sheet_3",2019,"80016.0"
"ITI3","pop_tot_Sheet_3",2020,"78686.0"
"ITI3","pop_tot_Sheet_3",2021,"77149.0"
"ITI3","pop_tot_Sheet_3",2022,"76047.0"
"ITI3","pop_tot_Sheet_3",2023,"76380.0"
"ITI3","pop_tot_Sheet_3",2024,"75844.0"
"ITI4","pop_tot_Sheet_3",2015,"350005.0"
"ITI4","pop_tot_Sheet_3",2016,"345009.0"
"ITI4","pop_tot_Sheet_3",2017,"338369.0"
"ITI4","pop_tot_Sheet_3",2018,"330729.0"
"ITI4","pop_tot_Sheet_3",2019,"325957.0"
"ITI4","pop_tot_Sheet_3",2020,"319316.0"
"ITI4","pop_tot_Sheet_3",2021,"311921.0"
"ITI4","pop_tot_Sheet_3",2022,"309263.0"
"ITI4","pop_tot_Sheet_3",2023,"311337.0"
"ITI4","pop_tot_Sheet_3",2024,"308065.0"
"CY00","pop_tot_Sheet_3",2015,"72056.0"
"CY00","pop_tot_Sheet_3",2016,"72320.0"
"CY00","pop_tot_Sheet_3",2017,"72414.0"
"CY00","pop_tot_Sheet_3",2018,"72680.0"
"CY00","pop_tot_Sheet_3",2019,"72707.0"
"CY00","pop_tot_Sheet_3",2020,"72922.0"
"CY00","pop_tot_Sheet_3",2021,"73920.0"
"CY00","pop_tot_Sheet_3",2022,"74356.0"
"CY00","pop_tot_Sheet_3",2023,"76912.0"
"CY00","pop_tot_Sheet_3",2024,"77939.0"
"LV00","pop_tot_Sheet_3",2015,"135861.0"
"LV00","pop_tot_Sheet_3",2016,"137236.0"
"LV00","pop_tot_Sheet_3",2017,"138635.0"
"LV00","pop_tot_Sheet_3",2018,"139806.0"
"LV00","pop_tot_Sheet_3",2019,"139017.0"
"LV00","pop_tot_Sheet_3",2020,"137794.0"
"LV00","pop_tot_Sheet_3",2021,"136375.0"
"LV00","pop_tot_Sheet_3",2022,"132936.0"
"LV00","pop_tot_Sheet_3",2023,"130197.0"
"LV00","pop_tot_Sheet_3",2024,"122844.0"
"LT01","pop_tot_Sheet_3",2015,"66035.0"
"LT01","pop_tot_Sheet_3",2016,"67783.0"
"LT01","pop_tot_Sheet_3",2017,"69558.0"
"LT01","pop_tot_Sheet_3",2018,"70891.0"
"LT01","pop_tot_Sheet_3",2019,"71779.0"
"LT01","pop_tot_Sheet_3",2020,"70639.0"
"LT01","pop_tot_Sheet_3",2021,"65176.0"
"LT01","pop_tot_Sheet_3",2022,"65427.0"
"LT01","pop_tot_Sheet_3",2023,"68917.0"
"LT01","pop_tot_Sheet_3",2024,"70006.0"
"LT02","pop_tot_Sheet_3",2015,"115943.0"
"LT02","pop_tot_Sheet_3",2016,"115734.0"
"LT02","pop_tot_Sheet_3",2017,"115496.0"
"LT02","pop_tot_Sheet_3",2018,"115939.0"
"LT02","pop_tot_Sheet_3",2019,"115125.0"
"LT02","pop_tot_Sheet_3",2020,"118283.0"
"LT02","pop_tot_Sheet_3",2021,"130003.0"
"LT02","pop_tot_Sheet_3",2022,"130818.0"
"LT02","pop_tot_Sheet_3",2023,"134804.0"
"LT02","pop_tot_Sheet_3",2024,"136316.0"
"LU00","pop_tot_Sheet_3",2015,"43355.0"
"LU00","pop_tot_Sheet_3",2016,"44401.0"
"LU00","pop_tot_Sheet_3",2017,"45453.0"
"LU00","pop_tot_Sheet_3",2018,"46272.0"
"LU00","pop_tot_Sheet_3",2019,"47863.0"
"LU00","pop_tot_Sheet_3",2020,"49433.0"
"LU00","pop_tot_Sheet_3",2021,"51050.0"
"LU00","pop_tot_Sheet_3",2022,"51920.0"
"LU00","pop_tot_Sheet_3",2023,"53755.0"
"LU00","pop_tot_Sheet_3",2024,"54743.0"
"HU11","pop_tot_Sheet_3",2015,"135630.0"
"HU11","pop_tot_Sheet_3",2016,"131400.0"
"HU11","pop_tot_Sheet_3",2017,"127451.0"
"HU11","pop_tot_Sheet_3",2018,"126101.0"
"HU11","pop_tot_Sheet_3",2019,"126571.0"
"HU11","pop_tot_Sheet_3",2020,"126921.0"
"HU11","pop_tot_Sheet_3",2021,"124640.0"
"HU11","pop_tot_Sheet_3",2022,"125080.0"
"HU11","pop_tot_Sheet_3",2023,"124686.0"
"HU11","pop_tot_Sheet_3",2024,"126605.0"
"HU12","pop_tot_Sheet_3",2015,"77230.0"
"HU12","pop_tot_Sheet_3",2016,"75007.0"
"HU12","pop_tot_Sheet_3",2017,"74376.0"
"HU12","pop_tot_Sheet_3",2018,"74758.0"
"HU12","pop_tot_Sheet_3",2019,"76532.0"
"HU12","pop_tot_Sheet_3",2020,"78972.0"
"HU12","pop_tot_Sheet_3",2021,"80572.0"
"HU12","pop_tot_Sheet_3",2022,"83244.0"
"HU12","pop_tot_Sheet_3",2023,"83380.0"
"HU12","pop_tot_Sheet_3",2024,"83715.0"
"HU21","pop_tot_Sheet_3",2015,"69375.0"
"HU21","pop_tot_Sheet_3",2016,"67302.0"
"HU21","pop_tot_Sheet_3",2017,"65273.0"
"HU21","pop_tot_Sheet_3",2018,"64896.0"
"HU21","pop_tot_Sheet_3",2019,"65650.0"
"HU21","pop_tot_Sheet_3",2020,"66657.0"
"HU21","pop_tot_Sheet_3",2021,"67121.0"
"HU21","pop_tot_Sheet_3",2022,"68069.0"
"HU21","pop_tot_Sheet_3",2023,"67340.0"
"HU21","pop_tot_Sheet_3",2024,"67324.0"
"HU22","pop_tot_Sheet_3",2015,"64144.0"
"HU22","pop_tot_Sheet_3",2016,"61508.0"
"HU22","pop_tot_Sheet_3",2017,"59293.0"
"HU22","pop_tot_Sheet_3",2018,"59146.0"
"HU22","pop_tot_Sheet_3",2019,"59947.0"
"HU22","pop_tot_Sheet_3",2020,"60895.0"
"HU22","pop_tot_Sheet_3",2021,"61808.0"
"HU22","pop_tot_Sheet_3",2022,"62711.0"
"HU22","pop_tot_Sheet_3",2023,"61947.0"
"HU22","pop_tot_Sheet_3",2024,"61640.0"
"HU23","pop_tot_Sheet_3",2015,"54130.0"
"HU23","pop_tot_Sheet_3",2016,"52331.0"
"HU23","pop_tot_Sheet_3",2017,"50959.0"
"HU23","pop_tot_Sheet_3",2018,"50209.0"
"HU23","pop_tot_Sheet_3",2019,"50179.0"
"HU23","pop_tot_Sheet_3",2020,"50444.0"
"HU23","pop_tot_Sheet_3",2021,"50840.0"
"HU23","pop_tot_Sheet_3",2022,"51319.0"
"HU23","pop_tot_Sheet_3",2023,"50239.0"
"HU23","pop_tot_Sheet_3",2024,"49879.0"
"HU31","pop_tot_Sheet_3",2015,"70736.0"
"HU31","pop_tot_Sheet_3",2016,"68879.0"
"HU31","pop_tot_Sheet_3",2017,"68063.0"
"HU31","pop_tot_Sheet_3",2018,"67369.0"
"HU31","pop_tot_Sheet_3",2019,"67824.0"
"HU31","pop_tot_Sheet_3",2020,"68222.0"
"HU31","pop_tot_Sheet_3",2021,"68816.0"
"HU31","pop_tot_Sheet_3",2022,"69298.0"
"HU31","pop_tot_Sheet_3",2023,"68519.0"
"HU31","pop_tot_Sheet_3",2024,"67153.0"
"HU32","pop_tot_Sheet_3",2015,"93719.0"
"HU32","pop_tot_Sheet_3",2016,"92012.0"
"HU32","pop_tot_Sheet_3",2017,"90329.0"
"HU32","pop_tot_Sheet_3",2018,"89901.0"
"HU32","pop_tot_Sheet_3",2019,"90291.0"
"HU32","pop_tot_Sheet_3",2020,"91201.0"
"HU32","pop_tot_Sheet_3",2021,"91240.0"
"HU32","pop_tot_Sheet_3",2022,"90905.0"
"HU32","pop_tot_Sheet_3",2023,"89636.0"
"HU32","pop_tot_Sheet_3",2024,"88559.0"
"HU33","pop_tot_Sheet_3",2015,"76721.0"
"HU33","pop_tot_Sheet_3",2016,"74704.0"
"HU33","pop_tot_Sheet_3",2017,"73015.0"
"HU33","pop_tot_Sheet_3",2018,"72893.0"
"HU33","pop_tot_Sheet_3",2019,"73078.0"
"HU33","pop_tot_Sheet_3",2020,"74721.0"
"HU33","pop_tot_Sheet_3",2021,"75167.0"
"HU33","pop_tot_Sheet_3",2022,"75848.0"
"HU33","pop_tot_Sheet_3",2023,"73887.0"
"HU33","pop_tot_Sheet_3",2024,"72985.0"
"MT00","pop_tot_Sheet_3",2015,"33690.0"
"MT00","pop_tot_Sheet_3",2016,"35406.0"
"MT00","pop_tot_Sheet_3",2017,"36771.0"
"MT00","pop_tot_Sheet_3",2018,"39197.0"
"MT00","pop_tot_Sheet_3",2019,"42644.0"
"MT00","pop_tot_Sheet_3",2020,"46992.0"
"MT00","pop_tot_Sheet_3",2021,"47715.0"
"MT00","pop_tot_Sheet_3",2022,"48553.0"
"MT00","pop_tot_Sheet_3",2023,"52843.0"
"MT00","pop_tot_Sheet_3",2024,"56779.0"
"NL11","pop_tot_Sheet_3",2015,"33222.0"
"NL11","pop_tot_Sheet_3",2016,"33057.0"
"NL11","pop_tot_Sheet_3",2017,"33418.0"
"NL11","pop_tot_Sheet_3",2018,"34040.0"
"NL11","pop_tot_Sheet_3",2019,"34652.0"
"NL11","pop_tot_Sheet_3",2020,"35201.0"
"NL11","pop_tot_Sheet_3",2021,"36121.0"
"NL11","pop_tot_Sheet_3",2022,"36733.0"
"NL11","pop_tot_Sheet_3",2023,"37477.0"
"NL11","pop_tot_Sheet_3",2024,"38150.0"
"NL12","pop_tot_Sheet_3",2015,"34664.0"
"NL12","pop_tot_Sheet_3",2016,"34366.0"
"NL12","pop_tot_Sheet_3",2017,"34443.0"
"NL12","pop_tot_Sheet_3",2018,"34576.0"
"NL12","pop_tot_Sheet_3",2019,"34621.0"
"NL12","pop_tot_Sheet_3",2020,"35159.0"
"NL12","pop_tot_Sheet_3",2021,"35555.0"
"NL12","pop_tot_Sheet_3",2022,"36080.0"
"NL12","pop_tot_Sheet_3",2023,"36998.0"
"NL12","pop_tot_Sheet_3",2024,"37687.0"
"NL13","pop_tot_Sheet_3",2015,"23885.0"
"NL13","pop_tot_Sheet_3",2016,"24076.0"
"NL13","pop_tot_Sheet_3",2017,"24628.0"
"NL13","pop_tot_Sheet_3",2018,"24783.0"
"NL13","pop_tot_Sheet_3",2019,"25000.0"
"NL13","pop_tot_Sheet_3",2020,"25062.0"
"NL13","pop_tot_Sheet_3",2021,"25109.0"
"NL13","pop_tot_Sheet_3",2022,"25403.0"
"NL13","pop_tot_Sheet_3",2023,"25788.0"
"NL13","pop_tot_Sheet_3",2024,"26211.0"
"NL21","pop_tot_Sheet_3",2015,"66065.0"
"NL21","pop_tot_Sheet_3",2016,"66003.0"
"NL21","pop_tot_Sheet_3",2017,"66457.0"
"NL21","pop_tot_Sheet_3",2018,"67011.0"
"NL21","pop_tot_Sheet_3",2019,"67745.0"
"NL21","pop_tot_Sheet_3",2020,"68766.0"
"NL21","pop_tot_Sheet_3",2021,"69906.0"
"NL21","pop_tot_Sheet_3",2022,"70717.0"
"NL21","pop_tot_Sheet_3",2023,"71880.0"
"NL21","pop_tot_Sheet_3",2024,"73085.0"
"NL22","pop_tot_Sheet_3",2015,"109752.0"
"NL22","pop_tot_Sheet_3",2016,"109670.0"
"NL22","pop_tot_Sheet_3",2017,"111642.0"
"NL22","pop_tot_Sheet_3",2018,"113583.0"
"NL22","pop_tot_Sheet_3",2019,"115580.0"
"NL22","pop_tot_Sheet_3",2020,"118218.0"
"NL22","pop_tot_Sheet_3",2021,"121371.0"
"NL22","pop_tot_Sheet_3",2022,"124442.0"
"NL22","pop_tot_Sheet_3",2023,"127828.0"
"NL22","pop_tot_Sheet_3",2024,"130741.0"
"NL23","pop_tot_Sheet_3",2015,"26383.0"
"NL23","pop_tot_Sheet_3",2016,"26421.0"
"NL23","pop_tot_Sheet_3",2017,"26871.0"
"NL23","pop_tot_Sheet_3",2018,"27615.0"
"NL23","pop_tot_Sheet_3",2019,"28369.0"
"NL23","pop_tot_Sheet_3",2020,"29275.0"
"NL23","pop_tot_Sheet_3",2021,"30380.0"
"NL23","pop_tot_Sheet_3",2022,"31508.0"
"NL23","pop_tot_Sheet_3",2023,"32647.0"
"NL23","pop_tot_Sheet_3",2024,"33458.0"
"NL32","pop_tot_Sheet_3",2015,"183578.0"
"NL32","pop_tot_Sheet_3",2016,"186447.0"
"NL32","pop_tot_Sheet_3",2017,"190807.0"
"NL32","pop_tot_Sheet_3",2018,"195873.0"
"NL32","pop_tot_Sheet_3",2019,"202593.0"
"NL32","pop_tot_Sheet_3",2020,"208761.0"
"NL32","pop_tot_Sheet_3",2021,"212687.0"
"NL32","pop_tot_Sheet_3",2022,"215934.0"
"NL32","pop_tot_Sheet_3",2023,"223448.0"
"NL32","pop_tot_Sheet_3",2024,"227170.0"
"NL34","pop_tot_Sheet_3",2015,"19715.0"
"NL34","pop_tot_Sheet_3",2016,"19707.0"
"NL34","pop_tot_Sheet_3",2017,"19996.0"
"NL34","pop_tot_Sheet_3",2018,"20106.0"
"NL34","pop_tot_Sheet_3",2019,"20349.0"
"NL34","pop_tot_Sheet_3",2020,"20369.0"
"NL34","pop_tot_Sheet_3",2021,"20955.0"
"NL34","pop_tot_Sheet_3",2022,"21188.0"
"NL34","pop_tot_Sheet_3",2023,"21770.0"
"NL34","pop_tot_Sheet_3",2024,"21958.0"
"NL41","pop_tot_Sheet_3",2015,"142967.0"
"NL41","pop_tot_Sheet_3",2016,"143695.0"
"NL41","pop_tot_Sheet_3",2017,"145730.0"
"NL41","pop_tot_Sheet_3",2018,"148985.0"
"NL41","pop_tot_Sheet_3",2019,"152996.0"
"NL41","pop_tot_Sheet_3",2020,"156514.0"
"NL41","pop_tot_Sheet_3",2021,"160322.0"
"NL41","pop_tot_Sheet_3",2022,"164312.0"
"NL41","pop_tot_Sheet_3",2023,"170369.0"
"NL41","pop_tot_Sheet_3",2024,"174222.0"
"NL42","pop_tot_Sheet_3",2015,"57334.0"
"NL42","pop_tot_Sheet_3",2016,"57743.0"
"NL42","pop_tot_Sheet_3",2017,"58621.0"
"NL42","pop_tot_Sheet_3",2018,"59929.0"
"NL42","pop_tot_Sheet_3",2019,"61160.0"
"NL42","pop_tot_Sheet_3",2020,"62293.0"
"NL42","pop_tot_Sheet_3",2021,"63752.0"
"NL42","pop_tot_Sheet_3",2022,"64796.0"
"NL42","pop_tot_Sheet_3",2023,"66010.0"
"NL42","pop_tot_Sheet_3",2024,"66745.0"
"AT11","pop_tot_Sheet_3",2015,"17177.0"
"AT11","pop_tot_Sheet_3",2016,"17100.0"
"AT11","pop_tot_Sheet_3",2017,"16870.0"
"AT11","pop_tot_Sheet_3",2018,"16503.0"
"AT11","pop_tot_Sheet_3",2019,"16418.0"
"AT11","pop_tot_Sheet_3",2020,"16304.0"
"AT11","pop_tot_Sheet_3",2021,"16284.0"
"AT11","pop_tot_Sheet_3",2022,"16345.0"
"AT11","pop_tot_Sheet_3",2023,"16364.0"
"AT11","pop_tot_Sheet_3",2024,"16434.0"
"AT12","pop_tot_Sheet_3",2015,"98865.0"
"AT12","pop_tot_Sheet_3",2016,"100131.0"
"AT12","pop_tot_Sheet_3",2017,"100246.0"
"AT12","pop_tot_Sheet_3",2018,"99304.0"
"AT12","pop_tot_Sheet_3",2019,"99746.0"
"AT12","pop_tot_Sheet_3",2020,"100386.0"
"AT12","pop_tot_Sheet_3",2021,"101641.0"
"AT12","pop_tot_Sheet_3",2022,"103739.0"
"AT12","pop_tot_Sheet_3",2023,"105580.0"
"AT12","pop_tot_Sheet_3",2024,"105639.0"
"AT13","pop_tot_Sheet_3",2015,"145625.0"
"AT13","pop_tot_Sheet_3",2016,"150341.0"
"AT13","pop_tot_Sheet_3",2017,"152595.0"
"AT13","pop_tot_Sheet_3",2018,"154938.0"
"AT13","pop_tot_Sheet_3",2019,"156723.0"
"AT13","pop_tot_Sheet_3",2020,"158299.0"
"AT13","pop_tot_Sheet_3",2021,"160493.0"
"AT13","pop_tot_Sheet_3",2022,"161996.0"
"AT13","pop_tot_Sheet_3",2023,"167504.0"
"AT13","pop_tot_Sheet_3",2024,"168874.0"
"AT21","pop_tot_Sheet_3",2015,"34269.0"
"AT21","pop_tot_Sheet_3",2016,"34651.0"
"AT21","pop_tot_Sheet_3",2017,"34425.0"
"AT21","pop_tot_Sheet_3",2018,"33817.0"
"AT21","pop_tot_Sheet_3",2019,"33506.0"
"AT21","pop_tot_Sheet_3",2020,"33454.0"
"AT21","pop_tot_Sheet_3",2021,"33537.0"
"AT21","pop_tot_Sheet_3",2022,"33905.0"
"AT21","pop_tot_Sheet_3",2023,"34635.0"
"AT21","pop_tot_Sheet_3",2024,"34575.0"
"AT22","pop_tot_Sheet_3",2015,"80152.0"
"AT22","pop_tot_Sheet_3",2016,"80984.0"
"AT22","pop_tot_Sheet_3",2017,"80603.0"
"AT22","pop_tot_Sheet_3",2018,"80521.0"
"AT22","pop_tot_Sheet_3",2019,"81236.0"
"AT22","pop_tot_Sheet_3",2020,"81974.0"
"AT22","pop_tot_Sheet_3",2021,"82380.0"
"AT22","pop_tot_Sheet_3",2022,"83736.0"
"AT22","pop_tot_Sheet_3",2023,"85183.0"
"AT22","pop_tot_Sheet_3",2024,"85189.0"
"AT31","pop_tot_Sheet_3",2015,"95601.0"
"AT31","pop_tot_Sheet_3",2016,"97219.0"
"AT31","pop_tot_Sheet_3",2017,"97345.0"
"AT31","pop_tot_Sheet_3",2018,"97198.0"
"AT31","pop_tot_Sheet_3",2019,"98038.0"
"AT31","pop_tot_Sheet_3",2020,"99242.0"
"AT31","pop_tot_Sheet_3",2021,"100179.0"
"AT31","pop_tot_Sheet_3",2022,"101903.0"
"AT31","pop_tot_Sheet_3",2023,"103850.0"
"AT31","pop_tot_Sheet_3",2024,"104523.0"
"AT32","pop_tot_Sheet_3",2015,"37103.0"
"AT32","pop_tot_Sheet_3",2016,"37901.0"
"AT32","pop_tot_Sheet_3",2017,"38031.0"
"AT32","pop_tot_Sheet_3",2018,"37911.0"
"AT32","pop_tot_Sheet_3",2019,"38186.0"
"AT32","pop_tot_Sheet_3",2020,"38173.0"
"AT32","pop_tot_Sheet_3",2021,"38379.0"
"AT32","pop_tot_Sheet_3",2022,"38631.0"
"AT32","pop_tot_Sheet_3",2023,"39290.0"
"AT32","pop_tot_Sheet_3",2024,"39578.0"
"AT33","pop_tot_Sheet_3",2015,"50452.0"
"AT33","pop_tot_Sheet_3",2016,"51446.0"
"AT33","pop_tot_Sheet_3",2017,"51659.0"
"AT33","pop_tot_Sheet_3",2018,"51935.0"
"AT33","pop_tot_Sheet_3",2019,"52431.0"
"AT33","pop_tot_Sheet_3",2020,"52887.0"
"AT33","pop_tot_Sheet_3",2021,"53522.0"
"AT33","pop_tot_Sheet_3",2022,"54179.0"
"AT33","pop_tot_Sheet_3",2023,"55133.0"
"AT33","pop_tot_Sheet_3",2024,"55506.0"
"AT34","pop_tot_Sheet_3",2015,"26236.0"
"AT34","pop_tot_Sheet_3",2016,"26514.0"
"AT34","pop_tot_Sheet_3",2017,"26912.0"
"AT34","pop_tot_Sheet_3",2018,"26686.0"
"AT34","pop_tot_Sheet_3",2019,"26882.0"
"AT34","pop_tot_Sheet_3",2020,"26909.0"
"AT34","pop_tot_Sheet_3",2021,"27084.0"
"AT34","pop_tot_Sheet_3",2022,"27194.0"
"AT34","pop_tot_Sheet_3",2023,"27814.0"
"AT34","pop_tot_Sheet_3",2024,"27933.0"
"PL21","pop_tot_Sheet_3",2015,"279131.0"
"PL21","pop_tot_Sheet_3",2016,"281423.0"
"PL21","pop_tot_Sheet_3",2017,"282188.0"
"PL21","pop_tot_Sheet_3",2018,"279278.0"
"PL21","pop_tot_Sheet_3",2019,"273273.0"
"PL21","pop_tot_Sheet_3",2020,"267823.0"
"PL21","pop_tot_Sheet_3",2021,"253889.0"
"PL21","pop_tot_Sheet_3",2022,"252766.0"
"PL21","pop_tot_Sheet_3",2023,"250470.0"
"PL21","pop_tot_Sheet_3",2024,"246473.0"
"PL22","pop_tot_Sheet_3",2015,"372381.0"
"PL22","pop_tot_Sheet_3",2016,"369656.0"
"PL22","pop_tot_Sheet_3",2017,"365800.0"
"PL22","pop_tot_Sheet_3",2018,"357061.0"
"PL22","pop_tot_Sheet_3",2019,"344458.0"
"PL22","pop_tot_Sheet_3",2020,"332380.0"
"PL22","pop_tot_Sheet_3",2021,"300423.0"
"PL22","pop_tot_Sheet_3",2022,"289522.0"
"PL22","pop_tot_Sheet_3",2023,"277992.0"
"PL22","pop_tot_Sheet_3",2024,"266232.0"
"PL41","pop_tot_Sheet_3",2015,"295351.0"
"PL41","pop_tot_Sheet_3",2016,"295417.0"
"PL41","pop_tot_Sheet_3",2017,"294416.0"
"PL41","pop_tot_Sheet_3",2018,"287939.0"
"PL41","pop_tot_Sheet_3",2019,"279306.0"
"PL41","pop_tot_Sheet_3",2020,"270233.0"
"PL41","pop_tot_Sheet_3",2021,"258236.0"
"PL41","pop_tot_Sheet_3",2022,"253312.0"
"PL41","pop_tot_Sheet_3",2023,"247719.0"
"PL41","pop_tot_Sheet_3",2024,"241965.0"
"PL42","pop_tot_Sheet_3",2015,"139971.0"
"PL42","pop_tot_Sheet_3",2016,"138700.0"
"PL42","pop_tot_Sheet_3",2017,"136164.0"
"PL42","pop_tot_Sheet_3",2018,"132078.0"
"PL42","pop_tot_Sheet_3",2019,"126932.0"
"PL42","pop_tot_Sheet_3",2020,"121713.0"
"PL42","pop_tot_Sheet_3",2021,"111589.0"
"PL42","pop_tot_Sheet_3",2022,"108075.0"
"PL42","pop_tot_Sheet_3",2023,"104298.0"
"PL42","pop_tot_Sheet_3",2024,"100926.0"
"PL43","pop_tot_Sheet_3",2015,"85380.0"
"PL43","pop_tot_Sheet_3",2016,"84788.0"
"PL43","pop_tot_Sheet_3",2017,"83823.0"
"PL43","pop_tot_Sheet_3",2018,"80889.0"
"PL43","pop_tot_Sheet_3",2019,"77782.0"
"PL43","pop_tot_Sheet_3",2020,"74330.0"
"PL43","pop_tot_Sheet_3",2021,"67650.0"
"PL43","pop_tot_Sheet_3",2022,"64469.0"
"PL43","pop_tot_Sheet_3",2023,"62232.0"
"PL43","pop_tot_Sheet_3",2024,"59408.0"
"PL51","pop_tot_Sheet_3",2015,"249146.0"
"PL51","pop_tot_Sheet_3",2016,"248535.0"
"PL51","pop_tot_Sheet_3",2017,"245685.0"
"PL51","pop_tot_Sheet_3",2018,"239822.0"
"PL51","pop_tot_Sheet_3",2019,"230651.0"
"PL51","pop_tot_Sheet_3",2020,"222173.0"
"PL51","pop_tot_Sheet_3",2021,"211886.0"
"PL51","pop_tot_Sheet_3",2022,"207693.0"
"PL51","pop_tot_Sheet_3",2023,"202799.0"
"PL51","pop_tot_Sheet_3",2024,"198226.0"
"PL52","pop_tot_Sheet_3",2015,"74941.0"
"PL52","pop_tot_Sheet_3",2016,"75286.0"
"PL52","pop_tot_Sheet_3",2017,"75579.0"
"PL52","pop_tot_Sheet_3",2018,"75032.0"
"PL52","pop_tot_Sheet_3",2019,"73312.0"
"PL52","pop_tot_Sheet_3",2020,"71605.0"
"PL52","pop_tot_Sheet_3",2021,"64285.0"
"PL52","pop_tot_Sheet_3",2022,"62017.0"
"PL52","pop_tot_Sheet_3",2023,"59142.0"
"PL52","pop_tot_Sheet_3",2024,"56371.0"
"PL61","pop_tot_Sheet_3",2015,"168451.0"
"PL61","pop_tot_Sheet_3",2016,"168476.0"
"PL61","pop_tot_Sheet_3",2017,"167348.0"
"PL61","pop_tot_Sheet_3",2018,"163517.0"
"PL61","pop_tot_Sheet_3",2019,"157831.0"
"PL61","pop_tot_Sheet_3",2020,"152263.0"
"PL61","pop_tot_Sheet_3",2021,"136869.0"
"PL61","pop_tot_Sheet_3",2022,"132857.0"
"PL61","pop_tot_Sheet_3",2023,"128552.0"
"PL61","pop_tot_Sheet_3",2024,"124577.0"
"PL62","pop_tot_Sheet_3",2015,"116275.0"
"PL62","pop_tot_Sheet_3",2016,"116090.0"
"PL62","pop_tot_Sheet_3",2017,"115121.0"
"PL62","pop_tot_Sheet_3",2018,"112208.0"
"PL62","pop_tot_Sheet_3",2019,"108225.0"
"PL62","pop_tot_Sheet_3",2020,"104711.0"
"PL62","pop_tot_Sheet_3",2021,"91359.0"
"PL62","pop_tot_Sheet_3",2022,"87681.0"
"PL62","pop_tot_Sheet_3",2023,"84305.0"
"PL62","pop_tot_Sheet_3",2024,"80498.0"
"PL63","pop_tot_Sheet_3",2015,"191164.0"
"PL63","pop_tot_Sheet_3",2016,"192561.0"
"PL63","pop_tot_Sheet_3",2017,"192589.0"
"PL63","pop_tot_Sheet_3",2018,"189907.0"
"PL63","pop_tot_Sheet_3",2019,"185697.0"
"PL63","pop_tot_Sheet_3",2020,"181078.0"
"PL63","pop_tot_Sheet_3",2021,"175865.0"
"PL63","pop_tot_Sheet_3",2022,"174592.0"
"PL63","pop_tot_Sheet_3",2023,"171991.0"
"PL63","pop_tot_Sheet_3",2024,"168797.0"
"PL71","pop_tot_Sheet_3",2015,"198009.0"
"PL71","pop_tot_Sheet_3",2016,"196072.0"
"PL71","pop_tot_Sheet_3",2017,"193183.0"
"PL71","pop_tot_Sheet_3",2018,"186627.0"
"PL71","pop_tot_Sheet_3",2019,"178511.0"
"PL71","pop_tot_Sheet_3",2020,"171542.0"
"PL71","pop_tot_Sheet_3",2021,"158876.0"
"PL71","pop_tot_Sheet_3",2022,"154459.0"
"PL71","pop_tot_Sheet_3",2023,"150402.0"
"PL71","pop_tot_Sheet_3",2024,"146345.0"
"PL72","pop_tot_Sheet_3",2015,"98390.0"
"PL72","pop_tot_Sheet_3",2016,"97878.0"
"PL72","pop_tot_Sheet_3",2017,"96783.0"
"PL72","pop_tot_Sheet_3",2018,"93583.0"
"PL72","pop_tot_Sheet_3",2019,"90116.0"
"PL72","pop_tot_Sheet_3",2020,"86442.0"
"PL72","pop_tot_Sheet_3",2021,"74666.0"
"PL72","pop_tot_Sheet_3",2022,"72005.0"
"PL72","pop_tot_Sheet_3",2023,"69660.0"
"PL72","pop_tot_Sheet_3",2024,"66693.0"
"PL81","pop_tot_Sheet_3",2015,"169409.0"
"PL81","pop_tot_Sheet_3",2016,"169617.0"
"PL81","pop_tot_Sheet_3",2017,"168527.0"
"PL81","pop_tot_Sheet_3",2018,"164804.0"
"PL81","pop_tot_Sheet_3",2019,"159630.0"
"PL81","pop_tot_Sheet_3",2020,"154886.0"
"PL81","pop_tot_Sheet_3",2021,"133185.0"
"PL81","pop_tot_Sheet_3",2022,"128683.0"
"PL81","pop_tot_Sheet_3",2023,"124710.0"
"PL81","pop_tot_Sheet_3",2024,"119830.0"
"PL82","pop_tot_Sheet_3",2015,"167842.0"
"PL82","pop_tot_Sheet_3",2016,"168740.0"
"PL82","pop_tot_Sheet_3",2017,"169119.0"
"PL82","pop_tot_Sheet_3",2018,"166980.0"
"PL82","pop_tot_Sheet_3",2019,"163637.0"
"PL82","pop_tot_Sheet_3",2020,"160390.0"
"PL82","pop_tot_Sheet_3",2021,"140178.0"
"PL82","pop_tot_Sheet_3",2022,"137028.0"
"PL82","pop_tot_Sheet_3",2023,"133040.0"
"PL82","pop_tot_Sheet_3",2024,"127932.0"
"PL84","pop_tot_Sheet_3",2015,"91023.0"
"PL84","pop_tot_Sheet_3",2016,"92174.0"
"PL84","pop_tot_Sheet_3",2017,"92754.0"
"PL84","pop_tot_Sheet_3",2018,"91751.0"
"PL84","pop_tot_Sheet_3",2019,"89728.0"
"PL84","pop_tot_Sheet_3",2020,"87481.0"
"PL84","pop_tot_Sheet_3",2021,"77953.0"
"PL84","pop_tot_Sheet_3",2022,"75574.0"
"PL84","pop_tot_Sheet_3",2023,"73290.0"
"PL84","pop_tot_Sheet_3",2024,"70800.0"
"PL91","pop_tot_Sheet_3",2015,"271615.0"
"PL91","pop_tot_Sheet_3",2016,"271161.0"
"PL91","pop_tot_Sheet_3",2017,"268975.0"
"PL91","pop_tot_Sheet_3",2018,"262347.0"
"PL91","pop_tot_Sheet_3",2019,"253471.0"
"PL91","pop_tot_Sheet_3",2020,"244116.0"
"PL91","pop_tot_Sheet_3",2021,"265924.0"
"PL91","pop_tot_Sheet_3",2022,"263468.0"
"PL91","pop_tot_Sheet_3",2023,"261137.0"
"PL91","pop_tot_Sheet_3",2024,"257702.0"
"PL92","pop_tot_Sheet_3",2015,"185240.0"
"PL92","pop_tot_Sheet_3",2016,"184373.0"
"PL92","pop_tot_Sheet_3",2017,"183404.0"
"PL92","pop_tot_Sheet_3",2018,"177913.0"
"PL92","pop_tot_Sheet_3",2019,"172190.0"
"PL92","pop_tot_Sheet_3",2020,"167140.0"
"PL92","pop_tot_Sheet_3",2021,"152803.0"
"PL92","pop_tot_Sheet_3",2022,"148418.0"
"PL92","pop_tot_Sheet_3",2023,"144104.0"
"PL92","pop_tot_Sheet_3",2024,"139380.0"
"PT11","pop_tot_Sheet_3",2015,"231797.0"
"PT11","pop_tot_Sheet_3",2016,"222568.0"
"PT11","pop_tot_Sheet_3",2017,"213853.0"
"PT11","pop_tot_Sheet_3",2018,"205889.0"
"PT11","pop_tot_Sheet_3",2019,"200128.0"
"PT11","pop_tot_Sheet_3",2020,"195205.0"
"PT11","pop_tot_Sheet_3",2021,"194233.0"
"PT11","pop_tot_Sheet_3",2022,"196092.0"
"PT11","pop_tot_Sheet_3",2023,"200424.0"
"PT11","pop_tot_Sheet_3",2024,"206153.0"
"PT15","pop_tot_Sheet_3",2015,"29526.0"
"PT15","pop_tot_Sheet_3",2016,"28384.0"
"PT15","pop_tot_Sheet_3",2017,"27372.0"
"PT15","pop_tot_Sheet_3",2018,"26483.0"
"PT15","pop_tot_Sheet_3",2019,"25888.0"
"PT15","pop_tot_Sheet_3",2020,"25737.0"
"PT15","pop_tot_Sheet_3",2021,"25390.0"
"PT15","pop_tot_Sheet_3",2022,"25175.0"
"PT15","pop_tot_Sheet_3",2023,"25839.0"
"PT15","pop_tot_Sheet_3",2024,"26464.0"
"PT20","pop_tot_Sheet_3",2015,"18535.0"
"PT20","pop_tot_Sheet_3",2016,"17802.0"
"PT20","pop_tot_Sheet_3",2017,"17256.0"
"PT20","pop_tot_Sheet_3",2018,"16797.0"
"PT20","pop_tot_Sheet_3",2019,"16316.0"
"PT20","pop_tot_Sheet_3",2020,"15789.0"
"PT20","pop_tot_Sheet_3",2021,"15539.0"
"PT20","pop_tot_Sheet_3",2022,"15380.0"
"PT20","pop_tot_Sheet_3",2023,"15228.0"
"PT20","pop_tot_Sheet_3",2024,"15081.0"
"PT30","pop_tot_Sheet_3",2015,"17424.0"
"PT30","pop_tot_Sheet_3",2016,"16451.0"
"PT30","pop_tot_Sheet_3",2017,"15608.0"
"PT30","pop_tot_Sheet_3",2018,"14813.0"
"PT30","pop_tot_Sheet_3",2019,"14220.0"
"PT30","pop_tot_Sheet_3",2020,"13431.0"
"PT30","pop_tot_Sheet_3",2021,"12991.0"
"PT30","pop_tot_Sheet_3",2022,"12892.0"
"PT30","pop_tot_Sheet_3",2023,"12964.0"
"PT30","pop_tot_Sheet_3",2024,"13370.0"
"RO11","pop_tot_Sheet_3",2015,"183266.0"
"RO11","pop_tot_Sheet_3",2016,"180960.0"
"RO11","pop_tot_Sheet_3",2017,"181155.0"
"RO11","pop_tot_Sheet_3",2018,"184863.0"
"RO11","pop_tot_Sheet_3",2019,"191458.0"
"RO11","pop_tot_Sheet_3",2020,"196854.0"
"RO11","pop_tot_Sheet_3",2021,"196610.0"
"RO11","pop_tot_Sheet_3",2022,"176147.0"
"RO11","pop_tot_Sheet_3",2023,"171035.0"
"RO11","pop_tot_Sheet_3",2024,"163430.0"
"RO12","pop_tot_Sheet_3",2015,"163232.0"
"RO12","pop_tot_Sheet_3",2016,"158151.0"
"RO12","pop_tot_Sheet_3",2017,"155276.0"
"RO12","pop_tot_Sheet_3",2018,"156761.0"
"RO12","pop_tot_Sheet_3",2019,"160758.0"
"RO12","pop_tot_Sheet_3",2020,"164186.0"
"RO12","pop_tot_Sheet_3",2021,"160959.0"
"RO12","pop_tot_Sheet_3",2022,"147907.0"
"RO12","pop_tot_Sheet_3",2023,"142636.0"
"RO12","pop_tot_Sheet_3",2024,"135159.0"
"RO21","pop_tot_Sheet_3",2015,"199738.0"
"RO21","pop_tot_Sheet_3",2016,"191846.0"
"RO21","pop_tot_Sheet_3",2017,"188150.0"
"RO21","pop_tot_Sheet_3",2018,"190222.0"
"RO21","pop_tot_Sheet_3",2019,"194476.0"
"RO21","pop_tot_Sheet_3",2020,"197112.0"
"RO21","pop_tot_Sheet_3",2021,"192736.0"
"RO21","pop_tot_Sheet_3",2022,"196282.0"
"RO21","pop_tot_Sheet_3",2023,"188011.0"
"RO21","pop_tot_Sheet_3",2024,"179634.0"
"RO22","pop_tot_Sheet_3",2015,"154484.0"
"RO22","pop_tot_Sheet_3",2016,"147576.0"
"RO22","pop_tot_Sheet_3",2017,"143227.0"
"RO22","pop_tot_Sheet_3",2018,"144897.0"
"RO22","pop_tot_Sheet_3",2019,"146819.0"
"RO22","pop_tot_Sheet_3",2020,"146585.0"
"RO22","pop_tot_Sheet_3",2021,"138766.0"
"RO22","pop_tot_Sheet_3",2022,"142016.0"
"RO22","pop_tot_Sheet_3",2023,"132419.0"
"RO22","pop_tot_Sheet_3",2024,"122853.0"
"RO31","pop_tot_Sheet_3",2015,"184807.0"
"RO31","pop_tot_Sheet_3",2016,"177130.0"
"RO31","pop_tot_Sheet_3",2017,"174406.0"
"RO31","pop_tot_Sheet_3",2018,"176378.0"
"RO31","pop_tot_Sheet_3",2019,"180175.0"
"RO31","pop_tot_Sheet_3",2020,"180322.0"
"RO31","pop_tot_Sheet_3",2021,"170757.0"
"RO31","pop_tot_Sheet_3",2022,"171610.0"
"RO31","pop_tot_Sheet_3",2023,"161218.0"
"RO31","pop_tot_Sheet_3",2024,"151187.0"
"RO32","pop_tot_Sheet_3",2015,"208567.0"
"RO32","pop_tot_Sheet_3",2016,"209253.0"
"RO32","pop_tot_Sheet_3",2017,"211684.0"
"RO32","pop_tot_Sheet_3",2018,"219919.0"
"RO32","pop_tot_Sheet_3",2019,"231694.0"
"RO32","pop_tot_Sheet_3",2020,"234091.0"
"RO32","pop_tot_Sheet_3",2021,"229271.0"
"RO32","pop_tot_Sheet_3",2022,"186453.0"
"RO32","pop_tot_Sheet_3",2023,"177437.0"
"RO32","pop_tot_Sheet_3",2024,"165364.0"
"RO41","pop_tot_Sheet_3",2015,"123745.0"
"RO41","pop_tot_Sheet_3",2016,"117858.0"
"RO41","pop_tot_Sheet_3",2017,"115366.0"
"RO41","pop_tot_Sheet_3",2018,"115002.0"
"RO41","pop_tot_Sheet_3",2019,"115296.0"
"RO41","pop_tot_Sheet_3",2020,"113916.0"
"RO41","pop_tot_Sheet_3",2021,"108316.0"
"RO41","pop_tot_Sheet_3",2022,"112015.0"
"RO41","pop_tot_Sheet_3",2023,"106699.0"
"RO41","pop_tot_Sheet_3",2024,"101653.0"
"RO42","pop_tot_Sheet_3",2015,"124759.0"
"RO42","pop_tot_Sheet_3",2016,"122840.0"
"RO42","pop_tot_Sheet_3",2017,"122879.0"
"RO42","pop_tot_Sheet_3",2018,"127149.0"
"RO42","pop_tot_Sheet_3",2019,"133607.0"
"RO42","pop_tot_Sheet_3",2020,"137781.0"
"RO42","pop_tot_Sheet_3",2021,"136956.0"
"RO42","pop_tot_Sheet_3",2022,"111406.0"
"RO42","pop_tot_Sheet_3",2023,"107482.0"
"RO42","pop_tot_Sheet_3",2024,"102075.0"
"SI03","pop_tot_Sheet_3",2015,"78727.0"
"SI03","pop_tot_Sheet_3",2016,"76706.0"
"SI03","pop_tot_Sheet_3",2017,"74239.0"
"SI03","pop_tot_Sheet_3",2018,"72469.0"
"SI03","pop_tot_Sheet_3",2019,"72076.0"
"SI03","pop_tot_Sheet_3",2020,"71118.0"
"SI03","pop_tot_Sheet_3",2021,"68974.0"
"SI03","pop_tot_Sheet_3",2022,"67318.0"
"SI03","pop_tot_Sheet_3",2023,"65455.0"
"SI03","pop_tot_Sheet_3",2024,"63468.0"
"SI04","pop_tot_Sheet_3",2015,"70549.0"
"SI04","pop_tot_Sheet_3",2016,"68599.0"
"SI04","pop_tot_Sheet_3",2017,"66564.0"
"SI04","pop_tot_Sheet_3",2018,"65435.0"
"SI04","pop_tot_Sheet_3",2019,"65636.0"
"SI04","pop_tot_Sheet_3",2020,"65147.0"
"SI04","pop_tot_Sheet_3",2021,"64668.0"
"SI04","pop_tot_Sheet_3",2022,"63011.0"
"SI04","pop_tot_Sheet_3",2023,"60736.0"
"SI04","pop_tot_Sheet_3",2024,"58413.0"
"SK01","pop_tot_Sheet_3",2015,"57937.0"
"SK01","pop_tot_Sheet_3",2016,"57962.0"
"SK01","pop_tot_Sheet_3",2017,"57484.0"
"SK01","pop_tot_Sheet_3",2018,"56975.0"
"SK01","pop_tot_Sheet_3",2019,"56276.0"
"SK01","pop_tot_Sheet_3",2020,"55814.0"
"SK01","pop_tot_Sheet_3",2021,"54608.0"
"SK01","pop_tot_Sheet_3",2022,"57022.0"
"SK01","pop_tot_Sheet_3",2023,"55306.0"
"SK01","pop_tot_Sheet_3",2024,"53240.0"
"SK02","pop_tot_Sheet_3",2015,"147133.0"
"SK02","pop_tot_Sheet_3",2016,"145330.0"
"SK02","pop_tot_Sheet_3",2017,"143133.0"
"SK02","pop_tot_Sheet_3",2018,"140118.0"
"SK02","pop_tot_Sheet_3",2019,"137502.0"
"SK02","pop_tot_Sheet_3",2020,"133886.0"
"SK02","pop_tot_Sheet_3",2021,"130880.0"
"SK02","pop_tot_Sheet_3",2022,"128025.0"
"SK02","pop_tot_Sheet_3",2023,"124677.0"
"SK02","pop_tot_Sheet_3",2024,"121253.0"
"SK03","pop_tot_Sheet_3",2015,"106229.0"
"SK03","pop_tot_Sheet_3",2016,"105649.0"
"SK03","pop_tot_Sheet_3",2017,"104801.0"
"SK03","pop_tot_Sheet_3",2018,"103240.0"
"SK03","pop_tot_Sheet_3",2019,"101594.0"
"SK03","pop_tot_Sheet_3",2020,"99142.0"
"SK03","pop_tot_Sheet_3",2021,"97015.0"
"SK03","pop_tot_Sheet_3",2022,"93500.0"
"SK03","pop_tot_Sheet_3",2023,"91595.0"
"SK03","pop_tot_Sheet_3",2024,"89792.0"
"SK04","pop_tot_Sheet_3",2015,"127700.0"
"SK04","pop_tot_Sheet_3",2016,"127807.0"
"SK04","pop_tot_Sheet_3",2017,"127201.0"
"SK04","pop_tot_Sheet_3",2018,"126158.0"
"SK04","pop_tot_Sheet_3",2019,"124664.0"
"SK04","pop_tot_Sheet_3",2020,"122528.0"
"SK04","pop_tot_Sheet_3",2021,"120497.0"
"SK04","pop_tot_Sheet_3",2022,"115956.0"
"SK04","pop_tot_Sheet_3",2023,"114444.0"
"SK04","pop_tot_Sheet_3",2024,"112520.0"
"FI19","pop_tot_Sheet_3",2015,"86581.0"
"FI19","pop_tot_Sheet_3",2016,"86690.0"
"FI19","pop_tot_Sheet_3",2017,"86339.0"
"FI19","pop_tot_Sheet_3",2018,"84693.0"
"FI19","pop_tot_Sheet_3",2019,"83621.0"
"FI19","pop_tot_Sheet_3",2020,"83146.0"
"FI19","pop_tot_Sheet_3",2021,"83638.0"
"FI19","pop_tot_Sheet_3",2022,"84901.0"
"FI19","pop_tot_Sheet_3",2023,"87105.0"
"FI19","pop_tot_Sheet_3",2024,"88701.0"
"FI1B","pop_tot_Sheet_3",2015,"123341.0"
"FI1B","pop_tot_Sheet_3",2016,"124580.0"
"FI1B","pop_tot_Sheet_3",2017,"125189.0"
"FI1B","pop_tot_Sheet_3",2018,"125209.0"
"FI1B","pop_tot_Sheet_3",2019,"126772.0"
"FI1B","pop_tot_Sheet_3",2020,"129666.0"
"FI1B","pop_tot_Sheet_3",2021,"132694.0"
"FI1B","pop_tot_Sheet_3",2022,"135675.0"
"FI1B","pop_tot_Sheet_3",2023,"140324.0"
"FI1B","pop_tot_Sheet_3",2024,"143679.0"
"FI1C","pop_tot_Sheet_3",2015,"68329.0"
"FI1C","pop_tot_Sheet_3",2016,"68114.0"
"FI1C","pop_tot_Sheet_3",2017,"67558.0"
"FI1C","pop_tot_Sheet_3",2018,"66134.0"
"FI1C","pop_tot_Sheet_3",2019,"65099.0"
"FI1C","pop_tot_Sheet_3",2020,"64327.0"
"FI1C","pop_tot_Sheet_3",2021,"64716.0"
"FI1C","pop_tot_Sheet_3",2022,"65815.0"
"FI1C","pop_tot_Sheet_3",2023,"67812.0"
"FI1C","pop_tot_Sheet_3",2024,"68563.0"
"FI1D","pop_tot_Sheet_3",2015,"75400.0"
"FI1D","pop_tot_Sheet_3",2016,"75830.0"
"FI1D","pop_tot_Sheet_3",2017,"75736.0"
"FI1D","pop_tot_Sheet_3",2018,"74499.0"
"FI1D","pop_tot_Sheet_3",2019,"73100.0"
"FI1D","pop_tot_Sheet_3",2020,"71771.0"
"FI1D","pop_tot_Sheet_3",2021,"72106.0"
"FI1D","pop_tot_Sheet_3",2022,"73168.0"
"FI1D","pop_tot_Sheet_3",2023,"74895.0"
"FI1D","pop_tot_Sheet_3",2024,"75861.0"
"FI20","pop_tot_Sheet_3",2015,"1736.0"
"FI20","pop_tot_Sheet_3",2016,"1718.0"
"FI20","pop_tot_Sheet_3",2017,"1741.0"
"FI20","pop_tot_Sheet_3",2018,"1734.0"
"FI20","pop_tot_Sheet_3",2019,"1804.0"
"FI20","pop_tot_Sheet_3",2020,"1858.0"
"FI20","pop_tot_Sheet_3",2021,"1913.0"
"FI20","pop_tot_Sheet_3",2022,"1984.0"
"FI20","pop_tot_Sheet_3",2023,"1965.0"
"FI20","pop_tot_Sheet_3",2024,"1919.0"
"SE11","pop_tot_Sheet_3",2015,"167752.0"
"SE11","pop_tot_Sheet_3",2016,"169082.0"
"SE11","pop_tot_Sheet_3",2017,"173447.0"
"SE11","pop_tot_Sheet_3",2018,"178340.0"
"SE11","pop_tot_Sheet_3",2019,"185160.0"
"SE11","pop_tot_Sheet_3",2020,"191179.0"
"SE11","pop_tot_Sheet_3",2021,"196178.0"
"SE11","pop_tot_Sheet_3",2022,"200293.0"
"SE11","pop_tot_Sheet_3",2023,"204981.0"
"SE11","pop_tot_Sheet_3",2024,"204620.0"
"SE12","pop_tot_Sheet_3",2015,"93782.0"
"SE12","pop_tot_Sheet_3",2016,"95385.0"
"SE12","pop_tot_Sheet_3",2017,"100129.0"
"SE12","pop_tot_Sheet_3",2018,"104441.0"
"SE12","pop_tot_Sheet_3",2019,"109205.0"
"SE12","pop_tot_Sheet_3",2020,"113932.0"
"SE12","pop_tot_Sheet_3",2021,"118227.0"
"SE12","pop_tot_Sheet_3",2022,"122405.0"
"SE12","pop_tot_Sheet_3",2023,"125581.0"
"SE12","pop_tot_Sheet_3",2024,"125683.0"
"SE21","pop_tot_Sheet_3",2015,"44588.0"
"SE21","pop_tot_Sheet_3",2016,"45821.0"
"SE21","pop_tot_Sheet_3",2017,"47932.0"
"SE21","pop_tot_Sheet_3",2018,"49552.0"
"SE21","pop_tot_Sheet_3",2019,"51834.0"
"SE21","pop_tot_Sheet_3",2020,"53765.0"
"SE21","pop_tot_Sheet_3",2021,"55796.0"
"SE21","pop_tot_Sheet_3",2022,"57675.0"
"SE21","pop_tot_Sheet_3",2023,"59352.0"
"SE21","pop_tot_Sheet_3",2024,"59015.0"
"SE22","pop_tot_Sheet_3",2015,"91366.0"
"SE22","pop_tot_Sheet_3",2016,"92540.0"
"SE22","pop_tot_Sheet_3",2017,"95418.0"
"SE22","pop_tot_Sheet_3",2018,"98146.0"
"SE22","pop_tot_Sheet_3",2019,"101685.0"
"SE22","pop_tot_Sheet_3",2020,"104969.0"
"SE22","pop_tot_Sheet_3",2021,"108314.0"
"SE22","pop_tot_Sheet_3",2022,"111273.0"
"SE22","pop_tot_Sheet_3",2023,"113549.0"
"SE22","pop_tot_Sheet_3",2024,"113137.0"
"SE23","pop_tot_Sheet_3",2015,"120883.0"
"SE23","pop_tot_Sheet_3",2016,"123510.0"
"SE23","pop_tot_Sheet_3",2017,"128004.0"
"SE23","pop_tot_Sheet_3",2018,"132514.0"
"SE23","pop_tot_Sheet_3",2019,"138902.0"
"SE23","pop_tot_Sheet_3",2020,"144288.0"
"SE23","pop_tot_Sheet_3",2021,"149377.0"
"SE23","pop_tot_Sheet_3",2022,"153825.0"
"SE23","pop_tot_Sheet_3",2023,"158243.0"
"SE23","pop_tot_Sheet_3",2024,"158502.0"
"SE31","pop_tot_Sheet_3",2015,"42754.0"
"SE31","pop_tot_Sheet_3",2016,"43906.0"
"SE31","pop_tot_Sheet_3",2017,"45960.0"
"SE31","pop_tot_Sheet_3",2018,"47593.0"
"SE31","pop_tot_Sheet_3",2019,"49407.0"
"SE31","pop_tot_Sheet_3",2020,"51548.0"
"SE31","pop_tot_Sheet_3",2021,"53464.0"
"SE31","pop_tot_Sheet_3",2022,"55378.0"
"SE31","pop_tot_Sheet_3",2023,"56627.0"
"SE31","pop_tot_Sheet_3",2024,"56477.0"
"SE32","pop_tot_Sheet_3",2015,"19341.0"
"SE32","pop_tot_Sheet_3",2016,"19664.0"
"SE32","pop_tot_Sheet_3",2017,"20392.0"
"SE32","pop_tot_Sheet_3",2018,"21075.0"
"SE32","pop_tot_Sheet_3",2019,"21852.0"
"SE32","pop_tot_Sheet_3",2020,"22652.0"
"SE32","pop_tot_Sheet_3",2021,"23616.0"
"SE32","pop_tot_Sheet_3",2022,"24453.0"
"SE32","pop_tot_Sheet_3",2023,"24881.0"
"SE32","pop_tot_Sheet_3",2024,"24718.0"
"SE33","pop_tot_Sheet_3",2015,"28912.0"
"SE33","pop_tot_Sheet_3",2016,"29163.0"
"SE33","pop_tot_Sheet_3",2017,"29894.0"
"SE33","pop_tot_Sheet_3",2018,"30832.0"
"SE33","pop_tot_Sheet_3",2019,"32096.0"
"SE33","pop_tot_Sheet_3",2020,"33558.0"
"SE33","pop_tot_Sheet_3",2021,"34977.0"
"SE33","pop_tot_Sheet_3",2022,"36506.0"
"SE33","pop_tot_Sheet_3",2023,"37591.0"
"SE33","pop_tot_Sheet_3",2024,"38054.0"
"IS00","pop_tot_Sheet_3",2015,"23369.0"
"IS00","pop_tot_Sheet_3",2016,"23109.0"
"IS00","pop_tot_Sheet_3",2017,"23341.0"
"IS00","pop_tot_Sheet_3",2018,"24560.0"
"IS00","pop_tot_Sheet_3",2019,"25989.0"
"IS00","pop_tot_Sheet_3",2020,"27388.0"
"IS00","pop_tot_Sheet_3",2021,"28724.0"
"IS00","pop_tot_Sheet_3",2022,"30158.0"
"IS00","pop_tot_Sheet_3",2023,"32175.0"
"IS00","pop_tot_Sheet_3",2024,"31395.0"
"LI00","pop_tot_Sheet_3",2015,"2331.0"
"LI00","pop_tot_Sheet_3",2016,"2298.0"
"LI00","pop_tot_Sheet_3",2017,"2326.0"
"LI00","pop_tot_Sheet_3",2018,"2341.0"
"LI00","pop_tot_Sheet_3",2019,"2405.0"
"LI00","pop_tot_Sheet_3",2020,"2435.0"
"LI00","pop_tot_Sheet_3",2021,"2467.0"
"LI00","pop_tot_Sheet_3",2022,"2511.0"
"LI00","pop_tot_Sheet_3",2023,"2518.0"
"LI00","pop_tot_Sheet_3",2024,"2542.0"
"NO02","pop_tot_Sheet_3",2015,"19041.0"
"NO02","pop_tot_Sheet_3",2016,"19090.0"
"NO02","pop_tot_Sheet_3",2017,"19417.0"
"NO02","pop_tot_Sheet_3",2018,"19780.0"
"NO02","pop_tot_Sheet_3",2019,"20139.0"
"NO02","pop_tot_Sheet_3",2020,"20681.0"
"NO02","pop_tot_Sheet_3",2021,"21160.0"
"NO02","pop_tot_Sheet_3",2022,"21709.0"
"NO02","pop_tot_Sheet_3",2023,"22359.0"
"NO02","pop_tot_Sheet_3",2024,"22830.0"
"NO06","pop_tot_Sheet_3",2015,"28618.0"
"NO06","pop_tot_Sheet_3",2016,"29060.0"
"NO06","pop_tot_Sheet_3",2017,"29904.0"
"NO06","pop_tot_Sheet_3",2018,"30395.0"
"NO06","pop_tot_Sheet_3",2019,"31257.0"
"NO06","pop_tot_Sheet_3",2020,"32253.0"
"NO06","pop_tot_Sheet_3",2021,"33128.0"
"NO06","pop_tot_Sheet_3",2022,"33550.0"
"NO06","pop_tot_Sheet_3",2023,"34359.0"
"NO06","pop_tot_Sheet_3",2024,"34539.0"
"NO07","pop_tot_Sheet_3",2015,"28011.0"
"NO07","pop_tot_Sheet_3",2016,"28371.0"
"NO07","pop_tot_Sheet_3",2017,"28973.0"
"NO07","pop_tot_Sheet_3",2018,"29431.0"
"NO07","pop_tot_Sheet_3",2019,"30221.0"
"NO07","pop_tot_Sheet_3",2020,"30796.0"
"NO07","pop_tot_Sheet_3",2021,"31524.0"
"NO07","pop_tot_Sheet_3",2022,"32266.0"
"NO07","pop_tot_Sheet_3",2023,"33179.0"
"NO07","pop_tot_Sheet_3",2024,"33832.0"
"NO08","pop_tot_Sheet_3",2015,"136699.0"
"NO08","pop_tot_Sheet_3",2016,"138704.0"
"NO08","pop_tot_Sheet_3",2017,"140937.0"
"NO08","pop_tot_Sheet_3",2018,"143070.0"
"NO08","pop_tot_Sheet_3",2019,"146751.0"
"NO08","pop_tot_Sheet_3",2020,"151701.0"
"NO08","pop_tot_Sheet_3",2021,"154350.0"
"NO08","pop_tot_Sheet_3",2022,"156783.0"
"NO08","pop_tot_Sheet_3",2023,"160352.0"
"NO08","pop_tot_Sheet_3",2024,"161677.0"
"NO09","pop_tot_Sheet_3",2015,"41252.0"
"NO09","pop_tot_Sheet_3",2016,"41655.0"
"NO09","pop_tot_Sheet_3",2017,"42157.0"
"NO09","pop_tot_Sheet_3",2018,"42490.0"
"NO09","pop_tot_Sheet_3",2019,"43076.0"
"NO09","pop_tot_Sheet_3",2020,"44049.0"
"NO09","pop_tot_Sheet_3",2021,"45181.0"
"NO09","pop_tot_Sheet_3",2022,"46173.0"
"NO09","pop_tot_Sheet_3",2023,"47312.0"
"NO09","pop_tot_Sheet_3",2024,"47694.0"
"NO0A","pop_tot_Sheet_3",2015,"92729.0"
"NO0A","pop_tot_Sheet_3",2016,"93262.0"
"NO0A","pop_tot_Sheet_3",2017,"93495.0"
"NO0A","pop_tot_Sheet_3",2018,"93225.0"
"NO0A","pop_tot_Sheet_3",2019,"93528.0"
"NO0A","pop_tot_Sheet_3",2020,"94744.0"
"NO0A","pop_tot_Sheet_3",2021,"95492.0"
"NO0A","pop_tot_Sheet_3",2022,"95704.0"
"NO0A","pop_tot_Sheet_3",2023,"96784.0"
"NO0A","pop_tot_Sheet_3",2024,"96795.0"
"CH01","pop_tot_Sheet_3",2015,"111871.0"
"CH01","pop_tot_Sheet_3",2016,"113228.0"
"CH01","pop_tot_Sheet_3",2017,"114491.0"
"CH01","pop_tot_Sheet_3",2018,"115750.0"
"CH01","pop_tot_Sheet_3",2019,"117720.0"
"CH01","pop_tot_Sheet_3",2020,"119264.0"
"CH01","pop_tot_Sheet_3",2021,"121498.0"
"CH01","pop_tot_Sheet_3",2022,"123545.0"
"CH01","pop_tot_Sheet_3",2023,"125628.0"
"CH01","pop_tot_Sheet_3",2024,"128039.0"
"CH02","pop_tot_Sheet_3",2015,"120950.0"
"CH02","pop_tot_Sheet_3",2016,"122621.0"
"CH02","pop_tot_Sheet_3",2017,"124117.0"
"CH02","pop_tot_Sheet_3",2018,"124365.0"
"CH02","pop_tot_Sheet_3",2019,"126061.0"
"CH02","pop_tot_Sheet_3",2020,"127059.0"
"CH02","pop_tot_Sheet_3",2021,"128824.0"
"CH02","pop_tot_Sheet_3",2022,"130241.0"
"CH02","pop_tot_Sheet_3",2023,"131842.0"
"CH02","pop_tot_Sheet_3",2024,"132681.0"
"CH03","pop_tot_Sheet_3",2015,"78952.0"
"CH03","pop_tot_Sheet_3",2016,"79793.0"
"CH03","pop_tot_Sheet_3",2017,"80682.0"
"CH03","pop_tot_Sheet_3",2018,"80985.0"
"CH03","pop_tot_Sheet_3",2019,"81270.0"
"CH03","pop_tot_Sheet_3",2020,"81501.0"
"CH03","pop_tot_Sheet_3",2021,"83022.0"
"CH03","pop_tot_Sheet_3",2022,"83170.0"
"CH03","pop_tot_Sheet_3",2023,"84201.0"
"CH03","pop_tot_Sheet_3",2024,"85758.0"
"CH04","pop_tot_Sheet_3",2015,"120154.0"
"CH04","pop_tot_Sheet_3",2016,"121220.0"
"CH04","pop_tot_Sheet_3",2017,"122485.0"
"CH04","pop_tot_Sheet_3",2018,"123454.0"
"CH04","pop_tot_Sheet_3",2019,"125547.0"
"CH04","pop_tot_Sheet_3",2020,"127217.0"
"CH04","pop_tot_Sheet_3",2021,"128243.0"
"CH04","pop_tot_Sheet_3",2022,"128645.0"
"CH04","pop_tot_Sheet_3",2023,"129789.0"
"CH04","pop_tot_Sheet_3",2024,"130902.0"
"CH05","pop_tot_Sheet_3",2015,"76916.0"
"CH05","pop_tot_Sheet_3",2016,"78180.0"
"CH05","pop_tot_Sheet_3",2017,"78945.0"
"CH05","pop_tot_Sheet_3",2018,"79316.0"
"CH05","pop_tot_Sheet_3",2019,"80322.0"
"CH05","pop_tot_Sheet_3",2020,"81160.0"
"CH05","pop_tot_Sheet_3",2021,"81987.0"
"CH05","pop_tot_Sheet_3",2022,"83321.0"
"CH05","pop_tot_Sheet_3",2023,"84886.0"
"CH05","pop_tot_Sheet_3",2024,"85464.0"
"CH06","pop_tot_Sheet_3",2015,"53625.0"
"CH06","pop_tot_Sheet_3",2016,"54387.0"
"CH06","pop_tot_Sheet_3",2017,"55415.0"
"CH06","pop_tot_Sheet_3",2018,"55490.0"
"CH06","pop_tot_Sheet_3",2019,"56251.0"
"CH06","pop_tot_Sheet_3",2020,"56653.0"
"CH06","pop_tot_Sheet_3",2021,"57570.0"
"CH06","pop_tot_Sheet_3",2022,"58173.0"
"CH06","pop_tot_Sheet_3",2023,"59015.0"
"CH06","pop_tot_Sheet_3",2024,"59514.0"
"CH07","pop_tot_Sheet_3",2015,"19980.0"
"CH07","pop_tot_Sheet_3",2016,"19855.0"
"CH07","pop_tot_Sheet_3",2017,"19965.0"
"CH07","pop_tot_Sheet_3",2018,"19535.0"
"CH07","pop_tot_Sheet_3",2019,"19319.0"
"CH07","pop_tot_Sheet_3",2020,"19227.0"
"CH07","pop_tot_Sheet_3",2021,"19315.0"
"CH07","pop_tot_Sheet_3",2022,"19329.0"
"CH07","pop_tot_Sheet_3",2023,"19611.0"
"CH07","pop_tot_Sheet_3",2024,"19939.0"
"ME00","pop_tot_Sheet_3",2015,"45983.0"
"ME00","pop_tot_Sheet_3",2016,"46279.0"
"ME00","pop_tot_Sheet_3",2017,"46354.0"
"ME00","pop_tot_Sheet_3",2018,"46132.0"
"ME00","pop_tot_Sheet_3",2019,"45313.0"
"ME00","pop_tot_Sheet_3",2020,"44068.0"
"ME00","pop_tot_Sheet_3",2021,"42651.0"
"ME00","pop_tot_Sheet_3",2022,"41407.0"
"ME00","pop_tot_Sheet_3",2023,"40424.0"
"ME00","pop_tot_Sheet_3",2024,"42460.0"
"MK00","pop_tot_Sheet_3",2015,"163444.0"
"MK00","pop_tot_Sheet_3",2016,"164046.0"
"MK00","pop_tot_Sheet_3",2017,"163775.0"
"MK00","pop_tot_Sheet_3",2018,"163732.0"
"MK00","pop_tot_Sheet_3",2019,"163906.0"
"MK00","pop_tot_Sheet_3",2020,"162389.0"
"MK00","pop_tot_Sheet_3",2021,"160659.0"
"MK00","pop_tot_Sheet_3",2022,"122950.0"
"MK00","pop_tot_Sheet_3",2023,"121302.0"
"MK00","pop_tot_Sheet_3",2024,"119128.0"
"TR10","pop_tot_Sheet_3",2015,"1436242.0"
"TR10","pop_tot_Sheet_3",2016,"1415390.0"
"TR10","pop_tot_Sheet_3",2017,"1376698.0"
"TR10","pop_tot_Sheet_3",2018,"1367009.0"
"TR10","pop_tot_Sheet_3",2019,"1354653.0"
"TR10","pop_tot_Sheet_3",2020,"1375168.0"
"TR10","pop_tot_Sheet_3",2021,"1340524.0"
"TR10","pop_tot_Sheet_3",2022,"1361871.0"
"TR10","pop_tot_Sheet_3",2023,"1340773.0"
"TR10","pop_tot_Sheet_3",2024,"1297201.0"
"TR21","pop_tot_Sheet_3",2015,"141570.0"
"TR21","pop_tot_Sheet_3",2016,"140223.0"
"TR21","pop_tot_Sheet_3",2017,"138952.0"
"TR21","pop_tot_Sheet_3",2018,"139366.0"
"TR21","pop_tot_Sheet_3",2019,"140892.0"
"TR21","pop_tot_Sheet_3",2020,"140571.0"
"TR21","pop_tot_Sheet_3",2021,"140798.0"
"TR21","pop_tot_Sheet_3",2022,"142253.0"
"TR21","pop_tot_Sheet_3",2023,"143553.0"
"TR21","pop_tot_Sheet_3",2024,"146392.0"
"TR22","pop_tot_Sheet_3",2015,"122172.0"
"TR22","pop_tot_Sheet_3",2016,"119335.0"
"TR22","pop_tot_Sheet_3",2017,"117377.0"
"TR22","pop_tot_Sheet_3",2018,"116637.0"
"TR22","pop_tot_Sheet_3",2019,"116983.0"
"TR22","pop_tot_Sheet_3",2020,"115958.0"
"TR22","pop_tot_Sheet_3",2021,"115921.0"
"TR22","pop_tot_Sheet_3",2022,"115876.0"
"TR22","pop_tot_Sheet_3",2023,"115164.0"
"TR22","pop_tot_Sheet_3",2024,"115978.0"
"TR31","pop_tot_Sheet_3",2015,"356634.0"
"TR31","pop_tot_Sheet_3",2016,"349161.0"
"TR31","pop_tot_Sheet_3",2017,"343272.0"
"TR31","pop_tot_Sheet_3",2018,"340297.0"
"TR31","pop_tot_Sheet_3",2019,"338402.0"
"TR31","pop_tot_Sheet_3",2020,"336280.0"
"TR31","pop_tot_Sheet_3",2021,"334109.0"
"TR31","pop_tot_Sheet_3",2022,"331059.0"
"TR31","pop_tot_Sheet_3",2023,"329854.0"
"TR31","pop_tot_Sheet_3",2024,"324337.0"
"TR32","pop_tot_Sheet_3",2015,"235083.0"
"TR32","pop_tot_Sheet_3",2016,"231913.0"
"TR32","pop_tot_Sheet_3",2017,"226718.0"
"TR32","pop_tot_Sheet_3",2018,"224941.0"
"TR32","pop_tot_Sheet_3",2019,"224246.0"
"TR32","pop_tot_Sheet_3",2020,"222298.0"
"TR32","pop_tot_Sheet_3",2021,"220651.0"
"TR32","pop_tot_Sheet_3",2022,"219416.0"
"TR32","pop_tot_Sheet_3",2023,"220543.0"
"TR32","pop_tot_Sheet_3",2024,"218902.0"
"TR33","pop_tot_Sheet_3",2015,"234879.0"
"TR33","pop_tot_Sheet_3",2016,"232079.0"
"TR33","pop_tot_Sheet_3",2017,"228670.0"
"TR33","pop_tot_Sheet_3",2018,"227959.0"
"TR33","pop_tot_Sheet_3",2019,"226529.0"
"TR33","pop_tot_Sheet_3",2020,"224076.0"
"TR33","pop_tot_Sheet_3",2021,"222526.0"
"TR33","pop_tot_Sheet_3",2022,"219642.0"
"TR33","pop_tot_Sheet_3",2023,"217315.0"
"TR33","pop_tot_Sheet_3",2024,"211914.0"
"TR41","pop_tot_Sheet_3",2015,"334663.0"
"TR41","pop_tot_Sheet_3",2016,"330821.0"
"TR41","pop_tot_Sheet_3",2017,"326153.0"
"TR41","pop_tot_Sheet_3",2018,"324229.0"
"TR41","pop_tot_Sheet_3",2019,"325485.0"
"TR41","pop_tot_Sheet_3",2020,"325471.0"
"TR41","pop_tot_Sheet_3",2021,"322976.0"
"TR41","pop_tot_Sheet_3",2022,"322859.0"
"TR41","pop_tot_Sheet_3",2023,"322759.0"
"TR41","pop_tot_Sheet_3",2024,"319465.0"
"TR42","pop_tot_Sheet_3",2015,"311406.0"
"TR42","pop_tot_Sheet_3",2016,"309602.0"
"TR42","pop_tot_Sheet_3",2017,"306448.0"
"TR42","pop_tot_Sheet_3",2018,"307688.0"
"TR42","pop_tot_Sheet_3",2019,"308938.0"
"TR42","pop_tot_Sheet_3",2020,"311570.0"
"TR42","pop_tot_Sheet_3",2021,"313717.0"
"TR42","pop_tot_Sheet_3",2022,"316389.0"
"TR42","pop_tot_Sheet_3",2023,"317722.0"
"TR42","pop_tot_Sheet_3",2024,"320321.0"
"TR51","pop_tot_Sheet_3",2015,"460947.0"
"TR51","pop_tot_Sheet_3",2016,"460158.0"
"TR51","pop_tot_Sheet_3",2017,"455880.0"
"TR51","pop_tot_Sheet_3",2018,"453781.0"
"TR51","pop_tot_Sheet_3",2019,"452898.0"
"TR51","pop_tot_Sheet_3",2020,"459048.0"
"TR51","pop_tot_Sheet_3",2021,"455595.0"
"TR51","pop_tot_Sheet_3",2022,"454080.0"
"TR51","pop_tot_Sheet_3",2023,"448409.0"
"TR51","pop_tot_Sheet_3",2024,"443732.0"
"TR52","pop_tot_Sheet_3",2015,"184631.0"
"TR52","pop_tot_Sheet_3",2016,"183449.0"
"TR52","pop_tot_Sheet_3",2017,"182008.0"
"TR52","pop_tot_Sheet_3",2018,"181975.0"
"TR52","pop_tot_Sheet_3",2019,"181422.0"
"TR52","pop_tot_Sheet_3",2020,"180003.0"
"TR52","pop_tot_Sheet_3",2021,"178149.0"
"TR52","pop_tot_Sheet_3",2022,"176497.0"
"TR52","pop_tot_Sheet_3",2023,"174699.0"
"TR52","pop_tot_Sheet_3",2024,"174947.0"
"TR61","pop_tot_Sheet_3",2015,"250914.0"
"TR61","pop_tot_Sheet_3",2016,"249572.0"
"TR61","pop_tot_Sheet_3",2017,"244308.0"
"TR61","pop_tot_Sheet_3",2018,"241287.0"
"TR61","pop_tot_Sheet_3",2019,"243585.0"
"TR61","pop_tot_Sheet_3",2020,"246813.0"
"TR61","pop_tot_Sheet_3",2021,"243395.0"
"TR61","pop_tot_Sheet_3",2022,"246669.0"
"TR61","pop_tot_Sheet_3",2023,"250316.0"
"TR61","pop_tot_Sheet_3",2024,"244283.0"
"TR62","pop_tot_Sheet_3",2015,"315910.0"
"TR62","pop_tot_Sheet_3",2016,"310507.0"
"TR62","pop_tot_Sheet_3",2017,"303759.0"
"TR62","pop_tot_Sheet_3",2018,"301796.0"
"TR62","pop_tot_Sheet_3",2019,"299379.0"
"TR62","pop_tot_Sheet_3",2020,"296818.0"
"TR62","pop_tot_Sheet_3",2021,"295597.0"
"TR62","pop_tot_Sheet_3",2022,"293909.0"
"TR62","pop_tot_Sheet_3",2023,"292877.0"
"TR62","pop_tot_Sheet_3",2024,"293228.0"
"TR63","pop_tot_Sheet_3",2015,"246305.0"
"TR63","pop_tot_Sheet_3",2016,"242840.0"
"TR63","pop_tot_Sheet_3",2017,"238527.0"
"TR63","pop_tot_Sheet_3",2018,"239415.0"
"TR63","pop_tot_Sheet_3",2019,"239721.0"
"TR63","pop_tot_Sheet_3",2020,"236244.0"
"TR63","pop_tot_Sheet_3",2021,"234126.0"
"TR63","pop_tot_Sheet_3",2022,"230622.0"
"TR63","pop_tot_Sheet_3",2023,"227743.0"
"TR63","pop_tot_Sheet_3",2024,"212836.0"
"TR71","pop_tot_Sheet_3",2015,"113429.0"
"TR71","pop_tot_Sheet_3",2016,"111645.0"
"TR71","pop_tot_Sheet_3",2017,"111479.0"
"TR71","pop_tot_Sheet_3",2018,"111675.0"
"TR71","pop_tot_Sheet_3",2019,"113182.0"
"TR71","pop_tot_Sheet_3",2020,"112464.0"
"TR71","pop_tot_Sheet_3",2021,"110866.0"
"TR71","pop_tot_Sheet_3",2022,"108615.0"
"TR71","pop_tot_Sheet_3",2023,"107522.0"
"TR71","pop_tot_Sheet_3",2024,"108424.0"
"TR72","pop_tot_Sheet_3",2015,"187012.0"
"TR72","pop_tot_Sheet_3",2016,"183827.0"
"TR72","pop_tot_Sheet_3",2017,"181157.0"
"TR72","pop_tot_Sheet_3",2018,"179190.0"
"TR72","pop_tot_Sheet_3",2019,"179928.0"
"TR72","pop_tot_Sheet_3",2020,"178080.0"
"TR72","pop_tot_Sheet_3",2021,"175704.0"
"TR72","pop_tot_Sheet_3",2022,"173017.0"
"TR72","pop_tot_Sheet_3",2023,"169497.0"
"TR72","pop_tot_Sheet_3",2024,"167851.0"
"TR81","pop_tot_Sheet_3",2015,"78988.0"
"TR81","pop_tot_Sheet_3",2016,"76557.0"
"TR81","pop_tot_Sheet_3",2017,"74846.0"
"TR81","pop_tot_Sheet_3",2018,"73305.0"
"TR81","pop_tot_Sheet_3",2019,"72156.0"
"TR81","pop_tot_Sheet_3",2020,"68621.0"
"TR81","pop_tot_Sheet_3",2021,"66662.0"
"TR81","pop_tot_Sheet_3",2022,"64941.0"
"TR81","pop_tot_Sheet_3",2023,"64161.0"
"TR81","pop_tot_Sheet_3",2024,"63648.0"
"TR82","pop_tot_Sheet_3",2015,"51313.0"
"TR82","pop_tot_Sheet_3",2016,"50690.0"
"TR82","pop_tot_Sheet_3",2017,"49625.0"
"TR82","pop_tot_Sheet_3",2018,"49767.0"
"TR82","pop_tot_Sheet_3",2019,"52581.0"
"TR82","pop_tot_Sheet_3",2020,"50455.0"
"TR82","pop_tot_Sheet_3",2021,"49821.0"
"TR82","pop_tot_Sheet_3",2022,"49595.0"
"TR82","pop_tot_Sheet_3",2023,"49220.0"
"TR82","pop_tot_Sheet_3",2024,"49772.0"
"TR83","pop_tot_Sheet_3",2015,"197337.0"
"TR83","pop_tot_Sheet_3",2016,"193006.0"
"TR83","pop_tot_Sheet_3",2017,"188279.0"
"TR83","pop_tot_Sheet_3",2018,"188659.0"
"TR83","pop_tot_Sheet_3",2019,"191930.0"
"TR83","pop_tot_Sheet_3",2020,"191247.0"
"TR83","pop_tot_Sheet_3",2021,"185985.0"
"TR83","pop_tot_Sheet_3",2022,"185536.0"
"TR83","pop_tot_Sheet_3",2023,"182635.0"
"TR83","pop_tot_Sheet_3",2024,"181449.0"
"TR90","pop_tot_Sheet_3",2015,"181913.0"
"TR90","pop_tot_Sheet_3",2016,"179711.0"
"TR90","pop_tot_Sheet_3",2017,"179059.0"
"TR90","pop_tot_Sheet_3",2018,"178191.0"
"TR90","pop_tot_Sheet_3",2019,"181452.0"
"TR90","pop_tot_Sheet_3",2020,"179166.0"
"TR90","pop_tot_Sheet_3",2021,"176916.0"
"TR90","pop_tot_Sheet_3",2022,"176375.0"
"TR90","pop_tot_Sheet_3",2023,"174115.0"
"TR90","pop_tot_Sheet_3",2024,"174803.0"
"TRA1","pop_tot_Sheet_3",2015,"79566.0"
"TRA1","pop_tot_Sheet_3",2016,"77192.0"
"TRA1","pop_tot_Sheet_3",2017,"75810.0"
"TRA1","pop_tot_Sheet_3",2018,"75814.0"
"TRA1","pop_tot_Sheet_3",2019,"77015.0"
"TRA1","pop_tot_Sheet_3",2020,"76258.0"
"TRA1","pop_tot_Sheet_3",2021,"75352.0"
"TRA1","pop_tot_Sheet_3",2022,"75176.0"
"TRA1","pop_tot_Sheet_3",2023,"74922.0"
"TRA1","pop_tot_Sheet_3",2024,"75269.0"
"TRA2","pop_tot_Sheet_3",2015,"82595.0"
"TRA2","pop_tot_Sheet_3",2016,"78803.0"
"TRA2","pop_tot_Sheet_3",2017,"74608.0"
"TRA2","pop_tot_Sheet_3",2018,"73574.0"
"TRA2","pop_tot_Sheet_3",2019,"75498.0"
"TRA2","pop_tot_Sheet_3",2020,"77204.0"
"TRA2","pop_tot_Sheet_3",2021,"78898.0"
"TRA2","pop_tot_Sheet_3",2022,"79294.0"
"TRA2","pop_tot_Sheet_3",2023,"79189.0"
"TRA2","pop_tot_Sheet_3",2024,"84095.0"
"TRB1","pop_tot_Sheet_3",2015,"134419.0"
"TRB1","pop_tot_Sheet_3",2016,"131610.0"
"TRB1","pop_tot_Sheet_3",2017,"128243.0"
"TRB1","pop_tot_Sheet_3",2018,"129417.0"
"TRB1","pop_tot_Sheet_3",2019,"131936.0"
"TRB1","pop_tot_Sheet_3",2020,"130079.0"
"TRB1","pop_tot_Sheet_3",2021,"128294.0"
"TRB1","pop_tot_Sheet_3",2022,"126664.0"
"TRB1","pop_tot_Sheet_3",2023,"125306.0"
"TRB1","pop_tot_Sheet_3",2024,"121961.0"
"TRB2","pop_tot_Sheet_3",2015,"155792.0"
"TRB2","pop_tot_Sheet_3",2016,"152265.0"
"TRB2","pop_tot_Sheet_3",2017,"145430.0"
"TRB2","pop_tot_Sheet_3",2018,"147054.0"
"TRB2","pop_tot_Sheet_3",2019,"155426.0"
"TRB2","pop_tot_Sheet_3",2020,"161843.0"
"TRB2","pop_tot_Sheet_3",2021,"168206.0"
"TRB2","pop_tot_Sheet_3",2022,"172472.0"
"TRB2","pop_tot_Sheet_3",2023,"176118.0"
"TRB2","pop_tot_Sheet_3",2024,"184166.0"
"TRC1","pop_tot_Sheet_3",2015,"208418.0"
"TRC1","pop_tot_Sheet_3",2016,"208919.0"
"TRC1","pop_tot_Sheet_3",2017,"209010.0"
"TRC1","pop_tot_Sheet_3",2018,"211505.0"
"TRC1","pop_tot_Sheet_3",2019,"214733.0"
"TRC1","pop_tot_Sheet_3",2020,"216387.0"
"TRC1","pop_tot_Sheet_3",2021,"215920.0"
"TRC1","pop_tot_Sheet_3",2022,"215372.0"
"TRC1","pop_tot_Sheet_3",2023,"213449.0"
"TRC1","pop_tot_Sheet_3",2024,"211632.0"
"TRC2","pop_tot_Sheet_3",2015,"258354.0"
"TRC2","pop_tot_Sheet_3",2016,"257011.0"
"TRC2","pop_tot_Sheet_3",2017,"257731.0"
"TRC2","pop_tot_Sheet_3",2018,"261425.0"
"TRC2","pop_tot_Sheet_3",2019,"273484.0"
"TRC2","pop_tot_Sheet_3",2020,"283383.0"
"TRC2","pop_tot_Sheet_3",2021,"292251.0"
"TRC2","pop_tot_Sheet_3",2022,"299352.0"
"TRC2","pop_tot_Sheet_3",2023,"304653.0"
"TRC2","pop_tot_Sheet_3",2024,"313267.0"
"TRC3","pop_tot_Sheet_3",2015,"155802.0"
"TRC3","pop_tot_Sheet_3",2016,"151864.0"
"TRC3","pop_tot_Sheet_3",2017,"146364.0"
"TRC3","pop_tot_Sheet_3",2018,"150968.0"
"TRC3","pop_tot_Sheet_3",2019,"160699.0"
"TRC3","pop_tot_Sheet_3",2020,"167512.0"
"TRC3","pop_tot_Sheet_3",2021,"175935.0"
"TRC3","pop_tot_Sheet_3",2022,"184236.0"
"TRC3","pop_tot_Sheet_3",2023,"192533.0"
"TRC3","pop_tot_Sheet_3",2024,"207292.0"
